ISO-10303-21;
HEADER;
FILE_DESCRIPTION(('KiCad electronic assembly'),'2;1');
FILE_NAME('AS5047P_DevKit.step','2026-01-10T19:12:47',('Pcbnew'),(
    'Kicad'),'Open CASCADE STEP processor 7.6','KiCad to STEP converter'
  ,'Unknown');
FILE_SCHEMA(('AUTOMOTIVE_DESIGN { 1 0 10303 214 1 1 1 1 }'));
ENDSEC;
DATA;
#1 = APPLICATION_PROTOCOL_DEFINITION('international standard',
  'automotive_design',2000,#2);
#2 = APPLICATION_CONTEXT(
  'core data for automotive mechanical design processes');
#3 = SHAPE_DEFINITION_REPRESENTATION(#4,#10);
#4 = PRODUCT_DEFINITION_SHAPE('','',#5);
#5 = PRODUCT_DEFINITION('design','',#6,#9);
#6 = PRODUCT_DEFINITION_FORMATION('','',#7);
#7 = PRODUCT('AS5047P_DevKit 1','AS5047P_DevKit 1','',(#8));
#8 = PRODUCT_CONTEXT('',#2,'mechanical');
#9 = PRODUCT_DEFINITION_CONTEXT('part definition',#2,'design');
#10 = SHAPE_REPRESENTATION('',(#11,#15,#19,#23,#27,#31),#35);
#11 = AXIS2_PLACEMENT_3D('',#12,#13,#14);
#12 = CARTESIAN_POINT('',(0.,0.,0.));
#13 = DIRECTION('',(0.,0.,1.));
#14 = DIRECTION('',(1.,0.,-0.));
#15 = AXIS2_PLACEMENT_3D('',#16,#17,#18);
#16 = CARTESIAN_POINT('',(137.99,-87.19,1.6084));
#17 = DIRECTION('',(0.,-0.,1.));
#18 = DIRECTION('',(1.110223024625E-16,1.,0.));
#19 = AXIS2_PLACEMENT_3D('',#20,#21,#22);
#20 = CARTESIAN_POINT('',(137.51,-81.35,1.6084));
#21 = DIRECTION('',(0.,0.,1.));
#22 = DIRECTION('',(-1.,1.224646799147E-16,0.));
#23 = AXIS2_PLACEMENT_3D('',#24,#25,#26);
#24 = CARTESIAN_POINT('',(136.86,-82.59,1.6084));
#25 = DIRECTION('',(0.,0.,1.));
#26 = DIRECTION('',(-1.,1.224646799147E-16,0.));
#27 = AXIS2_PLACEMENT_3D('',#28,#29,#30);
#28 = CARTESIAN_POINT('',(147.265,-79.57,-8.5E-02));
#29 = DIRECTION('',(1.499759782662E-32,1.224646799147E-16,-1.));
#30 = DIRECTION('',(-1.,1.224646799147E-16,0.));
#31 = AXIS2_PLACEMENT_3D('',#32,#33,#34);
#32 = CARTESIAN_POINT('',(0.,0.,0.));
#33 = DIRECTION('',(0.,0.,1.));
#34 = DIRECTION('',(1.,0.,-0.));
#35 = ( GEOMETRIC_REPRESENTATION_CONTEXT(3) 
GLOBAL_UNCERTAINTY_ASSIGNED_CONTEXT((#39)) GLOBAL_UNIT_ASSIGNED_CONTEXT(
(#36,#37,#38)) REPRESENTATION_CONTEXT('Context #1',
  '3D Context with UNIT and UNCERTAINTY') );
#36 = ( LENGTH_UNIT() NAMED_UNIT(*) SI_UNIT(.MILLI.,.METRE.) );
#37 = ( NAMED_UNIT(*) PLANE_ANGLE_UNIT() SI_UNIT($,.RADIAN.) );
#38 = ( NAMED_UNIT(*) SI_UNIT($,.STERADIAN.) SOLID_ANGLE_UNIT() );
#39 = UNCERTAINTY_MEASURE_WITH_UNIT(LENGTH_MEASURE(1.E-07),#36,
  'distance_accuracy_value','confusion accuracy');
#40 = PRODUCT_RELATED_PRODUCT_CATEGORY('part',$,(#7));
#41 = SHAPE_DEFINITION_REPRESENTATION(#42,#48);
#42 = PRODUCT_DEFINITION_SHAPE('','',#43);
#43 = PRODUCT_DEFINITION('design','',#44,#47);
#44 = PRODUCT_DEFINITION_FORMATION('','',#45);
#45 = PRODUCT('TSSOP-14_4.4x5mm_P0.65mm','TSSOP-14_4.4x5mm_P0.65mm','',(
    #46));
#46 = PRODUCT_CONTEXT('',#2,'mechanical');
#47 = PRODUCT_DEFINITION_CONTEXT('part definition',#2,'design');
#48 = ADVANCED_BREP_SHAPE_REPRESENTATION('',(#11,#49),#7321);
#49 = MANIFOLD_SOLID_BREP('',#50);
#50 = CLOSED_SHELL('',(#51,#89,#152,#175,#204,#227,#362,#497,#520,#543,
    #560,#583,#671,#687,#717,#748,#779,#810,#841,#872,#903,#934,#965,
    #996,#1027,#1058,#1089,#1120,#1137,#1154,#1185,#1216,#1247,#1278,
    #1309,#1340,#1371,#1402,#1433,#1464,#1495,#1526,#1557,#1587,#1610,
    #1633,#1650,#1695,#1829,#1852,#1875,#1898,#2033,#2071,#2120,#2212,
    #2237,#2321,#2343,#2435,#2460,#2544,#2566,#2658,#2683,#2767,#2789,
    #2881,#2906,#2990,#3012,#3104,#3129,#3213,#3235,#3327,#3352,#3436,
    #3453,#3538,#3563,#3640,#3725,#3750,#3827,#3844,#3936,#3961,#4045,
    #4067,#4159,#4184,#4268,#4290,#4382,#4407,#4491,#4513,#4605,#4630,
    #4714,#4736,#4828,#4853,#4937,#4959,#5051,#5076,#5160,#5177,#5196,
    #5215,#5234,#5253,#5272,#5291,#5337,#5353,#5372,#5391,#5410,#5429,
    #5448,#5467,#5483,#5500,#5512,#5529,#5546,#5563,#5580,#5597,#5614,
    #5631,#5643,#5660,#5677,#5694,#5711,#5728,#5745,#5762,#5774,#5791,
    #5808,#5825,#5842,#5859,#5876,#5893,#5905,#5922,#5939,#5956,#5973,
    #5990,#6007,#6024,#6036,#6053,#6070,#6087,#6104,#6121,#6138,#6155,
    #6167,#6184,#6201,#6218,#6235,#6252,#6269,#6286,#6298,#6315,#6332,
    #6349,#6366,#6383,#6400,#6412,#6429,#6446,#6463,#6480,#6497,#6514,
    #6526,#6543,#6560,#6577,#6594,#6611,#6628,#6645,#6657,#6674,#6691,
    #6708,#6725,#6742,#6759,#6776,#6788,#6805,#6822,#6839,#6856,#6873,
    #6890,#6907,#6919,#6936,#6953,#6970,#6987,#7004,#7021,#7038,#7050,
    #7067,#7084,#7101,#7118,#7135,#7152,#7169,#7181,#7198,#7215,#7232,
    #7249,#7266,#7283,#7300,#7312));
#51 = ADVANCED_FACE('',(#52),#84,.F.);
#52 = FACE_BOUND('',#53,.F.);
#53 = EDGE_LOOP('',(#54,#64,#71,#79));
#54 = ORIENTED_EDGE('',*,*,#55,.T.);
#55 = EDGE_CURVE('',#56,#58,#60,.T.);
#56 = VERTEX_POINT('',#57);
#57 = CARTESIAN_POINT('',(-1.960145644687,2.420291289374,0.1));
#58 = VERTEX_POINT('',#59);
#59 = CARTESIAN_POINT('',(1.960145644687,2.420291289374,0.1));
#60 = LINE('',#61,#62);
#61 = CARTESIAN_POINT('',(-1.960145644687,2.420291289374,0.1));
#62 = VECTOR('',#63,1.);
#63 = DIRECTION('',(1.,1.110223024625E-16,0.));
#64 = ORIENTED_EDGE('',*,*,#65,.T.);
#65 = EDGE_CURVE('',#58,#66,#68,.T.);
#66 = VERTEX_POINT('',#67);
#67 = CARTESIAN_POINT('',(2.,2.5,0.475));
#68 = B_SPLINE_CURVE_WITH_KNOTS('',1,(#69,#70),.UNSPECIFIED.,.F.,.F.,(2,
    2),(0.,1.),.PIECEWISE_BEZIER_KNOTS.);
#69 = CARTESIAN_POINT('',(1.960145644687,2.420291289374,0.1));
#70 = CARTESIAN_POINT('',(2.,2.5,0.475));
#71 = ORIENTED_EDGE('',*,*,#72,.F.);
#72 = EDGE_CURVE('',#73,#66,#75,.T.);
#73 = VERTEX_POINT('',#74);
#74 = CARTESIAN_POINT('',(-2.,2.5,0.475));
#75 = LINE('',#76,#77);
#76 = CARTESIAN_POINT('',(-2.,2.5,0.475));
#77 = VECTOR('',#78,1.);
#78 = DIRECTION('',(1.,1.110223024625E-16,0.));
#79 = ORIENTED_EDGE('',*,*,#80,.F.);
#80 = EDGE_CURVE('',#56,#73,#81,.T.);
#81 = B_SPLINE_CURVE_WITH_KNOTS('',1,(#82,#83),.UNSPECIFIED.,.F.,.F.,(2,
    2),(0.,1.),.PIECEWISE_BEZIER_KNOTS.);
#82 = CARTESIAN_POINT('',(-1.960145644687,2.420291289374,0.1));
#83 = CARTESIAN_POINT('',(-2.,2.5,0.475));
#84 = B_SPLINE_SURFACE_WITH_KNOTS('',1,1,(
    (#85,#86)
    ,(#87,#88)),.UNSPECIFIED.,.F.,.F.,.F.,(2,2),(2,2),(0.,4.),(0.,1.),
  .PIECEWISE_BEZIER_KNOTS.);
#85 = CARTESIAN_POINT('',(-1.960145644687,2.420291289374,0.1));
#86 = CARTESIAN_POINT('',(-2.,2.5,0.475));
#87 = CARTESIAN_POINT('',(1.960145644687,2.420291289374,0.1));
#88 = CARTESIAN_POINT('',(2.,2.5,0.475));
#89 = ADVANCED_FACE('',(#90),#147,.T.);
#90 = FACE_BOUND('',#91,.T.);
#91 = EDGE_LOOP('',(#92,#93,#101,#109,#117,#125,#133,#141));
#92 = ORIENTED_EDGE('',*,*,#55,.T.);
#93 = ORIENTED_EDGE('',*,*,#94,.T.);
#94 = EDGE_CURVE('',#58,#95,#97,.T.);
#95 = VERTEX_POINT('',#96);
#96 = CARTESIAN_POINT('',(2.120291289374,2.260145644687,0.1));
#97 = LINE('',#98,#99);
#98 = CARTESIAN_POINT('',(1.960145644687,2.420291289374,0.1));
#99 = VECTOR('',#100,1.);
#100 = DIRECTION('',(0.707106781187,-0.707106781187,0.));
#101 = ORIENTED_EDGE('',*,*,#102,.T.);
#102 = EDGE_CURVE('',#95,#103,#105,.T.);
#103 = VERTEX_POINT('',#104);
#104 = CARTESIAN_POINT('',(2.120291289374,-2.260145644687,0.1));
#105 = LINE('',#106,#107);
#106 = CARTESIAN_POINT('',(2.120291289374,2.260145644687,0.1));
#107 = VECTOR('',#108,1.);
#108 = DIRECTION('',(1.110223024625E-16,-1.,0.));
#109 = ORIENTED_EDGE('',*,*,#110,.T.);
#110 = EDGE_CURVE('',#103,#111,#113,.T.);
#111 = VERTEX_POINT('',#112);
#112 = CARTESIAN_POINT('',(1.960145644687,-2.420291289374,0.1));
#113 = LINE('',#114,#115);
#114 = CARTESIAN_POINT('',(2.120291289374,-2.260145644687,0.1));
#115 = VECTOR('',#116,1.);
#116 = DIRECTION('',(-0.707106781187,-0.707106781187,0.));
#117 = ORIENTED_EDGE('',*,*,#118,.T.);
#118 = EDGE_CURVE('',#111,#119,#121,.T.);
#119 = VERTEX_POINT('',#120);
#120 = CARTESIAN_POINT('',(-1.960145644687,-2.420291289374,0.1));
#121 = LINE('',#122,#123);
#122 = CARTESIAN_POINT('',(1.960145644687,-2.420291289374,0.1));
#123 = VECTOR('',#124,1.);
#124 = DIRECTION('',(-1.,-1.110223024625E-16,0.));
#125 = ORIENTED_EDGE('',*,*,#126,.T.);
#126 = EDGE_CURVE('',#119,#127,#129,.T.);
#127 = VERTEX_POINT('',#128);
#128 = CARTESIAN_POINT('',(-2.120291289374,-2.260145644687,0.1));
#129 = LINE('',#130,#131);
#130 = CARTESIAN_POINT('',(-1.960145644687,-2.420291289374,0.1));
#131 = VECTOR('',#132,1.);
#132 = DIRECTION('',(-0.707106781187,0.707106781187,0.));
#133 = ORIENTED_EDGE('',*,*,#134,.T.);
#134 = EDGE_CURVE('',#127,#135,#137,.T.);
#135 = VERTEX_POINT('',#136);
#136 = CARTESIAN_POINT('',(-2.120291289374,2.260145644687,0.1));
#137 = LINE('',#138,#139);
#138 = CARTESIAN_POINT('',(-2.120291289374,-2.260145644687,0.1));
#139 = VECTOR('',#140,1.);
#140 = DIRECTION('',(-1.110223024625E-16,1.,0.));
#141 = ORIENTED_EDGE('',*,*,#142,.T.);
#142 = EDGE_CURVE('',#135,#56,#143,.T.);
#143 = LINE('',#144,#145);
#144 = CARTESIAN_POINT('',(-2.120291289374,2.260145644687,0.1));
#145 = VECTOR('',#146,1.);
#146 = DIRECTION('',(0.707106781187,0.707106781187,0.));
#147 = PLANE('',#148);
#148 = AXIS2_PLACEMENT_3D('',#149,#150,#151);
#149 = CARTESIAN_POINT('',(-1.960145644687,2.420291289374,0.1));
#150 = DIRECTION('',(0.,0.,-1.));
#151 = DIRECTION('',(0.62936545726,-0.777109465396,0.));
#152 = ADVANCED_FACE('',(#153),#170,.F.);
#153 = FACE_BOUND('',#154,.F.);
#154 = EDGE_LOOP('',(#155,#156,#163,#169));
#155 = ORIENTED_EDGE('',*,*,#94,.T.);
#156 = ORIENTED_EDGE('',*,*,#157,.T.);
#157 = EDGE_CURVE('',#95,#158,#160,.T.);
#158 = VERTEX_POINT('',#159);
#159 = CARTESIAN_POINT('',(2.2,2.3,0.475));
#160 = B_SPLINE_CURVE_WITH_KNOTS('',1,(#161,#162),.UNSPECIFIED.,.F.,.F.,
  (2,2),(0.,1.),.PIECEWISE_BEZIER_KNOTS.);
#161 = CARTESIAN_POINT('',(2.120291289374,2.260145644687,0.1));
#162 = CARTESIAN_POINT('',(2.2,2.3,0.475));
#163 = ORIENTED_EDGE('',*,*,#164,.F.);
#164 = EDGE_CURVE('',#66,#158,#165,.T.);
#165 = LINE('',#166,#167);
#166 = CARTESIAN_POINT('',(2.,2.5,0.475));
#167 = VECTOR('',#168,1.);
#168 = DIRECTION('',(0.707106781187,-0.707106781187,0.));
#169 = ORIENTED_EDGE('',*,*,#65,.F.);
#170 = B_SPLINE_SURFACE_WITH_KNOTS('',1,1,(
    (#171,#172)
    ,(#173,#174
    )),.UNSPECIFIED.,.F.,.F.,.F.,(2,2),(2,2),(0.,0.282842712475),(0.,1.)
  ,.PIECEWISE_BEZIER_KNOTS.);
#171 = CARTESIAN_POINT('',(1.960145644687,2.420291289374,0.1));
#172 = CARTESIAN_POINT('',(2.,2.5,0.475));
#173 = CARTESIAN_POINT('',(2.120291289374,2.260145644687,0.1));
#174 = CARTESIAN_POINT('',(2.2,2.3,0.475));
#175 = ADVANCED_FACE('',(#176),#199,.F.);
#176 = FACE_BOUND('',#177,.F.);
#177 = EDGE_LOOP('',(#178,#179,#186,#194));
#178 = ORIENTED_EDGE('',*,*,#72,.T.);
#179 = ORIENTED_EDGE('',*,*,#180,.T.);
#180 = EDGE_CURVE('',#66,#181,#183,.T.);
#181 = VERTEX_POINT('',#182);
#182 = CARTESIAN_POINT('',(2.,2.5,0.625));
#183 = B_SPLINE_CURVE_WITH_KNOTS('',1,(#184,#185),.UNSPECIFIED.,.F.,.F.,
  (2,2),(0.,1.),.PIECEWISE_BEZIER_KNOTS.);
#184 = CARTESIAN_POINT('',(2.,2.5,0.475));
#185 = CARTESIAN_POINT('',(2.,2.5,0.625));
#186 = ORIENTED_EDGE('',*,*,#187,.F.);
#187 = EDGE_CURVE('',#188,#181,#190,.T.);
#188 = VERTEX_POINT('',#189);
#189 = CARTESIAN_POINT('',(-2.,2.5,0.625));
#190 = LINE('',#191,#192);
#191 = CARTESIAN_POINT('',(-2.,2.5,0.625));
#192 = VECTOR('',#193,1.);
#193 = DIRECTION('',(1.,1.110223024625E-16,0.));
#194 = ORIENTED_EDGE('',*,*,#195,.F.);
#195 = EDGE_CURVE('',#73,#188,#196,.T.);
#196 = B_SPLINE_CURVE_WITH_KNOTS('',1,(#197,#198),.UNSPECIFIED.,.F.,.F.,
  (2,2),(0.,1.),.PIECEWISE_BEZIER_KNOTS.);
#197 = CARTESIAN_POINT('',(-2.,2.5,0.475));
#198 = CARTESIAN_POINT('',(-2.,2.5,0.625));
#199 = PLANE('',#200);
#200 = AXIS2_PLACEMENT_3D('',#201,#202,#203);
#201 = CARTESIAN_POINT('',(-2.,2.5,0.625));
#202 = DIRECTION('',(1.110223024625E-16,-1.,0.));
#203 = DIRECTION('',(1.,1.110223024625E-16,0.));
#204 = ADVANCED_FACE('',(#205),#222,.F.);
#205 = FACE_BOUND('',#206,.F.);
#206 = EDGE_LOOP('',(#207,#208,#209,#217));
#207 = ORIENTED_EDGE('',*,*,#142,.T.);
#208 = ORIENTED_EDGE('',*,*,#80,.T.);
#209 = ORIENTED_EDGE('',*,*,#210,.F.);
#210 = EDGE_CURVE('',#211,#73,#213,.T.);
#211 = VERTEX_POINT('',#212);
#212 = CARTESIAN_POINT('',(-2.2,2.3,0.475));
#213 = LINE('',#214,#215);
#214 = CARTESIAN_POINT('',(-2.2,2.3,0.475));
#215 = VECTOR('',#216,1.);
#216 = DIRECTION('',(0.707106781187,0.707106781187,0.));
#217 = ORIENTED_EDGE('',*,*,#218,.F.);
#218 = EDGE_CURVE('',#135,#211,#219,.T.);
#219 = B_SPLINE_CURVE_WITH_KNOTS('',1,(#220,#221),.UNSPECIFIED.,.F.,.F.,
  (2,2),(0.,1.),.PIECEWISE_BEZIER_KNOTS.);
#220 = CARTESIAN_POINT('',(-2.120291289374,2.260145644687,0.1));
#221 = CARTESIAN_POINT('',(-2.2,2.3,0.475));
#222 = B_SPLINE_SURFACE_WITH_KNOTS('',1,1,(
    (#223,#224)
    ,(#225,#226
    )),.UNSPECIFIED.,.F.,.F.,.F.,(2,2),(2,2),(0.,0.282842712475),(0.,1.)
  ,.PIECEWISE_BEZIER_KNOTS.);
#223 = CARTESIAN_POINT('',(-2.120291289374,2.260145644687,0.1));
#224 = CARTESIAN_POINT('',(-2.2,2.3,0.475));
#225 = CARTESIAN_POINT('',(-1.960145644687,2.420291289374,0.1));
#226 = CARTESIAN_POINT('',(-2.,2.5,0.475));
#227 = ADVANCED_FACE('',(#228),#357,.F.);
#228 = FACE_BOUND('',#229,.F.);
#229 = EDGE_LOOP('',(#230,#231,#232,#240,#248,#256,#264,#272,#280,#288,
    #296,#304,#312,#320,#328,#336,#344,#352));
#230 = ORIENTED_EDGE('',*,*,#134,.T.);
#231 = ORIENTED_EDGE('',*,*,#218,.T.);
#232 = ORIENTED_EDGE('',*,*,#233,.F.);
#233 = EDGE_CURVE('',#234,#211,#236,.T.);
#234 = VERTEX_POINT('',#235);
#235 = CARTESIAN_POINT('',(-2.2,2.08,0.475));
#236 = LINE('',#237,#238);
#237 = CARTESIAN_POINT('',(-2.2,-2.3,0.475));
#238 = VECTOR('',#239,1.);
#239 = DIRECTION('',(-1.110223024625E-16,1.,0.));
#240 = ORIENTED_EDGE('',*,*,#241,.F.);
#241 = EDGE_CURVE('',#242,#234,#244,.T.);
#242 = VERTEX_POINT('',#243);
#243 = CARTESIAN_POINT('',(-2.2,1.82,0.475));
#244 = LINE('',#245,#246);
#245 = CARTESIAN_POINT('',(-2.2,-2.3,0.475));
#246 = VECTOR('',#247,1.);
#247 = DIRECTION('',(-1.110223024625E-16,1.,0.));
#248 = ORIENTED_EDGE('',*,*,#249,.F.);
#249 = EDGE_CURVE('',#250,#242,#252,.T.);
#250 = VERTEX_POINT('',#251);
#251 = CARTESIAN_POINT('',(-2.2,1.43,0.475));
#252 = LINE('',#253,#254);
#253 = CARTESIAN_POINT('',(-2.2,-2.3,0.475));
#254 = VECTOR('',#255,1.);
#255 = DIRECTION('',(-1.110223024625E-16,1.,0.));
#256 = ORIENTED_EDGE('',*,*,#257,.F.);
#257 = EDGE_CURVE('',#258,#250,#260,.T.);
#258 = VERTEX_POINT('',#259);
#259 = CARTESIAN_POINT('',(-2.2,1.17,0.475));
#260 = LINE('',#261,#262);
#261 = CARTESIAN_POINT('',(-2.2,-2.3,0.475));
#262 = VECTOR('',#263,1.);
#263 = DIRECTION('',(-1.110223024625E-16,1.,0.));
#264 = ORIENTED_EDGE('',*,*,#265,.F.);
#265 = EDGE_CURVE('',#266,#258,#268,.T.);
#266 = VERTEX_POINT('',#267);
#267 = CARTESIAN_POINT('',(-2.2,0.78,0.475));
#268 = LINE('',#269,#270);
#269 = CARTESIAN_POINT('',(-2.2,-2.3,0.475));
#270 = VECTOR('',#271,1.);
#271 = DIRECTION('',(-1.110223024625E-16,1.,0.));
#272 = ORIENTED_EDGE('',*,*,#273,.F.);
#273 = EDGE_CURVE('',#274,#266,#276,.T.);
#274 = VERTEX_POINT('',#275);
#275 = CARTESIAN_POINT('',(-2.2,0.52,0.475));
#276 = LINE('',#277,#278);
#277 = CARTESIAN_POINT('',(-2.2,-2.3,0.475));
#278 = VECTOR('',#279,1.);
#279 = DIRECTION('',(-1.110223024625E-16,1.,0.));
#280 = ORIENTED_EDGE('',*,*,#281,.F.);
#281 = EDGE_CURVE('',#282,#274,#284,.T.);
#282 = VERTEX_POINT('',#283);
#283 = CARTESIAN_POINT('',(-2.2,0.13,0.475));
#284 = LINE('',#285,#286);
#285 = CARTESIAN_POINT('',(-2.2,-2.3,0.475));
#286 = VECTOR('',#287,1.);
#287 = DIRECTION('',(-1.110223024625E-16,1.,0.));
#288 = ORIENTED_EDGE('',*,*,#289,.F.);
#289 = EDGE_CURVE('',#290,#282,#292,.T.);
#290 = VERTEX_POINT('',#291);
#291 = CARTESIAN_POINT('',(-2.2,-0.13,0.475));
#292 = LINE('',#293,#294);
#293 = CARTESIAN_POINT('',(-2.2,-2.3,0.475));
#294 = VECTOR('',#295,1.);
#295 = DIRECTION('',(-1.110223024625E-16,1.,0.));
#296 = ORIENTED_EDGE('',*,*,#297,.F.);
#297 = EDGE_CURVE('',#298,#290,#300,.T.);
#298 = VERTEX_POINT('',#299);
#299 = CARTESIAN_POINT('',(-2.2,-0.52,0.475));
#300 = LINE('',#301,#302);
#301 = CARTESIAN_POINT('',(-2.2,-2.3,0.475));
#302 = VECTOR('',#303,1.);
#303 = DIRECTION('',(-1.110223024625E-16,1.,0.));
#304 = ORIENTED_EDGE('',*,*,#305,.F.);
#305 = EDGE_CURVE('',#306,#298,#308,.T.);
#306 = VERTEX_POINT('',#307);
#307 = CARTESIAN_POINT('',(-2.2,-0.78,0.475));
#308 = LINE('',#309,#310);
#309 = CARTESIAN_POINT('',(-2.2,-2.3,0.475));
#310 = VECTOR('',#311,1.);
#311 = DIRECTION('',(-1.110223024625E-16,1.,0.));
#312 = ORIENTED_EDGE('',*,*,#313,.F.);
#313 = EDGE_CURVE('',#314,#306,#316,.T.);
#314 = VERTEX_POINT('',#315);
#315 = CARTESIAN_POINT('',(-2.2,-1.17,0.475));
#316 = LINE('',#317,#318);
#317 = CARTESIAN_POINT('',(-2.2,-2.3,0.475));
#318 = VECTOR('',#319,1.);
#319 = DIRECTION('',(-1.110223024625E-16,1.,0.));
#320 = ORIENTED_EDGE('',*,*,#321,.F.);
#321 = EDGE_CURVE('',#322,#314,#324,.T.);
#322 = VERTEX_POINT('',#323);
#323 = CARTESIAN_POINT('',(-2.2,-1.43,0.475));
#324 = LINE('',#325,#326);
#325 = CARTESIAN_POINT('',(-2.2,-2.3,0.475));
#326 = VECTOR('',#327,1.);
#327 = DIRECTION('',(-1.110223024625E-16,1.,0.));
#328 = ORIENTED_EDGE('',*,*,#329,.F.);
#329 = EDGE_CURVE('',#330,#322,#332,.T.);
#330 = VERTEX_POINT('',#331);
#331 = CARTESIAN_POINT('',(-2.2,-1.82,0.475));
#332 = LINE('',#333,#334);
#333 = CARTESIAN_POINT('',(-2.2,-2.3,0.475));
#334 = VECTOR('',#335,1.);
#335 = DIRECTION('',(-1.110223024625E-16,1.,0.));
#336 = ORIENTED_EDGE('',*,*,#337,.F.);
#337 = EDGE_CURVE('',#338,#330,#340,.T.);
#338 = VERTEX_POINT('',#339);
#339 = CARTESIAN_POINT('',(-2.2,-2.08,0.475));
#340 = LINE('',#341,#342);
#341 = CARTESIAN_POINT('',(-2.2,-2.3,0.475));
#342 = VECTOR('',#343,1.);
#343 = DIRECTION('',(-1.110223024625E-16,1.,0.));
#344 = ORIENTED_EDGE('',*,*,#345,.F.);
#345 = EDGE_CURVE('',#346,#338,#348,.T.);
#346 = VERTEX_POINT('',#347);
#347 = CARTESIAN_POINT('',(-2.2,-2.3,0.475));
#348 = LINE('',#349,#350);
#349 = CARTESIAN_POINT('',(-2.2,-2.3,0.475));
#350 = VECTOR('',#351,1.);
#351 = DIRECTION('',(-1.110223024625E-16,1.,0.));
#352 = ORIENTED_EDGE('',*,*,#353,.F.);
#353 = EDGE_CURVE('',#127,#346,#354,.T.);
#354 = B_SPLINE_CURVE_WITH_KNOTS('',1,(#355,#356),.UNSPECIFIED.,.F.,.F.,
  (2,2),(0.,1.),.PIECEWISE_BEZIER_KNOTS.);
#355 = CARTESIAN_POINT('',(-2.120291289374,-2.260145644687,0.1));
#356 = CARTESIAN_POINT('',(-2.2,-2.3,0.475));
#357 = B_SPLINE_SURFACE_WITH_KNOTS('',1,1,(
    (#358,#359)
    ,(#360,#361
  )),.UNSPECIFIED.,.F.,.F.,.F.,(2,2),(2,2),(0.,4.6),(0.,1.),
  .PIECEWISE_BEZIER_KNOTS.);
#358 = CARTESIAN_POINT('',(-2.120291289374,-2.260145644687,0.1));
#359 = CARTESIAN_POINT('',(-2.2,-2.3,0.475));
#360 = CARTESIAN_POINT('',(-2.120291289374,2.260145644687,0.1));
#361 = CARTESIAN_POINT('',(-2.2,2.3,0.475));
#362 = ADVANCED_FACE('',(#363),#492,.F.);
#363 = FACE_BOUND('',#364,.F.);
#364 = EDGE_LOOP('',(#365,#366,#373,#381,#389,#397,#405,#413,#421,#429,
    #437,#445,#453,#461,#469,#477,#485,#491));
#365 = ORIENTED_EDGE('',*,*,#102,.T.);
#366 = ORIENTED_EDGE('',*,*,#367,.T.);
#367 = EDGE_CURVE('',#103,#368,#370,.T.);
#368 = VERTEX_POINT('',#369);
#369 = CARTESIAN_POINT('',(2.2,-2.3,0.475));
#370 = B_SPLINE_CURVE_WITH_KNOTS('',1,(#371,#372),.UNSPECIFIED.,.F.,.F.,
  (2,2),(0.,1.),.PIECEWISE_BEZIER_KNOTS.);
#371 = CARTESIAN_POINT('',(2.120291289374,-2.260145644687,0.1));
#372 = CARTESIAN_POINT('',(2.2,-2.3,0.475));
#373 = ORIENTED_EDGE('',*,*,#374,.F.);
#374 = EDGE_CURVE('',#375,#368,#377,.T.);
#375 = VERTEX_POINT('',#376);
#376 = CARTESIAN_POINT('',(2.2,-2.08,0.475));
#377 = LINE('',#378,#379);
#378 = CARTESIAN_POINT('',(2.2,2.3,0.475));
#379 = VECTOR('',#380,1.);
#380 = DIRECTION('',(1.110223024625E-16,-1.,0.));
#381 = ORIENTED_EDGE('',*,*,#382,.F.);
#382 = EDGE_CURVE('',#383,#375,#385,.T.);
#383 = VERTEX_POINT('',#384);
#384 = CARTESIAN_POINT('',(2.2,-1.82,0.475));
#385 = LINE('',#386,#387);
#386 = CARTESIAN_POINT('',(2.2,2.3,0.475));
#387 = VECTOR('',#388,1.);
#388 = DIRECTION('',(1.110223024625E-16,-1.,0.));
#389 = ORIENTED_EDGE('',*,*,#390,.F.);
#390 = EDGE_CURVE('',#391,#383,#393,.T.);
#391 = VERTEX_POINT('',#392);
#392 = CARTESIAN_POINT('',(2.2,-1.43,0.475));
#393 = LINE('',#394,#395);
#394 = CARTESIAN_POINT('',(2.2,2.3,0.475));
#395 = VECTOR('',#396,1.);
#396 = DIRECTION('',(1.110223024625E-16,-1.,0.));
#397 = ORIENTED_EDGE('',*,*,#398,.F.);
#398 = EDGE_CURVE('',#399,#391,#401,.T.);
#399 = VERTEX_POINT('',#400);
#400 = CARTESIAN_POINT('',(2.2,-1.17,0.475));
#401 = LINE('',#402,#403);
#402 = CARTESIAN_POINT('',(2.2,2.3,0.475));
#403 = VECTOR('',#404,1.);
#404 = DIRECTION('',(1.110223024625E-16,-1.,0.));
#405 = ORIENTED_EDGE('',*,*,#406,.F.);
#406 = EDGE_CURVE('',#407,#399,#409,.T.);
#407 = VERTEX_POINT('',#408);
#408 = CARTESIAN_POINT('',(2.2,-0.78,0.475));
#409 = LINE('',#410,#411);
#410 = CARTESIAN_POINT('',(2.2,2.3,0.475));
#411 = VECTOR('',#412,1.);
#412 = DIRECTION('',(1.110223024625E-16,-1.,0.));
#413 = ORIENTED_EDGE('',*,*,#414,.F.);
#414 = EDGE_CURVE('',#415,#407,#417,.T.);
#415 = VERTEX_POINT('',#416);
#416 = CARTESIAN_POINT('',(2.2,-0.52,0.475));
#417 = LINE('',#418,#419);
#418 = CARTESIAN_POINT('',(2.2,2.3,0.475));
#419 = VECTOR('',#420,1.);
#420 = DIRECTION('',(1.110223024625E-16,-1.,0.));
#421 = ORIENTED_EDGE('',*,*,#422,.F.);
#422 = EDGE_CURVE('',#423,#415,#425,.T.);
#423 = VERTEX_POINT('',#424);
#424 = CARTESIAN_POINT('',(2.2,-0.13,0.475));
#425 = LINE('',#426,#427);
#426 = CARTESIAN_POINT('',(2.2,2.3,0.475));
#427 = VECTOR('',#428,1.);
#428 = DIRECTION('',(1.110223024625E-16,-1.,0.));
#429 = ORIENTED_EDGE('',*,*,#430,.F.);
#430 = EDGE_CURVE('',#431,#423,#433,.T.);
#431 = VERTEX_POINT('',#432);
#432 = CARTESIAN_POINT('',(2.2,0.13,0.475));
#433 = LINE('',#434,#435);
#434 = CARTESIAN_POINT('',(2.2,2.3,0.475));
#435 = VECTOR('',#436,1.);
#436 = DIRECTION('',(1.110223024625E-16,-1.,0.));
#437 = ORIENTED_EDGE('',*,*,#438,.F.);
#438 = EDGE_CURVE('',#439,#431,#441,.T.);
#439 = VERTEX_POINT('',#440);
#440 = CARTESIAN_POINT('',(2.2,0.52,0.475));
#441 = LINE('',#442,#443);
#442 = CARTESIAN_POINT('',(2.2,2.3,0.475));
#443 = VECTOR('',#444,1.);
#444 = DIRECTION('',(1.110223024625E-16,-1.,0.));
#445 = ORIENTED_EDGE('',*,*,#446,.F.);
#446 = EDGE_CURVE('',#447,#439,#449,.T.);
#447 = VERTEX_POINT('',#448);
#448 = CARTESIAN_POINT('',(2.2,0.78,0.475));
#449 = LINE('',#450,#451);
#450 = CARTESIAN_POINT('',(2.2,2.3,0.475));
#451 = VECTOR('',#452,1.);
#452 = DIRECTION('',(1.110223024625E-16,-1.,0.));
#453 = ORIENTED_EDGE('',*,*,#454,.F.);
#454 = EDGE_CURVE('',#455,#447,#457,.T.);
#455 = VERTEX_POINT('',#456);
#456 = CARTESIAN_POINT('',(2.2,1.17,0.475));
#457 = LINE('',#458,#459);
#458 = CARTESIAN_POINT('',(2.2,2.3,0.475));
#459 = VECTOR('',#460,1.);
#460 = DIRECTION('',(1.110223024625E-16,-1.,0.));
#461 = ORIENTED_EDGE('',*,*,#462,.F.);
#462 = EDGE_CURVE('',#463,#455,#465,.T.);
#463 = VERTEX_POINT('',#464);
#464 = CARTESIAN_POINT('',(2.2,1.43,0.475));
#465 = LINE('',#466,#467);
#466 = CARTESIAN_POINT('',(2.2,2.3,0.475));
#467 = VECTOR('',#468,1.);
#468 = DIRECTION('',(1.110223024625E-16,-1.,0.));
#469 = ORIENTED_EDGE('',*,*,#470,.F.);
#470 = EDGE_CURVE('',#471,#463,#473,.T.);
#471 = VERTEX_POINT('',#472);
#472 = CARTESIAN_POINT('',(2.2,1.82,0.475));
#473 = LINE('',#474,#475);
#474 = CARTESIAN_POINT('',(2.2,2.3,0.475));
#475 = VECTOR('',#476,1.);
#476 = DIRECTION('',(1.110223024625E-16,-1.,0.));
#477 = ORIENTED_EDGE('',*,*,#478,.F.);
#478 = EDGE_CURVE('',#479,#471,#481,.T.);
#479 = VERTEX_POINT('',#480);
#480 = CARTESIAN_POINT('',(2.2,2.08,0.475));
#481 = LINE('',#482,#483);
#482 = CARTESIAN_POINT('',(2.2,2.3,0.475));
#483 = VECTOR('',#484,1.);
#484 = DIRECTION('',(1.110223024625E-16,-1.,0.));
#485 = ORIENTED_EDGE('',*,*,#486,.F.);
#486 = EDGE_CURVE('',#158,#479,#487,.T.);
#487 = LINE('',#488,#489);
#488 = CARTESIAN_POINT('',(2.2,2.3,0.475));
#489 = VECTOR('',#490,1.);
#490 = DIRECTION('',(1.110223024625E-16,-1.,0.));
#491 = ORIENTED_EDGE('',*,*,#157,.F.);
#492 = B_SPLINE_SURFACE_WITH_KNOTS('',1,1,(
    (#493,#494)
    ,(#495,#496
  )),.UNSPECIFIED.,.F.,.F.,.F.,(2,2),(2,2),(0.,4.6),(0.,1.),
  .PIECEWISE_BEZIER_KNOTS.);
#493 = CARTESIAN_POINT('',(2.120291289374,2.260145644687,0.1));
#494 = CARTESIAN_POINT('',(2.2,2.3,0.475));
#495 = CARTESIAN_POINT('',(2.120291289374,-2.260145644687,0.1));
#496 = CARTESIAN_POINT('',(2.2,-2.3,0.475));
#497 = ADVANCED_FACE('',(#498),#515,.F.);
#498 = FACE_BOUND('',#499,.F.);
#499 = EDGE_LOOP('',(#500,#501,#502,#510));
#500 = ORIENTED_EDGE('',*,*,#126,.T.);
#501 = ORIENTED_EDGE('',*,*,#353,.T.);
#502 = ORIENTED_EDGE('',*,*,#503,.F.);
#503 = EDGE_CURVE('',#504,#346,#506,.T.);
#504 = VERTEX_POINT('',#505);
#505 = CARTESIAN_POINT('',(-2.,-2.5,0.475));
#506 = LINE('',#507,#508);
#507 = CARTESIAN_POINT('',(-2.,-2.5,0.475));
#508 = VECTOR('',#509,1.);
#509 = DIRECTION('',(-0.707106781187,0.707106781187,0.));
#510 = ORIENTED_EDGE('',*,*,#511,.F.);
#511 = EDGE_CURVE('',#119,#504,#512,.T.);
#512 = B_SPLINE_CURVE_WITH_KNOTS('',1,(#513,#514),.UNSPECIFIED.,.F.,.F.,
  (2,2),(0.,1.),.PIECEWISE_BEZIER_KNOTS.);
#513 = CARTESIAN_POINT('',(-1.960145644687,-2.420291289374,0.1));
#514 = CARTESIAN_POINT('',(-2.,-2.5,0.475));
#515 = B_SPLINE_SURFACE_WITH_KNOTS('',1,1,(
    (#516,#517)
    ,(#518,#519
    )),.UNSPECIFIED.,.F.,.F.,.F.,(2,2),(2,2),(0.,0.282842712475),(0.,1.)
  ,.PIECEWISE_BEZIER_KNOTS.);
#516 = CARTESIAN_POINT('',(-1.960145644687,-2.420291289374,0.1));
#517 = CARTESIAN_POINT('',(-2.,-2.5,0.475));
#518 = CARTESIAN_POINT('',(-2.120291289374,-2.260145644687,0.1));
#519 = CARTESIAN_POINT('',(-2.2,-2.3,0.475));
#520 = ADVANCED_FACE('',(#521),#538,.F.);
#521 = FACE_BOUND('',#522,.F.);
#522 = EDGE_LOOP('',(#523,#524,#531,#537));
#523 = ORIENTED_EDGE('',*,*,#110,.T.);
#524 = ORIENTED_EDGE('',*,*,#525,.T.);
#525 = EDGE_CURVE('',#111,#526,#528,.T.);
#526 = VERTEX_POINT('',#527);
#527 = CARTESIAN_POINT('',(2.,-2.5,0.475));
#528 = B_SPLINE_CURVE_WITH_KNOTS('',1,(#529,#530),.UNSPECIFIED.,.F.,.F.,
  (2,2),(0.,1.),.PIECEWISE_BEZIER_KNOTS.);
#529 = CARTESIAN_POINT('',(1.960145644687,-2.420291289374,0.1));
#530 = CARTESIAN_POINT('',(2.,-2.5,0.475));
#531 = ORIENTED_EDGE('',*,*,#532,.F.);
#532 = EDGE_CURVE('',#368,#526,#533,.T.);
#533 = LINE('',#534,#535);
#534 = CARTESIAN_POINT('',(2.2,-2.3,0.475));
#535 = VECTOR('',#536,1.);
#536 = DIRECTION('',(-0.707106781187,-0.707106781187,0.));
#537 = ORIENTED_EDGE('',*,*,#367,.F.);
#538 = B_SPLINE_SURFACE_WITH_KNOTS('',1,1,(
    (#539,#540)
    ,(#541,#542
    )),.UNSPECIFIED.,.F.,.F.,.F.,(2,2),(2,2),(0.,0.282842712475),(0.,1.)
  ,.PIECEWISE_BEZIER_KNOTS.);
#539 = CARTESIAN_POINT('',(2.120291289374,-2.260145644687,0.1));
#540 = CARTESIAN_POINT('',(2.2,-2.3,0.475));
#541 = CARTESIAN_POINT('',(1.960145644687,-2.420291289374,0.1));
#542 = CARTESIAN_POINT('',(2.,-2.5,0.475));
#543 = ADVANCED_FACE('',(#544),#555,.F.);
#544 = FACE_BOUND('',#545,.F.);
#545 = EDGE_LOOP('',(#546,#547,#548,#554));
#546 = ORIENTED_EDGE('',*,*,#118,.T.);
#547 = ORIENTED_EDGE('',*,*,#511,.T.);
#548 = ORIENTED_EDGE('',*,*,#549,.F.);
#549 = EDGE_CURVE('',#526,#504,#550,.T.);
#550 = LINE('',#551,#552);
#551 = CARTESIAN_POINT('',(2.,-2.5,0.475));
#552 = VECTOR('',#553,1.);
#553 = DIRECTION('',(-1.,-1.110223024625E-16,0.));
#554 = ORIENTED_EDGE('',*,*,#525,.F.);
#555 = B_SPLINE_SURFACE_WITH_KNOTS('',1,1,(
    (#556,#557)
    ,(#558,#559)),.UNSPECIFIED.,.F.,.F.,.F.,(2,2),(2,2),(0.,4.),(0.,1.),
  .PIECEWISE_BEZIER_KNOTS.);
#556 = CARTESIAN_POINT('',(1.960145644687,-2.420291289374,0.1));
#557 = CARTESIAN_POINT('',(2.,-2.5,0.475));
#558 = CARTESIAN_POINT('',(-1.960145644687,-2.420291289374,0.1));
#559 = CARTESIAN_POINT('',(-2.,-2.5,0.475));
#560 = ADVANCED_FACE('',(#561),#578,.F.);
#561 = FACE_BOUND('',#562,.F.);
#562 = EDGE_LOOP('',(#563,#564,#571,#577));
#563 = ORIENTED_EDGE('',*,*,#164,.T.);
#564 = ORIENTED_EDGE('',*,*,#565,.T.);
#565 = EDGE_CURVE('',#158,#566,#568,.T.);
#566 = VERTEX_POINT('',#567);
#567 = CARTESIAN_POINT('',(2.2,2.3,0.625));
#568 = B_SPLINE_CURVE_WITH_KNOTS('',1,(#569,#570),.UNSPECIFIED.,.F.,.F.,
  (2,2),(0.,1.),.PIECEWISE_BEZIER_KNOTS.);
#569 = CARTESIAN_POINT('',(2.2,2.3,0.475));
#570 = CARTESIAN_POINT('',(2.2,2.3,0.625));
#571 = ORIENTED_EDGE('',*,*,#572,.F.);
#572 = EDGE_CURVE('',#181,#566,#573,.T.);
#573 = LINE('',#574,#575);
#574 = CARTESIAN_POINT('',(2.,2.5,0.625));
#575 = VECTOR('',#576,1.);
#576 = DIRECTION('',(0.707106781187,-0.707106781187,0.));
#577 = ORIENTED_EDGE('',*,*,#180,.F.);
#578 = PLANE('',#579);
#579 = AXIS2_PLACEMENT_3D('',#580,#581,#582);
#580 = CARTESIAN_POINT('',(2.,2.5,0.625));
#581 = DIRECTION('',(-0.707106781187,-0.707106781187,0.));
#582 = DIRECTION('',(0.707106781187,-0.707106781187,0.));
#583 = ADVANCED_FACE('',(#584),#666,.F.);
#584 = FACE_BOUND('',#585,.F.);
#585 = EDGE_LOOP('',(#586,#594,#595,#596,#604,#612,#620,#628,#636,#644,
    #652,#660));
#586 = ORIENTED_EDGE('',*,*,#587,.T.);
#587 = EDGE_CURVE('',#588,#188,#590,.T.);
#588 = VERTEX_POINT('',#589);
#589 = CARTESIAN_POINT('',(-2.2,2.3,0.625));
#590 = LINE('',#591,#592);
#591 = CARTESIAN_POINT('',(-2.2,2.3,0.625));
#592 = VECTOR('',#593,1.);
#593 = DIRECTION('',(0.707106781187,0.707106781187,0.));
#594 = ORIENTED_EDGE('',*,*,#187,.T.);
#595 = ORIENTED_EDGE('',*,*,#572,.T.);
#596 = ORIENTED_EDGE('',*,*,#597,.T.);
#597 = EDGE_CURVE('',#566,#598,#600,.T.);
#598 = VERTEX_POINT('',#599);
#599 = CARTESIAN_POINT('',(2.2,2.08,0.625));
#600 = LINE('',#601,#602);
#601 = CARTESIAN_POINT('',(2.2,2.3,0.625));
#602 = VECTOR('',#603,1.);
#603 = DIRECTION('',(1.110223024625E-16,-1.,0.));
#604 = ORIENTED_EDGE('',*,*,#605,.T.);
#605 = EDGE_CURVE('',#598,#606,#608,.T.);
#606 = VERTEX_POINT('',#607);
#607 = CARTESIAN_POINT('',(2.15,2.08,0.625));
#608 = LINE('',#609,#610);
#609 = CARTESIAN_POINT('',(2.4,2.08,0.625));
#610 = VECTOR('',#611,1.);
#611 = DIRECTION('',(-1.,-1.110223024625E-16,0.));
#612 = ORIENTED_EDGE('',*,*,#613,.F.);
#613 = EDGE_CURVE('',#614,#606,#616,.T.);
#614 = VERTEX_POINT('',#615);
#615 = CARTESIAN_POINT('',(2.15,2.275,0.625));
#616 = LINE('',#617,#618);
#617 = CARTESIAN_POINT('',(2.15,2.275,0.625));
#618 = VECTOR('',#619,1.);
#619 = DIRECTION('',(1.110223024625E-16,-1.,0.));
#620 = ORIENTED_EDGE('',*,*,#621,.F.);
#621 = EDGE_CURVE('',#622,#614,#624,.T.);
#622 = VERTEX_POINT('',#623);
#623 = CARTESIAN_POINT('',(1.975,2.45,0.625));
#624 = LINE('',#625,#626);
#625 = CARTESIAN_POINT('',(1.975,2.45,0.625));
#626 = VECTOR('',#627,1.);
#627 = DIRECTION('',(0.707106781187,-0.707106781187,0.));
#628 = ORIENTED_EDGE('',*,*,#629,.F.);
#629 = EDGE_CURVE('',#630,#622,#632,.T.);
#630 = VERTEX_POINT('',#631);
#631 = CARTESIAN_POINT('',(-1.975,2.45,0.625));
#632 = LINE('',#633,#634);
#633 = CARTESIAN_POINT('',(-1.975,2.45,0.625));
#634 = VECTOR('',#635,1.);
#635 = DIRECTION('',(1.,1.110223024625E-16,0.));
#636 = ORIENTED_EDGE('',*,*,#637,.F.);
#637 = EDGE_CURVE('',#638,#630,#640,.T.);
#638 = VERTEX_POINT('',#639);
#639 = CARTESIAN_POINT('',(-2.15,2.275,0.625));
#640 = LINE('',#641,#642);
#641 = CARTESIAN_POINT('',(-2.15,2.275,0.625));
#642 = VECTOR('',#643,1.);
#643 = DIRECTION('',(0.707106781187,0.707106781187,0.));
#644 = ORIENTED_EDGE('',*,*,#645,.F.);
#645 = EDGE_CURVE('',#646,#638,#648,.T.);
#646 = VERTEX_POINT('',#647);
#647 = CARTESIAN_POINT('',(-2.15,2.08,0.625));
#648 = LINE('',#649,#650);
#649 = CARTESIAN_POINT('',(-2.15,-2.275,0.625));
#650 = VECTOR('',#651,1.);
#651 = DIRECTION('',(-1.110223024625E-16,1.,0.));
#652 = ORIENTED_EDGE('',*,*,#653,.F.);
#653 = EDGE_CURVE('',#654,#646,#656,.T.);
#654 = VERTEX_POINT('',#655);
#655 = CARTESIAN_POINT('',(-2.2,2.08,0.625));
#656 = LINE('',#657,#658);
#657 = CARTESIAN_POINT('',(-2.4,2.08,0.625));
#658 = VECTOR('',#659,1.);
#659 = DIRECTION('',(1.,-1.144237745222E-17,0.));
#660 = ORIENTED_EDGE('',*,*,#661,.T.);
#661 = EDGE_CURVE('',#654,#588,#662,.T.);
#662 = LINE('',#663,#664);
#663 = CARTESIAN_POINT('',(-2.2,-2.3,0.625));
#664 = VECTOR('',#665,1.);
#665 = DIRECTION('',(-1.110223024625E-16,1.,0.));
#666 = PLANE('',#667);
#667 = AXIS2_PLACEMENT_3D('',#668,#669,#670);
#668 = CARTESIAN_POINT('',(-3.188450421961E-18,2.475,0.625));
#669 = DIRECTION('',(0.,0.,-1.));
#670 = DIRECTION('',(1.,1.111674977262E-16,0.));
#671 = ADVANCED_FACE('',(#672),#682,.F.);
#672 = FACE_BOUND('',#673,.F.);
#673 = EDGE_LOOP('',(#674,#675,#676,#677));
#674 = ORIENTED_EDGE('',*,*,#210,.T.);
#675 = ORIENTED_EDGE('',*,*,#195,.T.);
#676 = ORIENTED_EDGE('',*,*,#587,.F.);
#677 = ORIENTED_EDGE('',*,*,#678,.F.);
#678 = EDGE_CURVE('',#211,#588,#679,.T.);
#679 = B_SPLINE_CURVE_WITH_KNOTS('',1,(#680,#681),.UNSPECIFIED.,.F.,.F.,
  (2,2),(0.,1.),.PIECEWISE_BEZIER_KNOTS.);
#680 = CARTESIAN_POINT('',(-2.2,2.3,0.475));
#681 = CARTESIAN_POINT('',(-2.2,2.3,0.625));
#682 = PLANE('',#683);
#683 = AXIS2_PLACEMENT_3D('',#684,#685,#686);
#684 = CARTESIAN_POINT('',(-2.2,2.3,0.625));
#685 = DIRECTION('',(0.707106781187,-0.707106781187,0.));
#686 = DIRECTION('',(0.707106781187,0.707106781187,0.));
#687 = ADVANCED_FACE('',(#688),#712,.F.);
#688 = FACE_BOUND('',#689,.F.);
#689 = EDGE_LOOP('',(#690,#697,#698,#706));
#690 = ORIENTED_EDGE('',*,*,#691,.F.);
#691 = EDGE_CURVE('',#346,#692,#694,.T.);
#692 = VERTEX_POINT('',#693);
#693 = CARTESIAN_POINT('',(-2.2,-2.3,0.625));
#694 = B_SPLINE_CURVE_WITH_KNOTS('',1,(#695,#696),.UNSPECIFIED.,.F.,.F.,
  (2,2),(0.,1.),.PIECEWISE_BEZIER_KNOTS.);
#695 = CARTESIAN_POINT('',(-2.2,-2.3,0.475));
#696 = CARTESIAN_POINT('',(-2.2,-2.3,0.625));
#697 = ORIENTED_EDGE('',*,*,#345,.T.);
#698 = ORIENTED_EDGE('',*,*,#699,.T.);
#699 = EDGE_CURVE('',#338,#700,#702,.T.);
#700 = VERTEX_POINT('',#701);
#701 = CARTESIAN_POINT('',(-2.2,-2.08,0.625));
#702 = LINE('',#703,#704);
#703 = CARTESIAN_POINT('',(-2.2,-2.08,0.458946888107));
#704 = VECTOR('',#705,1.);
#705 = DIRECTION('',(0.,0.,1.));
#706 = ORIENTED_EDGE('',*,*,#707,.F.);
#707 = EDGE_CURVE('',#692,#700,#708,.T.);
#708 = LINE('',#709,#710);
#709 = CARTESIAN_POINT('',(-2.2,-2.3,0.625));
#710 = VECTOR('',#711,1.);
#711 = DIRECTION('',(-1.110223024625E-16,1.,0.));
#712 = PLANE('',#713);
#713 = AXIS2_PLACEMENT_3D('',#714,#715,#716);
#714 = CARTESIAN_POINT('',(-2.2,-2.3,0.625));
#715 = DIRECTION('',(1.,1.110223024625E-16,0.));
#716 = DIRECTION('',(-1.110223024625E-16,1.,0.));
#717 = ADVANCED_FACE('',(#718),#743,.F.);
#718 = FACE_BOUND('',#719,.F.);
#719 = EDGE_LOOP('',(#720,#728,#729,#737));
#720 = ORIENTED_EDGE('',*,*,#721,.F.);
#721 = EDGE_CURVE('',#338,#722,#724,.T.);
#722 = VERTEX_POINT('',#723);
#723 = CARTESIAN_POINT('',(-2.4,-2.08,0.475));
#724 = LINE('',#725,#726);
#725 = CARTESIAN_POINT('',(-2.1,-2.08,0.475));
#726 = VECTOR('',#727,1.);
#727 = DIRECTION('',(-1.,1.144237745222E-17,0.));
#728 = ORIENTED_EDGE('',*,*,#337,.T.);
#729 = ORIENTED_EDGE('',*,*,#730,.T.);
#730 = EDGE_CURVE('',#330,#731,#733,.T.);
#731 = VERTEX_POINT('',#732);
#732 = CARTESIAN_POINT('',(-2.4,-1.82,0.475));
#733 = LINE('',#734,#735);
#734 = CARTESIAN_POINT('',(-2.1,-1.82,0.475));
#735 = VECTOR('',#736,1.);
#736 = DIRECTION('',(-1.,1.144237745222E-17,0.));
#737 = ORIENTED_EDGE('',*,*,#738,.F.);
#738 = EDGE_CURVE('',#722,#731,#739,.T.);
#739 = LINE('',#740,#741);
#740 = CARTESIAN_POINT('',(-2.4,-2.08,0.475));
#741 = VECTOR('',#742,1.);
#742 = DIRECTION('',(1.144237745222E-17,1.,0.));
#743 = PLANE('',#744);
#744 = AXIS2_PLACEMENT_3D('',#745,#746,#747);
#745 = CARTESIAN_POINT('',(-2.1,-2.08,0.475));
#746 = DIRECTION('',(0.,0.,1.));
#747 = DIRECTION('',(-1.,1.144237745222E-17,0.));
#748 = ADVANCED_FACE('',(#749),#774,.F.);
#749 = FACE_BOUND('',#750,.F.);
#750 = EDGE_LOOP('',(#751,#759,#760,#768));
#751 = ORIENTED_EDGE('',*,*,#752,.F.);
#752 = EDGE_CURVE('',#330,#753,#755,.T.);
#753 = VERTEX_POINT('',#754);
#754 = CARTESIAN_POINT('',(-2.2,-1.82,0.625));
#755 = LINE('',#756,#757);
#756 = CARTESIAN_POINT('',(-2.2,-1.82,0.458946888107));
#757 = VECTOR('',#758,1.);
#758 = DIRECTION('',(0.,0.,1.));
#759 = ORIENTED_EDGE('',*,*,#329,.T.);
#760 = ORIENTED_EDGE('',*,*,#761,.T.);
#761 = EDGE_CURVE('',#322,#762,#764,.T.);
#762 = VERTEX_POINT('',#763);
#763 = CARTESIAN_POINT('',(-2.2,-1.43,0.625));
#764 = LINE('',#765,#766);
#765 = CARTESIAN_POINT('',(-2.2,-1.43,0.458946888107));
#766 = VECTOR('',#767,1.);
#767 = DIRECTION('',(0.,0.,1.));
#768 = ORIENTED_EDGE('',*,*,#769,.F.);
#769 = EDGE_CURVE('',#753,#762,#770,.T.);
#770 = LINE('',#771,#772);
#771 = CARTESIAN_POINT('',(-2.2,-2.3,0.625));
#772 = VECTOR('',#773,1.);
#773 = DIRECTION('',(-1.110223024625E-16,1.,0.));
#774 = PLANE('',#775);
#775 = AXIS2_PLACEMENT_3D('',#776,#777,#778);
#776 = CARTESIAN_POINT('',(-2.2,-2.3,0.625));
#777 = DIRECTION('',(1.,1.110223024625E-16,0.));
#778 = DIRECTION('',(-1.110223024625E-16,1.,0.));
#779 = ADVANCED_FACE('',(#780),#805,.F.);
#780 = FACE_BOUND('',#781,.F.);
#781 = EDGE_LOOP('',(#782,#790,#791,#799));
#782 = ORIENTED_EDGE('',*,*,#783,.F.);
#783 = EDGE_CURVE('',#322,#784,#786,.T.);
#784 = VERTEX_POINT('',#785);
#785 = CARTESIAN_POINT('',(-2.4,-1.43,0.475));
#786 = LINE('',#787,#788);
#787 = CARTESIAN_POINT('',(-2.1,-1.43,0.475));
#788 = VECTOR('',#789,1.);
#789 = DIRECTION('',(-1.,1.144237745222E-17,0.));
#790 = ORIENTED_EDGE('',*,*,#321,.T.);
#791 = ORIENTED_EDGE('',*,*,#792,.T.);
#792 = EDGE_CURVE('',#314,#793,#795,.T.);
#793 = VERTEX_POINT('',#794);
#794 = CARTESIAN_POINT('',(-2.4,-1.17,0.475));
#795 = LINE('',#796,#797);
#796 = CARTESIAN_POINT('',(-2.1,-1.17,0.475));
#797 = VECTOR('',#798,1.);
#798 = DIRECTION('',(-1.,1.144237745222E-17,0.));
#799 = ORIENTED_EDGE('',*,*,#800,.F.);
#800 = EDGE_CURVE('',#784,#793,#801,.T.);
#801 = LINE('',#802,#803);
#802 = CARTESIAN_POINT('',(-2.4,-1.43,0.475));
#803 = VECTOR('',#804,1.);
#804 = DIRECTION('',(1.144237745222E-17,1.,0.));
#805 = PLANE('',#806);
#806 = AXIS2_PLACEMENT_3D('',#807,#808,#809);
#807 = CARTESIAN_POINT('',(-2.1,-1.43,0.475));
#808 = DIRECTION('',(0.,0.,1.));
#809 = DIRECTION('',(-1.,1.144237745222E-17,0.));
#810 = ADVANCED_FACE('',(#811),#836,.F.);
#811 = FACE_BOUND('',#812,.F.);
#812 = EDGE_LOOP('',(#813,#821,#822,#830));
#813 = ORIENTED_EDGE('',*,*,#814,.F.);
#814 = EDGE_CURVE('',#314,#815,#817,.T.);
#815 = VERTEX_POINT('',#816);
#816 = CARTESIAN_POINT('',(-2.2,-1.17,0.625));
#817 = LINE('',#818,#819);
#818 = CARTESIAN_POINT('',(-2.2,-1.17,0.458946888107));
#819 = VECTOR('',#820,1.);
#820 = DIRECTION('',(0.,0.,1.));
#821 = ORIENTED_EDGE('',*,*,#313,.T.);
#822 = ORIENTED_EDGE('',*,*,#823,.T.);
#823 = EDGE_CURVE('',#306,#824,#826,.T.);
#824 = VERTEX_POINT('',#825);
#825 = CARTESIAN_POINT('',(-2.2,-0.78,0.625));
#826 = LINE('',#827,#828);
#827 = CARTESIAN_POINT('',(-2.2,-0.78,0.458946888107));
#828 = VECTOR('',#829,1.);
#829 = DIRECTION('',(0.,0.,1.));
#830 = ORIENTED_EDGE('',*,*,#831,.F.);
#831 = EDGE_CURVE('',#815,#824,#832,.T.);
#832 = LINE('',#833,#834);
#833 = CARTESIAN_POINT('',(-2.2,-2.3,0.625));
#834 = VECTOR('',#835,1.);
#835 = DIRECTION('',(-1.110223024625E-16,1.,0.));
#836 = PLANE('',#837);
#837 = AXIS2_PLACEMENT_3D('',#838,#839,#840);
#838 = CARTESIAN_POINT('',(-2.2,-2.3,0.625));
#839 = DIRECTION('',(1.,1.110223024625E-16,0.));
#840 = DIRECTION('',(-1.110223024625E-16,1.,0.));
#841 = ADVANCED_FACE('',(#842),#867,.F.);
#842 = FACE_BOUND('',#843,.F.);
#843 = EDGE_LOOP('',(#844,#852,#853,#861));
#844 = ORIENTED_EDGE('',*,*,#845,.F.);
#845 = EDGE_CURVE('',#306,#846,#848,.T.);
#846 = VERTEX_POINT('',#847);
#847 = CARTESIAN_POINT('',(-2.4,-0.78,0.475));
#848 = LINE('',#849,#850);
#849 = CARTESIAN_POINT('',(-2.1,-0.78,0.475));
#850 = VECTOR('',#851,1.);
#851 = DIRECTION('',(-1.,1.144237745222E-17,0.));
#852 = ORIENTED_EDGE('',*,*,#305,.T.);
#853 = ORIENTED_EDGE('',*,*,#854,.T.);
#854 = EDGE_CURVE('',#298,#855,#857,.T.);
#855 = VERTEX_POINT('',#856);
#856 = CARTESIAN_POINT('',(-2.4,-0.52,0.475));
#857 = LINE('',#858,#859);
#858 = CARTESIAN_POINT('',(-2.1,-0.52,0.475));
#859 = VECTOR('',#860,1.);
#860 = DIRECTION('',(-1.,1.144237745222E-17,0.));
#861 = ORIENTED_EDGE('',*,*,#862,.F.);
#862 = EDGE_CURVE('',#846,#855,#863,.T.);
#863 = LINE('',#864,#865);
#864 = CARTESIAN_POINT('',(-2.4,-0.78,0.475));
#865 = VECTOR('',#866,1.);
#866 = DIRECTION('',(1.144237745222E-17,1.,0.));
#867 = PLANE('',#868);
#868 = AXIS2_PLACEMENT_3D('',#869,#870,#871);
#869 = CARTESIAN_POINT('',(-2.1,-0.78,0.475));
#870 = DIRECTION('',(0.,0.,1.));
#871 = DIRECTION('',(-1.,1.144237745222E-17,0.));
#872 = ADVANCED_FACE('',(#873),#898,.F.);
#873 = FACE_BOUND('',#874,.F.);
#874 = EDGE_LOOP('',(#875,#883,#884,#892));
#875 = ORIENTED_EDGE('',*,*,#876,.F.);
#876 = EDGE_CURVE('',#298,#877,#879,.T.);
#877 = VERTEX_POINT('',#878);
#878 = CARTESIAN_POINT('',(-2.2,-0.52,0.625));
#879 = LINE('',#880,#881);
#880 = CARTESIAN_POINT('',(-2.2,-0.52,0.458946888107));
#881 = VECTOR('',#882,1.);
#882 = DIRECTION('',(0.,0.,1.));
#883 = ORIENTED_EDGE('',*,*,#297,.T.);
#884 = ORIENTED_EDGE('',*,*,#885,.T.);
#885 = EDGE_CURVE('',#290,#886,#888,.T.);
#886 = VERTEX_POINT('',#887);
#887 = CARTESIAN_POINT('',(-2.2,-0.13,0.625));
#888 = LINE('',#889,#890);
#889 = CARTESIAN_POINT('',(-2.2,-0.13,0.458946888107));
#890 = VECTOR('',#891,1.);
#891 = DIRECTION('',(0.,0.,1.));
#892 = ORIENTED_EDGE('',*,*,#893,.F.);
#893 = EDGE_CURVE('',#877,#886,#894,.T.);
#894 = LINE('',#895,#896);
#895 = CARTESIAN_POINT('',(-2.2,-2.3,0.625));
#896 = VECTOR('',#897,1.);
#897 = DIRECTION('',(-1.110223024625E-16,1.,0.));
#898 = PLANE('',#899);
#899 = AXIS2_PLACEMENT_3D('',#900,#901,#902);
#900 = CARTESIAN_POINT('',(-2.2,-2.3,0.625));
#901 = DIRECTION('',(1.,1.110223024625E-16,0.));
#902 = DIRECTION('',(-1.110223024625E-16,1.,0.));
#903 = ADVANCED_FACE('',(#904),#929,.F.);
#904 = FACE_BOUND('',#905,.F.);
#905 = EDGE_LOOP('',(#906,#914,#915,#923));
#906 = ORIENTED_EDGE('',*,*,#907,.F.);
#907 = EDGE_CURVE('',#290,#908,#910,.T.);
#908 = VERTEX_POINT('',#909);
#909 = CARTESIAN_POINT('',(-2.4,-0.13,0.475));
#910 = LINE('',#911,#912);
#911 = CARTESIAN_POINT('',(-2.1,-0.13,0.475));
#912 = VECTOR('',#913,1.);
#913 = DIRECTION('',(-1.,1.144237745222E-17,0.));
#914 = ORIENTED_EDGE('',*,*,#289,.T.);
#915 = ORIENTED_EDGE('',*,*,#916,.T.);
#916 = EDGE_CURVE('',#282,#917,#919,.T.);
#917 = VERTEX_POINT('',#918);
#918 = CARTESIAN_POINT('',(-2.4,0.13,0.475));
#919 = LINE('',#920,#921);
#920 = CARTESIAN_POINT('',(-2.1,0.13,0.475));
#921 = VECTOR('',#922,1.);
#922 = DIRECTION('',(-1.,1.144237745222E-17,0.));
#923 = ORIENTED_EDGE('',*,*,#924,.F.);
#924 = EDGE_CURVE('',#908,#917,#925,.T.);
#925 = LINE('',#926,#927);
#926 = CARTESIAN_POINT('',(-2.4,-0.13,0.475));
#927 = VECTOR('',#928,1.);
#928 = DIRECTION('',(1.144237745222E-17,1.,0.));
#929 = PLANE('',#930);
#930 = AXIS2_PLACEMENT_3D('',#931,#932,#933);
#931 = CARTESIAN_POINT('',(-2.1,-0.13,0.475));
#932 = DIRECTION('',(0.,0.,1.));
#933 = DIRECTION('',(-1.,1.144237745222E-17,0.));
#934 = ADVANCED_FACE('',(#935),#960,.F.);
#935 = FACE_BOUND('',#936,.F.);
#936 = EDGE_LOOP('',(#937,#945,#946,#954));
#937 = ORIENTED_EDGE('',*,*,#938,.F.);
#938 = EDGE_CURVE('',#282,#939,#941,.T.);
#939 = VERTEX_POINT('',#940);
#940 = CARTESIAN_POINT('',(-2.2,0.13,0.625));
#941 = LINE('',#942,#943);
#942 = CARTESIAN_POINT('',(-2.2,0.13,0.458946888107));
#943 = VECTOR('',#944,1.);
#944 = DIRECTION('',(0.,0.,1.));
#945 = ORIENTED_EDGE('',*,*,#281,.T.);
#946 = ORIENTED_EDGE('',*,*,#947,.T.);
#947 = EDGE_CURVE('',#274,#948,#950,.T.);
#948 = VERTEX_POINT('',#949);
#949 = CARTESIAN_POINT('',(-2.2,0.52,0.625));
#950 = LINE('',#951,#952);
#951 = CARTESIAN_POINT('',(-2.2,0.52,0.458946888107));
#952 = VECTOR('',#953,1.);
#953 = DIRECTION('',(0.,0.,1.));
#954 = ORIENTED_EDGE('',*,*,#955,.F.);
#955 = EDGE_CURVE('',#939,#948,#956,.T.);
#956 = LINE('',#957,#958);
#957 = CARTESIAN_POINT('',(-2.2,-2.3,0.625));
#958 = VECTOR('',#959,1.);
#959 = DIRECTION('',(-1.110223024625E-16,1.,0.));
#960 = PLANE('',#961);
#961 = AXIS2_PLACEMENT_3D('',#962,#963,#964);
#962 = CARTESIAN_POINT('',(-2.2,-2.3,0.625));
#963 = DIRECTION('',(1.,1.110223024625E-16,0.));
#964 = DIRECTION('',(-1.110223024625E-16,1.,0.));
#965 = ADVANCED_FACE('',(#966),#991,.F.);
#966 = FACE_BOUND('',#967,.F.);
#967 = EDGE_LOOP('',(#968,#976,#977,#985));
#968 = ORIENTED_EDGE('',*,*,#969,.F.);
#969 = EDGE_CURVE('',#274,#970,#972,.T.);
#970 = VERTEX_POINT('',#971);
#971 = CARTESIAN_POINT('',(-2.4,0.52,0.475));
#972 = LINE('',#973,#974);
#973 = CARTESIAN_POINT('',(-2.1,0.52,0.475));
#974 = VECTOR('',#975,1.);
#975 = DIRECTION('',(-1.,1.144237745222E-17,0.));
#976 = ORIENTED_EDGE('',*,*,#273,.T.);
#977 = ORIENTED_EDGE('',*,*,#978,.T.);
#978 = EDGE_CURVE('',#266,#979,#981,.T.);
#979 = VERTEX_POINT('',#980);
#980 = CARTESIAN_POINT('',(-2.4,0.78,0.475));
#981 = LINE('',#982,#983);
#982 = CARTESIAN_POINT('',(-2.1,0.78,0.475));
#983 = VECTOR('',#984,1.);
#984 = DIRECTION('',(-1.,1.144237745222E-17,0.));
#985 = ORIENTED_EDGE('',*,*,#986,.F.);
#986 = EDGE_CURVE('',#970,#979,#987,.T.);
#987 = LINE('',#988,#989);
#988 = CARTESIAN_POINT('',(-2.4,0.52,0.475));
#989 = VECTOR('',#990,1.);
#990 = DIRECTION('',(1.144237745222E-17,1.,0.));
#991 = PLANE('',#992);
#992 = AXIS2_PLACEMENT_3D('',#993,#994,#995);
#993 = CARTESIAN_POINT('',(-2.1,0.52,0.475));
#994 = DIRECTION('',(0.,0.,1.));
#995 = DIRECTION('',(-1.,1.144237745222E-17,0.));
#996 = ADVANCED_FACE('',(#997),#1022,.F.);
#997 = FACE_BOUND('',#998,.F.);
#998 = EDGE_LOOP('',(#999,#1007,#1008,#1016));
#999 = ORIENTED_EDGE('',*,*,#1000,.F.);
#1000 = EDGE_CURVE('',#266,#1001,#1003,.T.);
#1001 = VERTEX_POINT('',#1002);
#1002 = CARTESIAN_POINT('',(-2.2,0.78,0.625));
#1003 = LINE('',#1004,#1005);
#1004 = CARTESIAN_POINT('',(-2.2,0.78,0.458946888107));
#1005 = VECTOR('',#1006,1.);
#1006 = DIRECTION('',(0.,0.,1.));
#1007 = ORIENTED_EDGE('',*,*,#265,.T.);
#1008 = ORIENTED_EDGE('',*,*,#1009,.T.);
#1009 = EDGE_CURVE('',#258,#1010,#1012,.T.);
#1010 = VERTEX_POINT('',#1011);
#1011 = CARTESIAN_POINT('',(-2.2,1.17,0.625));
#1012 = LINE('',#1013,#1014);
#1013 = CARTESIAN_POINT('',(-2.2,1.17,0.458946888107));
#1014 = VECTOR('',#1015,1.);
#1015 = DIRECTION('',(0.,0.,1.));
#1016 = ORIENTED_EDGE('',*,*,#1017,.F.);
#1017 = EDGE_CURVE('',#1001,#1010,#1018,.T.);
#1018 = LINE('',#1019,#1020);
#1019 = CARTESIAN_POINT('',(-2.2,-2.3,0.625));
#1020 = VECTOR('',#1021,1.);
#1021 = DIRECTION('',(-1.110223024625E-16,1.,0.));
#1022 = PLANE('',#1023);
#1023 = AXIS2_PLACEMENT_3D('',#1024,#1025,#1026);
#1024 = CARTESIAN_POINT('',(-2.2,-2.3,0.625));
#1025 = DIRECTION('',(1.,1.110223024625E-16,0.));
#1026 = DIRECTION('',(-1.110223024625E-16,1.,0.));
#1027 = ADVANCED_FACE('',(#1028),#1053,.F.);
#1028 = FACE_BOUND('',#1029,.F.);
#1029 = EDGE_LOOP('',(#1030,#1038,#1039,#1047));
#1030 = ORIENTED_EDGE('',*,*,#1031,.F.);
#1031 = EDGE_CURVE('',#258,#1032,#1034,.T.);
#1032 = VERTEX_POINT('',#1033);
#1033 = CARTESIAN_POINT('',(-2.4,1.17,0.475));
#1034 = LINE('',#1035,#1036);
#1035 = CARTESIAN_POINT('',(-2.1,1.17,0.475));
#1036 = VECTOR('',#1037,1.);
#1037 = DIRECTION('',(-1.,1.144237745222E-17,0.));
#1038 = ORIENTED_EDGE('',*,*,#257,.T.);
#1039 = ORIENTED_EDGE('',*,*,#1040,.T.);
#1040 = EDGE_CURVE('',#250,#1041,#1043,.T.);
#1041 = VERTEX_POINT('',#1042);
#1042 = CARTESIAN_POINT('',(-2.4,1.43,0.475));
#1043 = LINE('',#1044,#1045);
#1044 = CARTESIAN_POINT('',(-2.1,1.43,0.475));
#1045 = VECTOR('',#1046,1.);
#1046 = DIRECTION('',(-1.,1.144237745222E-17,0.));
#1047 = ORIENTED_EDGE('',*,*,#1048,.F.);
#1048 = EDGE_CURVE('',#1032,#1041,#1049,.T.);
#1049 = LINE('',#1050,#1051);
#1050 = CARTESIAN_POINT('',(-2.4,1.17,0.475));
#1051 = VECTOR('',#1052,1.);
#1052 = DIRECTION('',(1.144237745222E-17,1.,0.));
#1053 = PLANE('',#1054);
#1054 = AXIS2_PLACEMENT_3D('',#1055,#1056,#1057);
#1055 = CARTESIAN_POINT('',(-2.1,1.17,0.475));
#1056 = DIRECTION('',(0.,0.,1.));
#1057 = DIRECTION('',(-1.,1.144237745222E-17,0.));
#1058 = ADVANCED_FACE('',(#1059),#1084,.F.);
#1059 = FACE_BOUND('',#1060,.F.);
#1060 = EDGE_LOOP('',(#1061,#1069,#1070,#1078));
#1061 = ORIENTED_EDGE('',*,*,#1062,.F.);
#1062 = EDGE_CURVE('',#250,#1063,#1065,.T.);
#1063 = VERTEX_POINT('',#1064);
#1064 = CARTESIAN_POINT('',(-2.2,1.43,0.625));
#1065 = LINE('',#1066,#1067);
#1066 = CARTESIAN_POINT('',(-2.2,1.43,0.458946888107));
#1067 = VECTOR('',#1068,1.);
#1068 = DIRECTION('',(0.,0.,1.));
#1069 = ORIENTED_EDGE('',*,*,#249,.T.);
#1070 = ORIENTED_EDGE('',*,*,#1071,.T.);
#1071 = EDGE_CURVE('',#242,#1072,#1074,.T.);
#1072 = VERTEX_POINT('',#1073);
#1073 = CARTESIAN_POINT('',(-2.2,1.82,0.625));
#1074 = LINE('',#1075,#1076);
#1075 = CARTESIAN_POINT('',(-2.2,1.82,0.458946888107));
#1076 = VECTOR('',#1077,1.);
#1077 = DIRECTION('',(0.,0.,1.));
#1078 = ORIENTED_EDGE('',*,*,#1079,.F.);
#1079 = EDGE_CURVE('',#1063,#1072,#1080,.T.);
#1080 = LINE('',#1081,#1082);
#1081 = CARTESIAN_POINT('',(-2.2,-2.3,0.625));
#1082 = VECTOR('',#1083,1.);
#1083 = DIRECTION('',(-1.110223024625E-16,1.,0.));
#1084 = PLANE('',#1085);
#1085 = AXIS2_PLACEMENT_3D('',#1086,#1087,#1088);
#1086 = CARTESIAN_POINT('',(-2.2,-2.3,0.625));
#1087 = DIRECTION('',(1.,1.110223024625E-16,0.));
#1088 = DIRECTION('',(-1.110223024625E-16,1.,0.));
#1089 = ADVANCED_FACE('',(#1090),#1115,.F.);
#1090 = FACE_BOUND('',#1091,.F.);
#1091 = EDGE_LOOP('',(#1092,#1100,#1101,#1109));
#1092 = ORIENTED_EDGE('',*,*,#1093,.F.);
#1093 = EDGE_CURVE('',#242,#1094,#1096,.T.);
#1094 = VERTEX_POINT('',#1095);
#1095 = CARTESIAN_POINT('',(-2.4,1.82,0.475));
#1096 = LINE('',#1097,#1098);
#1097 = CARTESIAN_POINT('',(-2.1,1.82,0.475));
#1098 = VECTOR('',#1099,1.);
#1099 = DIRECTION('',(-1.,1.144237745222E-17,0.));
#1100 = ORIENTED_EDGE('',*,*,#241,.T.);
#1101 = ORIENTED_EDGE('',*,*,#1102,.T.);
#1102 = EDGE_CURVE('',#234,#1103,#1105,.T.);
#1103 = VERTEX_POINT('',#1104);
#1104 = CARTESIAN_POINT('',(-2.4,2.08,0.475));
#1105 = LINE('',#1106,#1107);
#1106 = CARTESIAN_POINT('',(-2.1,2.08,0.475));
#1107 = VECTOR('',#1108,1.);
#1108 = DIRECTION('',(-1.,1.144237745222E-17,0.));
#1109 = ORIENTED_EDGE('',*,*,#1110,.F.);
#1110 = EDGE_CURVE('',#1094,#1103,#1111,.T.);
#1111 = LINE('',#1112,#1113);
#1112 = CARTESIAN_POINT('',(-2.4,1.82,0.475));
#1113 = VECTOR('',#1114,1.);
#1114 = DIRECTION('',(1.144237745222E-17,1.,0.));
#1115 = PLANE('',#1116);
#1116 = AXIS2_PLACEMENT_3D('',#1117,#1118,#1119);
#1117 = CARTESIAN_POINT('',(-2.1,1.82,0.475));
#1118 = DIRECTION('',(0.,0.,1.));
#1119 = DIRECTION('',(-1.,1.144237745222E-17,0.));
#1120 = ADVANCED_FACE('',(#1121),#1132,.F.);
#1121 = FACE_BOUND('',#1122,.F.);
#1122 = EDGE_LOOP('',(#1123,#1129,#1130,#1131));
#1123 = ORIENTED_EDGE('',*,*,#1124,.F.);
#1124 = EDGE_CURVE('',#234,#654,#1125,.T.);
#1125 = LINE('',#1126,#1127);
#1126 = CARTESIAN_POINT('',(-2.2,2.08,0.458946888107));
#1127 = VECTOR('',#1128,1.);
#1128 = DIRECTION('',(0.,0.,1.));
#1129 = ORIENTED_EDGE('',*,*,#233,.T.);
#1130 = ORIENTED_EDGE('',*,*,#678,.T.);
#1131 = ORIENTED_EDGE('',*,*,#661,.F.);
#1132 = PLANE('',#1133);
#1133 = AXIS2_PLACEMENT_3D('',#1134,#1135,#1136);
#1134 = CARTESIAN_POINT('',(-2.2,-2.3,0.625));
#1135 = DIRECTION('',(1.,1.110223024625E-16,0.));
#1136 = DIRECTION('',(-1.110223024625E-16,1.,0.));
#1137 = ADVANCED_FACE('',(#1138),#1149,.F.);
#1138 = FACE_BOUND('',#1139,.F.);
#1139 = EDGE_LOOP('',(#1140,#1141,#1142,#1148));
#1140 = ORIENTED_EDGE('',*,*,#565,.F.);
#1141 = ORIENTED_EDGE('',*,*,#486,.T.);
#1142 = ORIENTED_EDGE('',*,*,#1143,.T.);
#1143 = EDGE_CURVE('',#479,#598,#1144,.T.);
#1144 = LINE('',#1145,#1146);
#1145 = CARTESIAN_POINT('',(2.2,2.08,0.458946888107));
#1146 = VECTOR('',#1147,1.);
#1147 = DIRECTION('',(0.,0.,1.));
#1148 = ORIENTED_EDGE('',*,*,#597,.F.);
#1149 = PLANE('',#1150);
#1150 = AXIS2_PLACEMENT_3D('',#1151,#1152,#1153);
#1151 = CARTESIAN_POINT('',(2.2,2.3,0.625));
#1152 = DIRECTION('',(-1.,-1.110223024625E-16,0.));
#1153 = DIRECTION('',(1.110223024625E-16,-1.,0.));
#1154 = ADVANCED_FACE('',(#1155),#1180,.F.);
#1155 = FACE_BOUND('',#1156,.F.);
#1156 = EDGE_LOOP('',(#1157,#1165,#1166,#1174));
#1157 = ORIENTED_EDGE('',*,*,#1158,.F.);
#1158 = EDGE_CURVE('',#479,#1159,#1161,.T.);
#1159 = VERTEX_POINT('',#1160);
#1160 = CARTESIAN_POINT('',(2.4,2.08,0.475));
#1161 = LINE('',#1162,#1163);
#1162 = CARTESIAN_POINT('',(2.1,2.08,0.475));
#1163 = VECTOR('',#1164,1.);
#1164 = DIRECTION('',(1.,1.110223024625E-16,0.));
#1165 = ORIENTED_EDGE('',*,*,#478,.T.);
#1166 = ORIENTED_EDGE('',*,*,#1167,.T.);
#1167 = EDGE_CURVE('',#471,#1168,#1170,.T.);
#1168 = VERTEX_POINT('',#1169);
#1169 = CARTESIAN_POINT('',(2.4,1.82,0.475));
#1170 = LINE('',#1171,#1172);
#1171 = CARTESIAN_POINT('',(2.1,1.82,0.475));
#1172 = VECTOR('',#1173,1.);
#1173 = DIRECTION('',(1.,1.110223024625E-16,0.));
#1174 = ORIENTED_EDGE('',*,*,#1175,.F.);
#1175 = EDGE_CURVE('',#1159,#1168,#1176,.T.);
#1176 = LINE('',#1177,#1178);
#1177 = CARTESIAN_POINT('',(2.4,2.08,0.475));
#1178 = VECTOR('',#1179,1.);
#1179 = DIRECTION('',(1.110223024625E-16,-1.,0.));
#1180 = PLANE('',#1181);
#1181 = AXIS2_PLACEMENT_3D('',#1182,#1183,#1184);
#1182 = CARTESIAN_POINT('',(2.1,2.08,0.475));
#1183 = DIRECTION('',(0.,0.,1.));
#1184 = DIRECTION('',(1.,1.110223024625E-16,-0.));
#1185 = ADVANCED_FACE('',(#1186),#1211,.F.);
#1186 = FACE_BOUND('',#1187,.F.);
#1187 = EDGE_LOOP('',(#1188,#1196,#1197,#1205));
#1188 = ORIENTED_EDGE('',*,*,#1189,.F.);
#1189 = EDGE_CURVE('',#471,#1190,#1192,.T.);
#1190 = VERTEX_POINT('',#1191);
#1191 = CARTESIAN_POINT('',(2.2,1.82,0.625));
#1192 = LINE('',#1193,#1194);
#1193 = CARTESIAN_POINT('',(2.2,1.82,0.458946888107));
#1194 = VECTOR('',#1195,1.);
#1195 = DIRECTION('',(0.,0.,1.));
#1196 = ORIENTED_EDGE('',*,*,#470,.T.);
#1197 = ORIENTED_EDGE('',*,*,#1198,.T.);
#1198 = EDGE_CURVE('',#463,#1199,#1201,.T.);
#1199 = VERTEX_POINT('',#1200);
#1200 = CARTESIAN_POINT('',(2.2,1.43,0.625));
#1201 = LINE('',#1202,#1203);
#1202 = CARTESIAN_POINT('',(2.2,1.43,0.458946888107));
#1203 = VECTOR('',#1204,1.);
#1204 = DIRECTION('',(0.,0.,1.));
#1205 = ORIENTED_EDGE('',*,*,#1206,.F.);
#1206 = EDGE_CURVE('',#1190,#1199,#1207,.T.);
#1207 = LINE('',#1208,#1209);
#1208 = CARTESIAN_POINT('',(2.2,2.3,0.625));
#1209 = VECTOR('',#1210,1.);
#1210 = DIRECTION('',(1.110223024625E-16,-1.,0.));
#1211 = PLANE('',#1212);
#1212 = AXIS2_PLACEMENT_3D('',#1213,#1214,#1215);
#1213 = CARTESIAN_POINT('',(2.2,2.3,0.625));
#1214 = DIRECTION('',(-1.,-1.110223024625E-16,0.));
#1215 = DIRECTION('',(1.110223024625E-16,-1.,0.));
#1216 = ADVANCED_FACE('',(#1217),#1242,.F.);
#1217 = FACE_BOUND('',#1218,.F.);
#1218 = EDGE_LOOP('',(#1219,#1227,#1228,#1236));
#1219 = ORIENTED_EDGE('',*,*,#1220,.F.);
#1220 = EDGE_CURVE('',#463,#1221,#1223,.T.);
#1221 = VERTEX_POINT('',#1222);
#1222 = CARTESIAN_POINT('',(2.4,1.43,0.475));
#1223 = LINE('',#1224,#1225);
#1224 = CARTESIAN_POINT('',(2.1,1.43,0.475));
#1225 = VECTOR('',#1226,1.);
#1226 = DIRECTION('',(1.,1.110223024625E-16,0.));
#1227 = ORIENTED_EDGE('',*,*,#462,.T.);
#1228 = ORIENTED_EDGE('',*,*,#1229,.T.);
#1229 = EDGE_CURVE('',#455,#1230,#1232,.T.);
#1230 = VERTEX_POINT('',#1231);
#1231 = CARTESIAN_POINT('',(2.4,1.17,0.475));
#1232 = LINE('',#1233,#1234);
#1233 = CARTESIAN_POINT('',(2.1,1.17,0.475));
#1234 = VECTOR('',#1235,1.);
#1235 = DIRECTION('',(1.,1.110223024625E-16,0.));
#1236 = ORIENTED_EDGE('',*,*,#1237,.F.);
#1237 = EDGE_CURVE('',#1221,#1230,#1238,.T.);
#1238 = LINE('',#1239,#1240);
#1239 = CARTESIAN_POINT('',(2.4,1.43,0.475));
#1240 = VECTOR('',#1241,1.);
#1241 = DIRECTION('',(1.110223024625E-16,-1.,0.));
#1242 = PLANE('',#1243);
#1243 = AXIS2_PLACEMENT_3D('',#1244,#1245,#1246);
#1244 = CARTESIAN_POINT('',(2.1,1.43,0.475));
#1245 = DIRECTION('',(0.,0.,1.));
#1246 = DIRECTION('',(1.,1.110223024625E-16,-0.));
#1247 = ADVANCED_FACE('',(#1248),#1273,.F.);
#1248 = FACE_BOUND('',#1249,.F.);
#1249 = EDGE_LOOP('',(#1250,#1258,#1259,#1267));
#1250 = ORIENTED_EDGE('',*,*,#1251,.F.);
#1251 = EDGE_CURVE('',#455,#1252,#1254,.T.);
#1252 = VERTEX_POINT('',#1253);
#1253 = CARTESIAN_POINT('',(2.2,1.17,0.625));
#1254 = LINE('',#1255,#1256);
#1255 = CARTESIAN_POINT('',(2.2,1.17,0.458946888107));
#1256 = VECTOR('',#1257,1.);
#1257 = DIRECTION('',(0.,0.,1.));
#1258 = ORIENTED_EDGE('',*,*,#454,.T.);
#1259 = ORIENTED_EDGE('',*,*,#1260,.T.);
#1260 = EDGE_CURVE('',#447,#1261,#1263,.T.);
#1261 = VERTEX_POINT('',#1262);
#1262 = CARTESIAN_POINT('',(2.2,0.78,0.625));
#1263 = LINE('',#1264,#1265);
#1264 = CARTESIAN_POINT('',(2.2,0.78,0.458946888107));
#1265 = VECTOR('',#1266,1.);
#1266 = DIRECTION('',(0.,0.,1.));
#1267 = ORIENTED_EDGE('',*,*,#1268,.F.);
#1268 = EDGE_CURVE('',#1252,#1261,#1269,.T.);
#1269 = LINE('',#1270,#1271);
#1270 = CARTESIAN_POINT('',(2.2,2.3,0.625));
#1271 = VECTOR('',#1272,1.);
#1272 = DIRECTION('',(1.110223024625E-16,-1.,0.));
#1273 = PLANE('',#1274);
#1274 = AXIS2_PLACEMENT_3D('',#1275,#1276,#1277);
#1275 = CARTESIAN_POINT('',(2.2,2.3,0.625));
#1276 = DIRECTION('',(-1.,-1.110223024625E-16,0.));
#1277 = DIRECTION('',(1.110223024625E-16,-1.,0.));
#1278 = ADVANCED_FACE('',(#1279),#1304,.F.);
#1279 = FACE_BOUND('',#1280,.F.);
#1280 = EDGE_LOOP('',(#1281,#1289,#1290,#1298));
#1281 = ORIENTED_EDGE('',*,*,#1282,.F.);
#1282 = EDGE_CURVE('',#447,#1283,#1285,.T.);
#1283 = VERTEX_POINT('',#1284);
#1284 = CARTESIAN_POINT('',(2.4,0.78,0.475));
#1285 = LINE('',#1286,#1287);
#1286 = CARTESIAN_POINT('',(2.1,0.78,0.475));
#1287 = VECTOR('',#1288,1.);
#1288 = DIRECTION('',(1.,1.110223024625E-16,0.));
#1289 = ORIENTED_EDGE('',*,*,#446,.T.);
#1290 = ORIENTED_EDGE('',*,*,#1291,.T.);
#1291 = EDGE_CURVE('',#439,#1292,#1294,.T.);
#1292 = VERTEX_POINT('',#1293);
#1293 = CARTESIAN_POINT('',(2.4,0.52,0.475));
#1294 = LINE('',#1295,#1296);
#1295 = CARTESIAN_POINT('',(2.1,0.52,0.475));
#1296 = VECTOR('',#1297,1.);
#1297 = DIRECTION('',(1.,1.110223024625E-16,0.));
#1298 = ORIENTED_EDGE('',*,*,#1299,.F.);
#1299 = EDGE_CURVE('',#1283,#1292,#1300,.T.);
#1300 = LINE('',#1301,#1302);
#1301 = CARTESIAN_POINT('',(2.4,0.78,0.475));
#1302 = VECTOR('',#1303,1.);
#1303 = DIRECTION('',(1.110223024625E-16,-1.,0.));
#1304 = PLANE('',#1305);
#1305 = AXIS2_PLACEMENT_3D('',#1306,#1307,#1308);
#1306 = CARTESIAN_POINT('',(2.1,0.78,0.475));
#1307 = DIRECTION('',(0.,0.,1.));
#1308 = DIRECTION('',(1.,1.110223024625E-16,-0.));
#1309 = ADVANCED_FACE('',(#1310),#1335,.F.);
#1310 = FACE_BOUND('',#1311,.F.);
#1311 = EDGE_LOOP('',(#1312,#1320,#1321,#1329));
#1312 = ORIENTED_EDGE('',*,*,#1313,.F.);
#1313 = EDGE_CURVE('',#439,#1314,#1316,.T.);
#1314 = VERTEX_POINT('',#1315);
#1315 = CARTESIAN_POINT('',(2.2,0.52,0.625));
#1316 = LINE('',#1317,#1318);
#1317 = CARTESIAN_POINT('',(2.2,0.52,0.458946888107));
#1318 = VECTOR('',#1319,1.);
#1319 = DIRECTION('',(0.,0.,1.));
#1320 = ORIENTED_EDGE('',*,*,#438,.T.);
#1321 = ORIENTED_EDGE('',*,*,#1322,.T.);
#1322 = EDGE_CURVE('',#431,#1323,#1325,.T.);
#1323 = VERTEX_POINT('',#1324);
#1324 = CARTESIAN_POINT('',(2.2,0.13,0.625));
#1325 = LINE('',#1326,#1327);
#1326 = CARTESIAN_POINT('',(2.2,0.13,0.458946888107));
#1327 = VECTOR('',#1328,1.);
#1328 = DIRECTION('',(0.,0.,1.));
#1329 = ORIENTED_EDGE('',*,*,#1330,.F.);
#1330 = EDGE_CURVE('',#1314,#1323,#1331,.T.);
#1331 = LINE('',#1332,#1333);
#1332 = CARTESIAN_POINT('',(2.2,2.3,0.625));
#1333 = VECTOR('',#1334,1.);
#1334 = DIRECTION('',(1.110223024625E-16,-1.,0.));
#1335 = PLANE('',#1336);
#1336 = AXIS2_PLACEMENT_3D('',#1337,#1338,#1339);
#1337 = CARTESIAN_POINT('',(2.2,2.3,0.625));
#1338 = DIRECTION('',(-1.,-1.110223024625E-16,0.));
#1339 = DIRECTION('',(1.110223024625E-16,-1.,0.));
#1340 = ADVANCED_FACE('',(#1341),#1366,.F.);
#1341 = FACE_BOUND('',#1342,.F.);
#1342 = EDGE_LOOP('',(#1343,#1351,#1352,#1360));
#1343 = ORIENTED_EDGE('',*,*,#1344,.F.);
#1344 = EDGE_CURVE('',#431,#1345,#1347,.T.);
#1345 = VERTEX_POINT('',#1346);
#1346 = CARTESIAN_POINT('',(2.4,0.13,0.475));
#1347 = LINE('',#1348,#1349);
#1348 = CARTESIAN_POINT('',(2.1,0.13,0.475));
#1349 = VECTOR('',#1350,1.);
#1350 = DIRECTION('',(1.,1.110223024625E-16,0.));
#1351 = ORIENTED_EDGE('',*,*,#430,.T.);
#1352 = ORIENTED_EDGE('',*,*,#1353,.T.);
#1353 = EDGE_CURVE('',#423,#1354,#1356,.T.);
#1354 = VERTEX_POINT('',#1355);
#1355 = CARTESIAN_POINT('',(2.4,-0.13,0.475));
#1356 = LINE('',#1357,#1358);
#1357 = CARTESIAN_POINT('',(2.1,-0.13,0.475));
#1358 = VECTOR('',#1359,1.);
#1359 = DIRECTION('',(1.,1.110223024625E-16,0.));
#1360 = ORIENTED_EDGE('',*,*,#1361,.F.);
#1361 = EDGE_CURVE('',#1345,#1354,#1362,.T.);
#1362 = LINE('',#1363,#1364);
#1363 = CARTESIAN_POINT('',(2.4,0.13,0.475));
#1364 = VECTOR('',#1365,1.);
#1365 = DIRECTION('',(1.110223024625E-16,-1.,0.));
#1366 = PLANE('',#1367);
#1367 = AXIS2_PLACEMENT_3D('',#1368,#1369,#1370);
#1368 = CARTESIAN_POINT('',(2.1,0.13,0.475));
#1369 = DIRECTION('',(0.,0.,1.));
#1370 = DIRECTION('',(1.,1.110223024625E-16,-0.));
#1371 = ADVANCED_FACE('',(#1372),#1397,.F.);
#1372 = FACE_BOUND('',#1373,.F.);
#1373 = EDGE_LOOP('',(#1374,#1382,#1383,#1391));
#1374 = ORIENTED_EDGE('',*,*,#1375,.F.);
#1375 = EDGE_CURVE('',#423,#1376,#1378,.T.);
#1376 = VERTEX_POINT('',#1377);
#1377 = CARTESIAN_POINT('',(2.2,-0.13,0.625));
#1378 = LINE('',#1379,#1380);
#1379 = CARTESIAN_POINT('',(2.2,-0.13,0.458946888107));
#1380 = VECTOR('',#1381,1.);
#1381 = DIRECTION('',(0.,0.,1.));
#1382 = ORIENTED_EDGE('',*,*,#422,.T.);
#1383 = ORIENTED_EDGE('',*,*,#1384,.T.);
#1384 = EDGE_CURVE('',#415,#1385,#1387,.T.);
#1385 = VERTEX_POINT('',#1386);
#1386 = CARTESIAN_POINT('',(2.2,-0.52,0.625));
#1387 = LINE('',#1388,#1389);
#1388 = CARTESIAN_POINT('',(2.2,-0.52,0.458946888107));
#1389 = VECTOR('',#1390,1.);
#1390 = DIRECTION('',(0.,0.,1.));
#1391 = ORIENTED_EDGE('',*,*,#1392,.F.);
#1392 = EDGE_CURVE('',#1376,#1385,#1393,.T.);
#1393 = LINE('',#1394,#1395);
#1394 = CARTESIAN_POINT('',(2.2,2.3,0.625));
#1395 = VECTOR('',#1396,1.);
#1396 = DIRECTION('',(1.110223024625E-16,-1.,0.));
#1397 = PLANE('',#1398);
#1398 = AXIS2_PLACEMENT_3D('',#1399,#1400,#1401);
#1399 = CARTESIAN_POINT('',(2.2,2.3,0.625));
#1400 = DIRECTION('',(-1.,-1.110223024625E-16,0.));
#1401 = DIRECTION('',(1.110223024625E-16,-1.,0.));
#1402 = ADVANCED_FACE('',(#1403),#1428,.F.);
#1403 = FACE_BOUND('',#1404,.F.);
#1404 = EDGE_LOOP('',(#1405,#1413,#1414,#1422));
#1405 = ORIENTED_EDGE('',*,*,#1406,.F.);
#1406 = EDGE_CURVE('',#415,#1407,#1409,.T.);
#1407 = VERTEX_POINT('',#1408);
#1408 = CARTESIAN_POINT('',(2.4,-0.52,0.475));
#1409 = LINE('',#1410,#1411);
#1410 = CARTESIAN_POINT('',(2.1,-0.52,0.475));
#1411 = VECTOR('',#1412,1.);
#1412 = DIRECTION('',(1.,1.110223024625E-16,0.));
#1413 = ORIENTED_EDGE('',*,*,#414,.T.);
#1414 = ORIENTED_EDGE('',*,*,#1415,.T.);
#1415 = EDGE_CURVE('',#407,#1416,#1418,.T.);
#1416 = VERTEX_POINT('',#1417);
#1417 = CARTESIAN_POINT('',(2.4,-0.78,0.475));
#1418 = LINE('',#1419,#1420);
#1419 = CARTESIAN_POINT('',(2.1,-0.78,0.475));
#1420 = VECTOR('',#1421,1.);
#1421 = DIRECTION('',(1.,1.110223024625E-16,0.));
#1422 = ORIENTED_EDGE('',*,*,#1423,.F.);
#1423 = EDGE_CURVE('',#1407,#1416,#1424,.T.);
#1424 = LINE('',#1425,#1426);
#1425 = CARTESIAN_POINT('',(2.4,-0.52,0.475));
#1426 = VECTOR('',#1427,1.);
#1427 = DIRECTION('',(1.110223024625E-16,-1.,0.));
#1428 = PLANE('',#1429);
#1429 = AXIS2_PLACEMENT_3D('',#1430,#1431,#1432);
#1430 = CARTESIAN_POINT('',(2.1,-0.52,0.475));
#1431 = DIRECTION('',(0.,0.,1.));
#1432 = DIRECTION('',(1.,1.110223024625E-16,-0.));
#1433 = ADVANCED_FACE('',(#1434),#1459,.F.);
#1434 = FACE_BOUND('',#1435,.F.);
#1435 = EDGE_LOOP('',(#1436,#1444,#1445,#1453));
#1436 = ORIENTED_EDGE('',*,*,#1437,.F.);
#1437 = EDGE_CURVE('',#407,#1438,#1440,.T.);
#1438 = VERTEX_POINT('',#1439);
#1439 = CARTESIAN_POINT('',(2.2,-0.78,0.625));
#1440 = LINE('',#1441,#1442);
#1441 = CARTESIAN_POINT('',(2.2,-0.78,0.458946888107));
#1442 = VECTOR('',#1443,1.);
#1443 = DIRECTION('',(0.,0.,1.));
#1444 = ORIENTED_EDGE('',*,*,#406,.T.);
#1445 = ORIENTED_EDGE('',*,*,#1446,.T.);
#1446 = EDGE_CURVE('',#399,#1447,#1449,.T.);
#1447 = VERTEX_POINT('',#1448);
#1448 = CARTESIAN_POINT('',(2.2,-1.17,0.625));
#1449 = LINE('',#1450,#1451);
#1450 = CARTESIAN_POINT('',(2.2,-1.17,0.458946888107));
#1451 = VECTOR('',#1452,1.);
#1452 = DIRECTION('',(0.,0.,1.));
#1453 = ORIENTED_EDGE('',*,*,#1454,.F.);
#1454 = EDGE_CURVE('',#1438,#1447,#1455,.T.);
#1455 = LINE('',#1456,#1457);
#1456 = CARTESIAN_POINT('',(2.2,2.3,0.625));
#1457 = VECTOR('',#1458,1.);
#1458 = DIRECTION('',(1.110223024625E-16,-1.,0.));
#1459 = PLANE('',#1460);
#1460 = AXIS2_PLACEMENT_3D('',#1461,#1462,#1463);
#1461 = CARTESIAN_POINT('',(2.2,2.3,0.625));
#1462 = DIRECTION('',(-1.,-1.110223024625E-16,0.));
#1463 = DIRECTION('',(1.110223024625E-16,-1.,0.));
#1464 = ADVANCED_FACE('',(#1465),#1490,.F.);
#1465 = FACE_BOUND('',#1466,.F.);
#1466 = EDGE_LOOP('',(#1467,#1475,#1476,#1484));
#1467 = ORIENTED_EDGE('',*,*,#1468,.F.);
#1468 = EDGE_CURVE('',#399,#1469,#1471,.T.);
#1469 = VERTEX_POINT('',#1470);
#1470 = CARTESIAN_POINT('',(2.4,-1.17,0.475));
#1471 = LINE('',#1472,#1473);
#1472 = CARTESIAN_POINT('',(2.1,-1.17,0.475));
#1473 = VECTOR('',#1474,1.);
#1474 = DIRECTION('',(1.,1.110223024625E-16,0.));
#1475 = ORIENTED_EDGE('',*,*,#398,.T.);
#1476 = ORIENTED_EDGE('',*,*,#1477,.T.);
#1477 = EDGE_CURVE('',#391,#1478,#1480,.T.);
#1478 = VERTEX_POINT('',#1479);
#1479 = CARTESIAN_POINT('',(2.4,-1.43,0.475));
#1480 = LINE('',#1481,#1482);
#1481 = CARTESIAN_POINT('',(2.1,-1.43,0.475));
#1482 = VECTOR('',#1483,1.);
#1483 = DIRECTION('',(1.,1.110223024625E-16,0.));
#1484 = ORIENTED_EDGE('',*,*,#1485,.F.);
#1485 = EDGE_CURVE('',#1469,#1478,#1486,.T.);
#1486 = LINE('',#1487,#1488);
#1487 = CARTESIAN_POINT('',(2.4,-1.17,0.475));
#1488 = VECTOR('',#1489,1.);
#1489 = DIRECTION('',(1.110223024625E-16,-1.,0.));
#1490 = PLANE('',#1491);
#1491 = AXIS2_PLACEMENT_3D('',#1492,#1493,#1494);
#1492 = CARTESIAN_POINT('',(2.1,-1.17,0.475));
#1493 = DIRECTION('',(0.,0.,1.));
#1494 = DIRECTION('',(1.,1.110223024625E-16,-0.));
#1495 = ADVANCED_FACE('',(#1496),#1521,.F.);
#1496 = FACE_BOUND('',#1497,.F.);
#1497 = EDGE_LOOP('',(#1498,#1506,#1507,#1515));
#1498 = ORIENTED_EDGE('',*,*,#1499,.F.);
#1499 = EDGE_CURVE('',#391,#1500,#1502,.T.);
#1500 = VERTEX_POINT('',#1501);
#1501 = CARTESIAN_POINT('',(2.2,-1.43,0.625));
#1502 = LINE('',#1503,#1504);
#1503 = CARTESIAN_POINT('',(2.2,-1.43,0.458946888107));
#1504 = VECTOR('',#1505,1.);
#1505 = DIRECTION('',(0.,0.,1.));
#1506 = ORIENTED_EDGE('',*,*,#390,.T.);
#1507 = ORIENTED_EDGE('',*,*,#1508,.T.);
#1508 = EDGE_CURVE('',#383,#1509,#1511,.T.);
#1509 = VERTEX_POINT('',#1510);
#1510 = CARTESIAN_POINT('',(2.2,-1.82,0.625));
#1511 = LINE('',#1512,#1513);
#1512 = CARTESIAN_POINT('',(2.2,-1.82,0.458946888107));
#1513 = VECTOR('',#1514,1.);
#1514 = DIRECTION('',(0.,0.,1.));
#1515 = ORIENTED_EDGE('',*,*,#1516,.F.);
#1516 = EDGE_CURVE('',#1500,#1509,#1517,.T.);
#1517 = LINE('',#1518,#1519);
#1518 = CARTESIAN_POINT('',(2.2,2.3,0.625));
#1519 = VECTOR('',#1520,1.);
#1520 = DIRECTION('',(1.110223024625E-16,-1.,0.));
#1521 = PLANE('',#1522);
#1522 = AXIS2_PLACEMENT_3D('',#1523,#1524,#1525);
#1523 = CARTESIAN_POINT('',(2.2,2.3,0.625));
#1524 = DIRECTION('',(-1.,-1.110223024625E-16,0.));
#1525 = DIRECTION('',(1.110223024625E-16,-1.,0.));
#1526 = ADVANCED_FACE('',(#1527),#1552,.F.);
#1527 = FACE_BOUND('',#1528,.F.);
#1528 = EDGE_LOOP('',(#1529,#1537,#1538,#1546));
#1529 = ORIENTED_EDGE('',*,*,#1530,.F.);
#1530 = EDGE_CURVE('',#383,#1531,#1533,.T.);
#1531 = VERTEX_POINT('',#1532);
#1532 = CARTESIAN_POINT('',(2.4,-1.82,0.475));
#1533 = LINE('',#1534,#1535);
#1534 = CARTESIAN_POINT('',(2.1,-1.82,0.475));
#1535 = VECTOR('',#1536,1.);
#1536 = DIRECTION('',(1.,1.110223024625E-16,0.));
#1537 = ORIENTED_EDGE('',*,*,#382,.T.);
#1538 = ORIENTED_EDGE('',*,*,#1539,.T.);
#1539 = EDGE_CURVE('',#375,#1540,#1542,.T.);
#1540 = VERTEX_POINT('',#1541);
#1541 = CARTESIAN_POINT('',(2.4,-2.08,0.475));
#1542 = LINE('',#1543,#1544);
#1543 = CARTESIAN_POINT('',(2.1,-2.08,0.475));
#1544 = VECTOR('',#1545,1.);
#1545 = DIRECTION('',(1.,1.110223024625E-16,0.));
#1546 = ORIENTED_EDGE('',*,*,#1547,.F.);
#1547 = EDGE_CURVE('',#1531,#1540,#1548,.T.);
#1548 = LINE('',#1549,#1550);
#1549 = CARTESIAN_POINT('',(2.4,-1.82,0.475));
#1550 = VECTOR('',#1551,1.);
#1551 = DIRECTION('',(1.110223024625E-16,-1.,0.));
#1552 = PLANE('',#1553);
#1553 = AXIS2_PLACEMENT_3D('',#1554,#1555,#1556);
#1554 = CARTESIAN_POINT('',(2.1,-1.82,0.475));
#1555 = DIRECTION('',(0.,0.,1.));
#1556 = DIRECTION('',(1.,1.110223024625E-16,-0.));
#1557 = ADVANCED_FACE('',(#1558),#1582,.F.);
#1558 = FACE_BOUND('',#1559,.F.);
#1559 = EDGE_LOOP('',(#1560,#1568,#1569,#1576));
#1560 = ORIENTED_EDGE('',*,*,#1561,.F.);
#1561 = EDGE_CURVE('',#375,#1562,#1564,.T.);
#1562 = VERTEX_POINT('',#1563);
#1563 = CARTESIAN_POINT('',(2.2,-2.08,0.625));
#1564 = LINE('',#1565,#1566);
#1565 = CARTESIAN_POINT('',(2.2,-2.08,0.458946888107));
#1566 = VECTOR('',#1567,1.);
#1567 = DIRECTION('',(0.,0.,1.));
#1568 = ORIENTED_EDGE('',*,*,#374,.T.);
#1569 = ORIENTED_EDGE('',*,*,#1570,.T.);
#1570 = EDGE_CURVE('',#368,#1571,#1573,.T.);
#1571 = VERTEX_POINT('',#1572);
#1572 = CARTESIAN_POINT('',(2.2,-2.3,0.625));
#1573 = B_SPLINE_CURVE_WITH_KNOTS('',1,(#1574,#1575),.UNSPECIFIED.,.F.,
  .F.,(2,2),(0.,1.),.PIECEWISE_BEZIER_KNOTS.);
#1574 = CARTESIAN_POINT('',(2.2,-2.3,0.475));
#1575 = CARTESIAN_POINT('',(2.2,-2.3,0.625));
#1576 = ORIENTED_EDGE('',*,*,#1577,.F.);
#1577 = EDGE_CURVE('',#1562,#1571,#1578,.T.);
#1578 = LINE('',#1579,#1580);
#1579 = CARTESIAN_POINT('',(2.2,2.3,0.625));
#1580 = VECTOR('',#1581,1.);
#1581 = DIRECTION('',(1.110223024625E-16,-1.,0.));
#1582 = PLANE('',#1583);
#1583 = AXIS2_PLACEMENT_3D('',#1584,#1585,#1586);
#1584 = CARTESIAN_POINT('',(2.2,2.3,0.625));
#1585 = DIRECTION('',(-1.,-1.110223024625E-16,0.));
#1586 = DIRECTION('',(1.110223024625E-16,-1.,0.));
#1587 = ADVANCED_FACE('',(#1588),#1605,.F.);
#1588 = FACE_BOUND('',#1589,.F.);
#1589 = EDGE_LOOP('',(#1590,#1591,#1592,#1600));
#1590 = ORIENTED_EDGE('',*,*,#503,.T.);
#1591 = ORIENTED_EDGE('',*,*,#691,.T.);
#1592 = ORIENTED_EDGE('',*,*,#1593,.F.);
#1593 = EDGE_CURVE('',#1594,#692,#1596,.T.);
#1594 = VERTEX_POINT('',#1595);
#1595 = CARTESIAN_POINT('',(-2.,-2.5,0.625));
#1596 = LINE('',#1597,#1598);
#1597 = CARTESIAN_POINT('',(-2.,-2.5,0.625));
#1598 = VECTOR('',#1599,1.);
#1599 = DIRECTION('',(-0.707106781187,0.707106781187,0.));
#1600 = ORIENTED_EDGE('',*,*,#1601,.F.);
#1601 = EDGE_CURVE('',#504,#1594,#1602,.T.);
#1602 = B_SPLINE_CURVE_WITH_KNOTS('',1,(#1603,#1604),.UNSPECIFIED.,.F.,
  .F.,(2,2),(0.,1.),.PIECEWISE_BEZIER_KNOTS.);
#1603 = CARTESIAN_POINT('',(-2.,-2.5,0.475));
#1604 = CARTESIAN_POINT('',(-2.,-2.5,0.625));
#1605 = PLANE('',#1606);
#1606 = AXIS2_PLACEMENT_3D('',#1607,#1608,#1609);
#1607 = CARTESIAN_POINT('',(-2.,-2.5,0.625));
#1608 = DIRECTION('',(0.707106781187,0.707106781187,0.));
#1609 = DIRECTION('',(-0.707106781187,0.707106781187,0.));
#1610 = ADVANCED_FACE('',(#1611),#1628,.F.);
#1611 = FACE_BOUND('',#1612,.F.);
#1612 = EDGE_LOOP('',(#1613,#1614,#1621,#1627));
#1613 = ORIENTED_EDGE('',*,*,#532,.T.);
#1614 = ORIENTED_EDGE('',*,*,#1615,.T.);
#1615 = EDGE_CURVE('',#526,#1616,#1618,.T.);
#1616 = VERTEX_POINT('',#1617);
#1617 = CARTESIAN_POINT('',(2.,-2.5,0.625));
#1618 = B_SPLINE_CURVE_WITH_KNOTS('',1,(#1619,#1620),.UNSPECIFIED.,.F.,
  .F.,(2,2),(0.,1.),.PIECEWISE_BEZIER_KNOTS.);
#1619 = CARTESIAN_POINT('',(2.,-2.5,0.475));
#1620 = CARTESIAN_POINT('',(2.,-2.5,0.625));
#1621 = ORIENTED_EDGE('',*,*,#1622,.F.);
#1622 = EDGE_CURVE('',#1571,#1616,#1623,.T.);
#1623 = LINE('',#1624,#1625);
#1624 = CARTESIAN_POINT('',(2.2,-2.3,0.625));
#1625 = VECTOR('',#1626,1.);
#1626 = DIRECTION('',(-0.707106781187,-0.707106781187,0.));
#1627 = ORIENTED_EDGE('',*,*,#1570,.F.);
#1628 = PLANE('',#1629);
#1629 = AXIS2_PLACEMENT_3D('',#1630,#1631,#1632);
#1630 = CARTESIAN_POINT('',(2.2,-2.3,0.625));
#1631 = DIRECTION('',(-0.707106781187,0.707106781187,0.));
#1632 = DIRECTION('',(-0.707106781187,-0.707106781187,0.));
#1633 = ADVANCED_FACE('',(#1634),#1645,.F.);
#1634 = FACE_BOUND('',#1635,.F.);
#1635 = EDGE_LOOP('',(#1636,#1637,#1638,#1644));
#1636 = ORIENTED_EDGE('',*,*,#549,.T.);
#1637 = ORIENTED_EDGE('',*,*,#1601,.T.);
#1638 = ORIENTED_EDGE('',*,*,#1639,.F.);
#1639 = EDGE_CURVE('',#1616,#1594,#1640,.T.);
#1640 = LINE('',#1641,#1642);
#1641 = CARTESIAN_POINT('',(2.,-2.5,0.625));
#1642 = VECTOR('',#1643,1.);
#1643 = DIRECTION('',(-1.,-1.110223024625E-16,0.));
#1644 = ORIENTED_EDGE('',*,*,#1615,.F.);
#1645 = PLANE('',#1646);
#1646 = AXIS2_PLACEMENT_3D('',#1647,#1648,#1649);
#1647 = CARTESIAN_POINT('',(2.,-2.5,0.625));
#1648 = DIRECTION('',(-1.110223024625E-16,1.,0.));
#1649 = DIRECTION('',(-1.,-1.110223024625E-16,0.));
#1650 = ADVANCED_FACE('',(#1651),#1690,.F.);
#1651 = FACE_BOUND('',#1652,.F.);
#1652 = EDGE_LOOP('',(#1653,#1661,#1669,#1675,#1676,#1684));
#1653 = ORIENTED_EDGE('',*,*,#1654,.F.);
#1654 = EDGE_CURVE('',#1655,#1072,#1657,.T.);
#1655 = VERTEX_POINT('',#1656);
#1656 = CARTESIAN_POINT('',(-2.4,1.82,0.625));
#1657 = LINE('',#1658,#1659);
#1658 = CARTESIAN_POINT('',(-2.4,1.82,0.625));
#1659 = VECTOR('',#1660,1.);
#1660 = DIRECTION('',(1.,-1.144237745222E-17,0.));
#1661 = ORIENTED_EDGE('',*,*,#1662,.T.);
#1662 = EDGE_CURVE('',#1655,#1663,#1665,.T.);
#1663 = VERTEX_POINT('',#1664);
#1664 = CARTESIAN_POINT('',(-2.4,2.08,0.625));
#1665 = LINE('',#1666,#1667);
#1666 = CARTESIAN_POINT('',(-2.4,1.82,0.625));
#1667 = VECTOR('',#1668,1.);
#1668 = DIRECTION('',(1.144237745222E-17,1.,0.));
#1669 = ORIENTED_EDGE('',*,*,#1670,.T.);
#1670 = EDGE_CURVE('',#1663,#654,#1671,.T.);
#1671 = LINE('',#1672,#1673);
#1672 = CARTESIAN_POINT('',(-2.4,2.08,0.625));
#1673 = VECTOR('',#1674,1.);
#1674 = DIRECTION('',(1.,-1.144237745222E-17,0.));
#1675 = ORIENTED_EDGE('',*,*,#653,.T.);
#1676 = ORIENTED_EDGE('',*,*,#1677,.F.);
#1677 = EDGE_CURVE('',#1678,#646,#1680,.T.);
#1678 = VERTEX_POINT('',#1679);
#1679 = CARTESIAN_POINT('',(-2.15,1.82,0.625));
#1680 = LINE('',#1681,#1682);
#1681 = CARTESIAN_POINT('',(-2.15,-2.275,0.625));
#1682 = VECTOR('',#1683,1.);
#1683 = DIRECTION('',(-1.110223024625E-16,1.,0.));
#1684 = ORIENTED_EDGE('',*,*,#1685,.F.);
#1685 = EDGE_CURVE('',#1072,#1678,#1686,.T.);
#1686 = LINE('',#1687,#1688);
#1687 = CARTESIAN_POINT('',(-2.4,1.82,0.625));
#1688 = VECTOR('',#1689,1.);
#1689 = DIRECTION('',(1.,-1.144237745222E-17,0.));
#1690 = PLANE('',#1691);
#1691 = AXIS2_PLACEMENT_3D('',#1692,#1693,#1694);
#1692 = CARTESIAN_POINT('',(-2.4,1.82,0.625));
#1693 = DIRECTION('',(0.,0.,-1.));
#1694 = DIRECTION('',(1.,-1.144237745222E-17,0.));
#1695 = ADVANCED_FACE('',(#1696),#1824,.F.);
#1696 = FACE_BOUND('',#1697,.F.);
#1697 = EDGE_LOOP('',(#1698,#1708,#1716,#1724,#1732,#1740,#1748,#1756,
    #1764,#1772,#1780,#1788,#1796,#1802,#1803,#1804,#1811,#1819));
#1698 = ORIENTED_EDGE('',*,*,#1699,.T.);
#1699 = EDGE_CURVE('',#1700,#1702,#1704,.T.);
#1700 = VERTEX_POINT('',#1701);
#1701 = CARTESIAN_POINT('',(-2.15,-2.275,0.625));
#1702 = VERTEX_POINT('',#1703);
#1703 = CARTESIAN_POINT('',(-2.15,-2.08,0.625));
#1704 = LINE('',#1705,#1706);
#1705 = CARTESIAN_POINT('',(-2.15,-2.275,0.625));
#1706 = VECTOR('',#1707,1.);
#1707 = DIRECTION('',(-1.110223024625E-16,1.,0.));
#1708 = ORIENTED_EDGE('',*,*,#1709,.T.);
#1709 = EDGE_CURVE('',#1702,#1710,#1712,.T.);
#1710 = VERTEX_POINT('',#1711);
#1711 = CARTESIAN_POINT('',(-2.15,-1.82,0.625));
#1712 = LINE('',#1713,#1714);
#1713 = CARTESIAN_POINT('',(-2.15,-2.275,0.625));
#1714 = VECTOR('',#1715,1.);
#1715 = DIRECTION('',(-1.110223024625E-16,1.,0.));
#1716 = ORIENTED_EDGE('',*,*,#1717,.T.);
#1717 = EDGE_CURVE('',#1710,#1718,#1720,.T.);
#1718 = VERTEX_POINT('',#1719);
#1719 = CARTESIAN_POINT('',(-2.15,-1.43,0.625));
#1720 = LINE('',#1721,#1722);
#1721 = CARTESIAN_POINT('',(-2.15,-2.275,0.625));
#1722 = VECTOR('',#1723,1.);
#1723 = DIRECTION('',(-1.110223024625E-16,1.,0.));
#1724 = ORIENTED_EDGE('',*,*,#1725,.T.);
#1725 = EDGE_CURVE('',#1718,#1726,#1728,.T.);
#1726 = VERTEX_POINT('',#1727);
#1727 = CARTESIAN_POINT('',(-2.15,-1.17,0.625));
#1728 = LINE('',#1729,#1730);
#1729 = CARTESIAN_POINT('',(-2.15,-2.275,0.625));
#1730 = VECTOR('',#1731,1.);
#1731 = DIRECTION('',(-1.110223024625E-16,1.,0.));
#1732 = ORIENTED_EDGE('',*,*,#1733,.T.);
#1733 = EDGE_CURVE('',#1726,#1734,#1736,.T.);
#1734 = VERTEX_POINT('',#1735);
#1735 = CARTESIAN_POINT('',(-2.15,-0.78,0.625));
#1736 = LINE('',#1737,#1738);
#1737 = CARTESIAN_POINT('',(-2.15,-2.275,0.625));
#1738 = VECTOR('',#1739,1.);
#1739 = DIRECTION('',(-1.110223024625E-16,1.,0.));
#1740 = ORIENTED_EDGE('',*,*,#1741,.T.);
#1741 = EDGE_CURVE('',#1734,#1742,#1744,.T.);
#1742 = VERTEX_POINT('',#1743);
#1743 = CARTESIAN_POINT('',(-2.15,-0.52,0.625));
#1744 = LINE('',#1745,#1746);
#1745 = CARTESIAN_POINT('',(-2.15,-2.275,0.625));
#1746 = VECTOR('',#1747,1.);
#1747 = DIRECTION('',(-1.110223024625E-16,1.,0.));
#1748 = ORIENTED_EDGE('',*,*,#1749,.T.);
#1749 = EDGE_CURVE('',#1742,#1750,#1752,.T.);
#1750 = VERTEX_POINT('',#1751);
#1751 = CARTESIAN_POINT('',(-2.15,-0.13,0.625));
#1752 = LINE('',#1753,#1754);
#1753 = CARTESIAN_POINT('',(-2.15,-2.275,0.625));
#1754 = VECTOR('',#1755,1.);
#1755 = DIRECTION('',(-1.110223024625E-16,1.,0.));
#1756 = ORIENTED_EDGE('',*,*,#1757,.T.);
#1757 = EDGE_CURVE('',#1750,#1758,#1760,.T.);
#1758 = VERTEX_POINT('',#1759);
#1759 = CARTESIAN_POINT('',(-2.15,0.13,0.625));
#1760 = LINE('',#1761,#1762);
#1761 = CARTESIAN_POINT('',(-2.15,-2.275,0.625));
#1762 = VECTOR('',#1763,1.);
#1763 = DIRECTION('',(-1.110223024625E-16,1.,0.));
#1764 = ORIENTED_EDGE('',*,*,#1765,.T.);
#1765 = EDGE_CURVE('',#1758,#1766,#1768,.T.);
#1766 = VERTEX_POINT('',#1767);
#1767 = CARTESIAN_POINT('',(-2.15,0.52,0.625));
#1768 = LINE('',#1769,#1770);
#1769 = CARTESIAN_POINT('',(-2.15,-2.275,0.625));
#1770 = VECTOR('',#1771,1.);
#1771 = DIRECTION('',(-1.110223024625E-16,1.,0.));
#1772 = ORIENTED_EDGE('',*,*,#1773,.T.);
#1773 = EDGE_CURVE('',#1766,#1774,#1776,.T.);
#1774 = VERTEX_POINT('',#1775);
#1775 = CARTESIAN_POINT('',(-2.15,0.78,0.625));
#1776 = LINE('',#1777,#1778);
#1777 = CARTESIAN_POINT('',(-2.15,-2.275,0.625));
#1778 = VECTOR('',#1779,1.);
#1779 = DIRECTION('',(-1.110223024625E-16,1.,0.));
#1780 = ORIENTED_EDGE('',*,*,#1781,.T.);
#1781 = EDGE_CURVE('',#1774,#1782,#1784,.T.);
#1782 = VERTEX_POINT('',#1783);
#1783 = CARTESIAN_POINT('',(-2.15,1.17,0.625));
#1784 = LINE('',#1785,#1786);
#1785 = CARTESIAN_POINT('',(-2.15,-2.275,0.625));
#1786 = VECTOR('',#1787,1.);
#1787 = DIRECTION('',(-1.110223024625E-16,1.,0.));
#1788 = ORIENTED_EDGE('',*,*,#1789,.T.);
#1789 = EDGE_CURVE('',#1782,#1790,#1792,.T.);
#1790 = VERTEX_POINT('',#1791);
#1791 = CARTESIAN_POINT('',(-2.15,1.43,0.625));
#1792 = LINE('',#1793,#1794);
#1793 = CARTESIAN_POINT('',(-2.15,-2.275,0.625));
#1794 = VECTOR('',#1795,1.);
#1795 = DIRECTION('',(-1.110223024625E-16,1.,0.));
#1796 = ORIENTED_EDGE('',*,*,#1797,.T.);
#1797 = EDGE_CURVE('',#1790,#1678,#1798,.T.);
#1798 = LINE('',#1799,#1800);
#1799 = CARTESIAN_POINT('',(-2.15,-2.275,0.625));
#1800 = VECTOR('',#1801,1.);
#1801 = DIRECTION('',(-1.110223024625E-16,1.,0.));
#1802 = ORIENTED_EDGE('',*,*,#1677,.T.);
#1803 = ORIENTED_EDGE('',*,*,#645,.T.);
#1804 = ORIENTED_EDGE('',*,*,#1805,.T.);
#1805 = EDGE_CURVE('',#638,#1806,#1808,.T.);
#1806 = VERTEX_POINT('',#1807);
#1807 = CARTESIAN_POINT('',(-2.070291289374,2.235145644687,1.));
#1808 = B_SPLINE_CURVE_WITH_KNOTS('',1,(#1809,#1810),.UNSPECIFIED.,.F.,
  .F.,(2,2),(0.,1.),.PIECEWISE_BEZIER_KNOTS.);
#1809 = CARTESIAN_POINT('',(-2.15,2.275,0.625));
#1810 = CARTESIAN_POINT('',(-2.070291289374,2.235145644687,1.));
#1811 = ORIENTED_EDGE('',*,*,#1812,.F.);
#1812 = EDGE_CURVE('',#1813,#1806,#1815,.T.);
#1813 = VERTEX_POINT('',#1814);
#1814 = CARTESIAN_POINT('',(-2.070291289374,-2.235145644687,1.));
#1815 = LINE('',#1816,#1817);
#1816 = CARTESIAN_POINT('',(-2.070291289374,-2.235145644687,1.));
#1817 = VECTOR('',#1818,1.);
#1818 = DIRECTION('',(-1.110223024625E-16,1.,0.));
#1819 = ORIENTED_EDGE('',*,*,#1820,.F.);
#1820 = EDGE_CURVE('',#1700,#1813,#1821,.T.);
#1821 = B_SPLINE_CURVE_WITH_KNOTS('',1,(#1822,#1823),.UNSPECIFIED.,.F.,
  .F.,(2,2),(0.,1.),.PIECEWISE_BEZIER_KNOTS.);
#1822 = CARTESIAN_POINT('',(-2.15,-2.275,0.625));
#1823 = CARTESIAN_POINT('',(-2.070291289374,-2.235145644687,1.));
#1824 = B_SPLINE_SURFACE_WITH_KNOTS('',1,1,(
    (#1825,#1826)
    ,(#1827,#1828
    )),.UNSPECIFIED.,.F.,.F.,.F.,(2,2),(2,2),(0.,4.55),(0.,1.),
  .PIECEWISE_BEZIER_KNOTS.);
#1825 = CARTESIAN_POINT('',(-2.15,-2.275,0.625));
#1826 = CARTESIAN_POINT('',(-2.070291289374,-2.235145644687,1.));
#1827 = CARTESIAN_POINT('',(-2.15,2.275,0.625));
#1828 = CARTESIAN_POINT('',(-2.070291289374,2.235145644687,1.));
#1829 = ADVANCED_FACE('',(#1830),#1847,.F.);
#1830 = FACE_BOUND('',#1831,.F.);
#1831 = EDGE_LOOP('',(#1832,#1833,#1840,#1846));
#1832 = ORIENTED_EDGE('',*,*,#637,.T.);
#1833 = ORIENTED_EDGE('',*,*,#1834,.T.);
#1834 = EDGE_CURVE('',#630,#1835,#1837,.T.);
#1835 = VERTEX_POINT('',#1836);
#1836 = CARTESIAN_POINT('',(-1.935145644687,2.370291289374,1.));
#1837 = B_SPLINE_CURVE_WITH_KNOTS('',1,(#1838,#1839),.UNSPECIFIED.,.F.,
  .F.,(2,2),(0.,1.),.PIECEWISE_BEZIER_KNOTS.);
#1838 = CARTESIAN_POINT('',(-1.975,2.45,0.625));
#1839 = CARTESIAN_POINT('',(-1.935145644687,2.370291289374,1.));
#1840 = ORIENTED_EDGE('',*,*,#1841,.F.);
#1841 = EDGE_CURVE('',#1806,#1835,#1842,.T.);
#1842 = LINE('',#1843,#1844);
#1843 = CARTESIAN_POINT('',(-2.070291289374,2.235145644687,1.));
#1844 = VECTOR('',#1845,1.);
#1845 = DIRECTION('',(0.707106781187,0.707106781187,0.));
#1846 = ORIENTED_EDGE('',*,*,#1805,.F.);
#1847 = B_SPLINE_SURFACE_WITH_KNOTS('',1,1,(
    (#1848,#1849)
    ,(#1850,#1851
    )),.UNSPECIFIED.,.F.,.F.,.F.,(2,2),(2,2),(0.,0.247487373415),(0.,1.)
  ,.PIECEWISE_BEZIER_KNOTS.);
#1848 = CARTESIAN_POINT('',(-2.15,2.275,0.625));
#1849 = CARTESIAN_POINT('',(-2.070291289374,2.235145644687,1.));
#1850 = CARTESIAN_POINT('',(-1.975,2.45,0.625));
#1851 = CARTESIAN_POINT('',(-1.935145644687,2.370291289374,1.));
#1852 = ADVANCED_FACE('',(#1853),#1870,.F.);
#1853 = FACE_BOUND('',#1854,.F.);
#1854 = EDGE_LOOP('',(#1855,#1856,#1863,#1869));
#1855 = ORIENTED_EDGE('',*,*,#629,.T.);
#1856 = ORIENTED_EDGE('',*,*,#1857,.T.);
#1857 = EDGE_CURVE('',#622,#1858,#1860,.T.);
#1858 = VERTEX_POINT('',#1859);
#1859 = CARTESIAN_POINT('',(1.935145644687,2.370291289374,1.));
#1860 = B_SPLINE_CURVE_WITH_KNOTS('',1,(#1861,#1862),.UNSPECIFIED.,.F.,
  .F.,(2,2),(0.,1.),.PIECEWISE_BEZIER_KNOTS.);
#1861 = CARTESIAN_POINT('',(1.975,2.45,0.625));
#1862 = CARTESIAN_POINT('',(1.935145644687,2.370291289374,1.));
#1863 = ORIENTED_EDGE('',*,*,#1864,.F.);
#1864 = EDGE_CURVE('',#1835,#1858,#1865,.T.);
#1865 = LINE('',#1866,#1867);
#1866 = CARTESIAN_POINT('',(-1.935145644687,2.370291289374,1.));
#1867 = VECTOR('',#1868,1.);
#1868 = DIRECTION('',(1.,1.110223024625E-16,0.));
#1869 = ORIENTED_EDGE('',*,*,#1834,.F.);
#1870 = B_SPLINE_SURFACE_WITH_KNOTS('',1,1,(
    (#1871,#1872)
    ,(#1873,#1874
    )),.UNSPECIFIED.,.F.,.F.,.F.,(2,2),(2,2),(0.,3.95),(0.,1.),
  .PIECEWISE_BEZIER_KNOTS.);
#1871 = CARTESIAN_POINT('',(-1.975,2.45,0.625));
#1872 = CARTESIAN_POINT('',(-1.935145644687,2.370291289374,1.));
#1873 = CARTESIAN_POINT('',(1.975,2.45,0.625));
#1874 = CARTESIAN_POINT('',(1.935145644687,2.370291289374,1.));
#1875 = ADVANCED_FACE('',(#1876),#1893,.F.);
#1876 = FACE_BOUND('',#1877,.F.);
#1877 = EDGE_LOOP('',(#1878,#1879,#1886,#1892));
#1878 = ORIENTED_EDGE('',*,*,#621,.T.);
#1879 = ORIENTED_EDGE('',*,*,#1880,.T.);
#1880 = EDGE_CURVE('',#614,#1881,#1883,.T.);
#1881 = VERTEX_POINT('',#1882);
#1882 = CARTESIAN_POINT('',(2.070291289374,2.235145644687,1.));
#1883 = B_SPLINE_CURVE_WITH_KNOTS('',1,(#1884,#1885),.UNSPECIFIED.,.F.,
  .F.,(2,2),(0.,1.),.PIECEWISE_BEZIER_KNOTS.);
#1884 = CARTESIAN_POINT('',(2.15,2.275,0.625));
#1885 = CARTESIAN_POINT('',(2.070291289374,2.235145644687,1.));
#1886 = ORIENTED_EDGE('',*,*,#1887,.F.);
#1887 = EDGE_CURVE('',#1858,#1881,#1888,.T.);
#1888 = LINE('',#1889,#1890);
#1889 = CARTESIAN_POINT('',(1.935145644687,2.370291289374,1.));
#1890 = VECTOR('',#1891,1.);
#1891 = DIRECTION('',(0.707106781187,-0.707106781187,0.));
#1892 = ORIENTED_EDGE('',*,*,#1857,.F.);
#1893 = B_SPLINE_SURFACE_WITH_KNOTS('',1,1,(
    (#1894,#1895)
    ,(#1896,#1897
    )),.UNSPECIFIED.,.F.,.F.,.F.,(2,2),(2,2),(0.,0.247487373415),(0.,1.)
  ,.PIECEWISE_BEZIER_KNOTS.);
#1894 = CARTESIAN_POINT('',(1.975,2.45,0.625));
#1895 = CARTESIAN_POINT('',(1.935145644687,2.370291289374,1.));
#1896 = CARTESIAN_POINT('',(2.15,2.275,0.625));
#1897 = CARTESIAN_POINT('',(2.070291289374,2.235145644687,1.));
#1898 = ADVANCED_FACE('',(#1899),#2028,.F.);
#1899 = FACE_BOUND('',#1900,.F.);
#1900 = EDGE_LOOP('',(#1901,#1902,#1910,#1918,#1926,#1934,#1942,#1950,
    #1958,#1966,#1974,#1982,#1990,#1998,#2006,#2014,#2021,#2027));
#1901 = ORIENTED_EDGE('',*,*,#613,.T.);
#1902 = ORIENTED_EDGE('',*,*,#1903,.T.);
#1903 = EDGE_CURVE('',#606,#1904,#1906,.T.);
#1904 = VERTEX_POINT('',#1905);
#1905 = CARTESIAN_POINT('',(2.15,1.82,0.625));
#1906 = LINE('',#1907,#1908);
#1907 = CARTESIAN_POINT('',(2.15,2.275,0.625));
#1908 = VECTOR('',#1909,1.);
#1909 = DIRECTION('',(1.110223024625E-16,-1.,0.));
#1910 = ORIENTED_EDGE('',*,*,#1911,.T.);
#1911 = EDGE_CURVE('',#1904,#1912,#1914,.T.);
#1912 = VERTEX_POINT('',#1913);
#1913 = CARTESIAN_POINT('',(2.15,1.43,0.625));
#1914 = LINE('',#1915,#1916);
#1915 = CARTESIAN_POINT('',(2.15,2.275,0.625));
#1916 = VECTOR('',#1917,1.);
#1917 = DIRECTION('',(1.110223024625E-16,-1.,0.));
#1918 = ORIENTED_EDGE('',*,*,#1919,.T.);
#1919 = EDGE_CURVE('',#1912,#1920,#1922,.T.);
#1920 = VERTEX_POINT('',#1921);
#1921 = CARTESIAN_POINT('',(2.15,1.17,0.625));
#1922 = LINE('',#1923,#1924);
#1923 = CARTESIAN_POINT('',(2.15,2.275,0.625));
#1924 = VECTOR('',#1925,1.);
#1925 = DIRECTION('',(1.110223024625E-16,-1.,0.));
#1926 = ORIENTED_EDGE('',*,*,#1927,.T.);
#1927 = EDGE_CURVE('',#1920,#1928,#1930,.T.);
#1928 = VERTEX_POINT('',#1929);
#1929 = CARTESIAN_POINT('',(2.15,0.78,0.625));
#1930 = LINE('',#1931,#1932);
#1931 = CARTESIAN_POINT('',(2.15,2.275,0.625));
#1932 = VECTOR('',#1933,1.);
#1933 = DIRECTION('',(1.110223024625E-16,-1.,0.));
#1934 = ORIENTED_EDGE('',*,*,#1935,.T.);
#1935 = EDGE_CURVE('',#1928,#1936,#1938,.T.);
#1936 = VERTEX_POINT('',#1937);
#1937 = CARTESIAN_POINT('',(2.15,0.52,0.625));
#1938 = LINE('',#1939,#1940);
#1939 = CARTESIAN_POINT('',(2.15,2.275,0.625));
#1940 = VECTOR('',#1941,1.);
#1941 = DIRECTION('',(1.110223024625E-16,-1.,0.));
#1942 = ORIENTED_EDGE('',*,*,#1943,.T.);
#1943 = EDGE_CURVE('',#1936,#1944,#1946,.T.);
#1944 = VERTEX_POINT('',#1945);
#1945 = CARTESIAN_POINT('',(2.15,0.13,0.625));
#1946 = LINE('',#1947,#1948);
#1947 = CARTESIAN_POINT('',(2.15,2.275,0.625));
#1948 = VECTOR('',#1949,1.);
#1949 = DIRECTION('',(1.110223024625E-16,-1.,0.));
#1950 = ORIENTED_EDGE('',*,*,#1951,.T.);
#1951 = EDGE_CURVE('',#1944,#1952,#1954,.T.);
#1952 = VERTEX_POINT('',#1953);
#1953 = CARTESIAN_POINT('',(2.15,-0.13,0.625));
#1954 = LINE('',#1955,#1956);
#1955 = CARTESIAN_POINT('',(2.15,2.275,0.625));
#1956 = VECTOR('',#1957,1.);
#1957 = DIRECTION('',(1.110223024625E-16,-1.,0.));
#1958 = ORIENTED_EDGE('',*,*,#1959,.T.);
#1959 = EDGE_CURVE('',#1952,#1960,#1962,.T.);
#1960 = VERTEX_POINT('',#1961);
#1961 = CARTESIAN_POINT('',(2.15,-0.52,0.625));
#1962 = LINE('',#1963,#1964);
#1963 = CARTESIAN_POINT('',(2.15,2.275,0.625));
#1964 = VECTOR('',#1965,1.);
#1965 = DIRECTION('',(1.110223024625E-16,-1.,0.));
#1966 = ORIENTED_EDGE('',*,*,#1967,.T.);
#1967 = EDGE_CURVE('',#1960,#1968,#1970,.T.);
#1968 = VERTEX_POINT('',#1969);
#1969 = CARTESIAN_POINT('',(2.15,-0.78,0.625));
#1970 = LINE('',#1971,#1972);
#1971 = CARTESIAN_POINT('',(2.15,2.275,0.625));
#1972 = VECTOR('',#1973,1.);
#1973 = DIRECTION('',(1.110223024625E-16,-1.,0.));
#1974 = ORIENTED_EDGE('',*,*,#1975,.T.);
#1975 = EDGE_CURVE('',#1968,#1976,#1978,.T.);
#1976 = VERTEX_POINT('',#1977);
#1977 = CARTESIAN_POINT('',(2.15,-1.17,0.625));
#1978 = LINE('',#1979,#1980);
#1979 = CARTESIAN_POINT('',(2.15,2.275,0.625));
#1980 = VECTOR('',#1981,1.);
#1981 = DIRECTION('',(1.110223024625E-16,-1.,0.));
#1982 = ORIENTED_EDGE('',*,*,#1983,.T.);
#1983 = EDGE_CURVE('',#1976,#1984,#1986,.T.);
#1984 = VERTEX_POINT('',#1985);
#1985 = CARTESIAN_POINT('',(2.15,-1.43,0.625));
#1986 = LINE('',#1987,#1988);
#1987 = CARTESIAN_POINT('',(2.15,2.275,0.625));
#1988 = VECTOR('',#1989,1.);
#1989 = DIRECTION('',(1.110223024625E-16,-1.,0.));
#1990 = ORIENTED_EDGE('',*,*,#1991,.T.);
#1991 = EDGE_CURVE('',#1984,#1992,#1994,.T.);
#1992 = VERTEX_POINT('',#1993);
#1993 = CARTESIAN_POINT('',(2.15,-1.82,0.625));
#1994 = LINE('',#1995,#1996);
#1995 = CARTESIAN_POINT('',(2.15,2.275,0.625));
#1996 = VECTOR('',#1997,1.);
#1997 = DIRECTION('',(1.110223024625E-16,-1.,0.));
#1998 = ORIENTED_EDGE('',*,*,#1999,.T.);
#1999 = EDGE_CURVE('',#1992,#2000,#2002,.T.);
#2000 = VERTEX_POINT('',#2001);
#2001 = CARTESIAN_POINT('',(2.15,-2.08,0.625));
#2002 = LINE('',#2003,#2004);
#2003 = CARTESIAN_POINT('',(2.15,2.275,0.625));
#2004 = VECTOR('',#2005,1.);
#2005 = DIRECTION('',(1.110223024625E-16,-1.,0.));
#2006 = ORIENTED_EDGE('',*,*,#2007,.T.);
#2007 = EDGE_CURVE('',#2000,#2008,#2010,.T.);
#2008 = VERTEX_POINT('',#2009);
#2009 = CARTESIAN_POINT('',(2.15,-2.275,0.625));
#2010 = LINE('',#2011,#2012);
#2011 = CARTESIAN_POINT('',(2.15,2.275,0.625));
#2012 = VECTOR('',#2013,1.);
#2013 = DIRECTION('',(1.110223024625E-16,-1.,0.));
#2014 = ORIENTED_EDGE('',*,*,#2015,.T.);
#2015 = EDGE_CURVE('',#2008,#2016,#2018,.T.);
#2016 = VERTEX_POINT('',#2017);
#2017 = CARTESIAN_POINT('',(2.070291289374,-2.235145644687,1.));
#2018 = B_SPLINE_CURVE_WITH_KNOTS('',1,(#2019,#2020),.UNSPECIFIED.,.F.,
  .F.,(2,2),(0.,1.),.PIECEWISE_BEZIER_KNOTS.);
#2019 = CARTESIAN_POINT('',(2.15,-2.275,0.625));
#2020 = CARTESIAN_POINT('',(2.070291289374,-2.235145644687,1.));
#2021 = ORIENTED_EDGE('',*,*,#2022,.F.);
#2022 = EDGE_CURVE('',#1881,#2016,#2023,.T.);
#2023 = LINE('',#2024,#2025);
#2024 = CARTESIAN_POINT('',(2.070291289374,2.235145644687,1.));
#2025 = VECTOR('',#2026,1.);
#2026 = DIRECTION('',(1.110223024625E-16,-1.,0.));
#2027 = ORIENTED_EDGE('',*,*,#1880,.F.);
#2028 = B_SPLINE_SURFACE_WITH_KNOTS('',1,1,(
    (#2029,#2030)
    ,(#2031,#2032
    )),.UNSPECIFIED.,.F.,.F.,.F.,(2,2),(2,2),(0.,4.55),(0.,1.),
  .PIECEWISE_BEZIER_KNOTS.);
#2029 = CARTESIAN_POINT('',(2.15,2.275,0.625));
#2030 = CARTESIAN_POINT('',(2.070291289374,2.235145644687,1.));
#2031 = CARTESIAN_POINT('',(2.15,-2.275,0.625));
#2032 = CARTESIAN_POINT('',(2.070291289374,-2.235145644687,1.));
#2033 = ADVANCED_FACE('',(#2034),#2066,.F.);
#2034 = FACE_BOUND('',#2035,.F.);
#2035 = EDGE_LOOP('',(#2036,#2044,#2052,#2058,#2064,#2065));
#2036 = ORIENTED_EDGE('',*,*,#2037,.F.);
#2037 = EDGE_CURVE('',#2038,#598,#2040,.T.);
#2038 = VERTEX_POINT('',#2039);
#2039 = CARTESIAN_POINT('',(2.4,2.08,0.625));
#2040 = LINE('',#2041,#2042);
#2041 = CARTESIAN_POINT('',(2.4,2.08,0.625));
#2042 = VECTOR('',#2043,1.);
#2043 = DIRECTION('',(-1.,-1.110223024625E-16,0.));
#2044 = ORIENTED_EDGE('',*,*,#2045,.T.);
#2045 = EDGE_CURVE('',#2038,#2046,#2048,.T.);
#2046 = VERTEX_POINT('',#2047);
#2047 = CARTESIAN_POINT('',(2.4,1.82,0.625));
#2048 = LINE('',#2049,#2050);
#2049 = CARTESIAN_POINT('',(2.4,2.08,0.625));
#2050 = VECTOR('',#2051,1.);
#2051 = DIRECTION('',(1.110223024625E-16,-1.,0.));
#2052 = ORIENTED_EDGE('',*,*,#2053,.T.);
#2053 = EDGE_CURVE('',#2046,#1190,#2054,.T.);
#2054 = LINE('',#2055,#2056);
#2055 = CARTESIAN_POINT('',(2.4,1.82,0.625));
#2056 = VECTOR('',#2057,1.);
#2057 = DIRECTION('',(-1.,-1.110223024625E-16,0.));
#2058 = ORIENTED_EDGE('',*,*,#2059,.T.);
#2059 = EDGE_CURVE('',#1190,#1904,#2060,.T.);
#2060 = LINE('',#2061,#2062);
#2061 = CARTESIAN_POINT('',(2.4,1.82,0.625));
#2062 = VECTOR('',#2063,1.);
#2063 = DIRECTION('',(-1.,-1.110223024625E-16,0.));
#2064 = ORIENTED_EDGE('',*,*,#1903,.F.);
#2065 = ORIENTED_EDGE('',*,*,#605,.F.);
#2066 = PLANE('',#2067);
#2067 = AXIS2_PLACEMENT_3D('',#2068,#2069,#2070);
#2068 = CARTESIAN_POINT('',(2.4,2.08,0.625));
#2069 = DIRECTION('',(0.,0.,-1.));
#2070 = DIRECTION('',(-1.,-1.110223024625E-16,-0.));
#2071 = ADVANCED_FACE('',(#2072),#2115,.F.);
#2072 = FACE_BOUND('',#2073,.F.);
#2073 = EDGE_LOOP('',(#2074,#2075,#2081,#2082,#2090,#2098,#2104,#2105,
    #2111,#2112,#2113,#2114));
#2074 = ORIENTED_EDGE('',*,*,#707,.T.);
#2075 = ORIENTED_EDGE('',*,*,#2076,.T.);
#2076 = EDGE_CURVE('',#700,#1702,#2077,.T.);
#2077 = LINE('',#2078,#2079);
#2078 = CARTESIAN_POINT('',(-2.4,-2.08,0.625));
#2079 = VECTOR('',#2080,1.);
#2080 = DIRECTION('',(1.,-1.144237745222E-17,0.));
#2081 = ORIENTED_EDGE('',*,*,#1699,.F.);
#2082 = ORIENTED_EDGE('',*,*,#2083,.F.);
#2083 = EDGE_CURVE('',#2084,#1700,#2086,.T.);
#2084 = VERTEX_POINT('',#2085);
#2085 = CARTESIAN_POINT('',(-1.975,-2.45,0.625));
#2086 = LINE('',#2087,#2088);
#2087 = CARTESIAN_POINT('',(-1.975,-2.45,0.625));
#2088 = VECTOR('',#2089,1.);
#2089 = DIRECTION('',(-0.707106781187,0.707106781187,0.));
#2090 = ORIENTED_EDGE('',*,*,#2091,.F.);
#2091 = EDGE_CURVE('',#2092,#2084,#2094,.T.);
#2092 = VERTEX_POINT('',#2093);
#2093 = CARTESIAN_POINT('',(1.975,-2.45,0.625));
#2094 = LINE('',#2095,#2096);
#2095 = CARTESIAN_POINT('',(1.975,-2.45,0.625));
#2096 = VECTOR('',#2097,1.);
#2097 = DIRECTION('',(-1.,-1.110223024625E-16,0.));
#2098 = ORIENTED_EDGE('',*,*,#2099,.F.);
#2099 = EDGE_CURVE('',#2008,#2092,#2100,.T.);
#2100 = LINE('',#2101,#2102);
#2101 = CARTESIAN_POINT('',(2.15,-2.275,0.625));
#2102 = VECTOR('',#2103,1.);
#2103 = DIRECTION('',(-0.707106781187,-0.707106781187,0.));
#2104 = ORIENTED_EDGE('',*,*,#2007,.F.);
#2105 = ORIENTED_EDGE('',*,*,#2106,.F.);
#2106 = EDGE_CURVE('',#1562,#2000,#2107,.T.);
#2107 = LINE('',#2108,#2109);
#2108 = CARTESIAN_POINT('',(2.4,-2.08,0.625));
#2109 = VECTOR('',#2110,1.);
#2110 = DIRECTION('',(-1.,-1.110223024625E-16,0.));
#2111 = ORIENTED_EDGE('',*,*,#1577,.T.);
#2112 = ORIENTED_EDGE('',*,*,#1622,.T.);
#2113 = ORIENTED_EDGE('',*,*,#1639,.T.);
#2114 = ORIENTED_EDGE('',*,*,#1593,.T.);
#2115 = PLANE('',#2116);
#2116 = AXIS2_PLACEMENT_3D('',#2117,#2118,#2119);
#2117 = CARTESIAN_POINT('',(-3.188450421961E-18,2.475,0.625));
#2118 = DIRECTION('',(0.,0.,-1.));
#2119 = DIRECTION('',(1.,1.111674977262E-16,0.));
#2120 = ADVANCED_FACE('',(#2121),#2207,.F.);
#2121 = FACE_BOUND('',#2122,.F.);
#2122 = EDGE_LOOP('',(#2123,#2124,#2125,#2134,#2142,#2151,#2159,#2167,
    #2175,#2184,#2192,#2201));
#2123 = ORIENTED_EDGE('',*,*,#699,.F.);
#2124 = ORIENTED_EDGE('',*,*,#721,.T.);
#2125 = ORIENTED_EDGE('',*,*,#2126,.T.);
#2126 = EDGE_CURVE('',#722,#2127,#2129,.T.);
#2127 = VERTEX_POINT('',#2128);
#2128 = CARTESIAN_POINT('',(-2.498480775301,-2.08,0.392364817767));
#2129 = CIRCLE('',#2130,0.1);
#2130 = AXIS2_PLACEMENT_3D('',#2131,#2132,#2133);
#2131 = CARTESIAN_POINT('',(-2.4,-2.08,0.375));
#2132 = DIRECTION('',(-1.144237745222E-17,-1.,4.379057701015E-47));
#2133 = DIRECTION('',(-4.440892098501E-15,5.081436361563E-32,1.));
#2134 = ORIENTED_EDGE('',*,*,#2135,.T.);
#2135 = EDGE_CURVE('',#2127,#2136,#2138,.T.);
#2136 = VERTEX_POINT('',#2137);
#2137 = CARTESIAN_POINT('',(-2.525838934336,-2.08,0.206587955583));
#2138 = LINE('',#2139,#2140);
#2139 = CARTESIAN_POINT('',(-2.498480775301,-2.08,0.392364817767));
#2140 = VECTOR('',#2141,1.);
#2141 = DIRECTION('',(-0.145692235845,1.667065554401E-18,-0.989329961345
    ));
#2142 = ORIENTED_EDGE('',*,*,#2143,.T.);
#2143 = EDGE_CURVE('',#2136,#2144,#2146,.T.);
#2144 = VERTEX_POINT('',#2145);
#2145 = CARTESIAN_POINT('',(-2.772040872589,-2.08,-5.551115123126E-17));
#2146 = CIRCLE('',#2147,0.25);
#2147 = AXIS2_PLACEMENT_3D('',#2148,#2149,#2150);
#2148 = CARTESIAN_POINT('',(-2.772040872589,-2.08,0.25));
#2149 = DIRECTION('',(1.144237745222E-17,1.,3.08148791102E-33));
#2150 = DIRECTION('',(0.984807753012,-1.126854202784E-17,-0.173648177667
    ));
#2151 = ORIENTED_EDGE('',*,*,#2152,.T.);
#2152 = EDGE_CURVE('',#2144,#2153,#2155,.T.);
#2153 = VERTEX_POINT('',#2154);
#2154 = CARTESIAN_POINT('',(-3.2,-2.08,-5.551115123126E-17));
#2155 = LINE('',#2156,#2157);
#2156 = CARTESIAN_POINT('',(-2.772040872589,-2.08,-5.551115123126E-17));
#2157 = VECTOR('',#2158,1.);
#2158 = DIRECTION('',(-1.,1.144237745222E-17,0.));
#2159 = ORIENTED_EDGE('',*,*,#2160,.T.);
#2160 = EDGE_CURVE('',#2153,#2161,#2163,.T.);
#2161 = VERTEX_POINT('',#2162);
#2162 = CARTESIAN_POINT('',(-3.2,-2.08,0.15));
#2163 = LINE('',#2164,#2165);
#2164 = CARTESIAN_POINT('',(-3.2,-2.08,-5.551115123126E-17));
#2165 = VECTOR('',#2166,1.);
#2166 = DIRECTION('',(0.,0.,1.));
#2167 = ORIENTED_EDGE('',*,*,#2168,.T.);
#2168 = EDGE_CURVE('',#2161,#2169,#2171,.T.);
#2169 = VERTEX_POINT('',#2170);
#2170 = CARTESIAN_POINT('',(-2.772040872589,-2.08,0.15));
#2171 = LINE('',#2172,#2173);
#2172 = CARTESIAN_POINT('',(-3.2,-2.08,0.15));
#2173 = VECTOR('',#2174,1.);
#2174 = DIRECTION('',(1.,-1.144237745222E-17,0.));
#2175 = ORIENTED_EDGE('',*,*,#2176,.T.);
#2176 = EDGE_CURVE('',#2169,#2177,#2179,.T.);
#2177 = VERTEX_POINT('',#2178);
#2178 = CARTESIAN_POINT('',(-2.673560097287,-2.08,0.232635182233));
#2179 = CIRCLE('',#2180,0.1);
#2180 = AXIS2_PLACEMENT_3D('',#2181,#2182,#2183);
#2181 = CARTESIAN_POINT('',(-2.772040872589,-2.08,0.25));
#2182 = DIRECTION('',(-1.144237745222E-17,-1.,-0.));
#2183 = DIRECTION('',(0.,0.,-1.));
#2184 = ORIENTED_EDGE('',*,*,#2185,.T.);
#2185 = EDGE_CURVE('',#2177,#2186,#2188,.T.);
#2186 = VERTEX_POINT('',#2187);
#2187 = CARTESIAN_POINT('',(-2.646201938253,-2.08,0.418412044417));
#2188 = LINE('',#2189,#2190);
#2189 = CARTESIAN_POINT('',(-2.673560097287,-2.08,0.232635182233));
#2190 = VECTOR('',#2191,1.);
#2191 = DIRECTION('',(0.145692235845,-1.667065554401E-18,0.989329961345)
  );
#2192 = ORIENTED_EDGE('',*,*,#2193,.T.);
#2193 = EDGE_CURVE('',#2186,#2194,#2196,.T.);
#2194 = VERTEX_POINT('',#2195);
#2195 = CARTESIAN_POINT('',(-2.4,-2.08,0.625));
#2196 = CIRCLE('',#2197,0.25);
#2197 = AXIS2_PLACEMENT_3D('',#2198,#2199,#2200);
#2198 = CARTESIAN_POINT('',(-2.4,-2.08,0.375));
#2199 = DIRECTION('',(1.144237745222E-17,1.,-3.851859888774E-34));
#2200 = DIRECTION('',(-0.984807753012,1.126854202784E-17,0.173648177667)
  );
#2201 = ORIENTED_EDGE('',*,*,#2202,.T.);
#2202 = EDGE_CURVE('',#2194,#700,#2203,.T.);
#2203 = LINE('',#2204,#2205);
#2204 = CARTESIAN_POINT('',(-2.4,-2.08,0.625));
#2205 = VECTOR('',#2206,1.);
#2206 = DIRECTION('',(1.,-1.144237745222E-17,0.));
#2207 = PLANE('',#2208);
#2208 = AXIS2_PLACEMENT_3D('',#2209,#2210,#2211);
#2209 = CARTESIAN_POINT('',(-2.637615762047,-2.08,0.292893776214));
#2210 = DIRECTION('',(1.144237745222E-17,1.,0.));
#2211 = DIRECTION('',(0.,-0.,1.));
#2212 = ADVANCED_FACE('',(#2213),#2232,.F.);
#2213 = FACE_BOUND('',#2214,.F.);
#2214 = EDGE_LOOP('',(#2215,#2216,#2225,#2231));
#2215 = ORIENTED_EDGE('',*,*,#738,.T.);
#2216 = ORIENTED_EDGE('',*,*,#2217,.T.);
#2217 = EDGE_CURVE('',#731,#2218,#2220,.T.);
#2218 = VERTEX_POINT('',#2219);
#2219 = CARTESIAN_POINT('',(-2.498480775301,-1.82,0.392364817767));
#2220 = CIRCLE('',#2221,0.1);
#2221 = AXIS2_PLACEMENT_3D('',#2222,#2223,#2224);
#2222 = CARTESIAN_POINT('',(-2.4,-1.82,0.375));
#2223 = DIRECTION('',(-1.144237745222E-17,-1.,4.379057701015E-47));
#2224 = DIRECTION('',(-4.440892098501E-15,5.081436361563E-32,1.));
#2225 = ORIENTED_EDGE('',*,*,#2226,.F.);
#2226 = EDGE_CURVE('',#2127,#2218,#2227,.T.);
#2227 = LINE('',#2228,#2229);
#2228 = CARTESIAN_POINT('',(-2.498480775301,-2.08,0.392364817767));
#2229 = VECTOR('',#2230,1.);
#2230 = DIRECTION('',(1.144237745222E-17,1.,0.));
#2231 = ORIENTED_EDGE('',*,*,#2126,.F.);
#2232 = CYLINDRICAL_SURFACE('',#2233,0.1);
#2233 = AXIS2_PLACEMENT_3D('',#2234,#2235,#2236);
#2234 = CARTESIAN_POINT('',(-2.4,-2.08,0.375));
#2235 = DIRECTION('',(-1.144237745222E-17,-1.,0.));
#2236 = DIRECTION('',(-4.440892098501E-15,5.081436361563E-32,1.));
#2237 = ADVANCED_FACE('',(#2238),#2316,.T.);
#2238 = FACE_BOUND('',#2239,.T.);
#2239 = EDGE_LOOP('',(#2240,#2241,#2242,#2243,#2251,#2260,#2268,#2276,
    #2284,#2293,#2301,#2310));
#2240 = ORIENTED_EDGE('',*,*,#752,.F.);
#2241 = ORIENTED_EDGE('',*,*,#730,.T.);
#2242 = ORIENTED_EDGE('',*,*,#2217,.T.);
#2243 = ORIENTED_EDGE('',*,*,#2244,.T.);
#2244 = EDGE_CURVE('',#2218,#2245,#2247,.T.);
#2245 = VERTEX_POINT('',#2246);
#2246 = CARTESIAN_POINT('',(-2.525838934336,-1.82,0.206587955583));
#2247 = LINE('',#2248,#2249);
#2248 = CARTESIAN_POINT('',(-2.498480775301,-1.82,0.392364817767));
#2249 = VECTOR('',#2250,1.);
#2250 = DIRECTION('',(-0.145692235845,1.667065554401E-18,-0.989329961345
    ));
#2251 = ORIENTED_EDGE('',*,*,#2252,.T.);
#2252 = EDGE_CURVE('',#2245,#2253,#2255,.T.);
#2253 = VERTEX_POINT('',#2254);
#2254 = CARTESIAN_POINT('',(-2.772040872589,-1.82,-5.551115123126E-17));
#2255 = CIRCLE('',#2256,0.25);
#2256 = AXIS2_PLACEMENT_3D('',#2257,#2258,#2259);
#2257 = CARTESIAN_POINT('',(-2.772040872589,-1.82,0.25));
#2258 = DIRECTION('',(1.144237745222E-17,1.,3.08148791102E-33));
#2259 = DIRECTION('',(0.984807753012,-1.126854202784E-17,-0.173648177667
    ));
#2260 = ORIENTED_EDGE('',*,*,#2261,.T.);
#2261 = EDGE_CURVE('',#2253,#2262,#2264,.T.);
#2262 = VERTEX_POINT('',#2263);
#2263 = CARTESIAN_POINT('',(-3.2,-1.82,-5.551115123126E-17));
#2264 = LINE('',#2265,#2266);
#2265 = CARTESIAN_POINT('',(-2.772040872589,-1.82,-5.551115123126E-17));
#2266 = VECTOR('',#2267,1.);
#2267 = DIRECTION('',(-1.,1.144237745222E-17,0.));
#2268 = ORIENTED_EDGE('',*,*,#2269,.T.);
#2269 = EDGE_CURVE('',#2262,#2270,#2272,.T.);
#2270 = VERTEX_POINT('',#2271);
#2271 = CARTESIAN_POINT('',(-3.2,-1.82,0.15));
#2272 = LINE('',#2273,#2274);
#2273 = CARTESIAN_POINT('',(-3.2,-1.82,-5.551115123126E-17));
#2274 = VECTOR('',#2275,1.);
#2275 = DIRECTION('',(0.,0.,1.));
#2276 = ORIENTED_EDGE('',*,*,#2277,.T.);
#2277 = EDGE_CURVE('',#2270,#2278,#2280,.T.);
#2278 = VERTEX_POINT('',#2279);
#2279 = CARTESIAN_POINT('',(-2.772040872589,-1.82,0.15));
#2280 = LINE('',#2281,#2282);
#2281 = CARTESIAN_POINT('',(-3.2,-1.82,0.15));
#2282 = VECTOR('',#2283,1.);
#2283 = DIRECTION('',(1.,-1.144237745222E-17,0.));
#2284 = ORIENTED_EDGE('',*,*,#2285,.T.);
#2285 = EDGE_CURVE('',#2278,#2286,#2288,.T.);
#2286 = VERTEX_POINT('',#2287);
#2287 = CARTESIAN_POINT('',(-2.673560097287,-1.82,0.232635182233));
#2288 = CIRCLE('',#2289,0.1);
#2289 = AXIS2_PLACEMENT_3D('',#2290,#2291,#2292);
#2290 = CARTESIAN_POINT('',(-2.772040872589,-1.82,0.25));
#2291 = DIRECTION('',(-1.144237745222E-17,-1.,-0.));
#2292 = DIRECTION('',(0.,0.,-1.));
#2293 = ORIENTED_EDGE('',*,*,#2294,.T.);
#2294 = EDGE_CURVE('',#2286,#2295,#2297,.T.);
#2295 = VERTEX_POINT('',#2296);
#2296 = CARTESIAN_POINT('',(-2.646201938253,-1.82,0.418412044417));
#2297 = LINE('',#2298,#2299);
#2298 = CARTESIAN_POINT('',(-2.673560097287,-1.82,0.232635182233));
#2299 = VECTOR('',#2300,1.);
#2300 = DIRECTION('',(0.145692235845,-1.667065554401E-18,0.989329961345)
  );
#2301 = ORIENTED_EDGE('',*,*,#2302,.T.);
#2302 = EDGE_CURVE('',#2295,#2303,#2305,.T.);
#2303 = VERTEX_POINT('',#2304);
#2304 = CARTESIAN_POINT('',(-2.4,-1.82,0.625));
#2305 = CIRCLE('',#2306,0.25);
#2306 = AXIS2_PLACEMENT_3D('',#2307,#2308,#2309);
#2307 = CARTESIAN_POINT('',(-2.4,-1.82,0.375));
#2308 = DIRECTION('',(1.144237745222E-17,1.,-3.851859888774E-34));
#2309 = DIRECTION('',(-0.984807753012,1.126854202784E-17,0.173648177667)
  );
#2310 = ORIENTED_EDGE('',*,*,#2311,.T.);
#2311 = EDGE_CURVE('',#2303,#753,#2312,.T.);
#2312 = LINE('',#2313,#2314);
#2313 = CARTESIAN_POINT('',(-2.4,-1.82,0.625));
#2314 = VECTOR('',#2315,1.);
#2315 = DIRECTION('',(1.,-1.144237745222E-17,0.));
#2316 = PLANE('',#2317);
#2317 = AXIS2_PLACEMENT_3D('',#2318,#2319,#2320);
#2318 = CARTESIAN_POINT('',(-2.637615762047,-1.82,0.292893776214));
#2319 = DIRECTION('',(1.144237745222E-17,1.,0.));
#2320 = DIRECTION('',(0.,-0.,1.));
#2321 = ADVANCED_FACE('',(#2322),#2338,.F.);
#2322 = FACE_BOUND('',#2323,.F.);
#2323 = EDGE_LOOP('',(#2324,#2325,#2331,#2332));
#2324 = ORIENTED_EDGE('',*,*,#769,.T.);
#2325 = ORIENTED_EDGE('',*,*,#2326,.T.);
#2326 = EDGE_CURVE('',#762,#1718,#2327,.T.);
#2327 = LINE('',#2328,#2329);
#2328 = CARTESIAN_POINT('',(-2.4,-1.43,0.625));
#2329 = VECTOR('',#2330,1.);
#2330 = DIRECTION('',(1.,-1.144237745222E-17,0.));
#2331 = ORIENTED_EDGE('',*,*,#1717,.F.);
#2332 = ORIENTED_EDGE('',*,*,#2333,.F.);
#2333 = EDGE_CURVE('',#753,#1710,#2334,.T.);
#2334 = LINE('',#2335,#2336);
#2335 = CARTESIAN_POINT('',(-2.4,-1.82,0.625));
#2336 = VECTOR('',#2337,1.);
#2337 = DIRECTION('',(1.,-1.144237745222E-17,0.));
#2338 = PLANE('',#2339);
#2339 = AXIS2_PLACEMENT_3D('',#2340,#2341,#2342);
#2340 = CARTESIAN_POINT('',(-3.188450421961E-18,2.475,0.625));
#2341 = DIRECTION('',(0.,0.,-1.));
#2342 = DIRECTION('',(1.,1.111674977262E-16,0.));
#2343 = ADVANCED_FACE('',(#2344),#2430,.F.);
#2344 = FACE_BOUND('',#2345,.F.);
#2345 = EDGE_LOOP('',(#2346,#2347,#2348,#2357,#2365,#2374,#2382,#2390,
    #2398,#2407,#2415,#2424));
#2346 = ORIENTED_EDGE('',*,*,#761,.F.);
#2347 = ORIENTED_EDGE('',*,*,#783,.T.);
#2348 = ORIENTED_EDGE('',*,*,#2349,.T.);
#2349 = EDGE_CURVE('',#784,#2350,#2352,.T.);
#2350 = VERTEX_POINT('',#2351);
#2351 = CARTESIAN_POINT('',(-2.498480775301,-1.43,0.392364817767));
#2352 = CIRCLE('',#2353,0.1);
#2353 = AXIS2_PLACEMENT_3D('',#2354,#2355,#2356);
#2354 = CARTESIAN_POINT('',(-2.4,-1.43,0.375));
#2355 = DIRECTION('',(-1.144237745222E-17,-1.,4.379057701015E-47));
#2356 = DIRECTION('',(-4.440892098501E-15,5.081436361563E-32,1.));
#2357 = ORIENTED_EDGE('',*,*,#2358,.T.);
#2358 = EDGE_CURVE('',#2350,#2359,#2361,.T.);
#2359 = VERTEX_POINT('',#2360);
#2360 = CARTESIAN_POINT('',(-2.525838934336,-1.43,0.206587955583));
#2361 = LINE('',#2362,#2363);
#2362 = CARTESIAN_POINT('',(-2.498480775301,-1.43,0.392364817767));
#2363 = VECTOR('',#2364,1.);
#2364 = DIRECTION('',(-0.145692235845,1.667065554401E-18,-0.989329961345
    ));
#2365 = ORIENTED_EDGE('',*,*,#2366,.T.);
#2366 = EDGE_CURVE('',#2359,#2367,#2369,.T.);
#2367 = VERTEX_POINT('',#2368);
#2368 = CARTESIAN_POINT('',(-2.772040872589,-1.43,-5.551115123126E-17));
#2369 = CIRCLE('',#2370,0.25);
#2370 = AXIS2_PLACEMENT_3D('',#2371,#2372,#2373);
#2371 = CARTESIAN_POINT('',(-2.772040872589,-1.43,0.25));
#2372 = DIRECTION('',(1.144237745222E-17,1.,3.08148791102E-33));
#2373 = DIRECTION('',(0.984807753012,-1.126854202784E-17,-0.173648177667
    ));
#2374 = ORIENTED_EDGE('',*,*,#2375,.T.);
#2375 = EDGE_CURVE('',#2367,#2376,#2378,.T.);
#2376 = VERTEX_POINT('',#2377);
#2377 = CARTESIAN_POINT('',(-3.2,-1.43,-5.551115123126E-17));
#2378 = LINE('',#2379,#2380);
#2379 = CARTESIAN_POINT('',(-2.772040872589,-1.43,-5.551115123126E-17));
#2380 = VECTOR('',#2381,1.);
#2381 = DIRECTION('',(-1.,1.144237745222E-17,0.));
#2382 = ORIENTED_EDGE('',*,*,#2383,.T.);
#2383 = EDGE_CURVE('',#2376,#2384,#2386,.T.);
#2384 = VERTEX_POINT('',#2385);
#2385 = CARTESIAN_POINT('',(-3.2,-1.43,0.15));
#2386 = LINE('',#2387,#2388);
#2387 = CARTESIAN_POINT('',(-3.2,-1.43,-5.551115123126E-17));
#2388 = VECTOR('',#2389,1.);
#2389 = DIRECTION('',(0.,0.,1.));
#2390 = ORIENTED_EDGE('',*,*,#2391,.T.);
#2391 = EDGE_CURVE('',#2384,#2392,#2394,.T.);
#2392 = VERTEX_POINT('',#2393);
#2393 = CARTESIAN_POINT('',(-2.772040872589,-1.43,0.15));
#2394 = LINE('',#2395,#2396);
#2395 = CARTESIAN_POINT('',(-3.2,-1.43,0.15));
#2396 = VECTOR('',#2397,1.);
#2397 = DIRECTION('',(1.,-1.144237745222E-17,0.));
#2398 = ORIENTED_EDGE('',*,*,#2399,.T.);
#2399 = EDGE_CURVE('',#2392,#2400,#2402,.T.);
#2400 = VERTEX_POINT('',#2401);
#2401 = CARTESIAN_POINT('',(-2.673560097287,-1.43,0.232635182233));
#2402 = CIRCLE('',#2403,0.1);
#2403 = AXIS2_PLACEMENT_3D('',#2404,#2405,#2406);
#2404 = CARTESIAN_POINT('',(-2.772040872589,-1.43,0.25));
#2405 = DIRECTION('',(-1.144237745222E-17,-1.,-0.));
#2406 = DIRECTION('',(0.,0.,-1.));
#2407 = ORIENTED_EDGE('',*,*,#2408,.T.);
#2408 = EDGE_CURVE('',#2400,#2409,#2411,.T.);
#2409 = VERTEX_POINT('',#2410);
#2410 = CARTESIAN_POINT('',(-2.646201938253,-1.43,0.418412044417));
#2411 = LINE('',#2412,#2413);
#2412 = CARTESIAN_POINT('',(-2.673560097287,-1.43,0.232635182233));
#2413 = VECTOR('',#2414,1.);
#2414 = DIRECTION('',(0.145692235845,-1.667065554401E-18,0.989329961345)
  );
#2415 = ORIENTED_EDGE('',*,*,#2416,.T.);
#2416 = EDGE_CURVE('',#2409,#2417,#2419,.T.);
#2417 = VERTEX_POINT('',#2418);
#2418 = CARTESIAN_POINT('',(-2.4,-1.43,0.625));
#2419 = CIRCLE('',#2420,0.25);
#2420 = AXIS2_PLACEMENT_3D('',#2421,#2422,#2423);
#2421 = CARTESIAN_POINT('',(-2.4,-1.43,0.375));
#2422 = DIRECTION('',(1.144237745222E-17,1.,-3.851859888774E-34));
#2423 = DIRECTION('',(-0.984807753012,1.126854202784E-17,0.173648177667)
  );
#2424 = ORIENTED_EDGE('',*,*,#2425,.T.);
#2425 = EDGE_CURVE('',#2417,#762,#2426,.T.);
#2426 = LINE('',#2427,#2428);
#2427 = CARTESIAN_POINT('',(-2.4,-1.43,0.625));
#2428 = VECTOR('',#2429,1.);
#2429 = DIRECTION('',(1.,-1.144237745222E-17,0.));
#2430 = PLANE('',#2431);
#2431 = AXIS2_PLACEMENT_3D('',#2432,#2433,#2434);
#2432 = CARTESIAN_POINT('',(-2.637615762047,-1.43,0.292893776214));
#2433 = DIRECTION('',(1.144237745222E-17,1.,0.));
#2434 = DIRECTION('',(0.,-0.,1.));
#2435 = ADVANCED_FACE('',(#2436),#2455,.F.);
#2436 = FACE_BOUND('',#2437,.F.);
#2437 = EDGE_LOOP('',(#2438,#2439,#2448,#2454));
#2438 = ORIENTED_EDGE('',*,*,#800,.T.);
#2439 = ORIENTED_EDGE('',*,*,#2440,.T.);
#2440 = EDGE_CURVE('',#793,#2441,#2443,.T.);
#2441 = VERTEX_POINT('',#2442);
#2442 = CARTESIAN_POINT('',(-2.498480775301,-1.17,0.392364817767));
#2443 = CIRCLE('',#2444,0.1);
#2444 = AXIS2_PLACEMENT_3D('',#2445,#2446,#2447);
#2445 = CARTESIAN_POINT('',(-2.4,-1.17,0.375));
#2446 = DIRECTION('',(-1.144237745222E-17,-1.,4.379057701015E-47));
#2447 = DIRECTION('',(-4.440892098501E-15,5.081436361563E-32,1.));
#2448 = ORIENTED_EDGE('',*,*,#2449,.F.);
#2449 = EDGE_CURVE('',#2350,#2441,#2450,.T.);
#2450 = LINE('',#2451,#2452);
#2451 = CARTESIAN_POINT('',(-2.498480775301,-1.43,0.392364817767));
#2452 = VECTOR('',#2453,1.);
#2453 = DIRECTION('',(1.144237745222E-17,1.,0.));
#2454 = ORIENTED_EDGE('',*,*,#2349,.F.);
#2455 = CYLINDRICAL_SURFACE('',#2456,0.1);
#2456 = AXIS2_PLACEMENT_3D('',#2457,#2458,#2459);
#2457 = CARTESIAN_POINT('',(-2.4,-1.43,0.375));
#2458 = DIRECTION('',(-1.144237745222E-17,-1.,0.));
#2459 = DIRECTION('',(-4.440892098501E-15,5.081436361563E-32,1.));
#2460 = ADVANCED_FACE('',(#2461),#2539,.T.);
#2461 = FACE_BOUND('',#2462,.T.);
#2462 = EDGE_LOOP('',(#2463,#2464,#2465,#2466,#2474,#2483,#2491,#2499,
    #2507,#2516,#2524,#2533));
#2463 = ORIENTED_EDGE('',*,*,#814,.F.);
#2464 = ORIENTED_EDGE('',*,*,#792,.T.);
#2465 = ORIENTED_EDGE('',*,*,#2440,.T.);
#2466 = ORIENTED_EDGE('',*,*,#2467,.T.);
#2467 = EDGE_CURVE('',#2441,#2468,#2470,.T.);
#2468 = VERTEX_POINT('',#2469);
#2469 = CARTESIAN_POINT('',(-2.525838934336,-1.17,0.206587955583));
#2470 = LINE('',#2471,#2472);
#2471 = CARTESIAN_POINT('',(-2.498480775301,-1.17,0.392364817767));
#2472 = VECTOR('',#2473,1.);
#2473 = DIRECTION('',(-0.145692235845,1.667065554401E-18,-0.989329961345
    ));
#2474 = ORIENTED_EDGE('',*,*,#2475,.T.);
#2475 = EDGE_CURVE('',#2468,#2476,#2478,.T.);
#2476 = VERTEX_POINT('',#2477);
#2477 = CARTESIAN_POINT('',(-2.772040872589,-1.17,-5.551115123126E-17));
#2478 = CIRCLE('',#2479,0.25);
#2479 = AXIS2_PLACEMENT_3D('',#2480,#2481,#2482);
#2480 = CARTESIAN_POINT('',(-2.772040872589,-1.17,0.25));
#2481 = DIRECTION('',(1.144237745222E-17,1.,3.08148791102E-33));
#2482 = DIRECTION('',(0.984807753012,-1.126854202784E-17,-0.173648177667
    ));
#2483 = ORIENTED_EDGE('',*,*,#2484,.T.);
#2484 = EDGE_CURVE('',#2476,#2485,#2487,.T.);
#2485 = VERTEX_POINT('',#2486);
#2486 = CARTESIAN_POINT('',(-3.2,-1.17,-5.551115123126E-17));
#2487 = LINE('',#2488,#2489);
#2488 = CARTESIAN_POINT('',(-2.772040872589,-1.17,-5.551115123126E-17));
#2489 = VECTOR('',#2490,1.);
#2490 = DIRECTION('',(-1.,1.144237745222E-17,0.));
#2491 = ORIENTED_EDGE('',*,*,#2492,.T.);
#2492 = EDGE_CURVE('',#2485,#2493,#2495,.T.);
#2493 = VERTEX_POINT('',#2494);
#2494 = CARTESIAN_POINT('',(-3.2,-1.17,0.15));
#2495 = LINE('',#2496,#2497);
#2496 = CARTESIAN_POINT('',(-3.2,-1.17,-5.551115123126E-17));
#2497 = VECTOR('',#2498,1.);
#2498 = DIRECTION('',(0.,0.,1.));
#2499 = ORIENTED_EDGE('',*,*,#2500,.T.);
#2500 = EDGE_CURVE('',#2493,#2501,#2503,.T.);
#2501 = VERTEX_POINT('',#2502);
#2502 = CARTESIAN_POINT('',(-2.772040872589,-1.17,0.15));
#2503 = LINE('',#2504,#2505);
#2504 = CARTESIAN_POINT('',(-3.2,-1.17,0.15));
#2505 = VECTOR('',#2506,1.);
#2506 = DIRECTION('',(1.,-1.144237745222E-17,0.));
#2507 = ORIENTED_EDGE('',*,*,#2508,.T.);
#2508 = EDGE_CURVE('',#2501,#2509,#2511,.T.);
#2509 = VERTEX_POINT('',#2510);
#2510 = CARTESIAN_POINT('',(-2.673560097287,-1.17,0.232635182233));
#2511 = CIRCLE('',#2512,0.1);
#2512 = AXIS2_PLACEMENT_3D('',#2513,#2514,#2515);
#2513 = CARTESIAN_POINT('',(-2.772040872589,-1.17,0.25));
#2514 = DIRECTION('',(-1.144237745222E-17,-1.,-0.));
#2515 = DIRECTION('',(0.,0.,-1.));
#2516 = ORIENTED_EDGE('',*,*,#2517,.T.);
#2517 = EDGE_CURVE('',#2509,#2518,#2520,.T.);
#2518 = VERTEX_POINT('',#2519);
#2519 = CARTESIAN_POINT('',(-2.646201938253,-1.17,0.418412044417));
#2520 = LINE('',#2521,#2522);
#2521 = CARTESIAN_POINT('',(-2.673560097287,-1.17,0.232635182233));
#2522 = VECTOR('',#2523,1.);
#2523 = DIRECTION('',(0.145692235845,-1.667065554401E-18,0.989329961345)
  );
#2524 = ORIENTED_EDGE('',*,*,#2525,.T.);
#2525 = EDGE_CURVE('',#2518,#2526,#2528,.T.);
#2526 = VERTEX_POINT('',#2527);
#2527 = CARTESIAN_POINT('',(-2.4,-1.17,0.625));
#2528 = CIRCLE('',#2529,0.25);
#2529 = AXIS2_PLACEMENT_3D('',#2530,#2531,#2532);
#2530 = CARTESIAN_POINT('',(-2.4,-1.17,0.375));
#2531 = DIRECTION('',(1.144237745222E-17,1.,-3.851859888774E-34));
#2532 = DIRECTION('',(-0.984807753012,1.126854202784E-17,0.173648177667)
  );
#2533 = ORIENTED_EDGE('',*,*,#2534,.T.);
#2534 = EDGE_CURVE('',#2526,#815,#2535,.T.);
#2535 = LINE('',#2536,#2537);
#2536 = CARTESIAN_POINT('',(-2.4,-1.17,0.625));
#2537 = VECTOR('',#2538,1.);
#2538 = DIRECTION('',(1.,-1.144237745222E-17,0.));
#2539 = PLANE('',#2540);
#2540 = AXIS2_PLACEMENT_3D('',#2541,#2542,#2543);
#2541 = CARTESIAN_POINT('',(-2.637615762047,-1.17,0.292893776214));
#2542 = DIRECTION('',(1.144237745222E-17,1.,0.));
#2543 = DIRECTION('',(0.,-0.,1.));
#2544 = ADVANCED_FACE('',(#2545),#2561,.F.);
#2545 = FACE_BOUND('',#2546,.F.);
#2546 = EDGE_LOOP('',(#2547,#2548,#2554,#2555));
#2547 = ORIENTED_EDGE('',*,*,#831,.T.);
#2548 = ORIENTED_EDGE('',*,*,#2549,.T.);
#2549 = EDGE_CURVE('',#824,#1734,#2550,.T.);
#2550 = LINE('',#2551,#2552);
#2551 = CARTESIAN_POINT('',(-2.4,-0.78,0.625));
#2552 = VECTOR('',#2553,1.);
#2553 = DIRECTION('',(1.,-1.144237745222E-17,0.));
#2554 = ORIENTED_EDGE('',*,*,#1733,.F.);
#2555 = ORIENTED_EDGE('',*,*,#2556,.F.);
#2556 = EDGE_CURVE('',#815,#1726,#2557,.T.);
#2557 = LINE('',#2558,#2559);
#2558 = CARTESIAN_POINT('',(-2.4,-1.17,0.625));
#2559 = VECTOR('',#2560,1.);
#2560 = DIRECTION('',(1.,-1.144237745222E-17,0.));
#2561 = PLANE('',#2562);
#2562 = AXIS2_PLACEMENT_3D('',#2563,#2564,#2565);
#2563 = CARTESIAN_POINT('',(-3.188450421961E-18,2.475,0.625));
#2564 = DIRECTION('',(0.,0.,-1.));
#2565 = DIRECTION('',(1.,1.111674977262E-16,0.));
#2566 = ADVANCED_FACE('',(#2567),#2653,.F.);
#2567 = FACE_BOUND('',#2568,.F.);
#2568 = EDGE_LOOP('',(#2569,#2570,#2571,#2580,#2588,#2597,#2605,#2613,
    #2621,#2630,#2638,#2647));
#2569 = ORIENTED_EDGE('',*,*,#823,.F.);
#2570 = ORIENTED_EDGE('',*,*,#845,.T.);
#2571 = ORIENTED_EDGE('',*,*,#2572,.T.);
#2572 = EDGE_CURVE('',#846,#2573,#2575,.T.);
#2573 = VERTEX_POINT('',#2574);
#2574 = CARTESIAN_POINT('',(-2.498480775301,-0.78,0.392364817767));
#2575 = CIRCLE('',#2576,0.1);
#2576 = AXIS2_PLACEMENT_3D('',#2577,#2578,#2579);
#2577 = CARTESIAN_POINT('',(-2.4,-0.78,0.375));
#2578 = DIRECTION('',(-1.144237745222E-17,-1.,4.379057701015E-47));
#2579 = DIRECTION('',(-4.440892098501E-15,5.081436361563E-32,1.));
#2580 = ORIENTED_EDGE('',*,*,#2581,.T.);
#2581 = EDGE_CURVE('',#2573,#2582,#2584,.T.);
#2582 = VERTEX_POINT('',#2583);
#2583 = CARTESIAN_POINT('',(-2.525838934336,-0.78,0.206587955583));
#2584 = LINE('',#2585,#2586);
#2585 = CARTESIAN_POINT('',(-2.498480775301,-0.78,0.392364817767));
#2586 = VECTOR('',#2587,1.);
#2587 = DIRECTION('',(-0.145692235845,1.667065554401E-18,-0.989329961345
    ));
#2588 = ORIENTED_EDGE('',*,*,#2589,.T.);
#2589 = EDGE_CURVE('',#2582,#2590,#2592,.T.);
#2590 = VERTEX_POINT('',#2591);
#2591 = CARTESIAN_POINT('',(-2.772040872589,-0.78,-5.551115123126E-17));
#2592 = CIRCLE('',#2593,0.25);
#2593 = AXIS2_PLACEMENT_3D('',#2594,#2595,#2596);
#2594 = CARTESIAN_POINT('',(-2.772040872589,-0.78,0.25));
#2595 = DIRECTION('',(1.144237745222E-17,1.,3.08148791102E-33));
#2596 = DIRECTION('',(0.984807753012,-1.126854202784E-17,-0.173648177667
    ));
#2597 = ORIENTED_EDGE('',*,*,#2598,.T.);
#2598 = EDGE_CURVE('',#2590,#2599,#2601,.T.);
#2599 = VERTEX_POINT('',#2600);
#2600 = CARTESIAN_POINT('',(-3.2,-0.78,-5.551115123126E-17));
#2601 = LINE('',#2602,#2603);
#2602 = CARTESIAN_POINT('',(-2.772040872589,-0.78,-5.551115123126E-17));
#2603 = VECTOR('',#2604,1.);
#2604 = DIRECTION('',(-1.,1.144237745222E-17,0.));
#2605 = ORIENTED_EDGE('',*,*,#2606,.T.);
#2606 = EDGE_CURVE('',#2599,#2607,#2609,.T.);
#2607 = VERTEX_POINT('',#2608);
#2608 = CARTESIAN_POINT('',(-3.2,-0.78,0.15));
#2609 = LINE('',#2610,#2611);
#2610 = CARTESIAN_POINT('',(-3.2,-0.78,-5.551115123126E-17));
#2611 = VECTOR('',#2612,1.);
#2612 = DIRECTION('',(0.,0.,1.));
#2613 = ORIENTED_EDGE('',*,*,#2614,.T.);
#2614 = EDGE_CURVE('',#2607,#2615,#2617,.T.);
#2615 = VERTEX_POINT('',#2616);
#2616 = CARTESIAN_POINT('',(-2.772040872589,-0.78,0.15));
#2617 = LINE('',#2618,#2619);
#2618 = CARTESIAN_POINT('',(-3.2,-0.78,0.15));
#2619 = VECTOR('',#2620,1.);
#2620 = DIRECTION('',(1.,-1.144237745222E-17,0.));
#2621 = ORIENTED_EDGE('',*,*,#2622,.T.);
#2622 = EDGE_CURVE('',#2615,#2623,#2625,.T.);
#2623 = VERTEX_POINT('',#2624);
#2624 = CARTESIAN_POINT('',(-2.673560097287,-0.78,0.232635182233));
#2625 = CIRCLE('',#2626,0.1);
#2626 = AXIS2_PLACEMENT_3D('',#2627,#2628,#2629);
#2627 = CARTESIAN_POINT('',(-2.772040872589,-0.78,0.25));
#2628 = DIRECTION('',(-1.144237745222E-17,-1.,-0.));
#2629 = DIRECTION('',(0.,0.,-1.));
#2630 = ORIENTED_EDGE('',*,*,#2631,.T.);
#2631 = EDGE_CURVE('',#2623,#2632,#2634,.T.);
#2632 = VERTEX_POINT('',#2633);
#2633 = CARTESIAN_POINT('',(-2.646201938253,-0.78,0.418412044417));
#2634 = LINE('',#2635,#2636);
#2635 = CARTESIAN_POINT('',(-2.673560097287,-0.78,0.232635182233));
#2636 = VECTOR('',#2637,1.);
#2637 = DIRECTION('',(0.145692235845,-1.667065554401E-18,0.989329961345)
  );
#2638 = ORIENTED_EDGE('',*,*,#2639,.T.);
#2639 = EDGE_CURVE('',#2632,#2640,#2642,.T.);
#2640 = VERTEX_POINT('',#2641);
#2641 = CARTESIAN_POINT('',(-2.4,-0.78,0.625));
#2642 = CIRCLE('',#2643,0.25);
#2643 = AXIS2_PLACEMENT_3D('',#2644,#2645,#2646);
#2644 = CARTESIAN_POINT('',(-2.4,-0.78,0.375));
#2645 = DIRECTION('',(1.144237745222E-17,1.,-3.851859888774E-34));
#2646 = DIRECTION('',(-0.984807753012,1.126854202784E-17,0.173648177667)
  );
#2647 = ORIENTED_EDGE('',*,*,#2648,.T.);
#2648 = EDGE_CURVE('',#2640,#824,#2649,.T.);
#2649 = LINE('',#2650,#2651);
#2650 = CARTESIAN_POINT('',(-2.4,-0.78,0.625));
#2651 = VECTOR('',#2652,1.);
#2652 = DIRECTION('',(1.,-1.144237745222E-17,0.));
#2653 = PLANE('',#2654);
#2654 = AXIS2_PLACEMENT_3D('',#2655,#2656,#2657);
#2655 = CARTESIAN_POINT('',(-2.637615762047,-0.78,0.292893776214));
#2656 = DIRECTION('',(1.144237745222E-17,1.,0.));
#2657 = DIRECTION('',(0.,-0.,1.));
#2658 = ADVANCED_FACE('',(#2659),#2678,.F.);
#2659 = FACE_BOUND('',#2660,.F.);
#2660 = EDGE_LOOP('',(#2661,#2662,#2671,#2677));
#2661 = ORIENTED_EDGE('',*,*,#862,.T.);
#2662 = ORIENTED_EDGE('',*,*,#2663,.T.);
#2663 = EDGE_CURVE('',#855,#2664,#2666,.T.);
#2664 = VERTEX_POINT('',#2665);
#2665 = CARTESIAN_POINT('',(-2.498480775301,-0.52,0.392364817767));
#2666 = CIRCLE('',#2667,0.1);
#2667 = AXIS2_PLACEMENT_3D('',#2668,#2669,#2670);
#2668 = CARTESIAN_POINT('',(-2.4,-0.52,0.375));
#2669 = DIRECTION('',(-1.144237745222E-17,-1.,4.379057701015E-47));
#2670 = DIRECTION('',(-4.440892098501E-15,5.081436361563E-32,1.));
#2671 = ORIENTED_EDGE('',*,*,#2672,.F.);
#2672 = EDGE_CURVE('',#2573,#2664,#2673,.T.);
#2673 = LINE('',#2674,#2675);
#2674 = CARTESIAN_POINT('',(-2.498480775301,-0.78,0.392364817767));
#2675 = VECTOR('',#2676,1.);
#2676 = DIRECTION('',(1.144237745222E-17,1.,0.));
#2677 = ORIENTED_EDGE('',*,*,#2572,.F.);
#2678 = CYLINDRICAL_SURFACE('',#2679,0.1);
#2679 = AXIS2_PLACEMENT_3D('',#2680,#2681,#2682);
#2680 = CARTESIAN_POINT('',(-2.4,-0.78,0.375));
#2681 = DIRECTION('',(-1.144237745222E-17,-1.,0.));
#2682 = DIRECTION('',(-4.440892098501E-15,5.081436361563E-32,1.));
#2683 = ADVANCED_FACE('',(#2684),#2762,.T.);
#2684 = FACE_BOUND('',#2685,.T.);
#2685 = EDGE_LOOP('',(#2686,#2687,#2688,#2689,#2697,#2706,#2714,#2722,
    #2730,#2739,#2747,#2756));
#2686 = ORIENTED_EDGE('',*,*,#876,.F.);
#2687 = ORIENTED_EDGE('',*,*,#854,.T.);
#2688 = ORIENTED_EDGE('',*,*,#2663,.T.);
#2689 = ORIENTED_EDGE('',*,*,#2690,.T.);
#2690 = EDGE_CURVE('',#2664,#2691,#2693,.T.);
#2691 = VERTEX_POINT('',#2692);
#2692 = CARTESIAN_POINT('',(-2.525838934336,-0.52,0.206587955583));
#2693 = LINE('',#2694,#2695);
#2694 = CARTESIAN_POINT('',(-2.498480775301,-0.52,0.392364817767));
#2695 = VECTOR('',#2696,1.);
#2696 = DIRECTION('',(-0.145692235845,1.667065554401E-18,-0.989329961345
    ));
#2697 = ORIENTED_EDGE('',*,*,#2698,.T.);
#2698 = EDGE_CURVE('',#2691,#2699,#2701,.T.);
#2699 = VERTEX_POINT('',#2700);
#2700 = CARTESIAN_POINT('',(-2.772040872589,-0.52,-5.551115123126E-17));
#2701 = CIRCLE('',#2702,0.25);
#2702 = AXIS2_PLACEMENT_3D('',#2703,#2704,#2705);
#2703 = CARTESIAN_POINT('',(-2.772040872589,-0.52,0.25));
#2704 = DIRECTION('',(1.144237745222E-17,1.,3.08148791102E-33));
#2705 = DIRECTION('',(0.984807753012,-1.126854202784E-17,-0.173648177667
    ));
#2706 = ORIENTED_EDGE('',*,*,#2707,.T.);
#2707 = EDGE_CURVE('',#2699,#2708,#2710,.T.);
#2708 = VERTEX_POINT('',#2709);
#2709 = CARTESIAN_POINT('',(-3.2,-0.52,-5.551115123126E-17));
#2710 = LINE('',#2711,#2712);
#2711 = CARTESIAN_POINT('',(-2.772040872589,-0.52,-5.551115123126E-17));
#2712 = VECTOR('',#2713,1.);
#2713 = DIRECTION('',(-1.,1.144237745222E-17,0.));
#2714 = ORIENTED_EDGE('',*,*,#2715,.T.);
#2715 = EDGE_CURVE('',#2708,#2716,#2718,.T.);
#2716 = VERTEX_POINT('',#2717);
#2717 = CARTESIAN_POINT('',(-3.2,-0.52,0.15));
#2718 = LINE('',#2719,#2720);
#2719 = CARTESIAN_POINT('',(-3.2,-0.52,-5.551115123126E-17));
#2720 = VECTOR('',#2721,1.);
#2721 = DIRECTION('',(0.,0.,1.));
#2722 = ORIENTED_EDGE('',*,*,#2723,.T.);
#2723 = EDGE_CURVE('',#2716,#2724,#2726,.T.);
#2724 = VERTEX_POINT('',#2725);
#2725 = CARTESIAN_POINT('',(-2.772040872589,-0.52,0.15));
#2726 = LINE('',#2727,#2728);
#2727 = CARTESIAN_POINT('',(-3.2,-0.52,0.15));
#2728 = VECTOR('',#2729,1.);
#2729 = DIRECTION('',(1.,-1.144237745222E-17,0.));
#2730 = ORIENTED_EDGE('',*,*,#2731,.T.);
#2731 = EDGE_CURVE('',#2724,#2732,#2734,.T.);
#2732 = VERTEX_POINT('',#2733);
#2733 = CARTESIAN_POINT('',(-2.673560097287,-0.52,0.232635182233));
#2734 = CIRCLE('',#2735,0.1);
#2735 = AXIS2_PLACEMENT_3D('',#2736,#2737,#2738);
#2736 = CARTESIAN_POINT('',(-2.772040872589,-0.52,0.25));
#2737 = DIRECTION('',(-1.144237745222E-17,-1.,-0.));
#2738 = DIRECTION('',(0.,0.,-1.));
#2739 = ORIENTED_EDGE('',*,*,#2740,.T.);
#2740 = EDGE_CURVE('',#2732,#2741,#2743,.T.);
#2741 = VERTEX_POINT('',#2742);
#2742 = CARTESIAN_POINT('',(-2.646201938253,-0.52,0.418412044417));
#2743 = LINE('',#2744,#2745);
#2744 = CARTESIAN_POINT('',(-2.673560097287,-0.52,0.232635182233));
#2745 = VECTOR('',#2746,1.);
#2746 = DIRECTION('',(0.145692235845,-1.667065554401E-18,0.989329961345)
  );
#2747 = ORIENTED_EDGE('',*,*,#2748,.T.);
#2748 = EDGE_CURVE('',#2741,#2749,#2751,.T.);
#2749 = VERTEX_POINT('',#2750);
#2750 = CARTESIAN_POINT('',(-2.4,-0.52,0.625));
#2751 = CIRCLE('',#2752,0.25);
#2752 = AXIS2_PLACEMENT_3D('',#2753,#2754,#2755);
#2753 = CARTESIAN_POINT('',(-2.4,-0.52,0.375));
#2754 = DIRECTION('',(1.144237745222E-17,1.,-3.851859888774E-34));
#2755 = DIRECTION('',(-0.984807753012,1.126854202784E-17,0.173648177667)
  );
#2756 = ORIENTED_EDGE('',*,*,#2757,.T.);
#2757 = EDGE_CURVE('',#2749,#877,#2758,.T.);
#2758 = LINE('',#2759,#2760);
#2759 = CARTESIAN_POINT('',(-2.4,-0.52,0.625));
#2760 = VECTOR('',#2761,1.);
#2761 = DIRECTION('',(1.,-1.144237745222E-17,0.));
#2762 = PLANE('',#2763);
#2763 = AXIS2_PLACEMENT_3D('',#2764,#2765,#2766);
#2764 = CARTESIAN_POINT('',(-2.637615762047,-0.52,0.292893776214));
#2765 = DIRECTION('',(1.144237745222E-17,1.,0.));
#2766 = DIRECTION('',(0.,-0.,1.));
#2767 = ADVANCED_FACE('',(#2768),#2784,.F.);
#2768 = FACE_BOUND('',#2769,.F.);
#2769 = EDGE_LOOP('',(#2770,#2771,#2777,#2778));
#2770 = ORIENTED_EDGE('',*,*,#893,.T.);
#2771 = ORIENTED_EDGE('',*,*,#2772,.T.);
#2772 = EDGE_CURVE('',#886,#1750,#2773,.T.);
#2773 = LINE('',#2774,#2775);
#2774 = CARTESIAN_POINT('',(-2.4,-0.13,0.625));
#2775 = VECTOR('',#2776,1.);
#2776 = DIRECTION('',(1.,-1.144237745222E-17,0.));
#2777 = ORIENTED_EDGE('',*,*,#1749,.F.);
#2778 = ORIENTED_EDGE('',*,*,#2779,.F.);
#2779 = EDGE_CURVE('',#877,#1742,#2780,.T.);
#2780 = LINE('',#2781,#2782);
#2781 = CARTESIAN_POINT('',(-2.4,-0.52,0.625));
#2782 = VECTOR('',#2783,1.);
#2783 = DIRECTION('',(1.,-1.144237745222E-17,0.));
#2784 = PLANE('',#2785);
#2785 = AXIS2_PLACEMENT_3D('',#2786,#2787,#2788);
#2786 = CARTESIAN_POINT('',(-3.188450421961E-18,2.475,0.625));
#2787 = DIRECTION('',(0.,0.,-1.));
#2788 = DIRECTION('',(1.,1.111674977262E-16,0.));
#2789 = ADVANCED_FACE('',(#2790),#2876,.F.);
#2790 = FACE_BOUND('',#2791,.F.);
#2791 = EDGE_LOOP('',(#2792,#2793,#2794,#2803,#2811,#2820,#2828,#2836,
    #2844,#2853,#2861,#2870));
#2792 = ORIENTED_EDGE('',*,*,#885,.F.);
#2793 = ORIENTED_EDGE('',*,*,#907,.T.);
#2794 = ORIENTED_EDGE('',*,*,#2795,.T.);
#2795 = EDGE_CURVE('',#908,#2796,#2798,.T.);
#2796 = VERTEX_POINT('',#2797);
#2797 = CARTESIAN_POINT('',(-2.498480775301,-0.13,0.392364817767));
#2798 = CIRCLE('',#2799,0.1);
#2799 = AXIS2_PLACEMENT_3D('',#2800,#2801,#2802);
#2800 = CARTESIAN_POINT('',(-2.4,-0.13,0.375));
#2801 = DIRECTION('',(-1.144237745222E-17,-1.,4.379057701015E-47));
#2802 = DIRECTION('',(-4.440892098501E-15,5.081436361563E-32,1.));
#2803 = ORIENTED_EDGE('',*,*,#2804,.T.);
#2804 = EDGE_CURVE('',#2796,#2805,#2807,.T.);
#2805 = VERTEX_POINT('',#2806);
#2806 = CARTESIAN_POINT('',(-2.525838934336,-0.13,0.206587955583));
#2807 = LINE('',#2808,#2809);
#2808 = CARTESIAN_POINT('',(-2.498480775301,-0.13,0.392364817767));
#2809 = VECTOR('',#2810,1.);
#2810 = DIRECTION('',(-0.145692235845,1.667065554401E-18,-0.989329961345
    ));
#2811 = ORIENTED_EDGE('',*,*,#2812,.T.);
#2812 = EDGE_CURVE('',#2805,#2813,#2815,.T.);
#2813 = VERTEX_POINT('',#2814);
#2814 = CARTESIAN_POINT('',(-2.772040872589,-0.13,-5.551115123126E-17));
#2815 = CIRCLE('',#2816,0.25);
#2816 = AXIS2_PLACEMENT_3D('',#2817,#2818,#2819);
#2817 = CARTESIAN_POINT('',(-2.772040872589,-0.13,0.25));
#2818 = DIRECTION('',(1.144237745222E-17,1.,3.08148791102E-33));
#2819 = DIRECTION('',(0.984807753012,-1.126854202784E-17,-0.173648177667
    ));
#2820 = ORIENTED_EDGE('',*,*,#2821,.T.);
#2821 = EDGE_CURVE('',#2813,#2822,#2824,.T.);
#2822 = VERTEX_POINT('',#2823);
#2823 = CARTESIAN_POINT('',(-3.2,-0.13,-5.551115123126E-17));
#2824 = LINE('',#2825,#2826);
#2825 = CARTESIAN_POINT('',(-2.772040872589,-0.13,-5.551115123126E-17));
#2826 = VECTOR('',#2827,1.);
#2827 = DIRECTION('',(-1.,1.144237745222E-17,0.));
#2828 = ORIENTED_EDGE('',*,*,#2829,.T.);
#2829 = EDGE_CURVE('',#2822,#2830,#2832,.T.);
#2830 = VERTEX_POINT('',#2831);
#2831 = CARTESIAN_POINT('',(-3.2,-0.13,0.15));
#2832 = LINE('',#2833,#2834);
#2833 = CARTESIAN_POINT('',(-3.2,-0.13,-5.551115123126E-17));
#2834 = VECTOR('',#2835,1.);
#2835 = DIRECTION('',(0.,0.,1.));
#2836 = ORIENTED_EDGE('',*,*,#2837,.T.);
#2837 = EDGE_CURVE('',#2830,#2838,#2840,.T.);
#2838 = VERTEX_POINT('',#2839);
#2839 = CARTESIAN_POINT('',(-2.772040872589,-0.13,0.15));
#2840 = LINE('',#2841,#2842);
#2841 = CARTESIAN_POINT('',(-3.2,-0.13,0.15));
#2842 = VECTOR('',#2843,1.);
#2843 = DIRECTION('',(1.,-1.144237745222E-17,0.));
#2844 = ORIENTED_EDGE('',*,*,#2845,.T.);
#2845 = EDGE_CURVE('',#2838,#2846,#2848,.T.);
#2846 = VERTEX_POINT('',#2847);
#2847 = CARTESIAN_POINT('',(-2.673560097287,-0.13,0.232635182233));
#2848 = CIRCLE('',#2849,0.1);
#2849 = AXIS2_PLACEMENT_3D('',#2850,#2851,#2852);
#2850 = CARTESIAN_POINT('',(-2.772040872589,-0.13,0.25));
#2851 = DIRECTION('',(-1.144237745222E-17,-1.,-0.));
#2852 = DIRECTION('',(0.,0.,-1.));
#2853 = ORIENTED_EDGE('',*,*,#2854,.T.);
#2854 = EDGE_CURVE('',#2846,#2855,#2857,.T.);
#2855 = VERTEX_POINT('',#2856);
#2856 = CARTESIAN_POINT('',(-2.646201938253,-0.13,0.418412044417));
#2857 = LINE('',#2858,#2859);
#2858 = CARTESIAN_POINT('',(-2.673560097287,-0.13,0.232635182233));
#2859 = VECTOR('',#2860,1.);
#2860 = DIRECTION('',(0.145692235845,-1.667065554401E-18,0.989329961345)
  );
#2861 = ORIENTED_EDGE('',*,*,#2862,.T.);
#2862 = EDGE_CURVE('',#2855,#2863,#2865,.T.);
#2863 = VERTEX_POINT('',#2864);
#2864 = CARTESIAN_POINT('',(-2.4,-0.13,0.625));
#2865 = CIRCLE('',#2866,0.25);
#2866 = AXIS2_PLACEMENT_3D('',#2867,#2868,#2869);
#2867 = CARTESIAN_POINT('',(-2.4,-0.13,0.375));
#2868 = DIRECTION('',(1.144237745222E-17,1.,-3.851859888774E-34));
#2869 = DIRECTION('',(-0.984807753012,1.126854202784E-17,0.173648177667)
  );
#2870 = ORIENTED_EDGE('',*,*,#2871,.T.);
#2871 = EDGE_CURVE('',#2863,#886,#2872,.T.);
#2872 = LINE('',#2873,#2874);
#2873 = CARTESIAN_POINT('',(-2.4,-0.13,0.625));
#2874 = VECTOR('',#2875,1.);
#2875 = DIRECTION('',(1.,-1.144237745222E-17,0.));
#2876 = PLANE('',#2877);
#2877 = AXIS2_PLACEMENT_3D('',#2878,#2879,#2880);
#2878 = CARTESIAN_POINT('',(-2.637615762047,-0.13,0.292893776214));
#2879 = DIRECTION('',(1.144237745222E-17,1.,0.));
#2880 = DIRECTION('',(0.,-0.,1.));
#2881 = ADVANCED_FACE('',(#2882),#2901,.F.);
#2882 = FACE_BOUND('',#2883,.F.);
#2883 = EDGE_LOOP('',(#2884,#2885,#2894,#2900));
#2884 = ORIENTED_EDGE('',*,*,#924,.T.);
#2885 = ORIENTED_EDGE('',*,*,#2886,.T.);
#2886 = EDGE_CURVE('',#917,#2887,#2889,.T.);
#2887 = VERTEX_POINT('',#2888);
#2888 = CARTESIAN_POINT('',(-2.498480775301,0.13,0.392364817767));
#2889 = CIRCLE('',#2890,0.1);
#2890 = AXIS2_PLACEMENT_3D('',#2891,#2892,#2893);
#2891 = CARTESIAN_POINT('',(-2.4,0.13,0.375));
#2892 = DIRECTION('',(-1.144237745222E-17,-1.,4.379057701015E-47));
#2893 = DIRECTION('',(-4.440892098501E-15,5.081436361563E-32,1.));
#2894 = ORIENTED_EDGE('',*,*,#2895,.F.);
#2895 = EDGE_CURVE('',#2796,#2887,#2896,.T.);
#2896 = LINE('',#2897,#2898);
#2897 = CARTESIAN_POINT('',(-2.498480775301,-0.13,0.392364817767));
#2898 = VECTOR('',#2899,1.);
#2899 = DIRECTION('',(1.144237745222E-17,1.,0.));
#2900 = ORIENTED_EDGE('',*,*,#2795,.F.);
#2901 = CYLINDRICAL_SURFACE('',#2902,0.1);
#2902 = AXIS2_PLACEMENT_3D('',#2903,#2904,#2905);
#2903 = CARTESIAN_POINT('',(-2.4,-0.13,0.375));
#2904 = DIRECTION('',(-1.144237745222E-17,-1.,0.));
#2905 = DIRECTION('',(-4.440892098501E-15,5.081436361563E-32,1.));
#2906 = ADVANCED_FACE('',(#2907),#2985,.T.);
#2907 = FACE_BOUND('',#2908,.T.);
#2908 = EDGE_LOOP('',(#2909,#2910,#2911,#2912,#2920,#2929,#2937,#2945,
    #2953,#2962,#2970,#2979));
#2909 = ORIENTED_EDGE('',*,*,#938,.F.);
#2910 = ORIENTED_EDGE('',*,*,#916,.T.);
#2911 = ORIENTED_EDGE('',*,*,#2886,.T.);
#2912 = ORIENTED_EDGE('',*,*,#2913,.T.);
#2913 = EDGE_CURVE('',#2887,#2914,#2916,.T.);
#2914 = VERTEX_POINT('',#2915);
#2915 = CARTESIAN_POINT('',(-2.525838934336,0.13,0.206587955583));
#2916 = LINE('',#2917,#2918);
#2917 = CARTESIAN_POINT('',(-2.498480775301,0.13,0.392364817767));
#2918 = VECTOR('',#2919,1.);
#2919 = DIRECTION('',(-0.145692235845,1.667065554401E-18,-0.989329961345
    ));
#2920 = ORIENTED_EDGE('',*,*,#2921,.T.);
#2921 = EDGE_CURVE('',#2914,#2922,#2924,.T.);
#2922 = VERTEX_POINT('',#2923);
#2923 = CARTESIAN_POINT('',(-2.772040872589,0.13,-5.551115123126E-17));
#2924 = CIRCLE('',#2925,0.25);
#2925 = AXIS2_PLACEMENT_3D('',#2926,#2927,#2928);
#2926 = CARTESIAN_POINT('',(-2.772040872589,0.13,0.25));
#2927 = DIRECTION('',(1.144237745222E-17,1.,3.08148791102E-33));
#2928 = DIRECTION('',(0.984807753012,-1.126854202784E-17,-0.173648177667
    ));
#2929 = ORIENTED_EDGE('',*,*,#2930,.T.);
#2930 = EDGE_CURVE('',#2922,#2931,#2933,.T.);
#2931 = VERTEX_POINT('',#2932);
#2932 = CARTESIAN_POINT('',(-3.2,0.13,-5.551115123126E-17));
#2933 = LINE('',#2934,#2935);
#2934 = CARTESIAN_POINT('',(-2.772040872589,0.13,-5.551115123126E-17));
#2935 = VECTOR('',#2936,1.);
#2936 = DIRECTION('',(-1.,1.144237745222E-17,0.));
#2937 = ORIENTED_EDGE('',*,*,#2938,.T.);
#2938 = EDGE_CURVE('',#2931,#2939,#2941,.T.);
#2939 = VERTEX_POINT('',#2940);
#2940 = CARTESIAN_POINT('',(-3.2,0.13,0.15));
#2941 = LINE('',#2942,#2943);
#2942 = CARTESIAN_POINT('',(-3.2,0.13,-5.551115123126E-17));
#2943 = VECTOR('',#2944,1.);
#2944 = DIRECTION('',(0.,0.,1.));
#2945 = ORIENTED_EDGE('',*,*,#2946,.T.);
#2946 = EDGE_CURVE('',#2939,#2947,#2949,.T.);
#2947 = VERTEX_POINT('',#2948);
#2948 = CARTESIAN_POINT('',(-2.772040872589,0.13,0.15));
#2949 = LINE('',#2950,#2951);
#2950 = CARTESIAN_POINT('',(-3.2,0.13,0.15));
#2951 = VECTOR('',#2952,1.);
#2952 = DIRECTION('',(1.,-1.144237745222E-17,0.));
#2953 = ORIENTED_EDGE('',*,*,#2954,.T.);
#2954 = EDGE_CURVE('',#2947,#2955,#2957,.T.);
#2955 = VERTEX_POINT('',#2956);
#2956 = CARTESIAN_POINT('',(-2.673560097287,0.13,0.232635182233));
#2957 = CIRCLE('',#2958,0.1);
#2958 = AXIS2_PLACEMENT_3D('',#2959,#2960,#2961);
#2959 = CARTESIAN_POINT('',(-2.772040872589,0.13,0.25));
#2960 = DIRECTION('',(-1.144237745222E-17,-1.,-0.));
#2961 = DIRECTION('',(0.,0.,-1.));
#2962 = ORIENTED_EDGE('',*,*,#2963,.T.);
#2963 = EDGE_CURVE('',#2955,#2964,#2966,.T.);
#2964 = VERTEX_POINT('',#2965);
#2965 = CARTESIAN_POINT('',(-2.646201938253,0.13,0.418412044417));
#2966 = LINE('',#2967,#2968);
#2967 = CARTESIAN_POINT('',(-2.673560097287,0.13,0.232635182233));
#2968 = VECTOR('',#2969,1.);
#2969 = DIRECTION('',(0.145692235845,-1.667065554401E-18,0.989329961345)
  );
#2970 = ORIENTED_EDGE('',*,*,#2971,.T.);
#2971 = EDGE_CURVE('',#2964,#2972,#2974,.T.);
#2972 = VERTEX_POINT('',#2973);
#2973 = CARTESIAN_POINT('',(-2.4,0.13,0.625));
#2974 = CIRCLE('',#2975,0.25);
#2975 = AXIS2_PLACEMENT_3D('',#2976,#2977,#2978);
#2976 = CARTESIAN_POINT('',(-2.4,0.13,0.375));
#2977 = DIRECTION('',(1.144237745222E-17,1.,-3.851859888774E-34));
#2978 = DIRECTION('',(-0.984807753012,1.126854202784E-17,0.173648177667)
  );
#2979 = ORIENTED_EDGE('',*,*,#2980,.T.);
#2980 = EDGE_CURVE('',#2972,#939,#2981,.T.);
#2981 = LINE('',#2982,#2983);
#2982 = CARTESIAN_POINT('',(-2.4,0.13,0.625));
#2983 = VECTOR('',#2984,1.);
#2984 = DIRECTION('',(1.,-1.144237745222E-17,0.));
#2985 = PLANE('',#2986);
#2986 = AXIS2_PLACEMENT_3D('',#2987,#2988,#2989);
#2987 = CARTESIAN_POINT('',(-2.637615762047,0.13,0.292893776214));
#2988 = DIRECTION('',(1.144237745222E-17,1.,0.));
#2989 = DIRECTION('',(0.,-0.,1.));
#2990 = ADVANCED_FACE('',(#2991),#3007,.F.);
#2991 = FACE_BOUND('',#2992,.F.);
#2992 = EDGE_LOOP('',(#2993,#2994,#3000,#3001));
#2993 = ORIENTED_EDGE('',*,*,#955,.T.);
#2994 = ORIENTED_EDGE('',*,*,#2995,.T.);
#2995 = EDGE_CURVE('',#948,#1766,#2996,.T.);
#2996 = LINE('',#2997,#2998);
#2997 = CARTESIAN_POINT('',(-2.4,0.52,0.625));
#2998 = VECTOR('',#2999,1.);
#2999 = DIRECTION('',(1.,-1.144237745222E-17,0.));
#3000 = ORIENTED_EDGE('',*,*,#1765,.F.);
#3001 = ORIENTED_EDGE('',*,*,#3002,.F.);
#3002 = EDGE_CURVE('',#939,#1758,#3003,.T.);
#3003 = LINE('',#3004,#3005);
#3004 = CARTESIAN_POINT('',(-2.4,0.13,0.625));
#3005 = VECTOR('',#3006,1.);
#3006 = DIRECTION('',(1.,-1.144237745222E-17,0.));
#3007 = PLANE('',#3008);
#3008 = AXIS2_PLACEMENT_3D('',#3009,#3010,#3011);
#3009 = CARTESIAN_POINT('',(-3.188450421961E-18,2.475,0.625));
#3010 = DIRECTION('',(0.,0.,-1.));
#3011 = DIRECTION('',(1.,1.111674977262E-16,0.));
#3012 = ADVANCED_FACE('',(#3013),#3099,.F.);
#3013 = FACE_BOUND('',#3014,.F.);
#3014 = EDGE_LOOP('',(#3015,#3016,#3017,#3026,#3034,#3043,#3051,#3059,
    #3067,#3076,#3084,#3093));
#3015 = ORIENTED_EDGE('',*,*,#947,.F.);
#3016 = ORIENTED_EDGE('',*,*,#969,.T.);
#3017 = ORIENTED_EDGE('',*,*,#3018,.T.);
#3018 = EDGE_CURVE('',#970,#3019,#3021,.T.);
#3019 = VERTEX_POINT('',#3020);
#3020 = CARTESIAN_POINT('',(-2.498480775301,0.52,0.392364817767));
#3021 = CIRCLE('',#3022,0.1);
#3022 = AXIS2_PLACEMENT_3D('',#3023,#3024,#3025);
#3023 = CARTESIAN_POINT('',(-2.4,0.52,0.375));
#3024 = DIRECTION('',(-1.144237745222E-17,-1.,4.379057701015E-47));
#3025 = DIRECTION('',(-4.440892098501E-15,5.081436361563E-32,1.));
#3026 = ORIENTED_EDGE('',*,*,#3027,.T.);
#3027 = EDGE_CURVE('',#3019,#3028,#3030,.T.);
#3028 = VERTEX_POINT('',#3029);
#3029 = CARTESIAN_POINT('',(-2.525838934336,0.52,0.206587955583));
#3030 = LINE('',#3031,#3032);
#3031 = CARTESIAN_POINT('',(-2.498480775301,0.52,0.392364817767));
#3032 = VECTOR('',#3033,1.);
#3033 = DIRECTION('',(-0.145692235845,1.667065554401E-18,-0.989329961345
    ));
#3034 = ORIENTED_EDGE('',*,*,#3035,.T.);
#3035 = EDGE_CURVE('',#3028,#3036,#3038,.T.);
#3036 = VERTEX_POINT('',#3037);
#3037 = CARTESIAN_POINT('',(-2.772040872589,0.52,-5.551115123126E-17));
#3038 = CIRCLE('',#3039,0.25);
#3039 = AXIS2_PLACEMENT_3D('',#3040,#3041,#3042);
#3040 = CARTESIAN_POINT('',(-2.772040872589,0.52,0.25));
#3041 = DIRECTION('',(1.144237745222E-17,1.,3.08148791102E-33));
#3042 = DIRECTION('',(0.984807753012,-1.126854202784E-17,-0.173648177667
    ));
#3043 = ORIENTED_EDGE('',*,*,#3044,.T.);
#3044 = EDGE_CURVE('',#3036,#3045,#3047,.T.);
#3045 = VERTEX_POINT('',#3046);
#3046 = CARTESIAN_POINT('',(-3.2,0.52,-5.551115123126E-17));
#3047 = LINE('',#3048,#3049);
#3048 = CARTESIAN_POINT('',(-2.772040872589,0.52,-5.551115123126E-17));
#3049 = VECTOR('',#3050,1.);
#3050 = DIRECTION('',(-1.,1.144237745222E-17,0.));
#3051 = ORIENTED_EDGE('',*,*,#3052,.T.);
#3052 = EDGE_CURVE('',#3045,#3053,#3055,.T.);
#3053 = VERTEX_POINT('',#3054);
#3054 = CARTESIAN_POINT('',(-3.2,0.52,0.15));
#3055 = LINE('',#3056,#3057);
#3056 = CARTESIAN_POINT('',(-3.2,0.52,-5.551115123126E-17));
#3057 = VECTOR('',#3058,1.);
#3058 = DIRECTION('',(0.,0.,1.));
#3059 = ORIENTED_EDGE('',*,*,#3060,.T.);
#3060 = EDGE_CURVE('',#3053,#3061,#3063,.T.);
#3061 = VERTEX_POINT('',#3062);
#3062 = CARTESIAN_POINT('',(-2.772040872589,0.52,0.15));
#3063 = LINE('',#3064,#3065);
#3064 = CARTESIAN_POINT('',(-3.2,0.52,0.15));
#3065 = VECTOR('',#3066,1.);
#3066 = DIRECTION('',(1.,-1.144237745222E-17,0.));
#3067 = ORIENTED_EDGE('',*,*,#3068,.T.);
#3068 = EDGE_CURVE('',#3061,#3069,#3071,.T.);
#3069 = VERTEX_POINT('',#3070);
#3070 = CARTESIAN_POINT('',(-2.673560097287,0.52,0.232635182233));
#3071 = CIRCLE('',#3072,0.1);
#3072 = AXIS2_PLACEMENT_3D('',#3073,#3074,#3075);
#3073 = CARTESIAN_POINT('',(-2.772040872589,0.52,0.25));
#3074 = DIRECTION('',(-1.144237745222E-17,-1.,-0.));
#3075 = DIRECTION('',(0.,0.,-1.));
#3076 = ORIENTED_EDGE('',*,*,#3077,.T.);
#3077 = EDGE_CURVE('',#3069,#3078,#3080,.T.);
#3078 = VERTEX_POINT('',#3079);
#3079 = CARTESIAN_POINT('',(-2.646201938253,0.52,0.418412044417));
#3080 = LINE('',#3081,#3082);
#3081 = CARTESIAN_POINT('',(-2.673560097287,0.52,0.232635182233));
#3082 = VECTOR('',#3083,1.);
#3083 = DIRECTION('',(0.145692235845,-1.667065554401E-18,0.989329961345)
  );
#3084 = ORIENTED_EDGE('',*,*,#3085,.T.);
#3085 = EDGE_CURVE('',#3078,#3086,#3088,.T.);
#3086 = VERTEX_POINT('',#3087);
#3087 = CARTESIAN_POINT('',(-2.4,0.52,0.625));
#3088 = CIRCLE('',#3089,0.25);
#3089 = AXIS2_PLACEMENT_3D('',#3090,#3091,#3092);
#3090 = CARTESIAN_POINT('',(-2.4,0.52,0.375));
#3091 = DIRECTION('',(1.144237745222E-17,1.,-3.851859888774E-34));
#3092 = DIRECTION('',(-0.984807753012,1.126854202784E-17,0.173648177667)
  );
#3093 = ORIENTED_EDGE('',*,*,#3094,.T.);
#3094 = EDGE_CURVE('',#3086,#948,#3095,.T.);
#3095 = LINE('',#3096,#3097);
#3096 = CARTESIAN_POINT('',(-2.4,0.52,0.625));
#3097 = VECTOR('',#3098,1.);
#3098 = DIRECTION('',(1.,-1.144237745222E-17,0.));
#3099 = PLANE('',#3100);
#3100 = AXIS2_PLACEMENT_3D('',#3101,#3102,#3103);
#3101 = CARTESIAN_POINT('',(-2.637615762047,0.52,0.292893776214));
#3102 = DIRECTION('',(1.144237745222E-17,1.,0.));
#3103 = DIRECTION('',(0.,-0.,1.));
#3104 = ADVANCED_FACE('',(#3105),#3124,.F.);
#3105 = FACE_BOUND('',#3106,.F.);
#3106 = EDGE_LOOP('',(#3107,#3108,#3117,#3123));
#3107 = ORIENTED_EDGE('',*,*,#986,.T.);
#3108 = ORIENTED_EDGE('',*,*,#3109,.T.);
#3109 = EDGE_CURVE('',#979,#3110,#3112,.T.);
#3110 = VERTEX_POINT('',#3111);
#3111 = CARTESIAN_POINT('',(-2.498480775301,0.78,0.392364817767));
#3112 = CIRCLE('',#3113,0.1);
#3113 = AXIS2_PLACEMENT_3D('',#3114,#3115,#3116);
#3114 = CARTESIAN_POINT('',(-2.4,0.78,0.375));
#3115 = DIRECTION('',(-1.144237745222E-17,-1.,4.379057701015E-47));
#3116 = DIRECTION('',(-4.440892098501E-15,5.081436361563E-32,1.));
#3117 = ORIENTED_EDGE('',*,*,#3118,.F.);
#3118 = EDGE_CURVE('',#3019,#3110,#3119,.T.);
#3119 = LINE('',#3120,#3121);
#3120 = CARTESIAN_POINT('',(-2.498480775301,0.52,0.392364817767));
#3121 = VECTOR('',#3122,1.);
#3122 = DIRECTION('',(1.144237745222E-17,1.,0.));
#3123 = ORIENTED_EDGE('',*,*,#3018,.F.);
#3124 = CYLINDRICAL_SURFACE('',#3125,0.1);
#3125 = AXIS2_PLACEMENT_3D('',#3126,#3127,#3128);
#3126 = CARTESIAN_POINT('',(-2.4,0.52,0.375));
#3127 = DIRECTION('',(-1.144237745222E-17,-1.,0.));
#3128 = DIRECTION('',(-4.440892098501E-15,5.081436361563E-32,1.));
#3129 = ADVANCED_FACE('',(#3130),#3208,.T.);
#3130 = FACE_BOUND('',#3131,.T.);
#3131 = EDGE_LOOP('',(#3132,#3133,#3134,#3135,#3143,#3152,#3160,#3168,
    #3176,#3185,#3193,#3202));
#3132 = ORIENTED_EDGE('',*,*,#1000,.F.);
#3133 = ORIENTED_EDGE('',*,*,#978,.T.);
#3134 = ORIENTED_EDGE('',*,*,#3109,.T.);
#3135 = ORIENTED_EDGE('',*,*,#3136,.T.);
#3136 = EDGE_CURVE('',#3110,#3137,#3139,.T.);
#3137 = VERTEX_POINT('',#3138);
#3138 = CARTESIAN_POINT('',(-2.525838934336,0.78,0.206587955583));
#3139 = LINE('',#3140,#3141);
#3140 = CARTESIAN_POINT('',(-2.498480775301,0.78,0.392364817767));
#3141 = VECTOR('',#3142,1.);
#3142 = DIRECTION('',(-0.145692235845,1.667065554401E-18,-0.989329961345
    ));
#3143 = ORIENTED_EDGE('',*,*,#3144,.T.);
#3144 = EDGE_CURVE('',#3137,#3145,#3147,.T.);
#3145 = VERTEX_POINT('',#3146);
#3146 = CARTESIAN_POINT('',(-2.772040872589,0.78,-5.551115123126E-17));
#3147 = CIRCLE('',#3148,0.25);
#3148 = AXIS2_PLACEMENT_3D('',#3149,#3150,#3151);
#3149 = CARTESIAN_POINT('',(-2.772040872589,0.78,0.25));
#3150 = DIRECTION('',(1.144237745222E-17,1.,3.08148791102E-33));
#3151 = DIRECTION('',(0.984807753012,-1.126854202784E-17,-0.173648177667
    ));
#3152 = ORIENTED_EDGE('',*,*,#3153,.T.);
#3153 = EDGE_CURVE('',#3145,#3154,#3156,.T.);
#3154 = VERTEX_POINT('',#3155);
#3155 = CARTESIAN_POINT('',(-3.2,0.78,-5.551115123126E-17));
#3156 = LINE('',#3157,#3158);
#3157 = CARTESIAN_POINT('',(-2.772040872589,0.78,-5.551115123126E-17));
#3158 = VECTOR('',#3159,1.);
#3159 = DIRECTION('',(-1.,1.144237745222E-17,0.));
#3160 = ORIENTED_EDGE('',*,*,#3161,.T.);
#3161 = EDGE_CURVE('',#3154,#3162,#3164,.T.);
#3162 = VERTEX_POINT('',#3163);
#3163 = CARTESIAN_POINT('',(-3.2,0.78,0.15));
#3164 = LINE('',#3165,#3166);
#3165 = CARTESIAN_POINT('',(-3.2,0.78,-5.551115123126E-17));
#3166 = VECTOR('',#3167,1.);
#3167 = DIRECTION('',(0.,0.,1.));
#3168 = ORIENTED_EDGE('',*,*,#3169,.T.);
#3169 = EDGE_CURVE('',#3162,#3170,#3172,.T.);
#3170 = VERTEX_POINT('',#3171);
#3171 = CARTESIAN_POINT('',(-2.772040872589,0.78,0.15));
#3172 = LINE('',#3173,#3174);
#3173 = CARTESIAN_POINT('',(-3.2,0.78,0.15));
#3174 = VECTOR('',#3175,1.);
#3175 = DIRECTION('',(1.,-1.144237745222E-17,0.));
#3176 = ORIENTED_EDGE('',*,*,#3177,.T.);
#3177 = EDGE_CURVE('',#3170,#3178,#3180,.T.);
#3178 = VERTEX_POINT('',#3179);
#3179 = CARTESIAN_POINT('',(-2.673560097287,0.78,0.232635182233));
#3180 = CIRCLE('',#3181,0.1);
#3181 = AXIS2_PLACEMENT_3D('',#3182,#3183,#3184);
#3182 = CARTESIAN_POINT('',(-2.772040872589,0.78,0.25));
#3183 = DIRECTION('',(-1.144237745222E-17,-1.,-0.));
#3184 = DIRECTION('',(0.,0.,-1.));
#3185 = ORIENTED_EDGE('',*,*,#3186,.T.);
#3186 = EDGE_CURVE('',#3178,#3187,#3189,.T.);
#3187 = VERTEX_POINT('',#3188);
#3188 = CARTESIAN_POINT('',(-2.646201938253,0.78,0.418412044417));
#3189 = LINE('',#3190,#3191);
#3190 = CARTESIAN_POINT('',(-2.673560097287,0.78,0.232635182233));
#3191 = VECTOR('',#3192,1.);
#3192 = DIRECTION('',(0.145692235845,-1.667065554401E-18,0.989329961345)
  );
#3193 = ORIENTED_EDGE('',*,*,#3194,.T.);
#3194 = EDGE_CURVE('',#3187,#3195,#3197,.T.);
#3195 = VERTEX_POINT('',#3196);
#3196 = CARTESIAN_POINT('',(-2.4,0.78,0.625));
#3197 = CIRCLE('',#3198,0.25);
#3198 = AXIS2_PLACEMENT_3D('',#3199,#3200,#3201);
#3199 = CARTESIAN_POINT('',(-2.4,0.78,0.375));
#3200 = DIRECTION('',(1.144237745222E-17,1.,-3.851859888774E-34));
#3201 = DIRECTION('',(-0.984807753012,1.126854202784E-17,0.173648177667)
  );
#3202 = ORIENTED_EDGE('',*,*,#3203,.T.);
#3203 = EDGE_CURVE('',#3195,#1001,#3204,.T.);
#3204 = LINE('',#3205,#3206);
#3205 = CARTESIAN_POINT('',(-2.4,0.78,0.625));
#3206 = VECTOR('',#3207,1.);
#3207 = DIRECTION('',(1.,-1.144237745222E-17,0.));
#3208 = PLANE('',#3209);
#3209 = AXIS2_PLACEMENT_3D('',#3210,#3211,#3212);
#3210 = CARTESIAN_POINT('',(-2.637615762047,0.78,0.292893776214));
#3211 = DIRECTION('',(1.144237745222E-17,1.,0.));
#3212 = DIRECTION('',(0.,-0.,1.));
#3213 = ADVANCED_FACE('',(#3214),#3230,.F.);
#3214 = FACE_BOUND('',#3215,.F.);
#3215 = EDGE_LOOP('',(#3216,#3217,#3223,#3224));
#3216 = ORIENTED_EDGE('',*,*,#1017,.T.);
#3217 = ORIENTED_EDGE('',*,*,#3218,.T.);
#3218 = EDGE_CURVE('',#1010,#1782,#3219,.T.);
#3219 = LINE('',#3220,#3221);
#3220 = CARTESIAN_POINT('',(-2.4,1.17,0.625));
#3221 = VECTOR('',#3222,1.);
#3222 = DIRECTION('',(1.,-1.144237745222E-17,0.));
#3223 = ORIENTED_EDGE('',*,*,#1781,.F.);
#3224 = ORIENTED_EDGE('',*,*,#3225,.F.);
#3225 = EDGE_CURVE('',#1001,#1774,#3226,.T.);
#3226 = LINE('',#3227,#3228);
#3227 = CARTESIAN_POINT('',(-2.4,0.78,0.625));
#3228 = VECTOR('',#3229,1.);
#3229 = DIRECTION('',(1.,-1.144237745222E-17,0.));
#3230 = PLANE('',#3231);
#3231 = AXIS2_PLACEMENT_3D('',#3232,#3233,#3234);
#3232 = CARTESIAN_POINT('',(-3.188450421961E-18,2.475,0.625));
#3233 = DIRECTION('',(0.,0.,-1.));
#3234 = DIRECTION('',(1.,1.111674977262E-16,0.));
#3235 = ADVANCED_FACE('',(#3236),#3322,.F.);
#3236 = FACE_BOUND('',#3237,.F.);
#3237 = EDGE_LOOP('',(#3238,#3239,#3240,#3249,#3257,#3266,#3274,#3282,
    #3290,#3299,#3307,#3316));
#3238 = ORIENTED_EDGE('',*,*,#1009,.F.);
#3239 = ORIENTED_EDGE('',*,*,#1031,.T.);
#3240 = ORIENTED_EDGE('',*,*,#3241,.T.);
#3241 = EDGE_CURVE('',#1032,#3242,#3244,.T.);
#3242 = VERTEX_POINT('',#3243);
#3243 = CARTESIAN_POINT('',(-2.498480775301,1.17,0.392364817767));
#3244 = CIRCLE('',#3245,0.1);
#3245 = AXIS2_PLACEMENT_3D('',#3246,#3247,#3248);
#3246 = CARTESIAN_POINT('',(-2.4,1.17,0.375));
#3247 = DIRECTION('',(-1.144237745222E-17,-1.,4.379057701015E-47));
#3248 = DIRECTION('',(-4.440892098501E-15,5.081436361563E-32,1.));
#3249 = ORIENTED_EDGE('',*,*,#3250,.T.);
#3250 = EDGE_CURVE('',#3242,#3251,#3253,.T.);
#3251 = VERTEX_POINT('',#3252);
#3252 = CARTESIAN_POINT('',(-2.525838934336,1.17,0.206587955583));
#3253 = LINE('',#3254,#3255);
#3254 = CARTESIAN_POINT('',(-2.498480775301,1.17,0.392364817767));
#3255 = VECTOR('',#3256,1.);
#3256 = DIRECTION('',(-0.145692235845,1.667065554401E-18,-0.989329961345
    ));
#3257 = ORIENTED_EDGE('',*,*,#3258,.T.);
#3258 = EDGE_CURVE('',#3251,#3259,#3261,.T.);
#3259 = VERTEX_POINT('',#3260);
#3260 = CARTESIAN_POINT('',(-2.772040872589,1.17,-5.551115123126E-17));
#3261 = CIRCLE('',#3262,0.25);
#3262 = AXIS2_PLACEMENT_3D('',#3263,#3264,#3265);
#3263 = CARTESIAN_POINT('',(-2.772040872589,1.17,0.25));
#3264 = DIRECTION('',(1.144237745222E-17,1.,3.08148791102E-33));
#3265 = DIRECTION('',(0.984807753012,-1.126854202784E-17,-0.173648177667
    ));
#3266 = ORIENTED_EDGE('',*,*,#3267,.T.);
#3267 = EDGE_CURVE('',#3259,#3268,#3270,.T.);
#3268 = VERTEX_POINT('',#3269);
#3269 = CARTESIAN_POINT('',(-3.2,1.17,-5.551115123126E-17));
#3270 = LINE('',#3271,#3272);
#3271 = CARTESIAN_POINT('',(-2.772040872589,1.17,-5.551115123126E-17));
#3272 = VECTOR('',#3273,1.);
#3273 = DIRECTION('',(-1.,1.144237745222E-17,0.));
#3274 = ORIENTED_EDGE('',*,*,#3275,.T.);
#3275 = EDGE_CURVE('',#3268,#3276,#3278,.T.);
#3276 = VERTEX_POINT('',#3277);
#3277 = CARTESIAN_POINT('',(-3.2,1.17,0.15));
#3278 = LINE('',#3279,#3280);
#3279 = CARTESIAN_POINT('',(-3.2,1.17,-5.551115123126E-17));
#3280 = VECTOR('',#3281,1.);
#3281 = DIRECTION('',(0.,0.,1.));
#3282 = ORIENTED_EDGE('',*,*,#3283,.T.);
#3283 = EDGE_CURVE('',#3276,#3284,#3286,.T.);
#3284 = VERTEX_POINT('',#3285);
#3285 = CARTESIAN_POINT('',(-2.772040872589,1.17,0.15));
#3286 = LINE('',#3287,#3288);
#3287 = CARTESIAN_POINT('',(-3.2,1.17,0.15));
#3288 = VECTOR('',#3289,1.);
#3289 = DIRECTION('',(1.,-1.144237745222E-17,0.));
#3290 = ORIENTED_EDGE('',*,*,#3291,.T.);
#3291 = EDGE_CURVE('',#3284,#3292,#3294,.T.);
#3292 = VERTEX_POINT('',#3293);
#3293 = CARTESIAN_POINT('',(-2.673560097287,1.17,0.232635182233));
#3294 = CIRCLE('',#3295,0.1);
#3295 = AXIS2_PLACEMENT_3D('',#3296,#3297,#3298);
#3296 = CARTESIAN_POINT('',(-2.772040872589,1.17,0.25));
#3297 = DIRECTION('',(-1.144237745222E-17,-1.,-0.));
#3298 = DIRECTION('',(0.,0.,-1.));
#3299 = ORIENTED_EDGE('',*,*,#3300,.T.);
#3300 = EDGE_CURVE('',#3292,#3301,#3303,.T.);
#3301 = VERTEX_POINT('',#3302);
#3302 = CARTESIAN_POINT('',(-2.646201938253,1.17,0.418412044417));
#3303 = LINE('',#3304,#3305);
#3304 = CARTESIAN_POINT('',(-2.673560097287,1.17,0.232635182233));
#3305 = VECTOR('',#3306,1.);
#3306 = DIRECTION('',(0.145692235845,-1.667065554401E-18,0.989329961345)
  );
#3307 = ORIENTED_EDGE('',*,*,#3308,.T.);
#3308 = EDGE_CURVE('',#3301,#3309,#3311,.T.);
#3309 = VERTEX_POINT('',#3310);
#3310 = CARTESIAN_POINT('',(-2.4,1.17,0.625));
#3311 = CIRCLE('',#3312,0.25);
#3312 = AXIS2_PLACEMENT_3D('',#3313,#3314,#3315);
#3313 = CARTESIAN_POINT('',(-2.4,1.17,0.375));
#3314 = DIRECTION('',(1.144237745222E-17,1.,-3.851859888774E-34));
#3315 = DIRECTION('',(-0.984807753012,1.126854202784E-17,0.173648177667)
  );
#3316 = ORIENTED_EDGE('',*,*,#3317,.T.);
#3317 = EDGE_CURVE('',#3309,#1010,#3318,.T.);
#3318 = LINE('',#3319,#3320);
#3319 = CARTESIAN_POINT('',(-2.4,1.17,0.625));
#3320 = VECTOR('',#3321,1.);
#3321 = DIRECTION('',(1.,-1.144237745222E-17,0.));
#3322 = PLANE('',#3323);
#3323 = AXIS2_PLACEMENT_3D('',#3324,#3325,#3326);
#3324 = CARTESIAN_POINT('',(-2.637615762047,1.17,0.292893776214));
#3325 = DIRECTION('',(1.144237745222E-17,1.,0.));
#3326 = DIRECTION('',(0.,-0.,1.));
#3327 = ADVANCED_FACE('',(#3328),#3347,.F.);
#3328 = FACE_BOUND('',#3329,.F.);
#3329 = EDGE_LOOP('',(#3330,#3331,#3340,#3346));
#3330 = ORIENTED_EDGE('',*,*,#1048,.T.);
#3331 = ORIENTED_EDGE('',*,*,#3332,.T.);
#3332 = EDGE_CURVE('',#1041,#3333,#3335,.T.);
#3333 = VERTEX_POINT('',#3334);
#3334 = CARTESIAN_POINT('',(-2.498480775301,1.43,0.392364817767));
#3335 = CIRCLE('',#3336,0.1);
#3336 = AXIS2_PLACEMENT_3D('',#3337,#3338,#3339);
#3337 = CARTESIAN_POINT('',(-2.4,1.43,0.375));
#3338 = DIRECTION('',(-1.144237745222E-17,-1.,4.379057701015E-47));
#3339 = DIRECTION('',(-4.440892098501E-15,5.081436361563E-32,1.));
#3340 = ORIENTED_EDGE('',*,*,#3341,.F.);
#3341 = EDGE_CURVE('',#3242,#3333,#3342,.T.);
#3342 = LINE('',#3343,#3344);
#3343 = CARTESIAN_POINT('',(-2.498480775301,1.17,0.392364817767));
#3344 = VECTOR('',#3345,1.);
#3345 = DIRECTION('',(1.144237745222E-17,1.,0.));
#3346 = ORIENTED_EDGE('',*,*,#3241,.F.);
#3347 = CYLINDRICAL_SURFACE('',#3348,0.1);
#3348 = AXIS2_PLACEMENT_3D('',#3349,#3350,#3351);
#3349 = CARTESIAN_POINT('',(-2.4,1.17,0.375));
#3350 = DIRECTION('',(-1.144237745222E-17,-1.,0.));
#3351 = DIRECTION('',(-4.440892098501E-15,5.081436361563E-32,1.));
#3352 = ADVANCED_FACE('',(#3353),#3431,.T.);
#3353 = FACE_BOUND('',#3354,.T.);
#3354 = EDGE_LOOP('',(#3355,#3356,#3357,#3358,#3366,#3375,#3383,#3391,
    #3399,#3408,#3416,#3425));
#3355 = ORIENTED_EDGE('',*,*,#1062,.F.);
#3356 = ORIENTED_EDGE('',*,*,#1040,.T.);
#3357 = ORIENTED_EDGE('',*,*,#3332,.T.);
#3358 = ORIENTED_EDGE('',*,*,#3359,.T.);
#3359 = EDGE_CURVE('',#3333,#3360,#3362,.T.);
#3360 = VERTEX_POINT('',#3361);
#3361 = CARTESIAN_POINT('',(-2.525838934336,1.43,0.206587955583));
#3362 = LINE('',#3363,#3364);
#3363 = CARTESIAN_POINT('',(-2.498480775301,1.43,0.392364817767));
#3364 = VECTOR('',#3365,1.);
#3365 = DIRECTION('',(-0.145692235845,1.667065554401E-18,-0.989329961345
    ));
#3366 = ORIENTED_EDGE('',*,*,#3367,.T.);
#3367 = EDGE_CURVE('',#3360,#3368,#3370,.T.);
#3368 = VERTEX_POINT('',#3369);
#3369 = CARTESIAN_POINT('',(-2.772040872589,1.43,-5.551115123126E-17));
#3370 = CIRCLE('',#3371,0.25);
#3371 = AXIS2_PLACEMENT_3D('',#3372,#3373,#3374);
#3372 = CARTESIAN_POINT('',(-2.772040872589,1.43,0.25));
#3373 = DIRECTION('',(1.144237745222E-17,1.,3.08148791102E-33));
#3374 = DIRECTION('',(0.984807753012,-1.126854202784E-17,-0.173648177667
    ));
#3375 = ORIENTED_EDGE('',*,*,#3376,.T.);
#3376 = EDGE_CURVE('',#3368,#3377,#3379,.T.);
#3377 = VERTEX_POINT('',#3378);
#3378 = CARTESIAN_POINT('',(-3.2,1.43,-5.551115123126E-17));
#3379 = LINE('',#3380,#3381);
#3380 = CARTESIAN_POINT('',(-2.772040872589,1.43,-5.551115123126E-17));
#3381 = VECTOR('',#3382,1.);
#3382 = DIRECTION('',(-1.,1.144237745222E-17,0.));
#3383 = ORIENTED_EDGE('',*,*,#3384,.T.);
#3384 = EDGE_CURVE('',#3377,#3385,#3387,.T.);
#3385 = VERTEX_POINT('',#3386);
#3386 = CARTESIAN_POINT('',(-3.2,1.43,0.15));
#3387 = LINE('',#3388,#3389);
#3388 = CARTESIAN_POINT('',(-3.2,1.43,-5.551115123126E-17));
#3389 = VECTOR('',#3390,1.);
#3390 = DIRECTION('',(0.,0.,1.));
#3391 = ORIENTED_EDGE('',*,*,#3392,.T.);
#3392 = EDGE_CURVE('',#3385,#3393,#3395,.T.);
#3393 = VERTEX_POINT('',#3394);
#3394 = CARTESIAN_POINT('',(-2.772040872589,1.43,0.15));
#3395 = LINE('',#3396,#3397);
#3396 = CARTESIAN_POINT('',(-3.2,1.43,0.15));
#3397 = VECTOR('',#3398,1.);
#3398 = DIRECTION('',(1.,-1.144237745222E-17,0.));
#3399 = ORIENTED_EDGE('',*,*,#3400,.T.);
#3400 = EDGE_CURVE('',#3393,#3401,#3403,.T.);
#3401 = VERTEX_POINT('',#3402);
#3402 = CARTESIAN_POINT('',(-2.673560097287,1.43,0.232635182233));
#3403 = CIRCLE('',#3404,0.1);
#3404 = AXIS2_PLACEMENT_3D('',#3405,#3406,#3407);
#3405 = CARTESIAN_POINT('',(-2.772040872589,1.43,0.25));
#3406 = DIRECTION('',(-1.144237745222E-17,-1.,-0.));
#3407 = DIRECTION('',(0.,0.,-1.));
#3408 = ORIENTED_EDGE('',*,*,#3409,.T.);
#3409 = EDGE_CURVE('',#3401,#3410,#3412,.T.);
#3410 = VERTEX_POINT('',#3411);
#3411 = CARTESIAN_POINT('',(-2.646201938253,1.43,0.418412044417));
#3412 = LINE('',#3413,#3414);
#3413 = CARTESIAN_POINT('',(-2.673560097287,1.43,0.232635182233));
#3414 = VECTOR('',#3415,1.);
#3415 = DIRECTION('',(0.145692235845,-1.667065554401E-18,0.989329961345)
  );
#3416 = ORIENTED_EDGE('',*,*,#3417,.T.);
#3417 = EDGE_CURVE('',#3410,#3418,#3420,.T.);
#3418 = VERTEX_POINT('',#3419);
#3419 = CARTESIAN_POINT('',(-2.4,1.43,0.625));
#3420 = CIRCLE('',#3421,0.25);
#3421 = AXIS2_PLACEMENT_3D('',#3422,#3423,#3424);
#3422 = CARTESIAN_POINT('',(-2.4,1.43,0.375));
#3423 = DIRECTION('',(1.144237745222E-17,1.,-3.851859888774E-34));
#3424 = DIRECTION('',(-0.984807753012,1.126854202784E-17,0.173648177667)
  );
#3425 = ORIENTED_EDGE('',*,*,#3426,.T.);
#3426 = EDGE_CURVE('',#3418,#1063,#3427,.T.);
#3427 = LINE('',#3428,#3429);
#3428 = CARTESIAN_POINT('',(-2.4,1.43,0.625));
#3429 = VECTOR('',#3430,1.);
#3430 = DIRECTION('',(1.,-1.144237745222E-17,0.));
#3431 = PLANE('',#3432);
#3432 = AXIS2_PLACEMENT_3D('',#3433,#3434,#3435);
#3433 = CARTESIAN_POINT('',(-2.637615762047,1.43,0.292893776214));
#3434 = DIRECTION('',(1.144237745222E-17,1.,0.));
#3435 = DIRECTION('',(0.,-0.,1.));
#3436 = ADVANCED_FACE('',(#3437),#3448,.F.);
#3437 = FACE_BOUND('',#3438,.F.);
#3438 = EDGE_LOOP('',(#3439,#3440,#3441,#3442));
#3439 = ORIENTED_EDGE('',*,*,#1079,.T.);
#3440 = ORIENTED_EDGE('',*,*,#1685,.T.);
#3441 = ORIENTED_EDGE('',*,*,#1797,.F.);
#3442 = ORIENTED_EDGE('',*,*,#3443,.F.);
#3443 = EDGE_CURVE('',#1063,#1790,#3444,.T.);
#3444 = LINE('',#3445,#3446);
#3445 = CARTESIAN_POINT('',(-2.4,1.43,0.625));
#3446 = VECTOR('',#3447,1.);
#3447 = DIRECTION('',(1.,-1.144237745222E-17,0.));
#3448 = PLANE('',#3449);
#3449 = AXIS2_PLACEMENT_3D('',#3450,#3451,#3452);
#3450 = CARTESIAN_POINT('',(-3.188450421961E-18,2.475,0.625));
#3451 = DIRECTION('',(0.,0.,-1.));
#3452 = DIRECTION('',(1.,1.111674977262E-16,0.));
#3453 = ADVANCED_FACE('',(#3454),#3533,.F.);
#3454 = FACE_BOUND('',#3455,.F.);
#3455 = EDGE_LOOP('',(#3456,#3457,#3458,#3467,#3475,#3484,#3492,#3500,
    #3508,#3517,#3525,#3532));
#3456 = ORIENTED_EDGE('',*,*,#1071,.F.);
#3457 = ORIENTED_EDGE('',*,*,#1093,.T.);
#3458 = ORIENTED_EDGE('',*,*,#3459,.T.);
#3459 = EDGE_CURVE('',#1094,#3460,#3462,.T.);
#3460 = VERTEX_POINT('',#3461);
#3461 = CARTESIAN_POINT('',(-2.498480775301,1.82,0.392364817767));
#3462 = CIRCLE('',#3463,0.1);
#3463 = AXIS2_PLACEMENT_3D('',#3464,#3465,#3466);
#3464 = CARTESIAN_POINT('',(-2.4,1.82,0.375));
#3465 = DIRECTION('',(-1.144237745222E-17,-1.,4.379057701015E-47));
#3466 = DIRECTION('',(-4.440892098501E-15,5.081436361563E-32,1.));
#3467 = ORIENTED_EDGE('',*,*,#3468,.T.);
#3468 = EDGE_CURVE('',#3460,#3469,#3471,.T.);
#3469 = VERTEX_POINT('',#3470);
#3470 = CARTESIAN_POINT('',(-2.525838934336,1.82,0.206587955583));
#3471 = LINE('',#3472,#3473);
#3472 = CARTESIAN_POINT('',(-2.498480775301,1.82,0.392364817767));
#3473 = VECTOR('',#3474,1.);
#3474 = DIRECTION('',(-0.145692235845,1.667065554401E-18,-0.989329961345
    ));
#3475 = ORIENTED_EDGE('',*,*,#3476,.T.);
#3476 = EDGE_CURVE('',#3469,#3477,#3479,.T.);
#3477 = VERTEX_POINT('',#3478);
#3478 = CARTESIAN_POINT('',(-2.772040872589,1.82,-5.551115123126E-17));
#3479 = CIRCLE('',#3480,0.25);
#3480 = AXIS2_PLACEMENT_3D('',#3481,#3482,#3483);
#3481 = CARTESIAN_POINT('',(-2.772040872589,1.82,0.25));
#3482 = DIRECTION('',(1.144237745222E-17,1.,3.08148791102E-33));
#3483 = DIRECTION('',(0.984807753012,-1.126854202784E-17,-0.173648177667
    ));
#3484 = ORIENTED_EDGE('',*,*,#3485,.T.);
#3485 = EDGE_CURVE('',#3477,#3486,#3488,.T.);
#3486 = VERTEX_POINT('',#3487);
#3487 = CARTESIAN_POINT('',(-3.2,1.82,-5.551115123126E-17));
#3488 = LINE('',#3489,#3490);
#3489 = CARTESIAN_POINT('',(-2.772040872589,1.82,-5.551115123126E-17));
#3490 = VECTOR('',#3491,1.);
#3491 = DIRECTION('',(-1.,1.144237745222E-17,0.));
#3492 = ORIENTED_EDGE('',*,*,#3493,.T.);
#3493 = EDGE_CURVE('',#3486,#3494,#3496,.T.);
#3494 = VERTEX_POINT('',#3495);
#3495 = CARTESIAN_POINT('',(-3.2,1.82,0.15));
#3496 = LINE('',#3497,#3498);
#3497 = CARTESIAN_POINT('',(-3.2,1.82,-5.551115123126E-17));
#3498 = VECTOR('',#3499,1.);
#3499 = DIRECTION('',(0.,0.,1.));
#3500 = ORIENTED_EDGE('',*,*,#3501,.T.);
#3501 = EDGE_CURVE('',#3494,#3502,#3504,.T.);
#3502 = VERTEX_POINT('',#3503);
#3503 = CARTESIAN_POINT('',(-2.772040872589,1.82,0.15));
#3504 = LINE('',#3505,#3506);
#3505 = CARTESIAN_POINT('',(-3.2,1.82,0.15));
#3506 = VECTOR('',#3507,1.);
#3507 = DIRECTION('',(1.,-1.144237745222E-17,0.));
#3508 = ORIENTED_EDGE('',*,*,#3509,.T.);
#3509 = EDGE_CURVE('',#3502,#3510,#3512,.T.);
#3510 = VERTEX_POINT('',#3511);
#3511 = CARTESIAN_POINT('',(-2.673560097287,1.82,0.232635182233));
#3512 = CIRCLE('',#3513,0.1);
#3513 = AXIS2_PLACEMENT_3D('',#3514,#3515,#3516);
#3514 = CARTESIAN_POINT('',(-2.772040872589,1.82,0.25));
#3515 = DIRECTION('',(-1.144237745222E-17,-1.,-0.));
#3516 = DIRECTION('',(0.,0.,-1.));
#3517 = ORIENTED_EDGE('',*,*,#3518,.T.);
#3518 = EDGE_CURVE('',#3510,#3519,#3521,.T.);
#3519 = VERTEX_POINT('',#3520);
#3520 = CARTESIAN_POINT('',(-2.646201938253,1.82,0.418412044417));
#3521 = LINE('',#3522,#3523);
#3522 = CARTESIAN_POINT('',(-2.673560097287,1.82,0.232635182233));
#3523 = VECTOR('',#3524,1.);
#3524 = DIRECTION('',(0.145692235845,-1.667065554401E-18,0.989329961345)
  );
#3525 = ORIENTED_EDGE('',*,*,#3526,.T.);
#3526 = EDGE_CURVE('',#3519,#1655,#3527,.T.);
#3527 = CIRCLE('',#3528,0.25);
#3528 = AXIS2_PLACEMENT_3D('',#3529,#3530,#3531);
#3529 = CARTESIAN_POINT('',(-2.4,1.82,0.375));
#3530 = DIRECTION('',(1.144237745222E-17,1.,-3.851859888774E-34));
#3531 = DIRECTION('',(-0.984807753012,1.126854202784E-17,0.173648177667)
  );
#3532 = ORIENTED_EDGE('',*,*,#1654,.T.);
#3533 = PLANE('',#3534);
#3534 = AXIS2_PLACEMENT_3D('',#3535,#3536,#3537);
#3535 = CARTESIAN_POINT('',(-2.637615762047,1.82,0.292893776214));
#3536 = DIRECTION('',(1.144237745222E-17,1.,0.));
#3537 = DIRECTION('',(0.,-0.,1.));
#3538 = ADVANCED_FACE('',(#3539),#3558,.F.);
#3539 = FACE_BOUND('',#3540,.F.);
#3540 = EDGE_LOOP('',(#3541,#3542,#3551,#3557));
#3541 = ORIENTED_EDGE('',*,*,#1110,.T.);
#3542 = ORIENTED_EDGE('',*,*,#3543,.T.);
#3543 = EDGE_CURVE('',#1103,#3544,#3546,.T.);
#3544 = VERTEX_POINT('',#3545);
#3545 = CARTESIAN_POINT('',(-2.498480775301,2.08,0.392364817767));
#3546 = CIRCLE('',#3547,0.1);
#3547 = AXIS2_PLACEMENT_3D('',#3548,#3549,#3550);
#3548 = CARTESIAN_POINT('',(-2.4,2.08,0.375));
#3549 = DIRECTION('',(-1.144237745222E-17,-1.,4.379057701015E-47));
#3550 = DIRECTION('',(-4.440892098501E-15,5.081436361563E-32,1.));
#3551 = ORIENTED_EDGE('',*,*,#3552,.F.);
#3552 = EDGE_CURVE('',#3460,#3544,#3553,.T.);
#3553 = LINE('',#3554,#3555);
#3554 = CARTESIAN_POINT('',(-2.498480775301,1.82,0.392364817767));
#3555 = VECTOR('',#3556,1.);
#3556 = DIRECTION('',(1.144237745222E-17,1.,0.));
#3557 = ORIENTED_EDGE('',*,*,#3459,.F.);
#3558 = CYLINDRICAL_SURFACE('',#3559,0.1);
#3559 = AXIS2_PLACEMENT_3D('',#3560,#3561,#3562);
#3560 = CARTESIAN_POINT('',(-2.4,1.82,0.375));
#3561 = DIRECTION('',(-1.144237745222E-17,-1.,0.));
#3562 = DIRECTION('',(-4.440892098501E-15,5.081436361563E-32,1.));
#3563 = ADVANCED_FACE('',(#3564),#3635,.T.);
#3564 = FACE_BOUND('',#3565,.T.);
#3565 = EDGE_LOOP('',(#3566,#3567,#3568,#3569,#3577,#3586,#3594,#3602,
    #3610,#3619,#3627,#3634));
#3566 = ORIENTED_EDGE('',*,*,#1124,.F.);
#3567 = ORIENTED_EDGE('',*,*,#1102,.T.);
#3568 = ORIENTED_EDGE('',*,*,#3543,.T.);
#3569 = ORIENTED_EDGE('',*,*,#3570,.T.);
#3570 = EDGE_CURVE('',#3544,#3571,#3573,.T.);
#3571 = VERTEX_POINT('',#3572);
#3572 = CARTESIAN_POINT('',(-2.525838934336,2.08,0.206587955583));
#3573 = LINE('',#3574,#3575);
#3574 = CARTESIAN_POINT('',(-2.498480775301,2.08,0.392364817767));
#3575 = VECTOR('',#3576,1.);
#3576 = DIRECTION('',(-0.145692235845,1.667065554401E-18,-0.989329961345
    ));
#3577 = ORIENTED_EDGE('',*,*,#3578,.T.);
#3578 = EDGE_CURVE('',#3571,#3579,#3581,.T.);
#3579 = VERTEX_POINT('',#3580);
#3580 = CARTESIAN_POINT('',(-2.772040872589,2.08,-5.551115123126E-17));
#3581 = CIRCLE('',#3582,0.25);
#3582 = AXIS2_PLACEMENT_3D('',#3583,#3584,#3585);
#3583 = CARTESIAN_POINT('',(-2.772040872589,2.08,0.25));
#3584 = DIRECTION('',(1.144237745222E-17,1.,3.08148791102E-33));
#3585 = DIRECTION('',(0.984807753012,-1.126854202784E-17,-0.173648177667
    ));
#3586 = ORIENTED_EDGE('',*,*,#3587,.T.);
#3587 = EDGE_CURVE('',#3579,#3588,#3590,.T.);
#3588 = VERTEX_POINT('',#3589);
#3589 = CARTESIAN_POINT('',(-3.2,2.08,-5.551115123126E-17));
#3590 = LINE('',#3591,#3592);
#3591 = CARTESIAN_POINT('',(-2.772040872589,2.08,-5.551115123126E-17));
#3592 = VECTOR('',#3593,1.);
#3593 = DIRECTION('',(-1.,1.144237745222E-17,0.));
#3594 = ORIENTED_EDGE('',*,*,#3595,.T.);
#3595 = EDGE_CURVE('',#3588,#3596,#3598,.T.);
#3596 = VERTEX_POINT('',#3597);
#3597 = CARTESIAN_POINT('',(-3.2,2.08,0.15));
#3598 = LINE('',#3599,#3600);
#3599 = CARTESIAN_POINT('',(-3.2,2.08,-5.551115123126E-17));
#3600 = VECTOR('',#3601,1.);
#3601 = DIRECTION('',(0.,0.,1.));
#3602 = ORIENTED_EDGE('',*,*,#3603,.T.);
#3603 = EDGE_CURVE('',#3596,#3604,#3606,.T.);
#3604 = VERTEX_POINT('',#3605);
#3605 = CARTESIAN_POINT('',(-2.772040872589,2.08,0.15));
#3606 = LINE('',#3607,#3608);
#3607 = CARTESIAN_POINT('',(-3.2,2.08,0.15));
#3608 = VECTOR('',#3609,1.);
#3609 = DIRECTION('',(1.,-1.144237745222E-17,0.));
#3610 = ORIENTED_EDGE('',*,*,#3611,.T.);
#3611 = EDGE_CURVE('',#3604,#3612,#3614,.T.);
#3612 = VERTEX_POINT('',#3613);
#3613 = CARTESIAN_POINT('',(-2.673560097287,2.08,0.232635182233));
#3614 = CIRCLE('',#3615,0.1);
#3615 = AXIS2_PLACEMENT_3D('',#3616,#3617,#3618);
#3616 = CARTESIAN_POINT('',(-2.772040872589,2.08,0.25));
#3617 = DIRECTION('',(-1.144237745222E-17,-1.,-0.));
#3618 = DIRECTION('',(0.,0.,-1.));
#3619 = ORIENTED_EDGE('',*,*,#3620,.T.);
#3620 = EDGE_CURVE('',#3612,#3621,#3623,.T.);
#3621 = VERTEX_POINT('',#3622);
#3622 = CARTESIAN_POINT('',(-2.646201938253,2.08,0.418412044417));
#3623 = LINE('',#3624,#3625);
#3624 = CARTESIAN_POINT('',(-2.673560097287,2.08,0.232635182233));
#3625 = VECTOR('',#3626,1.);
#3626 = DIRECTION('',(0.145692235845,-1.667065554401E-18,0.989329961345)
  );
#3627 = ORIENTED_EDGE('',*,*,#3628,.T.);
#3628 = EDGE_CURVE('',#3621,#1663,#3629,.T.);
#3629 = CIRCLE('',#3630,0.25);
#3630 = AXIS2_PLACEMENT_3D('',#3631,#3632,#3633);
#3631 = CARTESIAN_POINT('',(-2.4,2.08,0.375));
#3632 = DIRECTION('',(1.144237745222E-17,1.,-3.851859888774E-34));
#3633 = DIRECTION('',(-0.984807753012,1.126854202784E-17,0.173648177667)
  );
#3634 = ORIENTED_EDGE('',*,*,#1670,.T.);
#3635 = PLANE('',#3636);
#3636 = AXIS2_PLACEMENT_3D('',#3637,#3638,#3639);
#3637 = CARTESIAN_POINT('',(-2.637615762047,2.08,0.292893776214));
#3638 = DIRECTION('',(1.144237745222E-17,1.,0.));
#3639 = DIRECTION('',(0.,-0.,1.));
#3640 = ADVANCED_FACE('',(#3641),#3720,.F.);
#3641 = FACE_BOUND('',#3642,.F.);
#3642 = EDGE_LOOP('',(#3643,#3644,#3645,#3654,#3662,#3671,#3679,#3687,
    #3695,#3704,#3712,#3719));
#3643 = ORIENTED_EDGE('',*,*,#1143,.F.);
#3644 = ORIENTED_EDGE('',*,*,#1158,.T.);
#3645 = ORIENTED_EDGE('',*,*,#3646,.T.);
#3646 = EDGE_CURVE('',#1159,#3647,#3649,.T.);
#3647 = VERTEX_POINT('',#3648);
#3648 = CARTESIAN_POINT('',(2.498480775301,2.08,0.392364817767));
#3649 = CIRCLE('',#3650,0.1);
#3650 = AXIS2_PLACEMENT_3D('',#3651,#3652,#3653);
#3651 = CARTESIAN_POINT('',(2.4,2.08,0.375));
#3652 = DIRECTION('',(-1.110223024625E-16,1.,0.));
#3653 = DIRECTION('',(4.440892098501E-15,4.930380657631E-31,1.));
#3654 = ORIENTED_EDGE('',*,*,#3655,.T.);
#3655 = EDGE_CURVE('',#3647,#3656,#3658,.T.);
#3656 = VERTEX_POINT('',#3657);
#3657 = CARTESIAN_POINT('',(2.525838934336,2.08,0.206587955583));
#3658 = LINE('',#3659,#3660);
#3659 = CARTESIAN_POINT('',(2.498480775301,2.08,0.392364817767));
#3660 = VECTOR('',#3661,1.);
#3661 = DIRECTION('',(0.145692235845,1.617508747447E-17,-0.989329961345)
  );
#3662 = ORIENTED_EDGE('',*,*,#3663,.T.);
#3663 = EDGE_CURVE('',#3656,#3664,#3666,.T.);
#3664 = VERTEX_POINT('',#3665);
#3665 = CARTESIAN_POINT('',(2.772040872589,2.08,-5.551115123126E-17));
#3666 = CIRCLE('',#3667,0.25);
#3667 = AXIS2_PLACEMENT_3D('',#3668,#3669,#3670);
#3668 = CARTESIAN_POINT('',(2.772040872589,2.08,0.25));
#3669 = DIRECTION('',(1.110223024625E-16,-1.,0.));
#3670 = DIRECTION('',(-0.984807753012,-1.093356242223E-16,
    -0.173648177667));
#3671 = ORIENTED_EDGE('',*,*,#3672,.T.);
#3672 = EDGE_CURVE('',#3664,#3673,#3675,.T.);
#3673 = VERTEX_POINT('',#3674);
#3674 = CARTESIAN_POINT('',(3.2,2.08,-5.551115123126E-17));
#3675 = LINE('',#3676,#3677);
#3676 = CARTESIAN_POINT('',(2.772040872589,2.08,-5.551115123126E-17));
#3677 = VECTOR('',#3678,1.);
#3678 = DIRECTION('',(1.,1.110223024625E-16,0.));
#3679 = ORIENTED_EDGE('',*,*,#3680,.T.);
#3680 = EDGE_CURVE('',#3673,#3681,#3683,.T.);
#3681 = VERTEX_POINT('',#3682);
#3682 = CARTESIAN_POINT('',(3.2,2.08,0.15));
#3683 = LINE('',#3684,#3685);
#3684 = CARTESIAN_POINT('',(3.2,2.08,-5.551115123126E-17));
#3685 = VECTOR('',#3686,1.);
#3686 = DIRECTION('',(0.,0.,1.));
#3687 = ORIENTED_EDGE('',*,*,#3688,.T.);
#3688 = EDGE_CURVE('',#3681,#3689,#3691,.T.);
#3689 = VERTEX_POINT('',#3690);
#3690 = CARTESIAN_POINT('',(2.772040872589,2.08,0.15));
#3691 = LINE('',#3692,#3693);
#3692 = CARTESIAN_POINT('',(3.2,2.08,0.15));
#3693 = VECTOR('',#3694,1.);
#3694 = DIRECTION('',(-1.,-1.110223024625E-16,0.));
#3695 = ORIENTED_EDGE('',*,*,#3696,.T.);
#3696 = EDGE_CURVE('',#3689,#3697,#3699,.T.);
#3697 = VERTEX_POINT('',#3698);
#3698 = CARTESIAN_POINT('',(2.673560097287,2.08,0.232635182233));
#3699 = CIRCLE('',#3700,0.1);
#3700 = AXIS2_PLACEMENT_3D('',#3701,#3702,#3703);
#3701 = CARTESIAN_POINT('',(2.772040872589,2.08,0.25));
#3702 = DIRECTION('',(-1.110223024625E-16,1.,0.));
#3703 = DIRECTION('',(0.,0.,-1.));
#3704 = ORIENTED_EDGE('',*,*,#3705,.T.);
#3705 = EDGE_CURVE('',#3697,#3706,#3708,.T.);
#3706 = VERTEX_POINT('',#3707);
#3707 = CARTESIAN_POINT('',(2.646201938253,2.08,0.418412044417));
#3708 = LINE('',#3709,#3710);
#3709 = CARTESIAN_POINT('',(2.673560097287,2.08,0.232635182233));
#3710 = VECTOR('',#3711,1.);
#3711 = DIRECTION('',(-0.145692235845,-1.617508747447E-17,0.989329961345
    ));
#3712 = ORIENTED_EDGE('',*,*,#3713,.T.);
#3713 = EDGE_CURVE('',#3706,#2038,#3714,.T.);
#3714 = CIRCLE('',#3715,0.25);
#3715 = AXIS2_PLACEMENT_3D('',#3716,#3717,#3718);
#3716 = CARTESIAN_POINT('',(2.4,2.08,0.375));
#3717 = DIRECTION('',(1.110223024625E-16,-1.,0.));
#3718 = DIRECTION('',(0.984807753012,1.093356242223E-16,0.173648177667)
  );
#3719 = ORIENTED_EDGE('',*,*,#2037,.T.);
#3720 = PLANE('',#3721);
#3721 = AXIS2_PLACEMENT_3D('',#3722,#3723,#3724);
#3722 = CARTESIAN_POINT('',(2.637615762047,2.08,0.292893776214));
#3723 = DIRECTION('',(1.110223024625E-16,-1.,0.));
#3724 = DIRECTION('',(0.,0.,1.));
#3725 = ADVANCED_FACE('',(#3726),#3745,.F.);
#3726 = FACE_BOUND('',#3727,.F.);
#3727 = EDGE_LOOP('',(#3728,#3729,#3738,#3744));
#3728 = ORIENTED_EDGE('',*,*,#1175,.T.);
#3729 = ORIENTED_EDGE('',*,*,#3730,.T.);
#3730 = EDGE_CURVE('',#1168,#3731,#3733,.T.);
#3731 = VERTEX_POINT('',#3732);
#3732 = CARTESIAN_POINT('',(2.498480775301,1.82,0.392364817767));
#3733 = CIRCLE('',#3734,0.1);
#3734 = AXIS2_PLACEMENT_3D('',#3735,#3736,#3737);
#3735 = CARTESIAN_POINT('',(2.4,1.82,0.375));
#3736 = DIRECTION('',(-1.110223024625E-16,1.,0.));
#3737 = DIRECTION('',(4.440892098501E-15,4.930380657631E-31,1.));
#3738 = ORIENTED_EDGE('',*,*,#3739,.F.);
#3739 = EDGE_CURVE('',#3647,#3731,#3740,.T.);
#3740 = LINE('',#3741,#3742);
#3741 = CARTESIAN_POINT('',(2.498480775301,2.08,0.392364817767));
#3742 = VECTOR('',#3743,1.);
#3743 = DIRECTION('',(1.110223024625E-16,-1.,0.));
#3744 = ORIENTED_EDGE('',*,*,#3646,.F.);
#3745 = CYLINDRICAL_SURFACE('',#3746,0.1);
#3746 = AXIS2_PLACEMENT_3D('',#3747,#3748,#3749);
#3747 = CARTESIAN_POINT('',(2.4,2.08,0.375));
#3748 = DIRECTION('',(-1.110223024625E-16,1.,0.));
#3749 = DIRECTION('',(4.440892098501E-15,4.930380657631E-31,1.));
#3750 = ADVANCED_FACE('',(#3751),#3822,.T.);
#3751 = FACE_BOUND('',#3752,.T.);
#3752 = EDGE_LOOP('',(#3753,#3754,#3755,#3756,#3764,#3773,#3781,#3789,
    #3797,#3806,#3814,#3821));
#3753 = ORIENTED_EDGE('',*,*,#1189,.F.);
#3754 = ORIENTED_EDGE('',*,*,#1167,.T.);
#3755 = ORIENTED_EDGE('',*,*,#3730,.T.);
#3756 = ORIENTED_EDGE('',*,*,#3757,.T.);
#3757 = EDGE_CURVE('',#3731,#3758,#3760,.T.);
#3758 = VERTEX_POINT('',#3759);
#3759 = CARTESIAN_POINT('',(2.525838934336,1.82,0.206587955583));
#3760 = LINE('',#3761,#3762);
#3761 = CARTESIAN_POINT('',(2.498480775301,1.82,0.392364817767));
#3762 = VECTOR('',#3763,1.);
#3763 = DIRECTION('',(0.145692235845,1.617508747447E-17,-0.989329961345)
  );
#3764 = ORIENTED_EDGE('',*,*,#3765,.T.);
#3765 = EDGE_CURVE('',#3758,#3766,#3768,.T.);
#3766 = VERTEX_POINT('',#3767);
#3767 = CARTESIAN_POINT('',(2.772040872589,1.82,-5.551115123126E-17));
#3768 = CIRCLE('',#3769,0.25);
#3769 = AXIS2_PLACEMENT_3D('',#3770,#3771,#3772);
#3770 = CARTESIAN_POINT('',(2.772040872589,1.82,0.25));
#3771 = DIRECTION('',(1.110223024625E-16,-1.,0.));
#3772 = DIRECTION('',(-0.984807753012,-1.093356242223E-16,
    -0.173648177667));
#3773 = ORIENTED_EDGE('',*,*,#3774,.T.);
#3774 = EDGE_CURVE('',#3766,#3775,#3777,.T.);
#3775 = VERTEX_POINT('',#3776);
#3776 = CARTESIAN_POINT('',(3.2,1.82,-5.551115123126E-17));
#3777 = LINE('',#3778,#3779);
#3778 = CARTESIAN_POINT('',(2.772040872589,1.82,-5.551115123126E-17));
#3779 = VECTOR('',#3780,1.);
#3780 = DIRECTION('',(1.,1.110223024625E-16,0.));
#3781 = ORIENTED_EDGE('',*,*,#3782,.T.);
#3782 = EDGE_CURVE('',#3775,#3783,#3785,.T.);
#3783 = VERTEX_POINT('',#3784);
#3784 = CARTESIAN_POINT('',(3.2,1.82,0.15));
#3785 = LINE('',#3786,#3787);
#3786 = CARTESIAN_POINT('',(3.2,1.82,-5.551115123126E-17));
#3787 = VECTOR('',#3788,1.);
#3788 = DIRECTION('',(0.,0.,1.));
#3789 = ORIENTED_EDGE('',*,*,#3790,.T.);
#3790 = EDGE_CURVE('',#3783,#3791,#3793,.T.);
#3791 = VERTEX_POINT('',#3792);
#3792 = CARTESIAN_POINT('',(2.772040872589,1.82,0.15));
#3793 = LINE('',#3794,#3795);
#3794 = CARTESIAN_POINT('',(3.2,1.82,0.15));
#3795 = VECTOR('',#3796,1.);
#3796 = DIRECTION('',(-1.,-1.110223024625E-16,0.));
#3797 = ORIENTED_EDGE('',*,*,#3798,.T.);
#3798 = EDGE_CURVE('',#3791,#3799,#3801,.T.);
#3799 = VERTEX_POINT('',#3800);
#3800 = CARTESIAN_POINT('',(2.673560097287,1.82,0.232635182233));
#3801 = CIRCLE('',#3802,0.1);
#3802 = AXIS2_PLACEMENT_3D('',#3803,#3804,#3805);
#3803 = CARTESIAN_POINT('',(2.772040872589,1.82,0.25));
#3804 = DIRECTION('',(-1.110223024625E-16,1.,0.));
#3805 = DIRECTION('',(0.,0.,-1.));
#3806 = ORIENTED_EDGE('',*,*,#3807,.T.);
#3807 = EDGE_CURVE('',#3799,#3808,#3810,.T.);
#3808 = VERTEX_POINT('',#3809);
#3809 = CARTESIAN_POINT('',(2.646201938253,1.82,0.418412044417));
#3810 = LINE('',#3811,#3812);
#3811 = CARTESIAN_POINT('',(2.673560097287,1.82,0.232635182233));
#3812 = VECTOR('',#3813,1.);
#3813 = DIRECTION('',(-0.145692235845,-1.617508747447E-17,0.989329961345
    ));
#3814 = ORIENTED_EDGE('',*,*,#3815,.T.);
#3815 = EDGE_CURVE('',#3808,#2046,#3816,.T.);
#3816 = CIRCLE('',#3817,0.25);
#3817 = AXIS2_PLACEMENT_3D('',#3818,#3819,#3820);
#3818 = CARTESIAN_POINT('',(2.4,1.82,0.375));
#3819 = DIRECTION('',(1.110223024625E-16,-1.,0.));
#3820 = DIRECTION('',(0.984807753012,1.093356242223E-16,0.173648177667)
  );
#3821 = ORIENTED_EDGE('',*,*,#2053,.T.);
#3822 = PLANE('',#3823);
#3823 = AXIS2_PLACEMENT_3D('',#3824,#3825,#3826);
#3824 = CARTESIAN_POINT('',(2.637615762047,1.82,0.292893776214));
#3825 = DIRECTION('',(1.110223024625E-16,-1.,0.));
#3826 = DIRECTION('',(0.,0.,1.));
#3827 = ADVANCED_FACE('',(#3828),#3839,.F.);
#3828 = FACE_BOUND('',#3829,.F.);
#3829 = EDGE_LOOP('',(#3830,#3831,#3832,#3838));
#3830 = ORIENTED_EDGE('',*,*,#2059,.F.);
#3831 = ORIENTED_EDGE('',*,*,#1206,.T.);
#3832 = ORIENTED_EDGE('',*,*,#3833,.T.);
#3833 = EDGE_CURVE('',#1199,#1912,#3834,.T.);
#3834 = LINE('',#3835,#3836);
#3835 = CARTESIAN_POINT('',(2.4,1.43,0.625));
#3836 = VECTOR('',#3837,1.);
#3837 = DIRECTION('',(-1.,-1.110223024625E-16,0.));
#3838 = ORIENTED_EDGE('',*,*,#1911,.F.);
#3839 = PLANE('',#3840);
#3840 = AXIS2_PLACEMENT_3D('',#3841,#3842,#3843);
#3841 = CARTESIAN_POINT('',(-3.188450421961E-18,2.475,0.625));
#3842 = DIRECTION('',(0.,0.,-1.));
#3843 = DIRECTION('',(1.,1.111674977262E-16,0.));
#3844 = ADVANCED_FACE('',(#3845),#3931,.F.);
#3845 = FACE_BOUND('',#3846,.F.);
#3846 = EDGE_LOOP('',(#3847,#3848,#3849,#3858,#3866,#3875,#3883,#3891,
    #3899,#3908,#3916,#3925));
#3847 = ORIENTED_EDGE('',*,*,#1198,.F.);
#3848 = ORIENTED_EDGE('',*,*,#1220,.T.);
#3849 = ORIENTED_EDGE('',*,*,#3850,.T.);
#3850 = EDGE_CURVE('',#1221,#3851,#3853,.T.);
#3851 = VERTEX_POINT('',#3852);
#3852 = CARTESIAN_POINT('',(2.498480775301,1.43,0.392364817767));
#3853 = CIRCLE('',#3854,0.1);
#3854 = AXIS2_PLACEMENT_3D('',#3855,#3856,#3857);
#3855 = CARTESIAN_POINT('',(2.4,1.43,0.375));
#3856 = DIRECTION('',(-1.110223024625E-16,1.,0.));
#3857 = DIRECTION('',(4.440892098501E-15,4.930380657631E-31,1.));
#3858 = ORIENTED_EDGE('',*,*,#3859,.T.);
#3859 = EDGE_CURVE('',#3851,#3860,#3862,.T.);
#3860 = VERTEX_POINT('',#3861);
#3861 = CARTESIAN_POINT('',(2.525838934336,1.43,0.206587955583));
#3862 = LINE('',#3863,#3864);
#3863 = CARTESIAN_POINT('',(2.498480775301,1.43,0.392364817767));
#3864 = VECTOR('',#3865,1.);
#3865 = DIRECTION('',(0.145692235845,1.617508747447E-17,-0.989329961345)
  );
#3866 = ORIENTED_EDGE('',*,*,#3867,.T.);
#3867 = EDGE_CURVE('',#3860,#3868,#3870,.T.);
#3868 = VERTEX_POINT('',#3869);
#3869 = CARTESIAN_POINT('',(2.772040872589,1.43,-5.551115123126E-17));
#3870 = CIRCLE('',#3871,0.25);
#3871 = AXIS2_PLACEMENT_3D('',#3872,#3873,#3874);
#3872 = CARTESIAN_POINT('',(2.772040872589,1.43,0.25));
#3873 = DIRECTION('',(1.110223024625E-16,-1.,0.));
#3874 = DIRECTION('',(-0.984807753012,-1.093356242223E-16,
    -0.173648177667));
#3875 = ORIENTED_EDGE('',*,*,#3876,.T.);
#3876 = EDGE_CURVE('',#3868,#3877,#3879,.T.);
#3877 = VERTEX_POINT('',#3878);
#3878 = CARTESIAN_POINT('',(3.2,1.43,-5.551115123126E-17));
#3879 = LINE('',#3880,#3881);
#3880 = CARTESIAN_POINT('',(2.772040872589,1.43,-5.551115123126E-17));
#3881 = VECTOR('',#3882,1.);
#3882 = DIRECTION('',(1.,1.110223024625E-16,0.));
#3883 = ORIENTED_EDGE('',*,*,#3884,.T.);
#3884 = EDGE_CURVE('',#3877,#3885,#3887,.T.);
#3885 = VERTEX_POINT('',#3886);
#3886 = CARTESIAN_POINT('',(3.2,1.43,0.15));
#3887 = LINE('',#3888,#3889);
#3888 = CARTESIAN_POINT('',(3.2,1.43,-5.551115123126E-17));
#3889 = VECTOR('',#3890,1.);
#3890 = DIRECTION('',(0.,0.,1.));
#3891 = ORIENTED_EDGE('',*,*,#3892,.T.);
#3892 = EDGE_CURVE('',#3885,#3893,#3895,.T.);
#3893 = VERTEX_POINT('',#3894);
#3894 = CARTESIAN_POINT('',(2.772040872589,1.43,0.15));
#3895 = LINE('',#3896,#3897);
#3896 = CARTESIAN_POINT('',(3.2,1.43,0.15));
#3897 = VECTOR('',#3898,1.);
#3898 = DIRECTION('',(-1.,-1.110223024625E-16,0.));
#3899 = ORIENTED_EDGE('',*,*,#3900,.T.);
#3900 = EDGE_CURVE('',#3893,#3901,#3903,.T.);
#3901 = VERTEX_POINT('',#3902);
#3902 = CARTESIAN_POINT('',(2.673560097287,1.43,0.232635182233));
#3903 = CIRCLE('',#3904,0.1);
#3904 = AXIS2_PLACEMENT_3D('',#3905,#3906,#3907);
#3905 = CARTESIAN_POINT('',(2.772040872589,1.43,0.25));
#3906 = DIRECTION('',(-1.110223024625E-16,1.,0.));
#3907 = DIRECTION('',(0.,0.,-1.));
#3908 = ORIENTED_EDGE('',*,*,#3909,.T.);
#3909 = EDGE_CURVE('',#3901,#3910,#3912,.T.);
#3910 = VERTEX_POINT('',#3911);
#3911 = CARTESIAN_POINT('',(2.646201938253,1.43,0.418412044417));
#3912 = LINE('',#3913,#3914);
#3913 = CARTESIAN_POINT('',(2.673560097287,1.43,0.232635182233));
#3914 = VECTOR('',#3915,1.);
#3915 = DIRECTION('',(-0.145692235845,-1.617508747447E-17,0.989329961345
    ));
#3916 = ORIENTED_EDGE('',*,*,#3917,.T.);
#3917 = EDGE_CURVE('',#3910,#3918,#3920,.T.);
#3918 = VERTEX_POINT('',#3919);
#3919 = CARTESIAN_POINT('',(2.4,1.43,0.625));
#3920 = CIRCLE('',#3921,0.25);
#3921 = AXIS2_PLACEMENT_3D('',#3922,#3923,#3924);
#3922 = CARTESIAN_POINT('',(2.4,1.43,0.375));
#3923 = DIRECTION('',(1.110223024625E-16,-1.,0.));
#3924 = DIRECTION('',(0.984807753012,1.093356242223E-16,0.173648177667)
  );
#3925 = ORIENTED_EDGE('',*,*,#3926,.T.);
#3926 = EDGE_CURVE('',#3918,#1199,#3927,.T.);
#3927 = LINE('',#3928,#3929);
#3928 = CARTESIAN_POINT('',(2.4,1.43,0.625));
#3929 = VECTOR('',#3930,1.);
#3930 = DIRECTION('',(-1.,-1.110223024625E-16,0.));
#3931 = PLANE('',#3932);
#3932 = AXIS2_PLACEMENT_3D('',#3933,#3934,#3935);
#3933 = CARTESIAN_POINT('',(2.637615762047,1.43,0.292893776214));
#3934 = DIRECTION('',(1.110223024625E-16,-1.,0.));
#3935 = DIRECTION('',(0.,0.,1.));
#3936 = ADVANCED_FACE('',(#3937),#3956,.F.);
#3937 = FACE_BOUND('',#3938,.F.);
#3938 = EDGE_LOOP('',(#3939,#3940,#3949,#3955));
#3939 = ORIENTED_EDGE('',*,*,#1237,.T.);
#3940 = ORIENTED_EDGE('',*,*,#3941,.T.);
#3941 = EDGE_CURVE('',#1230,#3942,#3944,.T.);
#3942 = VERTEX_POINT('',#3943);
#3943 = CARTESIAN_POINT('',(2.498480775301,1.17,0.392364817767));
#3944 = CIRCLE('',#3945,0.1);
#3945 = AXIS2_PLACEMENT_3D('',#3946,#3947,#3948);
#3946 = CARTESIAN_POINT('',(2.4,1.17,0.375));
#3947 = DIRECTION('',(-1.110223024625E-16,1.,0.));
#3948 = DIRECTION('',(4.440892098501E-15,4.930380657631E-31,1.));
#3949 = ORIENTED_EDGE('',*,*,#3950,.F.);
#3950 = EDGE_CURVE('',#3851,#3942,#3951,.T.);
#3951 = LINE('',#3952,#3953);
#3952 = CARTESIAN_POINT('',(2.498480775301,1.43,0.392364817767));
#3953 = VECTOR('',#3954,1.);
#3954 = DIRECTION('',(1.110223024625E-16,-1.,0.));
#3955 = ORIENTED_EDGE('',*,*,#3850,.F.);
#3956 = CYLINDRICAL_SURFACE('',#3957,0.1);
#3957 = AXIS2_PLACEMENT_3D('',#3958,#3959,#3960);
#3958 = CARTESIAN_POINT('',(2.4,1.43,0.375));
#3959 = DIRECTION('',(-1.110223024625E-16,1.,0.));
#3960 = DIRECTION('',(4.440892098501E-15,4.930380657631E-31,1.));
#3961 = ADVANCED_FACE('',(#3962),#4040,.T.);
#3962 = FACE_BOUND('',#3963,.T.);
#3963 = EDGE_LOOP('',(#3964,#3965,#3966,#3967,#3975,#3984,#3992,#4000,
    #4008,#4017,#4025,#4034));
#3964 = ORIENTED_EDGE('',*,*,#1251,.F.);
#3965 = ORIENTED_EDGE('',*,*,#1229,.T.);
#3966 = ORIENTED_EDGE('',*,*,#3941,.T.);
#3967 = ORIENTED_EDGE('',*,*,#3968,.T.);
#3968 = EDGE_CURVE('',#3942,#3969,#3971,.T.);
#3969 = VERTEX_POINT('',#3970);
#3970 = CARTESIAN_POINT('',(2.525838934336,1.17,0.206587955583));
#3971 = LINE('',#3972,#3973);
#3972 = CARTESIAN_POINT('',(2.498480775301,1.17,0.392364817767));
#3973 = VECTOR('',#3974,1.);
#3974 = DIRECTION('',(0.145692235845,1.617508747447E-17,-0.989329961345)
  );
#3975 = ORIENTED_EDGE('',*,*,#3976,.T.);
#3976 = EDGE_CURVE('',#3969,#3977,#3979,.T.);
#3977 = VERTEX_POINT('',#3978);
#3978 = CARTESIAN_POINT('',(2.772040872589,1.17,-5.551115123126E-17));
#3979 = CIRCLE('',#3980,0.25);
#3980 = AXIS2_PLACEMENT_3D('',#3981,#3982,#3983);
#3981 = CARTESIAN_POINT('',(2.772040872589,1.17,0.25));
#3982 = DIRECTION('',(1.110223024625E-16,-1.,0.));
#3983 = DIRECTION('',(-0.984807753012,-1.093356242223E-16,
    -0.173648177667));
#3984 = ORIENTED_EDGE('',*,*,#3985,.T.);
#3985 = EDGE_CURVE('',#3977,#3986,#3988,.T.);
#3986 = VERTEX_POINT('',#3987);
#3987 = CARTESIAN_POINT('',(3.2,1.17,-5.551115123126E-17));
#3988 = LINE('',#3989,#3990);
#3989 = CARTESIAN_POINT('',(2.772040872589,1.17,-5.551115123126E-17));
#3990 = VECTOR('',#3991,1.);
#3991 = DIRECTION('',(1.,1.110223024625E-16,0.));
#3992 = ORIENTED_EDGE('',*,*,#3993,.T.);
#3993 = EDGE_CURVE('',#3986,#3994,#3996,.T.);
#3994 = VERTEX_POINT('',#3995);
#3995 = CARTESIAN_POINT('',(3.2,1.17,0.15));
#3996 = LINE('',#3997,#3998);
#3997 = CARTESIAN_POINT('',(3.2,1.17,-5.551115123126E-17));
#3998 = VECTOR('',#3999,1.);
#3999 = DIRECTION('',(0.,0.,1.));
#4000 = ORIENTED_EDGE('',*,*,#4001,.T.);
#4001 = EDGE_CURVE('',#3994,#4002,#4004,.T.);
#4002 = VERTEX_POINT('',#4003);
#4003 = CARTESIAN_POINT('',(2.772040872589,1.17,0.15));
#4004 = LINE('',#4005,#4006);
#4005 = CARTESIAN_POINT('',(3.2,1.17,0.15));
#4006 = VECTOR('',#4007,1.);
#4007 = DIRECTION('',(-1.,-1.110223024625E-16,0.));
#4008 = ORIENTED_EDGE('',*,*,#4009,.T.);
#4009 = EDGE_CURVE('',#4002,#4010,#4012,.T.);
#4010 = VERTEX_POINT('',#4011);
#4011 = CARTESIAN_POINT('',(2.673560097287,1.17,0.232635182233));
#4012 = CIRCLE('',#4013,0.1);
#4013 = AXIS2_PLACEMENT_3D('',#4014,#4015,#4016);
#4014 = CARTESIAN_POINT('',(2.772040872589,1.17,0.25));
#4015 = DIRECTION('',(-1.110223024625E-16,1.,0.));
#4016 = DIRECTION('',(0.,0.,-1.));
#4017 = ORIENTED_EDGE('',*,*,#4018,.T.);
#4018 = EDGE_CURVE('',#4010,#4019,#4021,.T.);
#4019 = VERTEX_POINT('',#4020);
#4020 = CARTESIAN_POINT('',(2.646201938253,1.17,0.418412044417));
#4021 = LINE('',#4022,#4023);
#4022 = CARTESIAN_POINT('',(2.673560097287,1.17,0.232635182233));
#4023 = VECTOR('',#4024,1.);
#4024 = DIRECTION('',(-0.145692235845,-1.617508747447E-17,0.989329961345
    ));
#4025 = ORIENTED_EDGE('',*,*,#4026,.T.);
#4026 = EDGE_CURVE('',#4019,#4027,#4029,.T.);
#4027 = VERTEX_POINT('',#4028);
#4028 = CARTESIAN_POINT('',(2.4,1.17,0.625));
#4029 = CIRCLE('',#4030,0.25);
#4030 = AXIS2_PLACEMENT_3D('',#4031,#4032,#4033);
#4031 = CARTESIAN_POINT('',(2.4,1.17,0.375));
#4032 = DIRECTION('',(1.110223024625E-16,-1.,0.));
#4033 = DIRECTION('',(0.984807753012,1.093356242223E-16,0.173648177667)
  );
#4034 = ORIENTED_EDGE('',*,*,#4035,.T.);
#4035 = EDGE_CURVE('',#4027,#1252,#4036,.T.);
#4036 = LINE('',#4037,#4038);
#4037 = CARTESIAN_POINT('',(2.4,1.17,0.625));
#4038 = VECTOR('',#4039,1.);
#4039 = DIRECTION('',(-1.,-1.110223024625E-16,0.));
#4040 = PLANE('',#4041);
#4041 = AXIS2_PLACEMENT_3D('',#4042,#4043,#4044);
#4042 = CARTESIAN_POINT('',(2.637615762047,1.17,0.292893776214));
#4043 = DIRECTION('',(1.110223024625E-16,-1.,0.));
#4044 = DIRECTION('',(0.,0.,1.));
#4045 = ADVANCED_FACE('',(#4046),#4062,.F.);
#4046 = FACE_BOUND('',#4047,.F.);
#4047 = EDGE_LOOP('',(#4048,#4054,#4055,#4061));
#4048 = ORIENTED_EDGE('',*,*,#4049,.F.);
#4049 = EDGE_CURVE('',#1252,#1920,#4050,.T.);
#4050 = LINE('',#4051,#4052);
#4051 = CARTESIAN_POINT('',(2.4,1.17,0.625));
#4052 = VECTOR('',#4053,1.);
#4053 = DIRECTION('',(-1.,-1.110223024625E-16,0.));
#4054 = ORIENTED_EDGE('',*,*,#1268,.T.);
#4055 = ORIENTED_EDGE('',*,*,#4056,.T.);
#4056 = EDGE_CURVE('',#1261,#1928,#4057,.T.);
#4057 = LINE('',#4058,#4059);
#4058 = CARTESIAN_POINT('',(2.4,0.78,0.625));
#4059 = VECTOR('',#4060,1.);
#4060 = DIRECTION('',(-1.,-1.110223024625E-16,0.));
#4061 = ORIENTED_EDGE('',*,*,#1927,.F.);
#4062 = PLANE('',#4063);
#4063 = AXIS2_PLACEMENT_3D('',#4064,#4065,#4066);
#4064 = CARTESIAN_POINT('',(-3.188450421961E-18,2.475,0.625));
#4065 = DIRECTION('',(0.,0.,-1.));
#4066 = DIRECTION('',(1.,1.111674977262E-16,0.));
#4067 = ADVANCED_FACE('',(#4068),#4154,.F.);
#4068 = FACE_BOUND('',#4069,.F.);
#4069 = EDGE_LOOP('',(#4070,#4071,#4072,#4081,#4089,#4098,#4106,#4114,
    #4122,#4131,#4139,#4148));
#4070 = ORIENTED_EDGE('',*,*,#1260,.F.);
#4071 = ORIENTED_EDGE('',*,*,#1282,.T.);
#4072 = ORIENTED_EDGE('',*,*,#4073,.T.);
#4073 = EDGE_CURVE('',#1283,#4074,#4076,.T.);
#4074 = VERTEX_POINT('',#4075);
#4075 = CARTESIAN_POINT('',(2.498480775301,0.78,0.392364817767));
#4076 = CIRCLE('',#4077,0.1);
#4077 = AXIS2_PLACEMENT_3D('',#4078,#4079,#4080);
#4078 = CARTESIAN_POINT('',(2.4,0.78,0.375));
#4079 = DIRECTION('',(-1.110223024625E-16,1.,0.));
#4080 = DIRECTION('',(4.440892098501E-15,4.930380657631E-31,1.));
#4081 = ORIENTED_EDGE('',*,*,#4082,.T.);
#4082 = EDGE_CURVE('',#4074,#4083,#4085,.T.);
#4083 = VERTEX_POINT('',#4084);
#4084 = CARTESIAN_POINT('',(2.525838934336,0.78,0.206587955583));
#4085 = LINE('',#4086,#4087);
#4086 = CARTESIAN_POINT('',(2.498480775301,0.78,0.392364817767));
#4087 = VECTOR('',#4088,1.);
#4088 = DIRECTION('',(0.145692235845,1.617508747447E-17,-0.989329961345)
  );
#4089 = ORIENTED_EDGE('',*,*,#4090,.T.);
#4090 = EDGE_CURVE('',#4083,#4091,#4093,.T.);
#4091 = VERTEX_POINT('',#4092);
#4092 = CARTESIAN_POINT('',(2.772040872589,0.78,-5.551115123126E-17));
#4093 = CIRCLE('',#4094,0.25);
#4094 = AXIS2_PLACEMENT_3D('',#4095,#4096,#4097);
#4095 = CARTESIAN_POINT('',(2.772040872589,0.78,0.25));
#4096 = DIRECTION('',(1.110223024625E-16,-1.,0.));
#4097 = DIRECTION('',(-0.984807753012,-1.093356242223E-16,
    -0.173648177667));
#4098 = ORIENTED_EDGE('',*,*,#4099,.T.);
#4099 = EDGE_CURVE('',#4091,#4100,#4102,.T.);
#4100 = VERTEX_POINT('',#4101);
#4101 = CARTESIAN_POINT('',(3.2,0.78,-5.551115123126E-17));
#4102 = LINE('',#4103,#4104);
#4103 = CARTESIAN_POINT('',(2.772040872589,0.78,-5.551115123126E-17));
#4104 = VECTOR('',#4105,1.);
#4105 = DIRECTION('',(1.,1.110223024625E-16,0.));
#4106 = ORIENTED_EDGE('',*,*,#4107,.T.);
#4107 = EDGE_CURVE('',#4100,#4108,#4110,.T.);
#4108 = VERTEX_POINT('',#4109);
#4109 = CARTESIAN_POINT('',(3.2,0.78,0.15));
#4110 = LINE('',#4111,#4112);
#4111 = CARTESIAN_POINT('',(3.2,0.78,-5.551115123126E-17));
#4112 = VECTOR('',#4113,1.);
#4113 = DIRECTION('',(0.,0.,1.));
#4114 = ORIENTED_EDGE('',*,*,#4115,.T.);
#4115 = EDGE_CURVE('',#4108,#4116,#4118,.T.);
#4116 = VERTEX_POINT('',#4117);
#4117 = CARTESIAN_POINT('',(2.772040872589,0.78,0.15));
#4118 = LINE('',#4119,#4120);
#4119 = CARTESIAN_POINT('',(3.2,0.78,0.15));
#4120 = VECTOR('',#4121,1.);
#4121 = DIRECTION('',(-1.,-1.110223024625E-16,0.));
#4122 = ORIENTED_EDGE('',*,*,#4123,.T.);
#4123 = EDGE_CURVE('',#4116,#4124,#4126,.T.);
#4124 = VERTEX_POINT('',#4125);
#4125 = CARTESIAN_POINT('',(2.673560097287,0.78,0.232635182233));
#4126 = CIRCLE('',#4127,0.1);
#4127 = AXIS2_PLACEMENT_3D('',#4128,#4129,#4130);
#4128 = CARTESIAN_POINT('',(2.772040872589,0.78,0.25));
#4129 = DIRECTION('',(-1.110223024625E-16,1.,0.));
#4130 = DIRECTION('',(0.,0.,-1.));
#4131 = ORIENTED_EDGE('',*,*,#4132,.T.);
#4132 = EDGE_CURVE('',#4124,#4133,#4135,.T.);
#4133 = VERTEX_POINT('',#4134);
#4134 = CARTESIAN_POINT('',(2.646201938253,0.78,0.418412044417));
#4135 = LINE('',#4136,#4137);
#4136 = CARTESIAN_POINT('',(2.673560097287,0.78,0.232635182233));
#4137 = VECTOR('',#4138,1.);
#4138 = DIRECTION('',(-0.145692235845,-1.617508747447E-17,0.989329961345
    ));
#4139 = ORIENTED_EDGE('',*,*,#4140,.T.);
#4140 = EDGE_CURVE('',#4133,#4141,#4143,.T.);
#4141 = VERTEX_POINT('',#4142);
#4142 = CARTESIAN_POINT('',(2.4,0.78,0.625));
#4143 = CIRCLE('',#4144,0.25);
#4144 = AXIS2_PLACEMENT_3D('',#4145,#4146,#4147);
#4145 = CARTESIAN_POINT('',(2.4,0.78,0.375));
#4146 = DIRECTION('',(1.110223024625E-16,-1.,0.));
#4147 = DIRECTION('',(0.984807753012,1.093356242223E-16,0.173648177667)
  );
#4148 = ORIENTED_EDGE('',*,*,#4149,.T.);
#4149 = EDGE_CURVE('',#4141,#1261,#4150,.T.);
#4150 = LINE('',#4151,#4152);
#4151 = CARTESIAN_POINT('',(2.4,0.78,0.625));
#4152 = VECTOR('',#4153,1.);
#4153 = DIRECTION('',(-1.,-1.110223024625E-16,0.));
#4154 = PLANE('',#4155);
#4155 = AXIS2_PLACEMENT_3D('',#4156,#4157,#4158);
#4156 = CARTESIAN_POINT('',(2.637615762047,0.78,0.292893776214));
#4157 = DIRECTION('',(1.110223024625E-16,-1.,0.));
#4158 = DIRECTION('',(0.,0.,1.));
#4159 = ADVANCED_FACE('',(#4160),#4179,.F.);
#4160 = FACE_BOUND('',#4161,.F.);
#4161 = EDGE_LOOP('',(#4162,#4163,#4172,#4178));
#4162 = ORIENTED_EDGE('',*,*,#1299,.T.);
#4163 = ORIENTED_EDGE('',*,*,#4164,.T.);
#4164 = EDGE_CURVE('',#1292,#4165,#4167,.T.);
#4165 = VERTEX_POINT('',#4166);
#4166 = CARTESIAN_POINT('',(2.498480775301,0.52,0.392364817767));
#4167 = CIRCLE('',#4168,0.1);
#4168 = AXIS2_PLACEMENT_3D('',#4169,#4170,#4171);
#4169 = CARTESIAN_POINT('',(2.4,0.52,0.375));
#4170 = DIRECTION('',(-1.110223024625E-16,1.,0.));
#4171 = DIRECTION('',(4.440892098501E-15,4.930380657631E-31,1.));
#4172 = ORIENTED_EDGE('',*,*,#4173,.F.);
#4173 = EDGE_CURVE('',#4074,#4165,#4174,.T.);
#4174 = LINE('',#4175,#4176);
#4175 = CARTESIAN_POINT('',(2.498480775301,0.78,0.392364817767));
#4176 = VECTOR('',#4177,1.);
#4177 = DIRECTION('',(1.110223024625E-16,-1.,0.));
#4178 = ORIENTED_EDGE('',*,*,#4073,.F.);
#4179 = CYLINDRICAL_SURFACE('',#4180,0.1);
#4180 = AXIS2_PLACEMENT_3D('',#4181,#4182,#4183);
#4181 = CARTESIAN_POINT('',(2.4,0.78,0.375));
#4182 = DIRECTION('',(-1.110223024625E-16,1.,0.));
#4183 = DIRECTION('',(4.440892098501E-15,4.930380657631E-31,1.));
#4184 = ADVANCED_FACE('',(#4185),#4263,.T.);
#4185 = FACE_BOUND('',#4186,.T.);
#4186 = EDGE_LOOP('',(#4187,#4188,#4189,#4190,#4198,#4207,#4215,#4223,
    #4231,#4240,#4248,#4257));
#4187 = ORIENTED_EDGE('',*,*,#1313,.F.);
#4188 = ORIENTED_EDGE('',*,*,#1291,.T.);
#4189 = ORIENTED_EDGE('',*,*,#4164,.T.);
#4190 = ORIENTED_EDGE('',*,*,#4191,.T.);
#4191 = EDGE_CURVE('',#4165,#4192,#4194,.T.);
#4192 = VERTEX_POINT('',#4193);
#4193 = CARTESIAN_POINT('',(2.525838934336,0.52,0.206587955583));
#4194 = LINE('',#4195,#4196);
#4195 = CARTESIAN_POINT('',(2.498480775301,0.52,0.392364817767));
#4196 = VECTOR('',#4197,1.);
#4197 = DIRECTION('',(0.145692235845,1.617508747447E-17,-0.989329961345)
  );
#4198 = ORIENTED_EDGE('',*,*,#4199,.T.);
#4199 = EDGE_CURVE('',#4192,#4200,#4202,.T.);
#4200 = VERTEX_POINT('',#4201);
#4201 = CARTESIAN_POINT('',(2.772040872589,0.52,-5.551115123126E-17));
#4202 = CIRCLE('',#4203,0.25);
#4203 = AXIS2_PLACEMENT_3D('',#4204,#4205,#4206);
#4204 = CARTESIAN_POINT('',(2.772040872589,0.52,0.25));
#4205 = DIRECTION('',(1.110223024625E-16,-1.,0.));
#4206 = DIRECTION('',(-0.984807753012,-1.093356242223E-16,
    -0.173648177667));
#4207 = ORIENTED_EDGE('',*,*,#4208,.T.);
#4208 = EDGE_CURVE('',#4200,#4209,#4211,.T.);
#4209 = VERTEX_POINT('',#4210);
#4210 = CARTESIAN_POINT('',(3.2,0.52,-5.551115123126E-17));
#4211 = LINE('',#4212,#4213);
#4212 = CARTESIAN_POINT('',(2.772040872589,0.52,-5.551115123126E-17));
#4213 = VECTOR('',#4214,1.);
#4214 = DIRECTION('',(1.,1.110223024625E-16,0.));
#4215 = ORIENTED_EDGE('',*,*,#4216,.T.);
#4216 = EDGE_CURVE('',#4209,#4217,#4219,.T.);
#4217 = VERTEX_POINT('',#4218);
#4218 = CARTESIAN_POINT('',(3.2,0.52,0.15));
#4219 = LINE('',#4220,#4221);
#4220 = CARTESIAN_POINT('',(3.2,0.52,-5.551115123126E-17));
#4221 = VECTOR('',#4222,1.);
#4222 = DIRECTION('',(0.,0.,1.));
#4223 = ORIENTED_EDGE('',*,*,#4224,.T.);
#4224 = EDGE_CURVE('',#4217,#4225,#4227,.T.);
#4225 = VERTEX_POINT('',#4226);
#4226 = CARTESIAN_POINT('',(2.772040872589,0.52,0.15));
#4227 = LINE('',#4228,#4229);
#4228 = CARTESIAN_POINT('',(3.2,0.52,0.15));
#4229 = VECTOR('',#4230,1.);
#4230 = DIRECTION('',(-1.,-1.110223024625E-16,0.));
#4231 = ORIENTED_EDGE('',*,*,#4232,.T.);
#4232 = EDGE_CURVE('',#4225,#4233,#4235,.T.);
#4233 = VERTEX_POINT('',#4234);
#4234 = CARTESIAN_POINT('',(2.673560097287,0.52,0.232635182233));
#4235 = CIRCLE('',#4236,0.1);
#4236 = AXIS2_PLACEMENT_3D('',#4237,#4238,#4239);
#4237 = CARTESIAN_POINT('',(2.772040872589,0.52,0.25));
#4238 = DIRECTION('',(-1.110223024625E-16,1.,0.));
#4239 = DIRECTION('',(0.,0.,-1.));
#4240 = ORIENTED_EDGE('',*,*,#4241,.T.);
#4241 = EDGE_CURVE('',#4233,#4242,#4244,.T.);
#4242 = VERTEX_POINT('',#4243);
#4243 = CARTESIAN_POINT('',(2.646201938253,0.52,0.418412044417));
#4244 = LINE('',#4245,#4246);
#4245 = CARTESIAN_POINT('',(2.673560097287,0.52,0.232635182233));
#4246 = VECTOR('',#4247,1.);
#4247 = DIRECTION('',(-0.145692235845,-1.617508747447E-17,0.989329961345
    ));
#4248 = ORIENTED_EDGE('',*,*,#4249,.T.);
#4249 = EDGE_CURVE('',#4242,#4250,#4252,.T.);
#4250 = VERTEX_POINT('',#4251);
#4251 = CARTESIAN_POINT('',(2.4,0.52,0.625));
#4252 = CIRCLE('',#4253,0.25);
#4253 = AXIS2_PLACEMENT_3D('',#4254,#4255,#4256);
#4254 = CARTESIAN_POINT('',(2.4,0.52,0.375));
#4255 = DIRECTION('',(1.110223024625E-16,-1.,0.));
#4256 = DIRECTION('',(0.984807753012,1.093356242223E-16,0.173648177667)
  );
#4257 = ORIENTED_EDGE('',*,*,#4258,.T.);
#4258 = EDGE_CURVE('',#4250,#1314,#4259,.T.);
#4259 = LINE('',#4260,#4261);
#4260 = CARTESIAN_POINT('',(2.4,0.52,0.625));
#4261 = VECTOR('',#4262,1.);
#4262 = DIRECTION('',(-1.,-1.110223024625E-16,0.));
#4263 = PLANE('',#4264);
#4264 = AXIS2_PLACEMENT_3D('',#4265,#4266,#4267);
#4265 = CARTESIAN_POINT('',(2.637615762047,0.52,0.292893776214));
#4266 = DIRECTION('',(1.110223024625E-16,-1.,0.));
#4267 = DIRECTION('',(0.,0.,1.));
#4268 = ADVANCED_FACE('',(#4269),#4285,.F.);
#4269 = FACE_BOUND('',#4270,.F.);
#4270 = EDGE_LOOP('',(#4271,#4277,#4278,#4284));
#4271 = ORIENTED_EDGE('',*,*,#4272,.F.);
#4272 = EDGE_CURVE('',#1314,#1936,#4273,.T.);
#4273 = LINE('',#4274,#4275);
#4274 = CARTESIAN_POINT('',(2.4,0.52,0.625));
#4275 = VECTOR('',#4276,1.);
#4276 = DIRECTION('',(-1.,-1.110223024625E-16,0.));
#4277 = ORIENTED_EDGE('',*,*,#1330,.T.);
#4278 = ORIENTED_EDGE('',*,*,#4279,.T.);
#4279 = EDGE_CURVE('',#1323,#1944,#4280,.T.);
#4280 = LINE('',#4281,#4282);
#4281 = CARTESIAN_POINT('',(2.4,0.13,0.625));
#4282 = VECTOR('',#4283,1.);
#4283 = DIRECTION('',(-1.,-1.110223024625E-16,0.));
#4284 = ORIENTED_EDGE('',*,*,#1943,.F.);
#4285 = PLANE('',#4286);
#4286 = AXIS2_PLACEMENT_3D('',#4287,#4288,#4289);
#4287 = CARTESIAN_POINT('',(-3.188450421961E-18,2.475,0.625));
#4288 = DIRECTION('',(0.,0.,-1.));
#4289 = DIRECTION('',(1.,1.111674977262E-16,0.));
#4290 = ADVANCED_FACE('',(#4291),#4377,.F.);
#4291 = FACE_BOUND('',#4292,.F.);
#4292 = EDGE_LOOP('',(#4293,#4294,#4295,#4304,#4312,#4321,#4329,#4337,
    #4345,#4354,#4362,#4371));
#4293 = ORIENTED_EDGE('',*,*,#1322,.F.);
#4294 = ORIENTED_EDGE('',*,*,#1344,.T.);
#4295 = ORIENTED_EDGE('',*,*,#4296,.T.);
#4296 = EDGE_CURVE('',#1345,#4297,#4299,.T.);
#4297 = VERTEX_POINT('',#4298);
#4298 = CARTESIAN_POINT('',(2.498480775301,0.13,0.392364817767));
#4299 = CIRCLE('',#4300,0.1);
#4300 = AXIS2_PLACEMENT_3D('',#4301,#4302,#4303);
#4301 = CARTESIAN_POINT('',(2.4,0.13,0.375));
#4302 = DIRECTION('',(-1.110223024625E-16,1.,0.));
#4303 = DIRECTION('',(4.440892098501E-15,4.930380657631E-31,1.));
#4304 = ORIENTED_EDGE('',*,*,#4305,.T.);
#4305 = EDGE_CURVE('',#4297,#4306,#4308,.T.);
#4306 = VERTEX_POINT('',#4307);
#4307 = CARTESIAN_POINT('',(2.525838934336,0.13,0.206587955583));
#4308 = LINE('',#4309,#4310);
#4309 = CARTESIAN_POINT('',(2.498480775301,0.13,0.392364817767));
#4310 = VECTOR('',#4311,1.);
#4311 = DIRECTION('',(0.145692235845,1.617508747447E-17,-0.989329961345)
  );
#4312 = ORIENTED_EDGE('',*,*,#4313,.T.);
#4313 = EDGE_CURVE('',#4306,#4314,#4316,.T.);
#4314 = VERTEX_POINT('',#4315);
#4315 = CARTESIAN_POINT('',(2.772040872589,0.13,-5.551115123126E-17));
#4316 = CIRCLE('',#4317,0.25);
#4317 = AXIS2_PLACEMENT_3D('',#4318,#4319,#4320);
#4318 = CARTESIAN_POINT('',(2.772040872589,0.13,0.25));
#4319 = DIRECTION('',(1.110223024625E-16,-1.,0.));
#4320 = DIRECTION('',(-0.984807753012,-1.093356242223E-16,
    -0.173648177667));
#4321 = ORIENTED_EDGE('',*,*,#4322,.T.);
#4322 = EDGE_CURVE('',#4314,#4323,#4325,.T.);
#4323 = VERTEX_POINT('',#4324);
#4324 = CARTESIAN_POINT('',(3.2,0.13,-5.551115123126E-17));
#4325 = LINE('',#4326,#4327);
#4326 = CARTESIAN_POINT('',(2.772040872589,0.13,-5.551115123126E-17));
#4327 = VECTOR('',#4328,1.);
#4328 = DIRECTION('',(1.,1.110223024625E-16,0.));
#4329 = ORIENTED_EDGE('',*,*,#4330,.T.);
#4330 = EDGE_CURVE('',#4323,#4331,#4333,.T.);
#4331 = VERTEX_POINT('',#4332);
#4332 = CARTESIAN_POINT('',(3.2,0.13,0.15));
#4333 = LINE('',#4334,#4335);
#4334 = CARTESIAN_POINT('',(3.2,0.13,-5.551115123126E-17));
#4335 = VECTOR('',#4336,1.);
#4336 = DIRECTION('',(0.,0.,1.));
#4337 = ORIENTED_EDGE('',*,*,#4338,.T.);
#4338 = EDGE_CURVE('',#4331,#4339,#4341,.T.);
#4339 = VERTEX_POINT('',#4340);
#4340 = CARTESIAN_POINT('',(2.772040872589,0.13,0.15));
#4341 = LINE('',#4342,#4343);
#4342 = CARTESIAN_POINT('',(3.2,0.13,0.15));
#4343 = VECTOR('',#4344,1.);
#4344 = DIRECTION('',(-1.,-1.110223024625E-16,0.));
#4345 = ORIENTED_EDGE('',*,*,#4346,.T.);
#4346 = EDGE_CURVE('',#4339,#4347,#4349,.T.);
#4347 = VERTEX_POINT('',#4348);
#4348 = CARTESIAN_POINT('',(2.673560097287,0.13,0.232635182233));
#4349 = CIRCLE('',#4350,0.1);
#4350 = AXIS2_PLACEMENT_3D('',#4351,#4352,#4353);
#4351 = CARTESIAN_POINT('',(2.772040872589,0.13,0.25));
#4352 = DIRECTION('',(-1.110223024625E-16,1.,0.));
#4353 = DIRECTION('',(0.,0.,-1.));
#4354 = ORIENTED_EDGE('',*,*,#4355,.T.);
#4355 = EDGE_CURVE('',#4347,#4356,#4358,.T.);
#4356 = VERTEX_POINT('',#4357);
#4357 = CARTESIAN_POINT('',(2.646201938253,0.13,0.418412044417));
#4358 = LINE('',#4359,#4360);
#4359 = CARTESIAN_POINT('',(2.673560097287,0.13,0.232635182233));
#4360 = VECTOR('',#4361,1.);
#4361 = DIRECTION('',(-0.145692235845,-1.617508747447E-17,0.989329961345
    ));
#4362 = ORIENTED_EDGE('',*,*,#4363,.T.);
#4363 = EDGE_CURVE('',#4356,#4364,#4366,.T.);
#4364 = VERTEX_POINT('',#4365);
#4365 = CARTESIAN_POINT('',(2.4,0.13,0.625));
#4366 = CIRCLE('',#4367,0.25);
#4367 = AXIS2_PLACEMENT_3D('',#4368,#4369,#4370);
#4368 = CARTESIAN_POINT('',(2.4,0.13,0.375));
#4369 = DIRECTION('',(1.110223024625E-16,-1.,0.));
#4370 = DIRECTION('',(0.984807753012,1.093356242223E-16,0.173648177667)
  );
#4371 = ORIENTED_EDGE('',*,*,#4372,.T.);
#4372 = EDGE_CURVE('',#4364,#1323,#4373,.T.);
#4373 = LINE('',#4374,#4375);
#4374 = CARTESIAN_POINT('',(2.4,0.13,0.625));
#4375 = VECTOR('',#4376,1.);
#4376 = DIRECTION('',(-1.,-1.110223024625E-16,0.));
#4377 = PLANE('',#4378);
#4378 = AXIS2_PLACEMENT_3D('',#4379,#4380,#4381);
#4379 = CARTESIAN_POINT('',(2.637615762047,0.13,0.292893776214));
#4380 = DIRECTION('',(1.110223024625E-16,-1.,0.));
#4381 = DIRECTION('',(0.,0.,1.));
#4382 = ADVANCED_FACE('',(#4383),#4402,.F.);
#4383 = FACE_BOUND('',#4384,.F.);
#4384 = EDGE_LOOP('',(#4385,#4386,#4395,#4401));
#4385 = ORIENTED_EDGE('',*,*,#1361,.T.);
#4386 = ORIENTED_EDGE('',*,*,#4387,.T.);
#4387 = EDGE_CURVE('',#1354,#4388,#4390,.T.);
#4388 = VERTEX_POINT('',#4389);
#4389 = CARTESIAN_POINT('',(2.498480775301,-0.13,0.392364817767));
#4390 = CIRCLE('',#4391,0.1);
#4391 = AXIS2_PLACEMENT_3D('',#4392,#4393,#4394);
#4392 = CARTESIAN_POINT('',(2.4,-0.13,0.375));
#4393 = DIRECTION('',(-1.110223024625E-16,1.,0.));
#4394 = DIRECTION('',(4.440892098501E-15,4.930380657631E-31,1.));
#4395 = ORIENTED_EDGE('',*,*,#4396,.F.);
#4396 = EDGE_CURVE('',#4297,#4388,#4397,.T.);
#4397 = LINE('',#4398,#4399);
#4398 = CARTESIAN_POINT('',(2.498480775301,0.13,0.392364817767));
#4399 = VECTOR('',#4400,1.);
#4400 = DIRECTION('',(1.110223024625E-16,-1.,0.));
#4401 = ORIENTED_EDGE('',*,*,#4296,.F.);
#4402 = CYLINDRICAL_SURFACE('',#4403,0.1);
#4403 = AXIS2_PLACEMENT_3D('',#4404,#4405,#4406);
#4404 = CARTESIAN_POINT('',(2.4,0.13,0.375));
#4405 = DIRECTION('',(-1.110223024625E-16,1.,0.));
#4406 = DIRECTION('',(4.440892098501E-15,4.930380657631E-31,1.));
#4407 = ADVANCED_FACE('',(#4408),#4486,.T.);
#4408 = FACE_BOUND('',#4409,.T.);
#4409 = EDGE_LOOP('',(#4410,#4411,#4412,#4413,#4421,#4430,#4438,#4446,
    #4454,#4463,#4471,#4480));
#4410 = ORIENTED_EDGE('',*,*,#1375,.F.);
#4411 = ORIENTED_EDGE('',*,*,#1353,.T.);
#4412 = ORIENTED_EDGE('',*,*,#4387,.T.);
#4413 = ORIENTED_EDGE('',*,*,#4414,.T.);
#4414 = EDGE_CURVE('',#4388,#4415,#4417,.T.);
#4415 = VERTEX_POINT('',#4416);
#4416 = CARTESIAN_POINT('',(2.525838934336,-0.13,0.206587955583));
#4417 = LINE('',#4418,#4419);
#4418 = CARTESIAN_POINT('',(2.498480775301,-0.13,0.392364817767));
#4419 = VECTOR('',#4420,1.);
#4420 = DIRECTION('',(0.145692235845,1.617508747447E-17,-0.989329961345)
  );
#4421 = ORIENTED_EDGE('',*,*,#4422,.T.);
#4422 = EDGE_CURVE('',#4415,#4423,#4425,.T.);
#4423 = VERTEX_POINT('',#4424);
#4424 = CARTESIAN_POINT('',(2.772040872589,-0.13,-5.551115123126E-17));
#4425 = CIRCLE('',#4426,0.25);
#4426 = AXIS2_PLACEMENT_3D('',#4427,#4428,#4429);
#4427 = CARTESIAN_POINT('',(2.772040872589,-0.13,0.25));
#4428 = DIRECTION('',(1.110223024625E-16,-1.,0.));
#4429 = DIRECTION('',(-0.984807753012,-1.093356242223E-16,
    -0.173648177667));
#4430 = ORIENTED_EDGE('',*,*,#4431,.T.);
#4431 = EDGE_CURVE('',#4423,#4432,#4434,.T.);
#4432 = VERTEX_POINT('',#4433);
#4433 = CARTESIAN_POINT('',(3.2,-0.13,-5.551115123126E-17));
#4434 = LINE('',#4435,#4436);
#4435 = CARTESIAN_POINT('',(2.772040872589,-0.13,-5.551115123126E-17));
#4436 = VECTOR('',#4437,1.);
#4437 = DIRECTION('',(1.,1.110223024625E-16,0.));
#4438 = ORIENTED_EDGE('',*,*,#4439,.T.);
#4439 = EDGE_CURVE('',#4432,#4440,#4442,.T.);
#4440 = VERTEX_POINT('',#4441);
#4441 = CARTESIAN_POINT('',(3.2,-0.13,0.15));
#4442 = LINE('',#4443,#4444);
#4443 = CARTESIAN_POINT('',(3.2,-0.13,-5.551115123126E-17));
#4444 = VECTOR('',#4445,1.);
#4445 = DIRECTION('',(0.,0.,1.));
#4446 = ORIENTED_EDGE('',*,*,#4447,.T.);
#4447 = EDGE_CURVE('',#4440,#4448,#4450,.T.);
#4448 = VERTEX_POINT('',#4449);
#4449 = CARTESIAN_POINT('',(2.772040872589,-0.13,0.15));
#4450 = LINE('',#4451,#4452);
#4451 = CARTESIAN_POINT('',(3.2,-0.13,0.15));
#4452 = VECTOR('',#4453,1.);
#4453 = DIRECTION('',(-1.,-1.110223024625E-16,0.));
#4454 = ORIENTED_EDGE('',*,*,#4455,.T.);
#4455 = EDGE_CURVE('',#4448,#4456,#4458,.T.);
#4456 = VERTEX_POINT('',#4457);
#4457 = CARTESIAN_POINT('',(2.673560097287,-0.13,0.232635182233));
#4458 = CIRCLE('',#4459,0.1);
#4459 = AXIS2_PLACEMENT_3D('',#4460,#4461,#4462);
#4460 = CARTESIAN_POINT('',(2.772040872589,-0.13,0.25));
#4461 = DIRECTION('',(-1.110223024625E-16,1.,0.));
#4462 = DIRECTION('',(0.,0.,-1.));
#4463 = ORIENTED_EDGE('',*,*,#4464,.T.);
#4464 = EDGE_CURVE('',#4456,#4465,#4467,.T.);
#4465 = VERTEX_POINT('',#4466);
#4466 = CARTESIAN_POINT('',(2.646201938253,-0.13,0.418412044417));
#4467 = LINE('',#4468,#4469);
#4468 = CARTESIAN_POINT('',(2.673560097287,-0.13,0.232635182233));
#4469 = VECTOR('',#4470,1.);
#4470 = DIRECTION('',(-0.145692235845,-1.617508747447E-17,0.989329961345
    ));
#4471 = ORIENTED_EDGE('',*,*,#4472,.T.);
#4472 = EDGE_CURVE('',#4465,#4473,#4475,.T.);
#4473 = VERTEX_POINT('',#4474);
#4474 = CARTESIAN_POINT('',(2.4,-0.13,0.625));
#4475 = CIRCLE('',#4476,0.25);
#4476 = AXIS2_PLACEMENT_3D('',#4477,#4478,#4479);
#4477 = CARTESIAN_POINT('',(2.4,-0.13,0.375));
#4478 = DIRECTION('',(1.110223024625E-16,-1.,0.));
#4479 = DIRECTION('',(0.984807753012,1.093356242223E-16,0.173648177667)
  );
#4480 = ORIENTED_EDGE('',*,*,#4481,.T.);
#4481 = EDGE_CURVE('',#4473,#1376,#4482,.T.);
#4482 = LINE('',#4483,#4484);
#4483 = CARTESIAN_POINT('',(2.4,-0.13,0.625));
#4484 = VECTOR('',#4485,1.);
#4485 = DIRECTION('',(-1.,-1.110223024625E-16,0.));
#4486 = PLANE('',#4487);
#4487 = AXIS2_PLACEMENT_3D('',#4488,#4489,#4490);
#4488 = CARTESIAN_POINT('',(2.637615762047,-0.13,0.292893776214));
#4489 = DIRECTION('',(1.110223024625E-16,-1.,0.));
#4490 = DIRECTION('',(0.,0.,1.));
#4491 = ADVANCED_FACE('',(#4492),#4508,.F.);
#4492 = FACE_BOUND('',#4493,.F.);
#4493 = EDGE_LOOP('',(#4494,#4500,#4501,#4507));
#4494 = ORIENTED_EDGE('',*,*,#4495,.F.);
#4495 = EDGE_CURVE('',#1376,#1952,#4496,.T.);
#4496 = LINE('',#4497,#4498);
#4497 = CARTESIAN_POINT('',(2.4,-0.13,0.625));
#4498 = VECTOR('',#4499,1.);
#4499 = DIRECTION('',(-1.,-1.110223024625E-16,0.));
#4500 = ORIENTED_EDGE('',*,*,#1392,.T.);
#4501 = ORIENTED_EDGE('',*,*,#4502,.T.);
#4502 = EDGE_CURVE('',#1385,#1960,#4503,.T.);
#4503 = LINE('',#4504,#4505);
#4504 = CARTESIAN_POINT('',(2.4,-0.52,0.625));
#4505 = VECTOR('',#4506,1.);
#4506 = DIRECTION('',(-1.,-1.110223024625E-16,0.));
#4507 = ORIENTED_EDGE('',*,*,#1959,.F.);
#4508 = PLANE('',#4509);
#4509 = AXIS2_PLACEMENT_3D('',#4510,#4511,#4512);
#4510 = CARTESIAN_POINT('',(-3.188450421961E-18,2.475,0.625));
#4511 = DIRECTION('',(0.,0.,-1.));
#4512 = DIRECTION('',(1.,1.111674977262E-16,0.));
#4513 = ADVANCED_FACE('',(#4514),#4600,.F.);
#4514 = FACE_BOUND('',#4515,.F.);
#4515 = EDGE_LOOP('',(#4516,#4517,#4518,#4527,#4535,#4544,#4552,#4560,
    #4568,#4577,#4585,#4594));
#4516 = ORIENTED_EDGE('',*,*,#1384,.F.);
#4517 = ORIENTED_EDGE('',*,*,#1406,.T.);
#4518 = ORIENTED_EDGE('',*,*,#4519,.T.);
#4519 = EDGE_CURVE('',#1407,#4520,#4522,.T.);
#4520 = VERTEX_POINT('',#4521);
#4521 = CARTESIAN_POINT('',(2.498480775301,-0.52,0.392364817767));
#4522 = CIRCLE('',#4523,0.1);
#4523 = AXIS2_PLACEMENT_3D('',#4524,#4525,#4526);
#4524 = CARTESIAN_POINT('',(2.4,-0.52,0.375));
#4525 = DIRECTION('',(-1.110223024625E-16,1.,0.));
#4526 = DIRECTION('',(4.440892098501E-15,4.930380657631E-31,1.));
#4527 = ORIENTED_EDGE('',*,*,#4528,.T.);
#4528 = EDGE_CURVE('',#4520,#4529,#4531,.T.);
#4529 = VERTEX_POINT('',#4530);
#4530 = CARTESIAN_POINT('',(2.525838934336,-0.52,0.206587955583));
#4531 = LINE('',#4532,#4533);
#4532 = CARTESIAN_POINT('',(2.498480775301,-0.52,0.392364817767));
#4533 = VECTOR('',#4534,1.);
#4534 = DIRECTION('',(0.145692235845,1.617508747447E-17,-0.989329961345)
  );
#4535 = ORIENTED_EDGE('',*,*,#4536,.T.);
#4536 = EDGE_CURVE('',#4529,#4537,#4539,.T.);
#4537 = VERTEX_POINT('',#4538);
#4538 = CARTESIAN_POINT('',(2.772040872589,-0.52,-5.551115123126E-17));
#4539 = CIRCLE('',#4540,0.25);
#4540 = AXIS2_PLACEMENT_3D('',#4541,#4542,#4543);
#4541 = CARTESIAN_POINT('',(2.772040872589,-0.52,0.25));
#4542 = DIRECTION('',(1.110223024625E-16,-1.,0.));
#4543 = DIRECTION('',(-0.984807753012,-1.093356242223E-16,
    -0.173648177667));
#4544 = ORIENTED_EDGE('',*,*,#4545,.T.);
#4545 = EDGE_CURVE('',#4537,#4546,#4548,.T.);
#4546 = VERTEX_POINT('',#4547);
#4547 = CARTESIAN_POINT('',(3.2,-0.52,-5.551115123126E-17));
#4548 = LINE('',#4549,#4550);
#4549 = CARTESIAN_POINT('',(2.772040872589,-0.52,-5.551115123126E-17));
#4550 = VECTOR('',#4551,1.);
#4551 = DIRECTION('',(1.,1.110223024625E-16,0.));
#4552 = ORIENTED_EDGE('',*,*,#4553,.T.);
#4553 = EDGE_CURVE('',#4546,#4554,#4556,.T.);
#4554 = VERTEX_POINT('',#4555);
#4555 = CARTESIAN_POINT('',(3.2,-0.52,0.15));
#4556 = LINE('',#4557,#4558);
#4557 = CARTESIAN_POINT('',(3.2,-0.52,-5.551115123126E-17));
#4558 = VECTOR('',#4559,1.);
#4559 = DIRECTION('',(0.,0.,1.));
#4560 = ORIENTED_EDGE('',*,*,#4561,.T.);
#4561 = EDGE_CURVE('',#4554,#4562,#4564,.T.);
#4562 = VERTEX_POINT('',#4563);
#4563 = CARTESIAN_POINT('',(2.772040872589,-0.52,0.15));
#4564 = LINE('',#4565,#4566);
#4565 = CARTESIAN_POINT('',(3.2,-0.52,0.15));
#4566 = VECTOR('',#4567,1.);
#4567 = DIRECTION('',(-1.,-1.110223024625E-16,0.));
#4568 = ORIENTED_EDGE('',*,*,#4569,.T.);
#4569 = EDGE_CURVE('',#4562,#4570,#4572,.T.);
#4570 = VERTEX_POINT('',#4571);
#4571 = CARTESIAN_POINT('',(2.673560097287,-0.52,0.232635182233));
#4572 = CIRCLE('',#4573,0.1);
#4573 = AXIS2_PLACEMENT_3D('',#4574,#4575,#4576);
#4574 = CARTESIAN_POINT('',(2.772040872589,-0.52,0.25));
#4575 = DIRECTION('',(-1.110223024625E-16,1.,0.));
#4576 = DIRECTION('',(0.,0.,-1.));
#4577 = ORIENTED_EDGE('',*,*,#4578,.T.);
#4578 = EDGE_CURVE('',#4570,#4579,#4581,.T.);
#4579 = VERTEX_POINT('',#4580);
#4580 = CARTESIAN_POINT('',(2.646201938253,-0.52,0.418412044417));
#4581 = LINE('',#4582,#4583);
#4582 = CARTESIAN_POINT('',(2.673560097287,-0.52,0.232635182233));
#4583 = VECTOR('',#4584,1.);
#4584 = DIRECTION('',(-0.145692235845,-1.617508747447E-17,0.989329961345
    ));
#4585 = ORIENTED_EDGE('',*,*,#4586,.T.);
#4586 = EDGE_CURVE('',#4579,#4587,#4589,.T.);
#4587 = VERTEX_POINT('',#4588);
#4588 = CARTESIAN_POINT('',(2.4,-0.52,0.625));
#4589 = CIRCLE('',#4590,0.25);
#4590 = AXIS2_PLACEMENT_3D('',#4591,#4592,#4593);
#4591 = CARTESIAN_POINT('',(2.4,-0.52,0.375));
#4592 = DIRECTION('',(1.110223024625E-16,-1.,0.));
#4593 = DIRECTION('',(0.984807753012,1.093356242223E-16,0.173648177667)
  );
#4594 = ORIENTED_EDGE('',*,*,#4595,.T.);
#4595 = EDGE_CURVE('',#4587,#1385,#4596,.T.);
#4596 = LINE('',#4597,#4598);
#4597 = CARTESIAN_POINT('',(2.4,-0.52,0.625));
#4598 = VECTOR('',#4599,1.);
#4599 = DIRECTION('',(-1.,-1.110223024625E-16,0.));
#4600 = PLANE('',#4601);
#4601 = AXIS2_PLACEMENT_3D('',#4602,#4603,#4604);
#4602 = CARTESIAN_POINT('',(2.637615762047,-0.52,0.292893776214));
#4603 = DIRECTION('',(1.110223024625E-16,-1.,0.));
#4604 = DIRECTION('',(0.,0.,1.));
#4605 = ADVANCED_FACE('',(#4606),#4625,.F.);
#4606 = FACE_BOUND('',#4607,.F.);
#4607 = EDGE_LOOP('',(#4608,#4609,#4618,#4624));
#4608 = ORIENTED_EDGE('',*,*,#1423,.T.);
#4609 = ORIENTED_EDGE('',*,*,#4610,.T.);
#4610 = EDGE_CURVE('',#1416,#4611,#4613,.T.);
#4611 = VERTEX_POINT('',#4612);
#4612 = CARTESIAN_POINT('',(2.498480775301,-0.78,0.392364817767));
#4613 = CIRCLE('',#4614,0.1);
#4614 = AXIS2_PLACEMENT_3D('',#4615,#4616,#4617);
#4615 = CARTESIAN_POINT('',(2.4,-0.78,0.375));
#4616 = DIRECTION('',(-1.110223024625E-16,1.,0.));
#4617 = DIRECTION('',(4.440892098501E-15,4.930380657631E-31,1.));
#4618 = ORIENTED_EDGE('',*,*,#4619,.F.);
#4619 = EDGE_CURVE('',#4520,#4611,#4620,.T.);
#4620 = LINE('',#4621,#4622);
#4621 = CARTESIAN_POINT('',(2.498480775301,-0.52,0.392364817767));
#4622 = VECTOR('',#4623,1.);
#4623 = DIRECTION('',(1.110223024625E-16,-1.,0.));
#4624 = ORIENTED_EDGE('',*,*,#4519,.F.);
#4625 = CYLINDRICAL_SURFACE('',#4626,0.1);
#4626 = AXIS2_PLACEMENT_3D('',#4627,#4628,#4629);
#4627 = CARTESIAN_POINT('',(2.4,-0.52,0.375));
#4628 = DIRECTION('',(-1.110223024625E-16,1.,0.));
#4629 = DIRECTION('',(4.440892098501E-15,4.930380657631E-31,1.));
#4630 = ADVANCED_FACE('',(#4631),#4709,.T.);
#4631 = FACE_BOUND('',#4632,.T.);
#4632 = EDGE_LOOP('',(#4633,#4634,#4635,#4636,#4644,#4653,#4661,#4669,
    #4677,#4686,#4694,#4703));
#4633 = ORIENTED_EDGE('',*,*,#1437,.F.);
#4634 = ORIENTED_EDGE('',*,*,#1415,.T.);
#4635 = ORIENTED_EDGE('',*,*,#4610,.T.);
#4636 = ORIENTED_EDGE('',*,*,#4637,.T.);
#4637 = EDGE_CURVE('',#4611,#4638,#4640,.T.);
#4638 = VERTEX_POINT('',#4639);
#4639 = CARTESIAN_POINT('',(2.525838934336,-0.78,0.206587955583));
#4640 = LINE('',#4641,#4642);
#4641 = CARTESIAN_POINT('',(2.498480775301,-0.78,0.392364817767));
#4642 = VECTOR('',#4643,1.);
#4643 = DIRECTION('',(0.145692235845,1.617508747447E-17,-0.989329961345)
  );
#4644 = ORIENTED_EDGE('',*,*,#4645,.T.);
#4645 = EDGE_CURVE('',#4638,#4646,#4648,.T.);
#4646 = VERTEX_POINT('',#4647);
#4647 = CARTESIAN_POINT('',(2.772040872589,-0.78,-5.551115123126E-17));
#4648 = CIRCLE('',#4649,0.25);
#4649 = AXIS2_PLACEMENT_3D('',#4650,#4651,#4652);
#4650 = CARTESIAN_POINT('',(2.772040872589,-0.78,0.25));
#4651 = DIRECTION('',(1.110223024625E-16,-1.,0.));
#4652 = DIRECTION('',(-0.984807753012,-1.093356242223E-16,
    -0.173648177667));
#4653 = ORIENTED_EDGE('',*,*,#4654,.T.);
#4654 = EDGE_CURVE('',#4646,#4655,#4657,.T.);
#4655 = VERTEX_POINT('',#4656);
#4656 = CARTESIAN_POINT('',(3.2,-0.78,-5.551115123126E-17));
#4657 = LINE('',#4658,#4659);
#4658 = CARTESIAN_POINT('',(2.772040872589,-0.78,-5.551115123126E-17));
#4659 = VECTOR('',#4660,1.);
#4660 = DIRECTION('',(1.,1.110223024625E-16,0.));
#4661 = ORIENTED_EDGE('',*,*,#4662,.T.);
#4662 = EDGE_CURVE('',#4655,#4663,#4665,.T.);
#4663 = VERTEX_POINT('',#4664);
#4664 = CARTESIAN_POINT('',(3.2,-0.78,0.15));
#4665 = LINE('',#4666,#4667);
#4666 = CARTESIAN_POINT('',(3.2,-0.78,-5.551115123126E-17));
#4667 = VECTOR('',#4668,1.);
#4668 = DIRECTION('',(0.,0.,1.));
#4669 = ORIENTED_EDGE('',*,*,#4670,.T.);
#4670 = EDGE_CURVE('',#4663,#4671,#4673,.T.);
#4671 = VERTEX_POINT('',#4672);
#4672 = CARTESIAN_POINT('',(2.772040872589,-0.78,0.15));
#4673 = LINE('',#4674,#4675);
#4674 = CARTESIAN_POINT('',(3.2,-0.78,0.15));
#4675 = VECTOR('',#4676,1.);
#4676 = DIRECTION('',(-1.,-1.110223024625E-16,0.));
#4677 = ORIENTED_EDGE('',*,*,#4678,.T.);
#4678 = EDGE_CURVE('',#4671,#4679,#4681,.T.);
#4679 = VERTEX_POINT('',#4680);
#4680 = CARTESIAN_POINT('',(2.673560097287,-0.78,0.232635182233));
#4681 = CIRCLE('',#4682,0.1);
#4682 = AXIS2_PLACEMENT_3D('',#4683,#4684,#4685);
#4683 = CARTESIAN_POINT('',(2.772040872589,-0.78,0.25));
#4684 = DIRECTION('',(-1.110223024625E-16,1.,0.));
#4685 = DIRECTION('',(0.,0.,-1.));
#4686 = ORIENTED_EDGE('',*,*,#4687,.T.);
#4687 = EDGE_CURVE('',#4679,#4688,#4690,.T.);
#4688 = VERTEX_POINT('',#4689);
#4689 = CARTESIAN_POINT('',(2.646201938253,-0.78,0.418412044417));
#4690 = LINE('',#4691,#4692);
#4691 = CARTESIAN_POINT('',(2.673560097287,-0.78,0.232635182233));
#4692 = VECTOR('',#4693,1.);
#4693 = DIRECTION('',(-0.145692235845,-1.617508747447E-17,0.989329961345
    ));
#4694 = ORIENTED_EDGE('',*,*,#4695,.T.);
#4695 = EDGE_CURVE('',#4688,#4696,#4698,.T.);
#4696 = VERTEX_POINT('',#4697);
#4697 = CARTESIAN_POINT('',(2.4,-0.78,0.625));
#4698 = CIRCLE('',#4699,0.25);
#4699 = AXIS2_PLACEMENT_3D('',#4700,#4701,#4702);
#4700 = CARTESIAN_POINT('',(2.4,-0.78,0.375));
#4701 = DIRECTION('',(1.110223024625E-16,-1.,0.));
#4702 = DIRECTION('',(0.984807753012,1.093356242223E-16,0.173648177667)
  );
#4703 = ORIENTED_EDGE('',*,*,#4704,.T.);
#4704 = EDGE_CURVE('',#4696,#1438,#4705,.T.);
#4705 = LINE('',#4706,#4707);
#4706 = CARTESIAN_POINT('',(2.4,-0.78,0.625));
#4707 = VECTOR('',#4708,1.);
#4708 = DIRECTION('',(-1.,-1.110223024625E-16,0.));
#4709 = PLANE('',#4710);
#4710 = AXIS2_PLACEMENT_3D('',#4711,#4712,#4713);
#4711 = CARTESIAN_POINT('',(2.637615762047,-0.78,0.292893776214));
#4712 = DIRECTION('',(1.110223024625E-16,-1.,0.));
#4713 = DIRECTION('',(0.,0.,1.));
#4714 = ADVANCED_FACE('',(#4715),#4731,.F.);
#4715 = FACE_BOUND('',#4716,.F.);
#4716 = EDGE_LOOP('',(#4717,#4723,#4724,#4730));
#4717 = ORIENTED_EDGE('',*,*,#4718,.F.);
#4718 = EDGE_CURVE('',#1438,#1968,#4719,.T.);
#4719 = LINE('',#4720,#4721);
#4720 = CARTESIAN_POINT('',(2.4,-0.78,0.625));
#4721 = VECTOR('',#4722,1.);
#4722 = DIRECTION('',(-1.,-1.110223024625E-16,0.));
#4723 = ORIENTED_EDGE('',*,*,#1454,.T.);
#4724 = ORIENTED_EDGE('',*,*,#4725,.T.);
#4725 = EDGE_CURVE('',#1447,#1976,#4726,.T.);
#4726 = LINE('',#4727,#4728);
#4727 = CARTESIAN_POINT('',(2.4,-1.17,0.625));
#4728 = VECTOR('',#4729,1.);
#4729 = DIRECTION('',(-1.,-1.110223024625E-16,0.));
#4730 = ORIENTED_EDGE('',*,*,#1975,.F.);
#4731 = PLANE('',#4732);
#4732 = AXIS2_PLACEMENT_3D('',#4733,#4734,#4735);
#4733 = CARTESIAN_POINT('',(-3.188450421961E-18,2.475,0.625));
#4734 = DIRECTION('',(0.,0.,-1.));
#4735 = DIRECTION('',(1.,1.111674977262E-16,0.));
#4736 = ADVANCED_FACE('',(#4737),#4823,.F.);
#4737 = FACE_BOUND('',#4738,.F.);
#4738 = EDGE_LOOP('',(#4739,#4740,#4741,#4750,#4758,#4767,#4775,#4783,
    #4791,#4800,#4808,#4817));
#4739 = ORIENTED_EDGE('',*,*,#1446,.F.);
#4740 = ORIENTED_EDGE('',*,*,#1468,.T.);
#4741 = ORIENTED_EDGE('',*,*,#4742,.T.);
#4742 = EDGE_CURVE('',#1469,#4743,#4745,.T.);
#4743 = VERTEX_POINT('',#4744);
#4744 = CARTESIAN_POINT('',(2.498480775301,-1.17,0.392364817767));
#4745 = CIRCLE('',#4746,0.1);
#4746 = AXIS2_PLACEMENT_3D('',#4747,#4748,#4749);
#4747 = CARTESIAN_POINT('',(2.4,-1.17,0.375));
#4748 = DIRECTION('',(-1.110223024625E-16,1.,0.));
#4749 = DIRECTION('',(4.440892098501E-15,4.930380657631E-31,1.));
#4750 = ORIENTED_EDGE('',*,*,#4751,.T.);
#4751 = EDGE_CURVE('',#4743,#4752,#4754,.T.);
#4752 = VERTEX_POINT('',#4753);
#4753 = CARTESIAN_POINT('',(2.525838934336,-1.17,0.206587955583));
#4754 = LINE('',#4755,#4756);
#4755 = CARTESIAN_POINT('',(2.498480775301,-1.17,0.392364817767));
#4756 = VECTOR('',#4757,1.);
#4757 = DIRECTION('',(0.145692235845,1.617508747447E-17,-0.989329961345)
  );
#4758 = ORIENTED_EDGE('',*,*,#4759,.T.);
#4759 = EDGE_CURVE('',#4752,#4760,#4762,.T.);
#4760 = VERTEX_POINT('',#4761);
#4761 = CARTESIAN_POINT('',(2.772040872589,-1.17,-5.551115123126E-17));
#4762 = CIRCLE('',#4763,0.25);
#4763 = AXIS2_PLACEMENT_3D('',#4764,#4765,#4766);
#4764 = CARTESIAN_POINT('',(2.772040872589,-1.17,0.25));
#4765 = DIRECTION('',(1.110223024625E-16,-1.,0.));
#4766 = DIRECTION('',(-0.984807753012,-1.093356242223E-16,
    -0.173648177667));
#4767 = ORIENTED_EDGE('',*,*,#4768,.T.);
#4768 = EDGE_CURVE('',#4760,#4769,#4771,.T.);
#4769 = VERTEX_POINT('',#4770);
#4770 = CARTESIAN_POINT('',(3.2,-1.17,-5.551115123126E-17));
#4771 = LINE('',#4772,#4773);
#4772 = CARTESIAN_POINT('',(2.772040872589,-1.17,-5.551115123126E-17));
#4773 = VECTOR('',#4774,1.);
#4774 = DIRECTION('',(1.,1.110223024625E-16,0.));
#4775 = ORIENTED_EDGE('',*,*,#4776,.T.);
#4776 = EDGE_CURVE('',#4769,#4777,#4779,.T.);
#4777 = VERTEX_POINT('',#4778);
#4778 = CARTESIAN_POINT('',(3.2,-1.17,0.15));
#4779 = LINE('',#4780,#4781);
#4780 = CARTESIAN_POINT('',(3.2,-1.17,-5.551115123126E-17));
#4781 = VECTOR('',#4782,1.);
#4782 = DIRECTION('',(0.,0.,1.));
#4783 = ORIENTED_EDGE('',*,*,#4784,.T.);
#4784 = EDGE_CURVE('',#4777,#4785,#4787,.T.);
#4785 = VERTEX_POINT('',#4786);
#4786 = CARTESIAN_POINT('',(2.772040872589,-1.17,0.15));
#4787 = LINE('',#4788,#4789);
#4788 = CARTESIAN_POINT('',(3.2,-1.17,0.15));
#4789 = VECTOR('',#4790,1.);
#4790 = DIRECTION('',(-1.,-1.110223024625E-16,0.));
#4791 = ORIENTED_EDGE('',*,*,#4792,.T.);
#4792 = EDGE_CURVE('',#4785,#4793,#4795,.T.);
#4793 = VERTEX_POINT('',#4794);
#4794 = CARTESIAN_POINT('',(2.673560097287,-1.17,0.232635182233));
#4795 = CIRCLE('',#4796,0.1);
#4796 = AXIS2_PLACEMENT_3D('',#4797,#4798,#4799);
#4797 = CARTESIAN_POINT('',(2.772040872589,-1.17,0.25));
#4798 = DIRECTION('',(-1.110223024625E-16,1.,0.));
#4799 = DIRECTION('',(0.,0.,-1.));
#4800 = ORIENTED_EDGE('',*,*,#4801,.T.);
#4801 = EDGE_CURVE('',#4793,#4802,#4804,.T.);
#4802 = VERTEX_POINT('',#4803);
#4803 = CARTESIAN_POINT('',(2.646201938253,-1.17,0.418412044417));
#4804 = LINE('',#4805,#4806);
#4805 = CARTESIAN_POINT('',(2.673560097287,-1.17,0.232635182233));
#4806 = VECTOR('',#4807,1.);
#4807 = DIRECTION('',(-0.145692235845,-1.617508747447E-17,0.989329961345
    ));
#4808 = ORIENTED_EDGE('',*,*,#4809,.T.);
#4809 = EDGE_CURVE('',#4802,#4810,#4812,.T.);
#4810 = VERTEX_POINT('',#4811);
#4811 = CARTESIAN_POINT('',(2.4,-1.17,0.625));
#4812 = CIRCLE('',#4813,0.25);
#4813 = AXIS2_PLACEMENT_3D('',#4814,#4815,#4816);
#4814 = CARTESIAN_POINT('',(2.4,-1.17,0.375));
#4815 = DIRECTION('',(1.110223024625E-16,-1.,0.));
#4816 = DIRECTION('',(0.984807753012,1.093356242223E-16,0.173648177667)
  );
#4817 = ORIENTED_EDGE('',*,*,#4818,.T.);
#4818 = EDGE_CURVE('',#4810,#1447,#4819,.T.);
#4819 = LINE('',#4820,#4821);
#4820 = CARTESIAN_POINT('',(2.4,-1.17,0.625));
#4821 = VECTOR('',#4822,1.);
#4822 = DIRECTION('',(-1.,-1.110223024625E-16,0.));
#4823 = PLANE('',#4824);
#4824 = AXIS2_PLACEMENT_3D('',#4825,#4826,#4827);
#4825 = CARTESIAN_POINT('',(2.637615762047,-1.17,0.292893776214));
#4826 = DIRECTION('',(1.110223024625E-16,-1.,0.));
#4827 = DIRECTION('',(0.,0.,1.));
#4828 = ADVANCED_FACE('',(#4829),#4848,.F.);
#4829 = FACE_BOUND('',#4830,.F.);
#4830 = EDGE_LOOP('',(#4831,#4832,#4841,#4847));
#4831 = ORIENTED_EDGE('',*,*,#1485,.T.);
#4832 = ORIENTED_EDGE('',*,*,#4833,.T.);
#4833 = EDGE_CURVE('',#1478,#4834,#4836,.T.);
#4834 = VERTEX_POINT('',#4835);
#4835 = CARTESIAN_POINT('',(2.498480775301,-1.43,0.392364817767));
#4836 = CIRCLE('',#4837,0.1);
#4837 = AXIS2_PLACEMENT_3D('',#4838,#4839,#4840);
#4838 = CARTESIAN_POINT('',(2.4,-1.43,0.375));
#4839 = DIRECTION('',(-1.110223024625E-16,1.,0.));
#4840 = DIRECTION('',(4.440892098501E-15,4.930380657631E-31,1.));
#4841 = ORIENTED_EDGE('',*,*,#4842,.F.);
#4842 = EDGE_CURVE('',#4743,#4834,#4843,.T.);
#4843 = LINE('',#4844,#4845);
#4844 = CARTESIAN_POINT('',(2.498480775301,-1.17,0.392364817767));
#4845 = VECTOR('',#4846,1.);
#4846 = DIRECTION('',(1.110223024625E-16,-1.,0.));
#4847 = ORIENTED_EDGE('',*,*,#4742,.F.);
#4848 = CYLINDRICAL_SURFACE('',#4849,0.1);
#4849 = AXIS2_PLACEMENT_3D('',#4850,#4851,#4852);
#4850 = CARTESIAN_POINT('',(2.4,-1.17,0.375));
#4851 = DIRECTION('',(-1.110223024625E-16,1.,0.));
#4852 = DIRECTION('',(4.440892098501E-15,4.930380657631E-31,1.));
#4853 = ADVANCED_FACE('',(#4854),#4932,.T.);
#4854 = FACE_BOUND('',#4855,.T.);
#4855 = EDGE_LOOP('',(#4856,#4857,#4858,#4859,#4867,#4876,#4884,#4892,
    #4900,#4909,#4917,#4926));
#4856 = ORIENTED_EDGE('',*,*,#1499,.F.);
#4857 = ORIENTED_EDGE('',*,*,#1477,.T.);
#4858 = ORIENTED_EDGE('',*,*,#4833,.T.);
#4859 = ORIENTED_EDGE('',*,*,#4860,.T.);
#4860 = EDGE_CURVE('',#4834,#4861,#4863,.T.);
#4861 = VERTEX_POINT('',#4862);
#4862 = CARTESIAN_POINT('',(2.525838934336,-1.43,0.206587955583));
#4863 = LINE('',#4864,#4865);
#4864 = CARTESIAN_POINT('',(2.498480775301,-1.43,0.392364817767));
#4865 = VECTOR('',#4866,1.);
#4866 = DIRECTION('',(0.145692235845,1.617508747447E-17,-0.989329961345)
  );
#4867 = ORIENTED_EDGE('',*,*,#4868,.T.);
#4868 = EDGE_CURVE('',#4861,#4869,#4871,.T.);
#4869 = VERTEX_POINT('',#4870);
#4870 = CARTESIAN_POINT('',(2.772040872589,-1.43,-5.551115123126E-17));
#4871 = CIRCLE('',#4872,0.25);
#4872 = AXIS2_PLACEMENT_3D('',#4873,#4874,#4875);
#4873 = CARTESIAN_POINT('',(2.772040872589,-1.43,0.25));
#4874 = DIRECTION('',(1.110223024625E-16,-1.,0.));
#4875 = DIRECTION('',(-0.984807753012,-1.093356242223E-16,
    -0.173648177667));
#4876 = ORIENTED_EDGE('',*,*,#4877,.T.);
#4877 = EDGE_CURVE('',#4869,#4878,#4880,.T.);
#4878 = VERTEX_POINT('',#4879);
#4879 = CARTESIAN_POINT('',(3.2,-1.43,-5.551115123126E-17));
#4880 = LINE('',#4881,#4882);
#4881 = CARTESIAN_POINT('',(2.772040872589,-1.43,-5.551115123126E-17));
#4882 = VECTOR('',#4883,1.);
#4883 = DIRECTION('',(1.,1.110223024625E-16,0.));
#4884 = ORIENTED_EDGE('',*,*,#4885,.T.);
#4885 = EDGE_CURVE('',#4878,#4886,#4888,.T.);
#4886 = VERTEX_POINT('',#4887);
#4887 = CARTESIAN_POINT('',(3.2,-1.43,0.15));
#4888 = LINE('',#4889,#4890);
#4889 = CARTESIAN_POINT('',(3.2,-1.43,-5.551115123126E-17));
#4890 = VECTOR('',#4891,1.);
#4891 = DIRECTION('',(0.,0.,1.));
#4892 = ORIENTED_EDGE('',*,*,#4893,.T.);
#4893 = EDGE_CURVE('',#4886,#4894,#4896,.T.);
#4894 = VERTEX_POINT('',#4895);
#4895 = CARTESIAN_POINT('',(2.772040872589,-1.43,0.15));
#4896 = LINE('',#4897,#4898);
#4897 = CARTESIAN_POINT('',(3.2,-1.43,0.15));
#4898 = VECTOR('',#4899,1.);
#4899 = DIRECTION('',(-1.,-1.110223024625E-16,0.));
#4900 = ORIENTED_EDGE('',*,*,#4901,.T.);
#4901 = EDGE_CURVE('',#4894,#4902,#4904,.T.);
#4902 = VERTEX_POINT('',#4903);
#4903 = CARTESIAN_POINT('',(2.673560097287,-1.43,0.232635182233));
#4904 = CIRCLE('',#4905,0.1);
#4905 = AXIS2_PLACEMENT_3D('',#4906,#4907,#4908);
#4906 = CARTESIAN_POINT('',(2.772040872589,-1.43,0.25));
#4907 = DIRECTION('',(-1.110223024625E-16,1.,0.));
#4908 = DIRECTION('',(0.,0.,-1.));
#4909 = ORIENTED_EDGE('',*,*,#4910,.T.);
#4910 = EDGE_CURVE('',#4902,#4911,#4913,.T.);
#4911 = VERTEX_POINT('',#4912);
#4912 = CARTESIAN_POINT('',(2.646201938253,-1.43,0.418412044417));
#4913 = LINE('',#4914,#4915);
#4914 = CARTESIAN_POINT('',(2.673560097287,-1.43,0.232635182233));
#4915 = VECTOR('',#4916,1.);
#4916 = DIRECTION('',(-0.145692235845,-1.617508747447E-17,0.989329961345
    ));
#4917 = ORIENTED_EDGE('',*,*,#4918,.T.);
#4918 = EDGE_CURVE('',#4911,#4919,#4921,.T.);
#4919 = VERTEX_POINT('',#4920);
#4920 = CARTESIAN_POINT('',(2.4,-1.43,0.625));
#4921 = CIRCLE('',#4922,0.25);
#4922 = AXIS2_PLACEMENT_3D('',#4923,#4924,#4925);
#4923 = CARTESIAN_POINT('',(2.4,-1.43,0.375));
#4924 = DIRECTION('',(1.110223024625E-16,-1.,0.));
#4925 = DIRECTION('',(0.984807753012,1.093356242223E-16,0.173648177667)
  );
#4926 = ORIENTED_EDGE('',*,*,#4927,.T.);
#4927 = EDGE_CURVE('',#4919,#1500,#4928,.T.);
#4928 = LINE('',#4929,#4930);
#4929 = CARTESIAN_POINT('',(2.4,-1.43,0.625));
#4930 = VECTOR('',#4931,1.);
#4931 = DIRECTION('',(-1.,-1.110223024625E-16,0.));
#4932 = PLANE('',#4933);
#4933 = AXIS2_PLACEMENT_3D('',#4934,#4935,#4936);
#4934 = CARTESIAN_POINT('',(2.637615762047,-1.43,0.292893776214));
#4935 = DIRECTION('',(1.110223024625E-16,-1.,0.));
#4936 = DIRECTION('',(0.,0.,1.));
#4937 = ADVANCED_FACE('',(#4938),#4954,.F.);
#4938 = FACE_BOUND('',#4939,.F.);
#4939 = EDGE_LOOP('',(#4940,#4946,#4947,#4953));
#4940 = ORIENTED_EDGE('',*,*,#4941,.F.);
#4941 = EDGE_CURVE('',#1500,#1984,#4942,.T.);
#4942 = LINE('',#4943,#4944);
#4943 = CARTESIAN_POINT('',(2.4,-1.43,0.625));
#4944 = VECTOR('',#4945,1.);
#4945 = DIRECTION('',(-1.,-1.110223024625E-16,0.));
#4946 = ORIENTED_EDGE('',*,*,#1516,.T.);
#4947 = ORIENTED_EDGE('',*,*,#4948,.T.);
#4948 = EDGE_CURVE('',#1509,#1992,#4949,.T.);
#4949 = LINE('',#4950,#4951);
#4950 = CARTESIAN_POINT('',(2.4,-1.82,0.625));
#4951 = VECTOR('',#4952,1.);
#4952 = DIRECTION('',(-1.,-1.110223024625E-16,0.));
#4953 = ORIENTED_EDGE('',*,*,#1991,.F.);
#4954 = PLANE('',#4955);
#4955 = AXIS2_PLACEMENT_3D('',#4956,#4957,#4958);
#4956 = CARTESIAN_POINT('',(-3.188450421961E-18,2.475,0.625));
#4957 = DIRECTION('',(0.,0.,-1.));
#4958 = DIRECTION('',(1.,1.111674977262E-16,0.));
#4959 = ADVANCED_FACE('',(#4960),#5046,.F.);
#4960 = FACE_BOUND('',#4961,.F.);
#4961 = EDGE_LOOP('',(#4962,#4963,#4964,#4973,#4981,#4990,#4998,#5006,
    #5014,#5023,#5031,#5040));
#4962 = ORIENTED_EDGE('',*,*,#1508,.F.);
#4963 = ORIENTED_EDGE('',*,*,#1530,.T.);
#4964 = ORIENTED_EDGE('',*,*,#4965,.T.);
#4965 = EDGE_CURVE('',#1531,#4966,#4968,.T.);
#4966 = VERTEX_POINT('',#4967);
#4967 = CARTESIAN_POINT('',(2.498480775301,-1.82,0.392364817767));
#4968 = CIRCLE('',#4969,0.1);
#4969 = AXIS2_PLACEMENT_3D('',#4970,#4971,#4972);
#4970 = CARTESIAN_POINT('',(2.4,-1.82,0.375));
#4971 = DIRECTION('',(-1.110223024625E-16,1.,0.));
#4972 = DIRECTION('',(4.440892098501E-15,4.930380657631E-31,1.));
#4973 = ORIENTED_EDGE('',*,*,#4974,.T.);
#4974 = EDGE_CURVE('',#4966,#4975,#4977,.T.);
#4975 = VERTEX_POINT('',#4976);
#4976 = CARTESIAN_POINT('',(2.525838934336,-1.82,0.206587955583));
#4977 = LINE('',#4978,#4979);
#4978 = CARTESIAN_POINT('',(2.498480775301,-1.82,0.392364817767));
#4979 = VECTOR('',#4980,1.);
#4980 = DIRECTION('',(0.145692235845,1.617508747447E-17,-0.989329961345)
  );
#4981 = ORIENTED_EDGE('',*,*,#4982,.T.);
#4982 = EDGE_CURVE('',#4975,#4983,#4985,.T.);
#4983 = VERTEX_POINT('',#4984);
#4984 = CARTESIAN_POINT('',(2.772040872589,-1.82,-5.551115123126E-17));
#4985 = CIRCLE('',#4986,0.25);
#4986 = AXIS2_PLACEMENT_3D('',#4987,#4988,#4989);
#4987 = CARTESIAN_POINT('',(2.772040872589,-1.82,0.25));
#4988 = DIRECTION('',(1.110223024625E-16,-1.,0.));
#4989 = DIRECTION('',(-0.984807753012,-1.093356242223E-16,
    -0.173648177667));
#4990 = ORIENTED_EDGE('',*,*,#4991,.T.);
#4991 = EDGE_CURVE('',#4983,#4992,#4994,.T.);
#4992 = VERTEX_POINT('',#4993);
#4993 = CARTESIAN_POINT('',(3.2,-1.82,-5.551115123126E-17));
#4994 = LINE('',#4995,#4996);
#4995 = CARTESIAN_POINT('',(2.772040872589,-1.82,-5.551115123126E-17));
#4996 = VECTOR('',#4997,1.);
#4997 = DIRECTION('',(1.,1.110223024625E-16,0.));
#4998 = ORIENTED_EDGE('',*,*,#4999,.T.);
#4999 = EDGE_CURVE('',#4992,#5000,#5002,.T.);
#5000 = VERTEX_POINT('',#5001);
#5001 = CARTESIAN_POINT('',(3.2,-1.82,0.15));
#5002 = LINE('',#5003,#5004);
#5003 = CARTESIAN_POINT('',(3.2,-1.82,-5.551115123126E-17));
#5004 = VECTOR('',#5005,1.);
#5005 = DIRECTION('',(0.,0.,1.));
#5006 = ORIENTED_EDGE('',*,*,#5007,.T.);
#5007 = EDGE_CURVE('',#5000,#5008,#5010,.T.);
#5008 = VERTEX_POINT('',#5009);
#5009 = CARTESIAN_POINT('',(2.772040872589,-1.82,0.15));
#5010 = LINE('',#5011,#5012);
#5011 = CARTESIAN_POINT('',(3.2,-1.82,0.15));
#5012 = VECTOR('',#5013,1.);
#5013 = DIRECTION('',(-1.,-1.110223024625E-16,0.));
#5014 = ORIENTED_EDGE('',*,*,#5015,.T.);
#5015 = EDGE_CURVE('',#5008,#5016,#5018,.T.);
#5016 = VERTEX_POINT('',#5017);
#5017 = CARTESIAN_POINT('',(2.673560097287,-1.82,0.232635182233));
#5018 = CIRCLE('',#5019,0.1);
#5019 = AXIS2_PLACEMENT_3D('',#5020,#5021,#5022);
#5020 = CARTESIAN_POINT('',(2.772040872589,-1.82,0.25));
#5021 = DIRECTION('',(-1.110223024625E-16,1.,0.));
#5022 = DIRECTION('',(0.,0.,-1.));
#5023 = ORIENTED_EDGE('',*,*,#5024,.T.);
#5024 = EDGE_CURVE('',#5016,#5025,#5027,.T.);
#5025 = VERTEX_POINT('',#5026);
#5026 = CARTESIAN_POINT('',(2.646201938253,-1.82,0.418412044417));
#5027 = LINE('',#5028,#5029);
#5028 = CARTESIAN_POINT('',(2.673560097287,-1.82,0.232635182233));
#5029 = VECTOR('',#5030,1.);
#5030 = DIRECTION('',(-0.145692235845,-1.617508747447E-17,0.989329961345
    ));
#5031 = ORIENTED_EDGE('',*,*,#5032,.T.);
#5032 = EDGE_CURVE('',#5025,#5033,#5035,.T.);
#5033 = VERTEX_POINT('',#5034);
#5034 = CARTESIAN_POINT('',(2.4,-1.82,0.625));
#5035 = CIRCLE('',#5036,0.25);
#5036 = AXIS2_PLACEMENT_3D('',#5037,#5038,#5039);
#5037 = CARTESIAN_POINT('',(2.4,-1.82,0.375));
#5038 = DIRECTION('',(1.110223024625E-16,-1.,0.));
#5039 = DIRECTION('',(0.984807753012,1.093356242223E-16,0.173648177667)
  );
#5040 = ORIENTED_EDGE('',*,*,#5041,.T.);
#5041 = EDGE_CURVE('',#5033,#1509,#5042,.T.);
#5042 = LINE('',#5043,#5044);
#5043 = CARTESIAN_POINT('',(2.4,-1.82,0.625));
#5044 = VECTOR('',#5045,1.);
#5045 = DIRECTION('',(-1.,-1.110223024625E-16,0.));
#5046 = PLANE('',#5047);
#5047 = AXIS2_PLACEMENT_3D('',#5048,#5049,#5050);
#5048 = CARTESIAN_POINT('',(2.637615762047,-1.82,0.292893776214));
#5049 = DIRECTION('',(1.110223024625E-16,-1.,0.));
#5050 = DIRECTION('',(0.,0.,1.));
#5051 = ADVANCED_FACE('',(#5052),#5071,.F.);
#5052 = FACE_BOUND('',#5053,.F.);
#5053 = EDGE_LOOP('',(#5054,#5055,#5064,#5070));
#5054 = ORIENTED_EDGE('',*,*,#1547,.T.);
#5055 = ORIENTED_EDGE('',*,*,#5056,.T.);
#5056 = EDGE_CURVE('',#1540,#5057,#5059,.T.);
#5057 = VERTEX_POINT('',#5058);
#5058 = CARTESIAN_POINT('',(2.498480775301,-2.08,0.392364817767));
#5059 = CIRCLE('',#5060,0.1);
#5060 = AXIS2_PLACEMENT_3D('',#5061,#5062,#5063);
#5061 = CARTESIAN_POINT('',(2.4,-2.08,0.375));
#5062 = DIRECTION('',(-1.110223024625E-16,1.,0.));
#5063 = DIRECTION('',(4.440892098501E-15,4.930380657631E-31,1.));
#5064 = ORIENTED_EDGE('',*,*,#5065,.F.);
#5065 = EDGE_CURVE('',#4966,#5057,#5066,.T.);
#5066 = LINE('',#5067,#5068);
#5067 = CARTESIAN_POINT('',(2.498480775301,-1.82,0.392364817767));
#5068 = VECTOR('',#5069,1.);
#5069 = DIRECTION('',(1.110223024625E-16,-1.,0.));
#5070 = ORIENTED_EDGE('',*,*,#4965,.F.);
#5071 = CYLINDRICAL_SURFACE('',#5072,0.1);
#5072 = AXIS2_PLACEMENT_3D('',#5073,#5074,#5075);
#5073 = CARTESIAN_POINT('',(2.4,-1.82,0.375));
#5074 = DIRECTION('',(-1.110223024625E-16,1.,0.));
#5075 = DIRECTION('',(4.440892098501E-15,4.930380657631E-31,1.));
#5076 = ADVANCED_FACE('',(#5077),#5155,.T.);
#5077 = FACE_BOUND('',#5078,.T.);
#5078 = EDGE_LOOP('',(#5079,#5080,#5081,#5082,#5090,#5099,#5107,#5115,
    #5123,#5132,#5140,#5149));
#5079 = ORIENTED_EDGE('',*,*,#1561,.F.);
#5080 = ORIENTED_EDGE('',*,*,#1539,.T.);
#5081 = ORIENTED_EDGE('',*,*,#5056,.T.);
#5082 = ORIENTED_EDGE('',*,*,#5083,.T.);
#5083 = EDGE_CURVE('',#5057,#5084,#5086,.T.);
#5084 = VERTEX_POINT('',#5085);
#5085 = CARTESIAN_POINT('',(2.525838934336,-2.08,0.206587955583));
#5086 = LINE('',#5087,#5088);
#5087 = CARTESIAN_POINT('',(2.498480775301,-2.08,0.392364817767));
#5088 = VECTOR('',#5089,1.);
#5089 = DIRECTION('',(0.145692235845,1.617508747447E-17,-0.989329961345)
  );
#5090 = ORIENTED_EDGE('',*,*,#5091,.T.);
#5091 = EDGE_CURVE('',#5084,#5092,#5094,.T.);
#5092 = VERTEX_POINT('',#5093);
#5093 = CARTESIAN_POINT('',(2.772040872589,-2.08,-5.551115123126E-17));
#5094 = CIRCLE('',#5095,0.25);
#5095 = AXIS2_PLACEMENT_3D('',#5096,#5097,#5098);
#5096 = CARTESIAN_POINT('',(2.772040872589,-2.08,0.25));
#5097 = DIRECTION('',(1.110223024625E-16,-1.,0.));
#5098 = DIRECTION('',(-0.984807753012,-1.093356242223E-16,
    -0.173648177667));
#5099 = ORIENTED_EDGE('',*,*,#5100,.T.);
#5100 = EDGE_CURVE('',#5092,#5101,#5103,.T.);
#5101 = VERTEX_POINT('',#5102);
#5102 = CARTESIAN_POINT('',(3.2,-2.08,-5.551115123126E-17));
#5103 = LINE('',#5104,#5105);
#5104 = CARTESIAN_POINT('',(2.772040872589,-2.08,-5.551115123126E-17));
#5105 = VECTOR('',#5106,1.);
#5106 = DIRECTION('',(1.,1.110223024625E-16,0.));
#5107 = ORIENTED_EDGE('',*,*,#5108,.T.);
#5108 = EDGE_CURVE('',#5101,#5109,#5111,.T.);
#5109 = VERTEX_POINT('',#5110);
#5110 = CARTESIAN_POINT('',(3.2,-2.08,0.15));
#5111 = LINE('',#5112,#5113);
#5112 = CARTESIAN_POINT('',(3.2,-2.08,-5.551115123126E-17));
#5113 = VECTOR('',#5114,1.);
#5114 = DIRECTION('',(0.,0.,1.));
#5115 = ORIENTED_EDGE('',*,*,#5116,.T.);
#5116 = EDGE_CURVE('',#5109,#5117,#5119,.T.);
#5117 = VERTEX_POINT('',#5118);
#5118 = CARTESIAN_POINT('',(2.772040872589,-2.08,0.15));
#5119 = LINE('',#5120,#5121);
#5120 = CARTESIAN_POINT('',(3.2,-2.08,0.15));
#5121 = VECTOR('',#5122,1.);
#5122 = DIRECTION('',(-1.,-1.110223024625E-16,0.));
#5123 = ORIENTED_EDGE('',*,*,#5124,.T.);
#5124 = EDGE_CURVE('',#5117,#5125,#5127,.T.);
#5125 = VERTEX_POINT('',#5126);
#5126 = CARTESIAN_POINT('',(2.673560097287,-2.08,0.232635182233));
#5127 = CIRCLE('',#5128,0.1);
#5128 = AXIS2_PLACEMENT_3D('',#5129,#5130,#5131);
#5129 = CARTESIAN_POINT('',(2.772040872589,-2.08,0.25));
#5130 = DIRECTION('',(-1.110223024625E-16,1.,0.));
#5131 = DIRECTION('',(0.,0.,-1.));
#5132 = ORIENTED_EDGE('',*,*,#5133,.T.);
#5133 = EDGE_CURVE('',#5125,#5134,#5136,.T.);
#5134 = VERTEX_POINT('',#5135);
#5135 = CARTESIAN_POINT('',(2.646201938253,-2.08,0.418412044417));
#5136 = LINE('',#5137,#5138);
#5137 = CARTESIAN_POINT('',(2.673560097287,-2.08,0.232635182233));
#5138 = VECTOR('',#5139,1.);
#5139 = DIRECTION('',(-0.145692235845,-1.617508747447E-17,0.989329961345
    ));
#5140 = ORIENTED_EDGE('',*,*,#5141,.T.);
#5141 = EDGE_CURVE('',#5134,#5142,#5144,.T.);
#5142 = VERTEX_POINT('',#5143);
#5143 = CARTESIAN_POINT('',(2.4,-2.08,0.625));
#5144 = CIRCLE('',#5145,0.25);
#5145 = AXIS2_PLACEMENT_3D('',#5146,#5147,#5148);
#5146 = CARTESIAN_POINT('',(2.4,-2.08,0.375));
#5147 = DIRECTION('',(1.110223024625E-16,-1.,0.));
#5148 = DIRECTION('',(0.984807753012,1.093356242223E-16,0.173648177667)
  );
#5149 = ORIENTED_EDGE('',*,*,#5150,.T.);
#5150 = EDGE_CURVE('',#5142,#1562,#5151,.T.);
#5151 = LINE('',#5152,#5153);
#5152 = CARTESIAN_POINT('',(2.4,-2.08,0.625));
#5153 = VECTOR('',#5154,1.);
#5154 = DIRECTION('',(-1.,-1.110223024625E-16,0.));
#5155 = PLANE('',#5156);
#5156 = AXIS2_PLACEMENT_3D('',#5157,#5158,#5159);
#5157 = CARTESIAN_POINT('',(2.637615762047,-2.08,0.292893776214));
#5158 = DIRECTION('',(1.110223024625E-16,-1.,0.));
#5159 = DIRECTION('',(0.,0.,1.));
#5160 = ADVANCED_FACE('',(#5161),#5172,.T.);
#5161 = FACE_BOUND('',#5162,.T.);
#5162 = EDGE_LOOP('',(#5163,#5164,#5165,#5166));
#5163 = ORIENTED_EDGE('',*,*,#3526,.T.);
#5164 = ORIENTED_EDGE('',*,*,#1662,.T.);
#5165 = ORIENTED_EDGE('',*,*,#3628,.F.);
#5166 = ORIENTED_EDGE('',*,*,#5167,.F.);
#5167 = EDGE_CURVE('',#3519,#3621,#5168,.T.);
#5168 = LINE('',#5169,#5170);
#5169 = CARTESIAN_POINT('',(-2.646201938253,1.82,0.418412044417));
#5170 = VECTOR('',#5171,1.);
#5171 = DIRECTION('',(1.144237745222E-17,1.,0.));
#5172 = CYLINDRICAL_SURFACE('',#5173,0.25);
#5173 = AXIS2_PLACEMENT_3D('',#5174,#5175,#5176);
#5174 = CARTESIAN_POINT('',(-2.4,1.82,0.375));
#5175 = DIRECTION('',(-1.144237745222E-17,-1.,0.));
#5176 = DIRECTION('',(-0.984807753012,1.126854202784E-17,0.173648177667)
  );
#5177 = ADVANCED_FACE('',(#5178),#5191,.F.);
#5178 = FACE_BOUND('',#5179,.F.);
#5179 = EDGE_LOOP('',(#5180,#5181,#5187,#5188,#5189,#5190));
#5180 = ORIENTED_EDGE('',*,*,#2202,.F.);
#5181 = ORIENTED_EDGE('',*,*,#5182,.T.);
#5182 = EDGE_CURVE('',#2194,#2303,#5183,.T.);
#5183 = LINE('',#5184,#5185);
#5184 = CARTESIAN_POINT('',(-2.4,-2.08,0.625));
#5185 = VECTOR('',#5186,1.);
#5186 = DIRECTION('',(1.144237745222E-17,1.,0.));
#5187 = ORIENTED_EDGE('',*,*,#2311,.T.);
#5188 = ORIENTED_EDGE('',*,*,#2333,.T.);
#5189 = ORIENTED_EDGE('',*,*,#1709,.F.);
#5190 = ORIENTED_EDGE('',*,*,#2076,.F.);
#5191 = PLANE('',#5192);
#5192 = AXIS2_PLACEMENT_3D('',#5193,#5194,#5195);
#5193 = CARTESIAN_POINT('',(-2.4,-2.08,0.625));
#5194 = DIRECTION('',(0.,0.,-1.));
#5195 = DIRECTION('',(1.,-1.144237745222E-17,0.));
#5196 = ADVANCED_FACE('',(#5197),#5210,.F.);
#5197 = FACE_BOUND('',#5198,.F.);
#5198 = EDGE_LOOP('',(#5199,#5200,#5206,#5207,#5208,#5209));
#5199 = ORIENTED_EDGE('',*,*,#2425,.F.);
#5200 = ORIENTED_EDGE('',*,*,#5201,.T.);
#5201 = EDGE_CURVE('',#2417,#2526,#5202,.T.);
#5202 = LINE('',#5203,#5204);
#5203 = CARTESIAN_POINT('',(-2.4,-1.43,0.625));
#5204 = VECTOR('',#5205,1.);
#5205 = DIRECTION('',(1.144237745222E-17,1.,0.));
#5206 = ORIENTED_EDGE('',*,*,#2534,.T.);
#5207 = ORIENTED_EDGE('',*,*,#2556,.T.);
#5208 = ORIENTED_EDGE('',*,*,#1725,.F.);
#5209 = ORIENTED_EDGE('',*,*,#2326,.F.);
#5210 = PLANE('',#5211);
#5211 = AXIS2_PLACEMENT_3D('',#5212,#5213,#5214);
#5212 = CARTESIAN_POINT('',(-2.4,-1.43,0.625));
#5213 = DIRECTION('',(0.,0.,-1.));
#5214 = DIRECTION('',(1.,-1.144237745222E-17,0.));
#5215 = ADVANCED_FACE('',(#5216),#5229,.F.);
#5216 = FACE_BOUND('',#5217,.F.);
#5217 = EDGE_LOOP('',(#5218,#5219,#5225,#5226,#5227,#5228));
#5218 = ORIENTED_EDGE('',*,*,#2648,.F.);
#5219 = ORIENTED_EDGE('',*,*,#5220,.T.);
#5220 = EDGE_CURVE('',#2640,#2749,#5221,.T.);
#5221 = LINE('',#5222,#5223);
#5222 = CARTESIAN_POINT('',(-2.4,-0.78,0.625));
#5223 = VECTOR('',#5224,1.);
#5224 = DIRECTION('',(1.144237745222E-17,1.,0.));
#5225 = ORIENTED_EDGE('',*,*,#2757,.T.);
#5226 = ORIENTED_EDGE('',*,*,#2779,.T.);
#5227 = ORIENTED_EDGE('',*,*,#1741,.F.);
#5228 = ORIENTED_EDGE('',*,*,#2549,.F.);
#5229 = PLANE('',#5230);
#5230 = AXIS2_PLACEMENT_3D('',#5231,#5232,#5233);
#5231 = CARTESIAN_POINT('',(-2.4,-0.78,0.625));
#5232 = DIRECTION('',(0.,0.,-1.));
#5233 = DIRECTION('',(1.,-1.144237745222E-17,0.));
#5234 = ADVANCED_FACE('',(#5235),#5248,.F.);
#5235 = FACE_BOUND('',#5236,.F.);
#5236 = EDGE_LOOP('',(#5237,#5238,#5244,#5245,#5246,#5247));
#5237 = ORIENTED_EDGE('',*,*,#2871,.F.);
#5238 = ORIENTED_EDGE('',*,*,#5239,.T.);
#5239 = EDGE_CURVE('',#2863,#2972,#5240,.T.);
#5240 = LINE('',#5241,#5242);
#5241 = CARTESIAN_POINT('',(-2.4,-0.13,0.625));
#5242 = VECTOR('',#5243,1.);
#5243 = DIRECTION('',(1.144237745222E-17,1.,0.));
#5244 = ORIENTED_EDGE('',*,*,#2980,.T.);
#5245 = ORIENTED_EDGE('',*,*,#3002,.T.);
#5246 = ORIENTED_EDGE('',*,*,#1757,.F.);
#5247 = ORIENTED_EDGE('',*,*,#2772,.F.);
#5248 = PLANE('',#5249);
#5249 = AXIS2_PLACEMENT_3D('',#5250,#5251,#5252);
#5250 = CARTESIAN_POINT('',(-2.4,-0.13,0.625));
#5251 = DIRECTION('',(0.,0.,-1.));
#5252 = DIRECTION('',(1.,-1.144237745222E-17,0.));
#5253 = ADVANCED_FACE('',(#5254),#5267,.F.);
#5254 = FACE_BOUND('',#5255,.F.);
#5255 = EDGE_LOOP('',(#5256,#5257,#5263,#5264,#5265,#5266));
#5256 = ORIENTED_EDGE('',*,*,#3094,.F.);
#5257 = ORIENTED_EDGE('',*,*,#5258,.T.);
#5258 = EDGE_CURVE('',#3086,#3195,#5259,.T.);
#5259 = LINE('',#5260,#5261);
#5260 = CARTESIAN_POINT('',(-2.4,0.52,0.625));
#5261 = VECTOR('',#5262,1.);
#5262 = DIRECTION('',(1.144237745222E-17,1.,0.));
#5263 = ORIENTED_EDGE('',*,*,#3203,.T.);
#5264 = ORIENTED_EDGE('',*,*,#3225,.T.);
#5265 = ORIENTED_EDGE('',*,*,#1773,.F.);
#5266 = ORIENTED_EDGE('',*,*,#2995,.F.);
#5267 = PLANE('',#5268);
#5268 = AXIS2_PLACEMENT_3D('',#5269,#5270,#5271);
#5269 = CARTESIAN_POINT('',(-2.4,0.52,0.625));
#5270 = DIRECTION('',(0.,0.,-1.));
#5271 = DIRECTION('',(1.,-1.144237745222E-17,0.));
#5272 = ADVANCED_FACE('',(#5273),#5286,.F.);
#5273 = FACE_BOUND('',#5274,.F.);
#5274 = EDGE_LOOP('',(#5275,#5276,#5282,#5283,#5284,#5285));
#5275 = ORIENTED_EDGE('',*,*,#3317,.F.);
#5276 = ORIENTED_EDGE('',*,*,#5277,.T.);
#5277 = EDGE_CURVE('',#3309,#3418,#5278,.T.);
#5278 = LINE('',#5279,#5280);
#5279 = CARTESIAN_POINT('',(-2.4,1.17,0.625));
#5280 = VECTOR('',#5281,1.);
#5281 = DIRECTION('',(1.144237745222E-17,1.,0.));
#5282 = ORIENTED_EDGE('',*,*,#3426,.T.);
#5283 = ORIENTED_EDGE('',*,*,#3443,.T.);
#5284 = ORIENTED_EDGE('',*,*,#1789,.F.);
#5285 = ORIENTED_EDGE('',*,*,#3218,.F.);
#5286 = PLANE('',#5287);
#5287 = AXIS2_PLACEMENT_3D('',#5288,#5289,#5290);
#5288 = CARTESIAN_POINT('',(-2.4,1.17,0.625));
#5289 = DIRECTION('',(0.,0.,-1.));
#5290 = DIRECTION('',(1.,-1.144237745222E-17,0.));
#5291 = ADVANCED_FACE('',(#5292,#5321),#5332,.T.);
#5292 = FACE_BOUND('',#5293,.T.);
#5293 = EDGE_LOOP('',(#5294,#5295,#5296,#5297,#5305,#5313,#5319,#5320));
#5294 = ORIENTED_EDGE('',*,*,#1864,.F.);
#5295 = ORIENTED_EDGE('',*,*,#1841,.F.);
#5296 = ORIENTED_EDGE('',*,*,#1812,.F.);
#5297 = ORIENTED_EDGE('',*,*,#5298,.F.);
#5298 = EDGE_CURVE('',#5299,#1813,#5301,.T.);
#5299 = VERTEX_POINT('',#5300);
#5300 = CARTESIAN_POINT('',(-1.935145644687,-2.370291289374,1.));
#5301 = LINE('',#5302,#5303);
#5302 = CARTESIAN_POINT('',(-1.935145644687,-2.370291289374,1.));
#5303 = VECTOR('',#5304,1.);
#5304 = DIRECTION('',(-0.707106781187,0.707106781187,0.));
#5305 = ORIENTED_EDGE('',*,*,#5306,.F.);
#5306 = EDGE_CURVE('',#5307,#5299,#5309,.T.);
#5307 = VERTEX_POINT('',#5308);
#5308 = CARTESIAN_POINT('',(1.935145644687,-2.370291289374,1.));
#5309 = LINE('',#5310,#5311);
#5310 = CARTESIAN_POINT('',(1.935145644687,-2.370291289374,1.));
#5311 = VECTOR('',#5312,1.);
#5312 = DIRECTION('',(-1.,-1.110223024625E-16,0.));
#5313 = ORIENTED_EDGE('',*,*,#5314,.F.);
#5314 = EDGE_CURVE('',#2016,#5307,#5315,.T.);
#5315 = LINE('',#5316,#5317);
#5316 = CARTESIAN_POINT('',(2.070291289374,-2.235145644687,1.));
#5317 = VECTOR('',#5318,1.);
#5318 = DIRECTION('',(-0.707106781187,-0.707106781187,0.));
#5319 = ORIENTED_EDGE('',*,*,#2022,.F.);
#5320 = ORIENTED_EDGE('',*,*,#1887,.F.);
#5321 = FACE_BOUND('',#5322,.T.);
#5322 = EDGE_LOOP('',(#5323));
#5323 = ORIENTED_EDGE('',*,*,#5324,.T.);
#5324 = EDGE_CURVE('',#5325,#5325,#5327,.T.);
#5325 = VERTEX_POINT('',#5326);
#5326 = CARTESIAN_POINT('',(-1.370291289374,1.420291289374,1.));
#5327 = CIRCLE('',#5328,0.25);
#5328 = AXIS2_PLACEMENT_3D('',#5329,#5330,#5331);
#5329 = CARTESIAN_POINT('',(-1.370291289374,1.670291289374,1.));
#5330 = DIRECTION('',(0.,-0.,-1.));
#5331 = DIRECTION('',(1.110223024625E-16,-1.,0.));
#5332 = PLANE('',#5333);
#5333 = AXIS2_PLACEMENT_3D('',#5334,#5335,#5336);
#5334 = CARTESIAN_POINT('',(-1.935145644687,2.370291289374,1.));
#5335 = DIRECTION('',(0.,0.,1.));
#5336 = DIRECTION('',(0.632418454006,-0.774626941845,0.));
#5337 = ADVANCED_FACE('',(#5338),#5348,.F.);
#5338 = FACE_BOUND('',#5339,.F.);
#5339 = EDGE_LOOP('',(#5340,#5341,#5342,#5343));
#5340 = ORIENTED_EDGE('',*,*,#2083,.T.);
#5341 = ORIENTED_EDGE('',*,*,#1820,.T.);
#5342 = ORIENTED_EDGE('',*,*,#5298,.F.);
#5343 = ORIENTED_EDGE('',*,*,#5344,.F.);
#5344 = EDGE_CURVE('',#2084,#5299,#5345,.T.);
#5345 = B_SPLINE_CURVE_WITH_KNOTS('',1,(#5346,#5347),.UNSPECIFIED.,.F.,
  .F.,(2,2),(0.,1.),.PIECEWISE_BEZIER_KNOTS.);
#5346 = CARTESIAN_POINT('',(-1.975,-2.45,0.625));
#5347 = CARTESIAN_POINT('',(-1.935145644687,-2.370291289374,1.));
#5348 = B_SPLINE_SURFACE_WITH_KNOTS('',1,1,(
    (#5349,#5350)
    ,(#5351,#5352
    )),.UNSPECIFIED.,.F.,.F.,.F.,(2,2),(2,2),(0.,0.247487373415),(0.,1.)
  ,.PIECEWISE_BEZIER_KNOTS.);
#5349 = CARTESIAN_POINT('',(-1.975,-2.45,0.625));
#5350 = CARTESIAN_POINT('',(-1.935145644687,-2.370291289374,1.));
#5351 = CARTESIAN_POINT('',(-2.15,-2.275,0.625));
#5352 = CARTESIAN_POINT('',(-2.070291289374,-2.235145644687,1.));
#5353 = ADVANCED_FACE('',(#5354),#5367,.F.);
#5354 = FACE_BOUND('',#5355,.F.);
#5355 = EDGE_LOOP('',(#5356,#5357,#5363,#5364,#5365,#5366));
#5356 = ORIENTED_EDGE('',*,*,#3926,.F.);
#5357 = ORIENTED_EDGE('',*,*,#5358,.T.);
#5358 = EDGE_CURVE('',#3918,#4027,#5359,.T.);
#5359 = LINE('',#5360,#5361);
#5360 = CARTESIAN_POINT('',(2.4,1.43,0.625));
#5361 = VECTOR('',#5362,1.);
#5362 = DIRECTION('',(1.110223024625E-16,-1.,0.));
#5363 = ORIENTED_EDGE('',*,*,#4035,.T.);
#5364 = ORIENTED_EDGE('',*,*,#4049,.T.);
#5365 = ORIENTED_EDGE('',*,*,#1919,.F.);
#5366 = ORIENTED_EDGE('',*,*,#3833,.F.);
#5367 = PLANE('',#5368);
#5368 = AXIS2_PLACEMENT_3D('',#5369,#5370,#5371);
#5369 = CARTESIAN_POINT('',(2.4,1.43,0.625));
#5370 = DIRECTION('',(0.,0.,-1.));
#5371 = DIRECTION('',(-1.,-1.110223024625E-16,-0.));
#5372 = ADVANCED_FACE('',(#5373),#5386,.F.);
#5373 = FACE_BOUND('',#5374,.F.);
#5374 = EDGE_LOOP('',(#5375,#5376,#5382,#5383,#5384,#5385));
#5375 = ORIENTED_EDGE('',*,*,#4149,.F.);
#5376 = ORIENTED_EDGE('',*,*,#5377,.T.);
#5377 = EDGE_CURVE('',#4141,#4250,#5378,.T.);
#5378 = LINE('',#5379,#5380);
#5379 = CARTESIAN_POINT('',(2.4,0.78,0.625));
#5380 = VECTOR('',#5381,1.);
#5381 = DIRECTION('',(1.110223024625E-16,-1.,0.));
#5382 = ORIENTED_EDGE('',*,*,#4258,.T.);
#5383 = ORIENTED_EDGE('',*,*,#4272,.T.);
#5384 = ORIENTED_EDGE('',*,*,#1935,.F.);
#5385 = ORIENTED_EDGE('',*,*,#4056,.F.);
#5386 = PLANE('',#5387);
#5387 = AXIS2_PLACEMENT_3D('',#5388,#5389,#5390);
#5388 = CARTESIAN_POINT('',(2.4,0.78,0.625));
#5389 = DIRECTION('',(0.,0.,-1.));
#5390 = DIRECTION('',(-1.,-1.110223024625E-16,-0.));
#5391 = ADVANCED_FACE('',(#5392),#5405,.F.);
#5392 = FACE_BOUND('',#5393,.F.);
#5393 = EDGE_LOOP('',(#5394,#5395,#5401,#5402,#5403,#5404));
#5394 = ORIENTED_EDGE('',*,*,#4372,.F.);
#5395 = ORIENTED_EDGE('',*,*,#5396,.T.);
#5396 = EDGE_CURVE('',#4364,#4473,#5397,.T.);
#5397 = LINE('',#5398,#5399);
#5398 = CARTESIAN_POINT('',(2.4,0.13,0.625));
#5399 = VECTOR('',#5400,1.);
#5400 = DIRECTION('',(1.110223024625E-16,-1.,0.));
#5401 = ORIENTED_EDGE('',*,*,#4481,.T.);
#5402 = ORIENTED_EDGE('',*,*,#4495,.T.);
#5403 = ORIENTED_EDGE('',*,*,#1951,.F.);
#5404 = ORIENTED_EDGE('',*,*,#4279,.F.);
#5405 = PLANE('',#5406);
#5406 = AXIS2_PLACEMENT_3D('',#5407,#5408,#5409);
#5407 = CARTESIAN_POINT('',(2.4,0.13,0.625));
#5408 = DIRECTION('',(0.,0.,-1.));
#5409 = DIRECTION('',(-1.,-1.110223024625E-16,-0.));
#5410 = ADVANCED_FACE('',(#5411),#5424,.F.);
#5411 = FACE_BOUND('',#5412,.F.);
#5412 = EDGE_LOOP('',(#5413,#5414,#5420,#5421,#5422,#5423));
#5413 = ORIENTED_EDGE('',*,*,#4595,.F.);
#5414 = ORIENTED_EDGE('',*,*,#5415,.T.);
#5415 = EDGE_CURVE('',#4587,#4696,#5416,.T.);
#5416 = LINE('',#5417,#5418);
#5417 = CARTESIAN_POINT('',(2.4,-0.52,0.625));
#5418 = VECTOR('',#5419,1.);
#5419 = DIRECTION('',(1.110223024625E-16,-1.,0.));
#5420 = ORIENTED_EDGE('',*,*,#4704,.T.);
#5421 = ORIENTED_EDGE('',*,*,#4718,.T.);
#5422 = ORIENTED_EDGE('',*,*,#1967,.F.);
#5423 = ORIENTED_EDGE('',*,*,#4502,.F.);
#5424 = PLANE('',#5425);
#5425 = AXIS2_PLACEMENT_3D('',#5426,#5427,#5428);
#5426 = CARTESIAN_POINT('',(2.4,-0.52,0.625));
#5427 = DIRECTION('',(0.,0.,-1.));
#5428 = DIRECTION('',(-1.,-1.110223024625E-16,-0.));
#5429 = ADVANCED_FACE('',(#5430),#5443,.F.);
#5430 = FACE_BOUND('',#5431,.F.);
#5431 = EDGE_LOOP('',(#5432,#5433,#5439,#5440,#5441,#5442));
#5432 = ORIENTED_EDGE('',*,*,#4818,.F.);
#5433 = ORIENTED_EDGE('',*,*,#5434,.T.);
#5434 = EDGE_CURVE('',#4810,#4919,#5435,.T.);
#5435 = LINE('',#5436,#5437);
#5436 = CARTESIAN_POINT('',(2.4,-1.17,0.625));
#5437 = VECTOR('',#5438,1.);
#5438 = DIRECTION('',(1.110223024625E-16,-1.,0.));
#5439 = ORIENTED_EDGE('',*,*,#4927,.T.);
#5440 = ORIENTED_EDGE('',*,*,#4941,.T.);
#5441 = ORIENTED_EDGE('',*,*,#1983,.F.);
#5442 = ORIENTED_EDGE('',*,*,#4725,.F.);
#5443 = PLANE('',#5444);
#5444 = AXIS2_PLACEMENT_3D('',#5445,#5446,#5447);
#5445 = CARTESIAN_POINT('',(2.4,-1.17,0.625));
#5446 = DIRECTION('',(0.,0.,-1.));
#5447 = DIRECTION('',(-1.,-1.110223024625E-16,-0.));
#5448 = ADVANCED_FACE('',(#5449),#5462,.F.);
#5449 = FACE_BOUND('',#5450,.F.);
#5450 = EDGE_LOOP('',(#5451,#5452,#5458,#5459,#5460,#5461));
#5451 = ORIENTED_EDGE('',*,*,#5041,.F.);
#5452 = ORIENTED_EDGE('',*,*,#5453,.T.);
#5453 = EDGE_CURVE('',#5033,#5142,#5454,.T.);
#5454 = LINE('',#5455,#5456);
#5455 = CARTESIAN_POINT('',(2.4,-1.82,0.625));
#5456 = VECTOR('',#5457,1.);
#5457 = DIRECTION('',(1.110223024625E-16,-1.,0.));
#5458 = ORIENTED_EDGE('',*,*,#5150,.T.);
#5459 = ORIENTED_EDGE('',*,*,#2106,.T.);
#5460 = ORIENTED_EDGE('',*,*,#1999,.F.);
#5461 = ORIENTED_EDGE('',*,*,#4948,.F.);
#5462 = PLANE('',#5463);
#5463 = AXIS2_PLACEMENT_3D('',#5464,#5465,#5466);
#5464 = CARTESIAN_POINT('',(2.4,-1.82,0.625));
#5465 = DIRECTION('',(0.,0.,-1.));
#5466 = DIRECTION('',(-1.,-1.110223024625E-16,-0.));
#5467 = ADVANCED_FACE('',(#5468),#5478,.F.);
#5468 = FACE_BOUND('',#5469,.F.);
#5469 = EDGE_LOOP('',(#5470,#5471,#5476,#5477));
#5470 = ORIENTED_EDGE('',*,*,#2099,.T.);
#5471 = ORIENTED_EDGE('',*,*,#5472,.T.);
#5472 = EDGE_CURVE('',#2092,#5307,#5473,.T.);
#5473 = B_SPLINE_CURVE_WITH_KNOTS('',1,(#5474,#5475),.UNSPECIFIED.,.F.,
  .F.,(2,2),(0.,1.),.PIECEWISE_BEZIER_KNOTS.);
#5474 = CARTESIAN_POINT('',(1.975,-2.45,0.625));
#5475 = CARTESIAN_POINT('',(1.935145644687,-2.370291289374,1.));
#5476 = ORIENTED_EDGE('',*,*,#5314,.F.);
#5477 = ORIENTED_EDGE('',*,*,#2015,.F.);
#5478 = B_SPLINE_SURFACE_WITH_KNOTS('',1,1,(
    (#5479,#5480)
    ,(#5481,#5482
    )),.UNSPECIFIED.,.F.,.F.,.F.,(2,2),(2,2),(0.,0.247487373415),(0.,1.)
  ,.PIECEWISE_BEZIER_KNOTS.);
#5479 = CARTESIAN_POINT('',(2.15,-2.275,0.625));
#5480 = CARTESIAN_POINT('',(2.070291289374,-2.235145644687,1.));
#5481 = CARTESIAN_POINT('',(1.975,-2.45,0.625));
#5482 = CARTESIAN_POINT('',(1.935145644687,-2.370291289374,1.));
#5483 = ADVANCED_FACE('',(#5484),#5495,.T.);
#5484 = FACE_BOUND('',#5485,.T.);
#5485 = EDGE_LOOP('',(#5486,#5487,#5488,#5489));
#5486 = ORIENTED_EDGE('',*,*,#3713,.T.);
#5487 = ORIENTED_EDGE('',*,*,#2045,.T.);
#5488 = ORIENTED_EDGE('',*,*,#3815,.F.);
#5489 = ORIENTED_EDGE('',*,*,#5490,.F.);
#5490 = EDGE_CURVE('',#3706,#3808,#5491,.T.);
#5491 = LINE('',#5492,#5493);
#5492 = CARTESIAN_POINT('',(2.646201938253,2.08,0.418412044417));
#5493 = VECTOR('',#5494,1.);
#5494 = DIRECTION('',(1.110223024625E-16,-1.,0.));
#5495 = CYLINDRICAL_SURFACE('',#5496,0.25);
#5496 = AXIS2_PLACEMENT_3D('',#5497,#5498,#5499);
#5497 = CARTESIAN_POINT('',(2.4,2.08,0.375));
#5498 = DIRECTION('',(-1.110223024625E-16,1.,0.));
#5499 = DIRECTION('',(0.984807753012,1.093356242223E-16,0.173648177667)
  );
#5500 = ADVANCED_FACE('',(#5501),#5507,.F.);
#5501 = FACE_BOUND('',#5502,.F.);
#5502 = EDGE_LOOP('',(#5503,#5504,#5505,#5506));
#5503 = ORIENTED_EDGE('',*,*,#2091,.T.);
#5504 = ORIENTED_EDGE('',*,*,#5344,.T.);
#5505 = ORIENTED_EDGE('',*,*,#5306,.F.);
#5506 = ORIENTED_EDGE('',*,*,#5472,.F.);
#5507 = B_SPLINE_SURFACE_WITH_KNOTS('',1,1,(
    (#5508,#5509)
    ,(#5510,#5511
    )),.UNSPECIFIED.,.F.,.F.,.F.,(2,2),(2,2),(0.,3.95),(0.,1.),
  .PIECEWISE_BEZIER_KNOTS.);
#5508 = CARTESIAN_POINT('',(1.975,-2.45,0.625));
#5509 = CARTESIAN_POINT('',(1.935145644687,-2.370291289374,1.));
#5510 = CARTESIAN_POINT('',(-1.975,-2.45,0.625));
#5511 = CARTESIAN_POINT('',(-1.935145644687,-2.370291289374,1.));
#5512 = ADVANCED_FACE('',(#5513),#5524,.T.);
#5513 = FACE_BOUND('',#5514,.T.);
#5514 = EDGE_LOOP('',(#5515,#5516,#5517,#5518));
#5515 = ORIENTED_EDGE('',*,*,#2193,.T.);
#5516 = ORIENTED_EDGE('',*,*,#5182,.T.);
#5517 = ORIENTED_EDGE('',*,*,#2302,.F.);
#5518 = ORIENTED_EDGE('',*,*,#5519,.F.);
#5519 = EDGE_CURVE('',#2186,#2295,#5520,.T.);
#5520 = LINE('',#5521,#5522);
#5521 = CARTESIAN_POINT('',(-2.646201938253,-2.08,0.418412044417));
#5522 = VECTOR('',#5523,1.);
#5523 = DIRECTION('',(1.144237745222E-17,1.,0.));
#5524 = CYLINDRICAL_SURFACE('',#5525,0.25);
#5525 = AXIS2_PLACEMENT_3D('',#5526,#5527,#5528);
#5526 = CARTESIAN_POINT('',(-2.4,-2.08,0.375));
#5527 = DIRECTION('',(-1.144237745222E-17,-1.,0.));
#5528 = DIRECTION('',(-0.984807753012,1.126854202784E-17,0.173648177667)
  );
#5529 = ADVANCED_FACE('',(#5530),#5541,.F.);
#5530 = FACE_BOUND('',#5531,.F.);
#5531 = EDGE_LOOP('',(#5532,#5538,#5539,#5540));
#5532 = ORIENTED_EDGE('',*,*,#5533,.T.);
#5533 = EDGE_CURVE('',#2177,#2286,#5534,.T.);
#5534 = LINE('',#5535,#5536);
#5535 = CARTESIAN_POINT('',(-2.673560097287,-2.08,0.232635182233));
#5536 = VECTOR('',#5537,1.);
#5537 = DIRECTION('',(1.144237745222E-17,1.,0.));
#5538 = ORIENTED_EDGE('',*,*,#2294,.T.);
#5539 = ORIENTED_EDGE('',*,*,#5519,.F.);
#5540 = ORIENTED_EDGE('',*,*,#2185,.F.);
#5541 = PLANE('',#5542);
#5542 = AXIS2_PLACEMENT_3D('',#5543,#5544,#5545);
#5543 = CARTESIAN_POINT('',(-2.673560097287,-2.08,0.232635182233));
#5544 = DIRECTION('',(0.989329961345,-1.13202868425E-17,-0.145692235845)
  );
#5545 = DIRECTION('',(0.145692235845,-1.667065554401E-18,0.989329961345)
  );
#5546 = ADVANCED_FACE('',(#5547),#5558,.F.);
#5547 = FACE_BOUND('',#5548,.F.);
#5548 = EDGE_LOOP('',(#5549,#5555,#5556,#5557));
#5549 = ORIENTED_EDGE('',*,*,#5550,.T.);
#5550 = EDGE_CURVE('',#2169,#2278,#5551,.T.);
#5551 = LINE('',#5552,#5553);
#5552 = CARTESIAN_POINT('',(-2.772040872589,-2.08,0.15));
#5553 = VECTOR('',#5554,1.);
#5554 = DIRECTION('',(1.144237745222E-17,1.,0.));
#5555 = ORIENTED_EDGE('',*,*,#2285,.T.);
#5556 = ORIENTED_EDGE('',*,*,#5533,.F.);
#5557 = ORIENTED_EDGE('',*,*,#2176,.F.);
#5558 = CYLINDRICAL_SURFACE('',#5559,0.1);
#5559 = AXIS2_PLACEMENT_3D('',#5560,#5561,#5562);
#5560 = CARTESIAN_POINT('',(-2.772040872589,-2.08,0.25));
#5561 = DIRECTION('',(-1.144237745222E-17,-1.,0.));
#5562 = DIRECTION('',(-0.,0.,-1.));
#5563 = ADVANCED_FACE('',(#5564),#5575,.F.);
#5564 = FACE_BOUND('',#5565,.F.);
#5565 = EDGE_LOOP('',(#5566,#5572,#5573,#5574));
#5566 = ORIENTED_EDGE('',*,*,#5567,.T.);
#5567 = EDGE_CURVE('',#2161,#2270,#5568,.T.);
#5568 = LINE('',#5569,#5570);
#5569 = CARTESIAN_POINT('',(-3.2,-2.08,0.15));
#5570 = VECTOR('',#5571,1.);
#5571 = DIRECTION('',(1.144237745222E-17,1.,0.));
#5572 = ORIENTED_EDGE('',*,*,#2277,.T.);
#5573 = ORIENTED_EDGE('',*,*,#5550,.F.);
#5574 = ORIENTED_EDGE('',*,*,#2168,.F.);
#5575 = PLANE('',#5576);
#5576 = AXIS2_PLACEMENT_3D('',#5577,#5578,#5579);
#5577 = CARTESIAN_POINT('',(-3.2,-2.08,0.15));
#5578 = DIRECTION('',(0.,0.,-1.));
#5579 = DIRECTION('',(1.,-1.144237745222E-17,0.));
#5580 = ADVANCED_FACE('',(#5581),#5592,.F.);
#5581 = FACE_BOUND('',#5582,.F.);
#5582 = EDGE_LOOP('',(#5583,#5589,#5590,#5591));
#5583 = ORIENTED_EDGE('',*,*,#5584,.T.);
#5584 = EDGE_CURVE('',#2153,#2262,#5585,.T.);
#5585 = LINE('',#5586,#5587);
#5586 = CARTESIAN_POINT('',(-3.2,-2.08,-5.551115123126E-17));
#5587 = VECTOR('',#5588,1.);
#5588 = DIRECTION('',(1.144237745222E-17,1.,0.));
#5589 = ORIENTED_EDGE('',*,*,#2269,.T.);
#5590 = ORIENTED_EDGE('',*,*,#5567,.F.);
#5591 = ORIENTED_EDGE('',*,*,#2160,.F.);
#5592 = PLANE('',#5593);
#5593 = AXIS2_PLACEMENT_3D('',#5594,#5595,#5596);
#5594 = CARTESIAN_POINT('',(-3.2,-2.08,-5.551115123126E-17));
#5595 = DIRECTION('',(1.,-1.144237745222E-17,0.));
#5596 = DIRECTION('',(0.,0.,1.));
#5597 = ADVANCED_FACE('',(#5598),#5609,.F.);
#5598 = FACE_BOUND('',#5599,.F.);
#5599 = EDGE_LOOP('',(#5600,#5606,#5607,#5608));
#5600 = ORIENTED_EDGE('',*,*,#5601,.T.);
#5601 = EDGE_CURVE('',#2144,#2253,#5602,.T.);
#5602 = LINE('',#5603,#5604);
#5603 = CARTESIAN_POINT('',(-2.772040872589,-2.08,-5.551115123126E-17));
#5604 = VECTOR('',#5605,1.);
#5605 = DIRECTION('',(1.144237745222E-17,1.,0.));
#5606 = ORIENTED_EDGE('',*,*,#2261,.T.);
#5607 = ORIENTED_EDGE('',*,*,#5584,.F.);
#5608 = ORIENTED_EDGE('',*,*,#2152,.F.);
#5609 = PLANE('',#5610);
#5610 = AXIS2_PLACEMENT_3D('',#5611,#5612,#5613);
#5611 = CARTESIAN_POINT('',(-2.772040872589,-2.08,-5.551115123126E-17));
#5612 = DIRECTION('',(0.,0.,1.));
#5613 = DIRECTION('',(-1.,1.144237745222E-17,0.));
#5614 = ADVANCED_FACE('',(#5615),#5626,.T.);
#5615 = FACE_BOUND('',#5616,.T.);
#5616 = EDGE_LOOP('',(#5617,#5618,#5619,#5620));
#5617 = ORIENTED_EDGE('',*,*,#2143,.T.);
#5618 = ORIENTED_EDGE('',*,*,#5601,.T.);
#5619 = ORIENTED_EDGE('',*,*,#2252,.F.);
#5620 = ORIENTED_EDGE('',*,*,#5621,.F.);
#5621 = EDGE_CURVE('',#2136,#2245,#5622,.T.);
#5622 = LINE('',#5623,#5624);
#5623 = CARTESIAN_POINT('',(-2.525838934336,-2.08,0.206587955583));
#5624 = VECTOR('',#5625,1.);
#5625 = DIRECTION('',(1.144237745222E-17,1.,0.));
#5626 = CYLINDRICAL_SURFACE('',#5627,0.25);
#5627 = AXIS2_PLACEMENT_3D('',#5628,#5629,#5630);
#5628 = CARTESIAN_POINT('',(-2.772040872589,-2.08,0.25));
#5629 = DIRECTION('',(-1.144237745222E-17,-1.,0.));
#5630 = DIRECTION('',(0.984807753012,-1.126854202784E-17,-0.173648177667
    ));
#5631 = ADVANCED_FACE('',(#5632),#5638,.F.);
#5632 = FACE_BOUND('',#5633,.F.);
#5633 = EDGE_LOOP('',(#5634,#5635,#5636,#5637));
#5634 = ORIENTED_EDGE('',*,*,#2226,.T.);
#5635 = ORIENTED_EDGE('',*,*,#2244,.T.);
#5636 = ORIENTED_EDGE('',*,*,#5621,.F.);
#5637 = ORIENTED_EDGE('',*,*,#2135,.F.);
#5638 = PLANE('',#5639);
#5639 = AXIS2_PLACEMENT_3D('',#5640,#5641,#5642);
#5640 = CARTESIAN_POINT('',(-2.498480775301,-2.08,0.392364817767));
#5641 = DIRECTION('',(-0.989329961345,1.13202868425E-17,0.145692235845)
  );
#5642 = DIRECTION('',(-0.145692235845,1.667065554401E-18,-0.989329961345
    ));
#5643 = ADVANCED_FACE('',(#5644),#5655,.T.);
#5644 = FACE_BOUND('',#5645,.T.);
#5645 = EDGE_LOOP('',(#5646,#5647,#5648,#5649));
#5646 = ORIENTED_EDGE('',*,*,#2416,.T.);
#5647 = ORIENTED_EDGE('',*,*,#5201,.T.);
#5648 = ORIENTED_EDGE('',*,*,#2525,.F.);
#5649 = ORIENTED_EDGE('',*,*,#5650,.F.);
#5650 = EDGE_CURVE('',#2409,#2518,#5651,.T.);
#5651 = LINE('',#5652,#5653);
#5652 = CARTESIAN_POINT('',(-2.646201938253,-1.43,0.418412044417));
#5653 = VECTOR('',#5654,1.);
#5654 = DIRECTION('',(1.144237745222E-17,1.,0.));
#5655 = CYLINDRICAL_SURFACE('',#5656,0.25);
#5656 = AXIS2_PLACEMENT_3D('',#5657,#5658,#5659);
#5657 = CARTESIAN_POINT('',(-2.4,-1.43,0.375));
#5658 = DIRECTION('',(-1.144237745222E-17,-1.,0.));
#5659 = DIRECTION('',(-0.984807753012,1.126854202784E-17,0.173648177667)
  );
#5660 = ADVANCED_FACE('',(#5661),#5672,.F.);
#5661 = FACE_BOUND('',#5662,.F.);
#5662 = EDGE_LOOP('',(#5663,#5669,#5670,#5671));
#5663 = ORIENTED_EDGE('',*,*,#5664,.T.);
#5664 = EDGE_CURVE('',#2400,#2509,#5665,.T.);
#5665 = LINE('',#5666,#5667);
#5666 = CARTESIAN_POINT('',(-2.673560097287,-1.43,0.232635182233));
#5667 = VECTOR('',#5668,1.);
#5668 = DIRECTION('',(1.144237745222E-17,1.,0.));
#5669 = ORIENTED_EDGE('',*,*,#2517,.T.);
#5670 = ORIENTED_EDGE('',*,*,#5650,.F.);
#5671 = ORIENTED_EDGE('',*,*,#2408,.F.);
#5672 = PLANE('',#5673);
#5673 = AXIS2_PLACEMENT_3D('',#5674,#5675,#5676);
#5674 = CARTESIAN_POINT('',(-2.673560097287,-1.43,0.232635182233));
#5675 = DIRECTION('',(0.989329961345,-1.13202868425E-17,-0.145692235845)
  );
#5676 = DIRECTION('',(0.145692235845,-1.667065554401E-18,0.989329961345)
  );
#5677 = ADVANCED_FACE('',(#5678),#5689,.F.);
#5678 = FACE_BOUND('',#5679,.F.);
#5679 = EDGE_LOOP('',(#5680,#5686,#5687,#5688));
#5680 = ORIENTED_EDGE('',*,*,#5681,.T.);
#5681 = EDGE_CURVE('',#2392,#2501,#5682,.T.);
#5682 = LINE('',#5683,#5684);
#5683 = CARTESIAN_POINT('',(-2.772040872589,-1.43,0.15));
#5684 = VECTOR('',#5685,1.);
#5685 = DIRECTION('',(1.144237745222E-17,1.,0.));
#5686 = ORIENTED_EDGE('',*,*,#2508,.T.);
#5687 = ORIENTED_EDGE('',*,*,#5664,.F.);
#5688 = ORIENTED_EDGE('',*,*,#2399,.F.);
#5689 = CYLINDRICAL_SURFACE('',#5690,0.1);
#5690 = AXIS2_PLACEMENT_3D('',#5691,#5692,#5693);
#5691 = CARTESIAN_POINT('',(-2.772040872589,-1.43,0.25));
#5692 = DIRECTION('',(-1.144237745222E-17,-1.,0.));
#5693 = DIRECTION('',(-0.,0.,-1.));
#5694 = ADVANCED_FACE('',(#5695),#5706,.F.);
#5695 = FACE_BOUND('',#5696,.F.);
#5696 = EDGE_LOOP('',(#5697,#5703,#5704,#5705));
#5697 = ORIENTED_EDGE('',*,*,#5698,.T.);
#5698 = EDGE_CURVE('',#2384,#2493,#5699,.T.);
#5699 = LINE('',#5700,#5701);
#5700 = CARTESIAN_POINT('',(-3.2,-1.43,0.15));
#5701 = VECTOR('',#5702,1.);
#5702 = DIRECTION('',(1.144237745222E-17,1.,0.));
#5703 = ORIENTED_EDGE('',*,*,#2500,.T.);
#5704 = ORIENTED_EDGE('',*,*,#5681,.F.);
#5705 = ORIENTED_EDGE('',*,*,#2391,.F.);
#5706 = PLANE('',#5707);
#5707 = AXIS2_PLACEMENT_3D('',#5708,#5709,#5710);
#5708 = CARTESIAN_POINT('',(-3.2,-1.43,0.15));
#5709 = DIRECTION('',(0.,0.,-1.));
#5710 = DIRECTION('',(1.,-1.144237745222E-17,0.));
#5711 = ADVANCED_FACE('',(#5712),#5723,.F.);
#5712 = FACE_BOUND('',#5713,.F.);
#5713 = EDGE_LOOP('',(#5714,#5720,#5721,#5722));
#5714 = ORIENTED_EDGE('',*,*,#5715,.T.);
#5715 = EDGE_CURVE('',#2376,#2485,#5716,.T.);
#5716 = LINE('',#5717,#5718);
#5717 = CARTESIAN_POINT('',(-3.2,-1.43,-5.551115123126E-17));
#5718 = VECTOR('',#5719,1.);
#5719 = DIRECTION('',(1.144237745222E-17,1.,0.));
#5720 = ORIENTED_EDGE('',*,*,#2492,.T.);
#5721 = ORIENTED_EDGE('',*,*,#5698,.F.);
#5722 = ORIENTED_EDGE('',*,*,#2383,.F.);
#5723 = PLANE('',#5724);
#5724 = AXIS2_PLACEMENT_3D('',#5725,#5726,#5727);
#5725 = CARTESIAN_POINT('',(-3.2,-1.43,-5.551115123126E-17));
#5726 = DIRECTION('',(1.,-1.144237745222E-17,0.));
#5727 = DIRECTION('',(0.,0.,1.));
#5728 = ADVANCED_FACE('',(#5729),#5740,.F.);
#5729 = FACE_BOUND('',#5730,.F.);
#5730 = EDGE_LOOP('',(#5731,#5737,#5738,#5739));
#5731 = ORIENTED_EDGE('',*,*,#5732,.T.);
#5732 = EDGE_CURVE('',#2367,#2476,#5733,.T.);
#5733 = LINE('',#5734,#5735);
#5734 = CARTESIAN_POINT('',(-2.772040872589,-1.43,-5.551115123126E-17));
#5735 = VECTOR('',#5736,1.);
#5736 = DIRECTION('',(1.144237745222E-17,1.,0.));
#5737 = ORIENTED_EDGE('',*,*,#2484,.T.);
#5738 = ORIENTED_EDGE('',*,*,#5715,.F.);
#5739 = ORIENTED_EDGE('',*,*,#2375,.F.);
#5740 = PLANE('',#5741);
#5741 = AXIS2_PLACEMENT_3D('',#5742,#5743,#5744);
#5742 = CARTESIAN_POINT('',(-2.772040872589,-1.43,-5.551115123126E-17));
#5743 = DIRECTION('',(0.,0.,1.));
#5744 = DIRECTION('',(-1.,1.144237745222E-17,0.));
#5745 = ADVANCED_FACE('',(#5746),#5757,.T.);
#5746 = FACE_BOUND('',#5747,.T.);
#5747 = EDGE_LOOP('',(#5748,#5749,#5750,#5751));
#5748 = ORIENTED_EDGE('',*,*,#2366,.T.);
#5749 = ORIENTED_EDGE('',*,*,#5732,.T.);
#5750 = ORIENTED_EDGE('',*,*,#2475,.F.);
#5751 = ORIENTED_EDGE('',*,*,#5752,.F.);
#5752 = EDGE_CURVE('',#2359,#2468,#5753,.T.);
#5753 = LINE('',#5754,#5755);
#5754 = CARTESIAN_POINT('',(-2.525838934336,-1.43,0.206587955583));
#5755 = VECTOR('',#5756,1.);
#5756 = DIRECTION('',(1.144237745222E-17,1.,0.));
#5757 = CYLINDRICAL_SURFACE('',#5758,0.25);
#5758 = AXIS2_PLACEMENT_3D('',#5759,#5760,#5761);
#5759 = CARTESIAN_POINT('',(-2.772040872589,-1.43,0.25));
#5760 = DIRECTION('',(-1.144237745222E-17,-1.,0.));
#5761 = DIRECTION('',(0.984807753012,-1.126854202784E-17,-0.173648177667
    ));
#5762 = ADVANCED_FACE('',(#5763),#5769,.F.);
#5763 = FACE_BOUND('',#5764,.F.);
#5764 = EDGE_LOOP('',(#5765,#5766,#5767,#5768));
#5765 = ORIENTED_EDGE('',*,*,#2449,.T.);
#5766 = ORIENTED_EDGE('',*,*,#2467,.T.);
#5767 = ORIENTED_EDGE('',*,*,#5752,.F.);
#5768 = ORIENTED_EDGE('',*,*,#2358,.F.);
#5769 = PLANE('',#5770);
#5770 = AXIS2_PLACEMENT_3D('',#5771,#5772,#5773);
#5771 = CARTESIAN_POINT('',(-2.498480775301,-1.43,0.392364817767));
#5772 = DIRECTION('',(-0.989329961345,1.13202868425E-17,0.145692235845)
  );
#5773 = DIRECTION('',(-0.145692235845,1.667065554401E-18,-0.989329961345
    ));
#5774 = ADVANCED_FACE('',(#5775),#5786,.T.);
#5775 = FACE_BOUND('',#5776,.T.);
#5776 = EDGE_LOOP('',(#5777,#5778,#5779,#5780));
#5777 = ORIENTED_EDGE('',*,*,#2639,.T.);
#5778 = ORIENTED_EDGE('',*,*,#5220,.T.);
#5779 = ORIENTED_EDGE('',*,*,#2748,.F.);
#5780 = ORIENTED_EDGE('',*,*,#5781,.F.);
#5781 = EDGE_CURVE('',#2632,#2741,#5782,.T.);
#5782 = LINE('',#5783,#5784);
#5783 = CARTESIAN_POINT('',(-2.646201938253,-0.78,0.418412044417));
#5784 = VECTOR('',#5785,1.);
#5785 = DIRECTION('',(1.144237745222E-17,1.,0.));
#5786 = CYLINDRICAL_SURFACE('',#5787,0.25);
#5787 = AXIS2_PLACEMENT_3D('',#5788,#5789,#5790);
#5788 = CARTESIAN_POINT('',(-2.4,-0.78,0.375));
#5789 = DIRECTION('',(-1.144237745222E-17,-1.,0.));
#5790 = DIRECTION('',(-0.984807753012,1.126854202784E-17,0.173648177667)
  );
#5791 = ADVANCED_FACE('',(#5792),#5803,.F.);
#5792 = FACE_BOUND('',#5793,.F.);
#5793 = EDGE_LOOP('',(#5794,#5800,#5801,#5802));
#5794 = ORIENTED_EDGE('',*,*,#5795,.T.);
#5795 = EDGE_CURVE('',#2623,#2732,#5796,.T.);
#5796 = LINE('',#5797,#5798);
#5797 = CARTESIAN_POINT('',(-2.673560097287,-0.78,0.232635182233));
#5798 = VECTOR('',#5799,1.);
#5799 = DIRECTION('',(1.144237745222E-17,1.,0.));
#5800 = ORIENTED_EDGE('',*,*,#2740,.T.);
#5801 = ORIENTED_EDGE('',*,*,#5781,.F.);
#5802 = ORIENTED_EDGE('',*,*,#2631,.F.);
#5803 = PLANE('',#5804);
#5804 = AXIS2_PLACEMENT_3D('',#5805,#5806,#5807);
#5805 = CARTESIAN_POINT('',(-2.673560097287,-0.78,0.232635182233));
#5806 = DIRECTION('',(0.989329961345,-1.13202868425E-17,-0.145692235845)
  );
#5807 = DIRECTION('',(0.145692235845,-1.667065554401E-18,0.989329961345)
  );
#5808 = ADVANCED_FACE('',(#5809),#5820,.F.);
#5809 = FACE_BOUND('',#5810,.F.);
#5810 = EDGE_LOOP('',(#5811,#5817,#5818,#5819));
#5811 = ORIENTED_EDGE('',*,*,#5812,.T.);
#5812 = EDGE_CURVE('',#2615,#2724,#5813,.T.);
#5813 = LINE('',#5814,#5815);
#5814 = CARTESIAN_POINT('',(-2.772040872589,-0.78,0.15));
#5815 = VECTOR('',#5816,1.);
#5816 = DIRECTION('',(1.144237745222E-17,1.,0.));
#5817 = ORIENTED_EDGE('',*,*,#2731,.T.);
#5818 = ORIENTED_EDGE('',*,*,#5795,.F.);
#5819 = ORIENTED_EDGE('',*,*,#2622,.F.);
#5820 = CYLINDRICAL_SURFACE('',#5821,0.1);
#5821 = AXIS2_PLACEMENT_3D('',#5822,#5823,#5824);
#5822 = CARTESIAN_POINT('',(-2.772040872589,-0.78,0.25));
#5823 = DIRECTION('',(-1.144237745222E-17,-1.,0.));
#5824 = DIRECTION('',(-0.,0.,-1.));
#5825 = ADVANCED_FACE('',(#5826),#5837,.F.);
#5826 = FACE_BOUND('',#5827,.F.);
#5827 = EDGE_LOOP('',(#5828,#5834,#5835,#5836));
#5828 = ORIENTED_EDGE('',*,*,#5829,.T.);
#5829 = EDGE_CURVE('',#2607,#2716,#5830,.T.);
#5830 = LINE('',#5831,#5832);
#5831 = CARTESIAN_POINT('',(-3.2,-0.78,0.15));
#5832 = VECTOR('',#5833,1.);
#5833 = DIRECTION('',(1.144237745222E-17,1.,0.));
#5834 = ORIENTED_EDGE('',*,*,#2723,.T.);
#5835 = ORIENTED_EDGE('',*,*,#5812,.F.);
#5836 = ORIENTED_EDGE('',*,*,#2614,.F.);
#5837 = PLANE('',#5838);
#5838 = AXIS2_PLACEMENT_3D('',#5839,#5840,#5841);
#5839 = CARTESIAN_POINT('',(-3.2,-0.78,0.15));
#5840 = DIRECTION('',(0.,0.,-1.));
#5841 = DIRECTION('',(1.,-1.144237745222E-17,0.));
#5842 = ADVANCED_FACE('',(#5843),#5854,.F.);
#5843 = FACE_BOUND('',#5844,.F.);
#5844 = EDGE_LOOP('',(#5845,#5851,#5852,#5853));
#5845 = ORIENTED_EDGE('',*,*,#5846,.T.);
#5846 = EDGE_CURVE('',#2599,#2708,#5847,.T.);
#5847 = LINE('',#5848,#5849);
#5848 = CARTESIAN_POINT('',(-3.2,-0.78,-5.551115123126E-17));
#5849 = VECTOR('',#5850,1.);
#5850 = DIRECTION('',(1.144237745222E-17,1.,0.));
#5851 = ORIENTED_EDGE('',*,*,#2715,.T.);
#5852 = ORIENTED_EDGE('',*,*,#5829,.F.);
#5853 = ORIENTED_EDGE('',*,*,#2606,.F.);
#5854 = PLANE('',#5855);
#5855 = AXIS2_PLACEMENT_3D('',#5856,#5857,#5858);
#5856 = CARTESIAN_POINT('',(-3.2,-0.78,-5.551115123126E-17));
#5857 = DIRECTION('',(1.,-1.144237745222E-17,0.));
#5858 = DIRECTION('',(0.,0.,1.));
#5859 = ADVANCED_FACE('',(#5860),#5871,.F.);
#5860 = FACE_BOUND('',#5861,.F.);
#5861 = EDGE_LOOP('',(#5862,#5868,#5869,#5870));
#5862 = ORIENTED_EDGE('',*,*,#5863,.T.);
#5863 = EDGE_CURVE('',#2590,#2699,#5864,.T.);
#5864 = LINE('',#5865,#5866);
#5865 = CARTESIAN_POINT('',(-2.772040872589,-0.78,-5.551115123126E-17));
#5866 = VECTOR('',#5867,1.);
#5867 = DIRECTION('',(1.144237745222E-17,1.,0.));
#5868 = ORIENTED_EDGE('',*,*,#2707,.T.);
#5869 = ORIENTED_EDGE('',*,*,#5846,.F.);
#5870 = ORIENTED_EDGE('',*,*,#2598,.F.);
#5871 = PLANE('',#5872);
#5872 = AXIS2_PLACEMENT_3D('',#5873,#5874,#5875);
#5873 = CARTESIAN_POINT('',(-2.772040872589,-0.78,-5.551115123126E-17));
#5874 = DIRECTION('',(0.,0.,1.));
#5875 = DIRECTION('',(-1.,1.144237745222E-17,0.));
#5876 = ADVANCED_FACE('',(#5877),#5888,.T.);
#5877 = FACE_BOUND('',#5878,.T.);
#5878 = EDGE_LOOP('',(#5879,#5880,#5881,#5882));
#5879 = ORIENTED_EDGE('',*,*,#2589,.T.);
#5880 = ORIENTED_EDGE('',*,*,#5863,.T.);
#5881 = ORIENTED_EDGE('',*,*,#2698,.F.);
#5882 = ORIENTED_EDGE('',*,*,#5883,.F.);
#5883 = EDGE_CURVE('',#2582,#2691,#5884,.T.);
#5884 = LINE('',#5885,#5886);
#5885 = CARTESIAN_POINT('',(-2.525838934336,-0.78,0.206587955583));
#5886 = VECTOR('',#5887,1.);
#5887 = DIRECTION('',(1.144237745222E-17,1.,0.));
#5888 = CYLINDRICAL_SURFACE('',#5889,0.25);
#5889 = AXIS2_PLACEMENT_3D('',#5890,#5891,#5892);
#5890 = CARTESIAN_POINT('',(-2.772040872589,-0.78,0.25));
#5891 = DIRECTION('',(-1.144237745222E-17,-1.,0.));
#5892 = DIRECTION('',(0.984807753012,-1.126854202784E-17,-0.173648177667
    ));
#5893 = ADVANCED_FACE('',(#5894),#5900,.F.);
#5894 = FACE_BOUND('',#5895,.F.);
#5895 = EDGE_LOOP('',(#5896,#5897,#5898,#5899));
#5896 = ORIENTED_EDGE('',*,*,#2672,.T.);
#5897 = ORIENTED_EDGE('',*,*,#2690,.T.);
#5898 = ORIENTED_EDGE('',*,*,#5883,.F.);
#5899 = ORIENTED_EDGE('',*,*,#2581,.F.);
#5900 = PLANE('',#5901);
#5901 = AXIS2_PLACEMENT_3D('',#5902,#5903,#5904);
#5902 = CARTESIAN_POINT('',(-2.498480775301,-0.78,0.392364817767));
#5903 = DIRECTION('',(-0.989329961345,1.13202868425E-17,0.145692235845)
  );
#5904 = DIRECTION('',(-0.145692235845,1.667065554401E-18,-0.989329961345
    ));
#5905 = ADVANCED_FACE('',(#5906),#5917,.T.);
#5906 = FACE_BOUND('',#5907,.T.);
#5907 = EDGE_LOOP('',(#5908,#5909,#5910,#5911));
#5908 = ORIENTED_EDGE('',*,*,#2862,.T.);
#5909 = ORIENTED_EDGE('',*,*,#5239,.T.);
#5910 = ORIENTED_EDGE('',*,*,#2971,.F.);
#5911 = ORIENTED_EDGE('',*,*,#5912,.F.);
#5912 = EDGE_CURVE('',#2855,#2964,#5913,.T.);
#5913 = LINE('',#5914,#5915);
#5914 = CARTESIAN_POINT('',(-2.646201938253,-0.13,0.418412044417));
#5915 = VECTOR('',#5916,1.);
#5916 = DIRECTION('',(1.144237745222E-17,1.,0.));
#5917 = CYLINDRICAL_SURFACE('',#5918,0.25);
#5918 = AXIS2_PLACEMENT_3D('',#5919,#5920,#5921);
#5919 = CARTESIAN_POINT('',(-2.4,-0.13,0.375));
#5920 = DIRECTION('',(-1.144237745222E-17,-1.,0.));
#5921 = DIRECTION('',(-0.984807753012,1.126854202784E-17,0.173648177667)
  );
#5922 = ADVANCED_FACE('',(#5923),#5934,.F.);
#5923 = FACE_BOUND('',#5924,.F.);
#5924 = EDGE_LOOP('',(#5925,#5931,#5932,#5933));
#5925 = ORIENTED_EDGE('',*,*,#5926,.T.);
#5926 = EDGE_CURVE('',#2846,#2955,#5927,.T.);
#5927 = LINE('',#5928,#5929);
#5928 = CARTESIAN_POINT('',(-2.673560097287,-0.13,0.232635182233));
#5929 = VECTOR('',#5930,1.);
#5930 = DIRECTION('',(1.144237745222E-17,1.,0.));
#5931 = ORIENTED_EDGE('',*,*,#2963,.T.);
#5932 = ORIENTED_EDGE('',*,*,#5912,.F.);
#5933 = ORIENTED_EDGE('',*,*,#2854,.F.);
#5934 = PLANE('',#5935);
#5935 = AXIS2_PLACEMENT_3D('',#5936,#5937,#5938);
#5936 = CARTESIAN_POINT('',(-2.673560097287,-0.13,0.232635182233));
#5937 = DIRECTION('',(0.989329961345,-1.13202868425E-17,-0.145692235845)
  );
#5938 = DIRECTION('',(0.145692235845,-1.667065554401E-18,0.989329961345)
  );
#5939 = ADVANCED_FACE('',(#5940),#5951,.F.);
#5940 = FACE_BOUND('',#5941,.F.);
#5941 = EDGE_LOOP('',(#5942,#5948,#5949,#5950));
#5942 = ORIENTED_EDGE('',*,*,#5943,.T.);
#5943 = EDGE_CURVE('',#2838,#2947,#5944,.T.);
#5944 = LINE('',#5945,#5946);
#5945 = CARTESIAN_POINT('',(-2.772040872589,-0.13,0.15));
#5946 = VECTOR('',#5947,1.);
#5947 = DIRECTION('',(1.144237745222E-17,1.,0.));
#5948 = ORIENTED_EDGE('',*,*,#2954,.T.);
#5949 = ORIENTED_EDGE('',*,*,#5926,.F.);
#5950 = ORIENTED_EDGE('',*,*,#2845,.F.);
#5951 = CYLINDRICAL_SURFACE('',#5952,0.1);
#5952 = AXIS2_PLACEMENT_3D('',#5953,#5954,#5955);
#5953 = CARTESIAN_POINT('',(-2.772040872589,-0.13,0.25));
#5954 = DIRECTION('',(-1.144237745222E-17,-1.,0.));
#5955 = DIRECTION('',(-0.,0.,-1.));
#5956 = ADVANCED_FACE('',(#5957),#5968,.F.);
#5957 = FACE_BOUND('',#5958,.F.);
#5958 = EDGE_LOOP('',(#5959,#5965,#5966,#5967));
#5959 = ORIENTED_EDGE('',*,*,#5960,.T.);
#5960 = EDGE_CURVE('',#2830,#2939,#5961,.T.);
#5961 = LINE('',#5962,#5963);
#5962 = CARTESIAN_POINT('',(-3.2,-0.13,0.15));
#5963 = VECTOR('',#5964,1.);
#5964 = DIRECTION('',(1.144237745222E-17,1.,0.));
#5965 = ORIENTED_EDGE('',*,*,#2946,.T.);
#5966 = ORIENTED_EDGE('',*,*,#5943,.F.);
#5967 = ORIENTED_EDGE('',*,*,#2837,.F.);
#5968 = PLANE('',#5969);
#5969 = AXIS2_PLACEMENT_3D('',#5970,#5971,#5972);
#5970 = CARTESIAN_POINT('',(-3.2,-0.13,0.15));
#5971 = DIRECTION('',(0.,0.,-1.));
#5972 = DIRECTION('',(1.,-1.144237745222E-17,0.));
#5973 = ADVANCED_FACE('',(#5974),#5985,.F.);
#5974 = FACE_BOUND('',#5975,.F.);
#5975 = EDGE_LOOP('',(#5976,#5982,#5983,#5984));
#5976 = ORIENTED_EDGE('',*,*,#5977,.T.);
#5977 = EDGE_CURVE('',#2822,#2931,#5978,.T.);
#5978 = LINE('',#5979,#5980);
#5979 = CARTESIAN_POINT('',(-3.2,-0.13,-5.551115123126E-17));
#5980 = VECTOR('',#5981,1.);
#5981 = DIRECTION('',(1.144237745222E-17,1.,0.));
#5982 = ORIENTED_EDGE('',*,*,#2938,.T.);
#5983 = ORIENTED_EDGE('',*,*,#5960,.F.);
#5984 = ORIENTED_EDGE('',*,*,#2829,.F.);
#5985 = PLANE('',#5986);
#5986 = AXIS2_PLACEMENT_3D('',#5987,#5988,#5989);
#5987 = CARTESIAN_POINT('',(-3.2,-0.13,-5.551115123126E-17));
#5988 = DIRECTION('',(1.,-1.144237745222E-17,0.));
#5989 = DIRECTION('',(0.,0.,1.));
#5990 = ADVANCED_FACE('',(#5991),#6002,.F.);
#5991 = FACE_BOUND('',#5992,.F.);
#5992 = EDGE_LOOP('',(#5993,#5999,#6000,#6001));
#5993 = ORIENTED_EDGE('',*,*,#5994,.T.);
#5994 = EDGE_CURVE('',#2813,#2922,#5995,.T.);
#5995 = LINE('',#5996,#5997);
#5996 = CARTESIAN_POINT('',(-2.772040872589,-0.13,-5.551115123126E-17));
#5997 = VECTOR('',#5998,1.);
#5998 = DIRECTION('',(1.144237745222E-17,1.,0.));
#5999 = ORIENTED_EDGE('',*,*,#2930,.T.);
#6000 = ORIENTED_EDGE('',*,*,#5977,.F.);
#6001 = ORIENTED_EDGE('',*,*,#2821,.F.);
#6002 = PLANE('',#6003);
#6003 = AXIS2_PLACEMENT_3D('',#6004,#6005,#6006);
#6004 = CARTESIAN_POINT('',(-2.772040872589,-0.13,-5.551115123126E-17));
#6005 = DIRECTION('',(0.,0.,1.));
#6006 = DIRECTION('',(-1.,1.144237745222E-17,0.));
#6007 = ADVANCED_FACE('',(#6008),#6019,.T.);
#6008 = FACE_BOUND('',#6009,.T.);
#6009 = EDGE_LOOP('',(#6010,#6011,#6012,#6013));
#6010 = ORIENTED_EDGE('',*,*,#2812,.T.);
#6011 = ORIENTED_EDGE('',*,*,#5994,.T.);
#6012 = ORIENTED_EDGE('',*,*,#2921,.F.);
#6013 = ORIENTED_EDGE('',*,*,#6014,.F.);
#6014 = EDGE_CURVE('',#2805,#2914,#6015,.T.);
#6015 = LINE('',#6016,#6017);
#6016 = CARTESIAN_POINT('',(-2.525838934336,-0.13,0.206587955583));
#6017 = VECTOR('',#6018,1.);
#6018 = DIRECTION('',(1.144237745222E-17,1.,0.));
#6019 = CYLINDRICAL_SURFACE('',#6020,0.25);
#6020 = AXIS2_PLACEMENT_3D('',#6021,#6022,#6023);
#6021 = CARTESIAN_POINT('',(-2.772040872589,-0.13,0.25));
#6022 = DIRECTION('',(-1.144237745222E-17,-1.,0.));
#6023 = DIRECTION('',(0.984807753012,-1.126854202784E-17,-0.173648177667
    ));
#6024 = ADVANCED_FACE('',(#6025),#6031,.F.);
#6025 = FACE_BOUND('',#6026,.F.);
#6026 = EDGE_LOOP('',(#6027,#6028,#6029,#6030));
#6027 = ORIENTED_EDGE('',*,*,#2895,.T.);
#6028 = ORIENTED_EDGE('',*,*,#2913,.T.);
#6029 = ORIENTED_EDGE('',*,*,#6014,.F.);
#6030 = ORIENTED_EDGE('',*,*,#2804,.F.);
#6031 = PLANE('',#6032);
#6032 = AXIS2_PLACEMENT_3D('',#6033,#6034,#6035);
#6033 = CARTESIAN_POINT('',(-2.498480775301,-0.13,0.392364817767));
#6034 = DIRECTION('',(-0.989329961345,1.13202868425E-17,0.145692235845)
  );
#6035 = DIRECTION('',(-0.145692235845,1.667065554401E-18,-0.989329961345
    ));
#6036 = ADVANCED_FACE('',(#6037),#6048,.T.);
#6037 = FACE_BOUND('',#6038,.T.);
#6038 = EDGE_LOOP('',(#6039,#6040,#6041,#6042));
#6039 = ORIENTED_EDGE('',*,*,#3085,.T.);
#6040 = ORIENTED_EDGE('',*,*,#5258,.T.);
#6041 = ORIENTED_EDGE('',*,*,#3194,.F.);
#6042 = ORIENTED_EDGE('',*,*,#6043,.F.);
#6043 = EDGE_CURVE('',#3078,#3187,#6044,.T.);
#6044 = LINE('',#6045,#6046);
#6045 = CARTESIAN_POINT('',(-2.646201938253,0.52,0.418412044417));
#6046 = VECTOR('',#6047,1.);
#6047 = DIRECTION('',(1.144237745222E-17,1.,0.));
#6048 = CYLINDRICAL_SURFACE('',#6049,0.25);
#6049 = AXIS2_PLACEMENT_3D('',#6050,#6051,#6052);
#6050 = CARTESIAN_POINT('',(-2.4,0.52,0.375));
#6051 = DIRECTION('',(-1.144237745222E-17,-1.,0.));
#6052 = DIRECTION('',(-0.984807753012,1.126854202784E-17,0.173648177667)
  );
#6053 = ADVANCED_FACE('',(#6054),#6065,.F.);
#6054 = FACE_BOUND('',#6055,.F.);
#6055 = EDGE_LOOP('',(#6056,#6062,#6063,#6064));
#6056 = ORIENTED_EDGE('',*,*,#6057,.T.);
#6057 = EDGE_CURVE('',#3069,#3178,#6058,.T.);
#6058 = LINE('',#6059,#6060);
#6059 = CARTESIAN_POINT('',(-2.673560097287,0.52,0.232635182233));
#6060 = VECTOR('',#6061,1.);
#6061 = DIRECTION('',(1.144237745222E-17,1.,0.));
#6062 = ORIENTED_EDGE('',*,*,#3186,.T.);
#6063 = ORIENTED_EDGE('',*,*,#6043,.F.);
#6064 = ORIENTED_EDGE('',*,*,#3077,.F.);
#6065 = PLANE('',#6066);
#6066 = AXIS2_PLACEMENT_3D('',#6067,#6068,#6069);
#6067 = CARTESIAN_POINT('',(-2.673560097287,0.52,0.232635182233));
#6068 = DIRECTION('',(0.989329961345,-1.13202868425E-17,-0.145692235845)
  );
#6069 = DIRECTION('',(0.145692235845,-1.667065554401E-18,0.989329961345)
  );
#6070 = ADVANCED_FACE('',(#6071),#6082,.F.);
#6071 = FACE_BOUND('',#6072,.F.);
#6072 = EDGE_LOOP('',(#6073,#6079,#6080,#6081));
#6073 = ORIENTED_EDGE('',*,*,#6074,.T.);
#6074 = EDGE_CURVE('',#3061,#3170,#6075,.T.);
#6075 = LINE('',#6076,#6077);
#6076 = CARTESIAN_POINT('',(-2.772040872589,0.52,0.15));
#6077 = VECTOR('',#6078,1.);
#6078 = DIRECTION('',(1.144237745222E-17,1.,0.));
#6079 = ORIENTED_EDGE('',*,*,#3177,.T.);
#6080 = ORIENTED_EDGE('',*,*,#6057,.F.);
#6081 = ORIENTED_EDGE('',*,*,#3068,.F.);
#6082 = CYLINDRICAL_SURFACE('',#6083,0.1);
#6083 = AXIS2_PLACEMENT_3D('',#6084,#6085,#6086);
#6084 = CARTESIAN_POINT('',(-2.772040872589,0.52,0.25));
#6085 = DIRECTION('',(-1.144237745222E-17,-1.,0.));
#6086 = DIRECTION('',(-0.,0.,-1.));
#6087 = ADVANCED_FACE('',(#6088),#6099,.F.);
#6088 = FACE_BOUND('',#6089,.F.);
#6089 = EDGE_LOOP('',(#6090,#6096,#6097,#6098));
#6090 = ORIENTED_EDGE('',*,*,#6091,.T.);
#6091 = EDGE_CURVE('',#3053,#3162,#6092,.T.);
#6092 = LINE('',#6093,#6094);
#6093 = CARTESIAN_POINT('',(-3.2,0.52,0.15));
#6094 = VECTOR('',#6095,1.);
#6095 = DIRECTION('',(1.144237745222E-17,1.,0.));
#6096 = ORIENTED_EDGE('',*,*,#3169,.T.);
#6097 = ORIENTED_EDGE('',*,*,#6074,.F.);
#6098 = ORIENTED_EDGE('',*,*,#3060,.F.);
#6099 = PLANE('',#6100);
#6100 = AXIS2_PLACEMENT_3D('',#6101,#6102,#6103);
#6101 = CARTESIAN_POINT('',(-3.2,0.52,0.15));
#6102 = DIRECTION('',(0.,0.,-1.));
#6103 = DIRECTION('',(1.,-1.144237745222E-17,0.));
#6104 = ADVANCED_FACE('',(#6105),#6116,.F.);
#6105 = FACE_BOUND('',#6106,.F.);
#6106 = EDGE_LOOP('',(#6107,#6113,#6114,#6115));
#6107 = ORIENTED_EDGE('',*,*,#6108,.T.);
#6108 = EDGE_CURVE('',#3045,#3154,#6109,.T.);
#6109 = LINE('',#6110,#6111);
#6110 = CARTESIAN_POINT('',(-3.2,0.52,-5.551115123126E-17));
#6111 = VECTOR('',#6112,1.);
#6112 = DIRECTION('',(1.144237745222E-17,1.,0.));
#6113 = ORIENTED_EDGE('',*,*,#3161,.T.);
#6114 = ORIENTED_EDGE('',*,*,#6091,.F.);
#6115 = ORIENTED_EDGE('',*,*,#3052,.F.);
#6116 = PLANE('',#6117);
#6117 = AXIS2_PLACEMENT_3D('',#6118,#6119,#6120);
#6118 = CARTESIAN_POINT('',(-3.2,0.52,-5.551115123126E-17));
#6119 = DIRECTION('',(1.,-1.144237745222E-17,0.));
#6120 = DIRECTION('',(0.,0.,1.));
#6121 = ADVANCED_FACE('',(#6122),#6133,.F.);
#6122 = FACE_BOUND('',#6123,.F.);
#6123 = EDGE_LOOP('',(#6124,#6130,#6131,#6132));
#6124 = ORIENTED_EDGE('',*,*,#6125,.T.);
#6125 = EDGE_CURVE('',#3036,#3145,#6126,.T.);
#6126 = LINE('',#6127,#6128);
#6127 = CARTESIAN_POINT('',(-2.772040872589,0.52,-5.551115123126E-17));
#6128 = VECTOR('',#6129,1.);
#6129 = DIRECTION('',(1.144237745222E-17,1.,0.));
#6130 = ORIENTED_EDGE('',*,*,#3153,.T.);
#6131 = ORIENTED_EDGE('',*,*,#6108,.F.);
#6132 = ORIENTED_EDGE('',*,*,#3044,.F.);
#6133 = PLANE('',#6134);
#6134 = AXIS2_PLACEMENT_3D('',#6135,#6136,#6137);
#6135 = CARTESIAN_POINT('',(-2.772040872589,0.52,-5.551115123126E-17));
#6136 = DIRECTION('',(0.,0.,1.));
#6137 = DIRECTION('',(-1.,1.144237745222E-17,0.));
#6138 = ADVANCED_FACE('',(#6139),#6150,.T.);
#6139 = FACE_BOUND('',#6140,.T.);
#6140 = EDGE_LOOP('',(#6141,#6142,#6143,#6144));
#6141 = ORIENTED_EDGE('',*,*,#3035,.T.);
#6142 = ORIENTED_EDGE('',*,*,#6125,.T.);
#6143 = ORIENTED_EDGE('',*,*,#3144,.F.);
#6144 = ORIENTED_EDGE('',*,*,#6145,.F.);
#6145 = EDGE_CURVE('',#3028,#3137,#6146,.T.);
#6146 = LINE('',#6147,#6148);
#6147 = CARTESIAN_POINT('',(-2.525838934336,0.52,0.206587955583));
#6148 = VECTOR('',#6149,1.);
#6149 = DIRECTION('',(1.144237745222E-17,1.,0.));
#6150 = CYLINDRICAL_SURFACE('',#6151,0.25);
#6151 = AXIS2_PLACEMENT_3D('',#6152,#6153,#6154);
#6152 = CARTESIAN_POINT('',(-2.772040872589,0.52,0.25));
#6153 = DIRECTION('',(-1.144237745222E-17,-1.,0.));
#6154 = DIRECTION('',(0.984807753012,-1.126854202784E-17,-0.173648177667
    ));
#6155 = ADVANCED_FACE('',(#6156),#6162,.F.);
#6156 = FACE_BOUND('',#6157,.F.);
#6157 = EDGE_LOOP('',(#6158,#6159,#6160,#6161));
#6158 = ORIENTED_EDGE('',*,*,#3118,.T.);
#6159 = ORIENTED_EDGE('',*,*,#3136,.T.);
#6160 = ORIENTED_EDGE('',*,*,#6145,.F.);
#6161 = ORIENTED_EDGE('',*,*,#3027,.F.);
#6162 = PLANE('',#6163);
#6163 = AXIS2_PLACEMENT_3D('',#6164,#6165,#6166);
#6164 = CARTESIAN_POINT('',(-2.498480775301,0.52,0.392364817767));
#6165 = DIRECTION('',(-0.989329961345,1.13202868425E-17,0.145692235845)
  );
#6166 = DIRECTION('',(-0.145692235845,1.667065554401E-18,-0.989329961345
    ));
#6167 = ADVANCED_FACE('',(#6168),#6179,.T.);
#6168 = FACE_BOUND('',#6169,.T.);
#6169 = EDGE_LOOP('',(#6170,#6171,#6172,#6173));
#6170 = ORIENTED_EDGE('',*,*,#3308,.T.);
#6171 = ORIENTED_EDGE('',*,*,#5277,.T.);
#6172 = ORIENTED_EDGE('',*,*,#3417,.F.);
#6173 = ORIENTED_EDGE('',*,*,#6174,.F.);
#6174 = EDGE_CURVE('',#3301,#3410,#6175,.T.);
#6175 = LINE('',#6176,#6177);
#6176 = CARTESIAN_POINT('',(-2.646201938253,1.17,0.418412044417));
#6177 = VECTOR('',#6178,1.);
#6178 = DIRECTION('',(1.144237745222E-17,1.,0.));
#6179 = CYLINDRICAL_SURFACE('',#6180,0.25);
#6180 = AXIS2_PLACEMENT_3D('',#6181,#6182,#6183);
#6181 = CARTESIAN_POINT('',(-2.4,1.17,0.375));
#6182 = DIRECTION('',(-1.144237745222E-17,-1.,0.));
#6183 = DIRECTION('',(-0.984807753012,1.126854202784E-17,0.173648177667)
  );
#6184 = ADVANCED_FACE('',(#6185),#6196,.F.);
#6185 = FACE_BOUND('',#6186,.F.);
#6186 = EDGE_LOOP('',(#6187,#6193,#6194,#6195));
#6187 = ORIENTED_EDGE('',*,*,#6188,.T.);
#6188 = EDGE_CURVE('',#3292,#3401,#6189,.T.);
#6189 = LINE('',#6190,#6191);
#6190 = CARTESIAN_POINT('',(-2.673560097287,1.17,0.232635182233));
#6191 = VECTOR('',#6192,1.);
#6192 = DIRECTION('',(1.144237745222E-17,1.,0.));
#6193 = ORIENTED_EDGE('',*,*,#3409,.T.);
#6194 = ORIENTED_EDGE('',*,*,#6174,.F.);
#6195 = ORIENTED_EDGE('',*,*,#3300,.F.);
#6196 = PLANE('',#6197);
#6197 = AXIS2_PLACEMENT_3D('',#6198,#6199,#6200);
#6198 = CARTESIAN_POINT('',(-2.673560097287,1.17,0.232635182233));
#6199 = DIRECTION('',(0.989329961345,-1.13202868425E-17,-0.145692235845)
  );
#6200 = DIRECTION('',(0.145692235845,-1.667065554401E-18,0.989329961345)
  );
#6201 = ADVANCED_FACE('',(#6202),#6213,.F.);
#6202 = FACE_BOUND('',#6203,.F.);
#6203 = EDGE_LOOP('',(#6204,#6210,#6211,#6212));
#6204 = ORIENTED_EDGE('',*,*,#6205,.T.);
#6205 = EDGE_CURVE('',#3284,#3393,#6206,.T.);
#6206 = LINE('',#6207,#6208);
#6207 = CARTESIAN_POINT('',(-2.772040872589,1.17,0.15));
#6208 = VECTOR('',#6209,1.);
#6209 = DIRECTION('',(1.144237745222E-17,1.,0.));
#6210 = ORIENTED_EDGE('',*,*,#3400,.T.);
#6211 = ORIENTED_EDGE('',*,*,#6188,.F.);
#6212 = ORIENTED_EDGE('',*,*,#3291,.F.);
#6213 = CYLINDRICAL_SURFACE('',#6214,0.1);
#6214 = AXIS2_PLACEMENT_3D('',#6215,#6216,#6217);
#6215 = CARTESIAN_POINT('',(-2.772040872589,1.17,0.25));
#6216 = DIRECTION('',(-1.144237745222E-17,-1.,0.));
#6217 = DIRECTION('',(-0.,0.,-1.));
#6218 = ADVANCED_FACE('',(#6219),#6230,.F.);
#6219 = FACE_BOUND('',#6220,.F.);
#6220 = EDGE_LOOP('',(#6221,#6227,#6228,#6229));
#6221 = ORIENTED_EDGE('',*,*,#6222,.T.);
#6222 = EDGE_CURVE('',#3276,#3385,#6223,.T.);
#6223 = LINE('',#6224,#6225);
#6224 = CARTESIAN_POINT('',(-3.2,1.17,0.15));
#6225 = VECTOR('',#6226,1.);
#6226 = DIRECTION('',(1.144237745222E-17,1.,0.));
#6227 = ORIENTED_EDGE('',*,*,#3392,.T.);
#6228 = ORIENTED_EDGE('',*,*,#6205,.F.);
#6229 = ORIENTED_EDGE('',*,*,#3283,.F.);
#6230 = PLANE('',#6231);
#6231 = AXIS2_PLACEMENT_3D('',#6232,#6233,#6234);
#6232 = CARTESIAN_POINT('',(-3.2,1.17,0.15));
#6233 = DIRECTION('',(0.,0.,-1.));
#6234 = DIRECTION('',(1.,-1.144237745222E-17,0.));
#6235 = ADVANCED_FACE('',(#6236),#6247,.F.);
#6236 = FACE_BOUND('',#6237,.F.);
#6237 = EDGE_LOOP('',(#6238,#6244,#6245,#6246));
#6238 = ORIENTED_EDGE('',*,*,#6239,.T.);
#6239 = EDGE_CURVE('',#3268,#3377,#6240,.T.);
#6240 = LINE('',#6241,#6242);
#6241 = CARTESIAN_POINT('',(-3.2,1.17,-5.551115123126E-17));
#6242 = VECTOR('',#6243,1.);
#6243 = DIRECTION('',(1.144237745222E-17,1.,0.));
#6244 = ORIENTED_EDGE('',*,*,#3384,.T.);
#6245 = ORIENTED_EDGE('',*,*,#6222,.F.);
#6246 = ORIENTED_EDGE('',*,*,#3275,.F.);
#6247 = PLANE('',#6248);
#6248 = AXIS2_PLACEMENT_3D('',#6249,#6250,#6251);
#6249 = CARTESIAN_POINT('',(-3.2,1.17,-5.551115123126E-17));
#6250 = DIRECTION('',(1.,-1.144237745222E-17,0.));
#6251 = DIRECTION('',(0.,0.,1.));
#6252 = ADVANCED_FACE('',(#6253),#6264,.F.);
#6253 = FACE_BOUND('',#6254,.F.);
#6254 = EDGE_LOOP('',(#6255,#6261,#6262,#6263));
#6255 = ORIENTED_EDGE('',*,*,#6256,.T.);
#6256 = EDGE_CURVE('',#3259,#3368,#6257,.T.);
#6257 = LINE('',#6258,#6259);
#6258 = CARTESIAN_POINT('',(-2.772040872589,1.17,-5.551115123126E-17));
#6259 = VECTOR('',#6260,1.);
#6260 = DIRECTION('',(1.144237745222E-17,1.,0.));
#6261 = ORIENTED_EDGE('',*,*,#3376,.T.);
#6262 = ORIENTED_EDGE('',*,*,#6239,.F.);
#6263 = ORIENTED_EDGE('',*,*,#3267,.F.);
#6264 = PLANE('',#6265);
#6265 = AXIS2_PLACEMENT_3D('',#6266,#6267,#6268);
#6266 = CARTESIAN_POINT('',(-2.772040872589,1.17,-5.551115123126E-17));
#6267 = DIRECTION('',(0.,0.,1.));
#6268 = DIRECTION('',(-1.,1.144237745222E-17,0.));
#6269 = ADVANCED_FACE('',(#6270),#6281,.T.);
#6270 = FACE_BOUND('',#6271,.T.);
#6271 = EDGE_LOOP('',(#6272,#6273,#6274,#6275));
#6272 = ORIENTED_EDGE('',*,*,#3258,.T.);
#6273 = ORIENTED_EDGE('',*,*,#6256,.T.);
#6274 = ORIENTED_EDGE('',*,*,#3367,.F.);
#6275 = ORIENTED_EDGE('',*,*,#6276,.F.);
#6276 = EDGE_CURVE('',#3251,#3360,#6277,.T.);
#6277 = LINE('',#6278,#6279);
#6278 = CARTESIAN_POINT('',(-2.525838934336,1.17,0.206587955583));
#6279 = VECTOR('',#6280,1.);
#6280 = DIRECTION('',(1.144237745222E-17,1.,0.));
#6281 = CYLINDRICAL_SURFACE('',#6282,0.25);
#6282 = AXIS2_PLACEMENT_3D('',#6283,#6284,#6285);
#6283 = CARTESIAN_POINT('',(-2.772040872589,1.17,0.25));
#6284 = DIRECTION('',(-1.144237745222E-17,-1.,0.));
#6285 = DIRECTION('',(0.984807753012,-1.126854202784E-17,-0.173648177667
    ));
#6286 = ADVANCED_FACE('',(#6287),#6293,.F.);
#6287 = FACE_BOUND('',#6288,.F.);
#6288 = EDGE_LOOP('',(#6289,#6290,#6291,#6292));
#6289 = ORIENTED_EDGE('',*,*,#3341,.T.);
#6290 = ORIENTED_EDGE('',*,*,#3359,.T.);
#6291 = ORIENTED_EDGE('',*,*,#6276,.F.);
#6292 = ORIENTED_EDGE('',*,*,#3250,.F.);
#6293 = PLANE('',#6294);
#6294 = AXIS2_PLACEMENT_3D('',#6295,#6296,#6297);
#6295 = CARTESIAN_POINT('',(-2.498480775301,1.17,0.392364817767));
#6296 = DIRECTION('',(-0.989329961345,1.13202868425E-17,0.145692235845)
  );
#6297 = DIRECTION('',(-0.145692235845,1.667065554401E-18,-0.989329961345
    ));
#6298 = ADVANCED_FACE('',(#6299),#6310,.F.);
#6299 = FACE_BOUND('',#6300,.F.);
#6300 = EDGE_LOOP('',(#6301,#6307,#6308,#6309));
#6301 = ORIENTED_EDGE('',*,*,#6302,.T.);
#6302 = EDGE_CURVE('',#3510,#3612,#6303,.T.);
#6303 = LINE('',#6304,#6305);
#6304 = CARTESIAN_POINT('',(-2.673560097287,1.82,0.232635182233));
#6305 = VECTOR('',#6306,1.);
#6306 = DIRECTION('',(1.144237745222E-17,1.,0.));
#6307 = ORIENTED_EDGE('',*,*,#3620,.T.);
#6308 = ORIENTED_EDGE('',*,*,#5167,.F.);
#6309 = ORIENTED_EDGE('',*,*,#3518,.F.);
#6310 = PLANE('',#6311);
#6311 = AXIS2_PLACEMENT_3D('',#6312,#6313,#6314);
#6312 = CARTESIAN_POINT('',(-2.673560097287,1.82,0.232635182233));
#6313 = DIRECTION('',(0.989329961345,-1.13202868425E-17,-0.145692235845)
  );
#6314 = DIRECTION('',(0.145692235845,-1.667065554401E-18,0.989329961345)
  );
#6315 = ADVANCED_FACE('',(#6316),#6327,.F.);
#6316 = FACE_BOUND('',#6317,.F.);
#6317 = EDGE_LOOP('',(#6318,#6324,#6325,#6326));
#6318 = ORIENTED_EDGE('',*,*,#6319,.T.);
#6319 = EDGE_CURVE('',#3502,#3604,#6320,.T.);
#6320 = LINE('',#6321,#6322);
#6321 = CARTESIAN_POINT('',(-2.772040872589,1.82,0.15));
#6322 = VECTOR('',#6323,1.);
#6323 = DIRECTION('',(1.144237745222E-17,1.,0.));
#6324 = ORIENTED_EDGE('',*,*,#3611,.T.);
#6325 = ORIENTED_EDGE('',*,*,#6302,.F.);
#6326 = ORIENTED_EDGE('',*,*,#3509,.F.);
#6327 = CYLINDRICAL_SURFACE('',#6328,0.1);
#6328 = AXIS2_PLACEMENT_3D('',#6329,#6330,#6331);
#6329 = CARTESIAN_POINT('',(-2.772040872589,1.82,0.25));
#6330 = DIRECTION('',(-1.144237745222E-17,-1.,0.));
#6331 = DIRECTION('',(-0.,0.,-1.));
#6332 = ADVANCED_FACE('',(#6333),#6344,.F.);
#6333 = FACE_BOUND('',#6334,.F.);
#6334 = EDGE_LOOP('',(#6335,#6341,#6342,#6343));
#6335 = ORIENTED_EDGE('',*,*,#6336,.T.);
#6336 = EDGE_CURVE('',#3494,#3596,#6337,.T.);
#6337 = LINE('',#6338,#6339);
#6338 = CARTESIAN_POINT('',(-3.2,1.82,0.15));
#6339 = VECTOR('',#6340,1.);
#6340 = DIRECTION('',(1.144237745222E-17,1.,0.));
#6341 = ORIENTED_EDGE('',*,*,#3603,.T.);
#6342 = ORIENTED_EDGE('',*,*,#6319,.F.);
#6343 = ORIENTED_EDGE('',*,*,#3501,.F.);
#6344 = PLANE('',#6345);
#6345 = AXIS2_PLACEMENT_3D('',#6346,#6347,#6348);
#6346 = CARTESIAN_POINT('',(-3.2,1.82,0.15));
#6347 = DIRECTION('',(0.,0.,-1.));
#6348 = DIRECTION('',(1.,-1.144237745222E-17,0.));
#6349 = ADVANCED_FACE('',(#6350),#6361,.F.);
#6350 = FACE_BOUND('',#6351,.F.);
#6351 = EDGE_LOOP('',(#6352,#6358,#6359,#6360));
#6352 = ORIENTED_EDGE('',*,*,#6353,.T.);
#6353 = EDGE_CURVE('',#3486,#3588,#6354,.T.);
#6354 = LINE('',#6355,#6356);
#6355 = CARTESIAN_POINT('',(-3.2,1.82,-5.551115123126E-17));
#6356 = VECTOR('',#6357,1.);
#6357 = DIRECTION('',(1.144237745222E-17,1.,0.));
#6358 = ORIENTED_EDGE('',*,*,#3595,.T.);
#6359 = ORIENTED_EDGE('',*,*,#6336,.F.);
#6360 = ORIENTED_EDGE('',*,*,#3493,.F.);
#6361 = PLANE('',#6362);
#6362 = AXIS2_PLACEMENT_3D('',#6363,#6364,#6365);
#6363 = CARTESIAN_POINT('',(-3.2,1.82,-5.551115123126E-17));
#6364 = DIRECTION('',(1.,-1.144237745222E-17,0.));
#6365 = DIRECTION('',(0.,0.,1.));
#6366 = ADVANCED_FACE('',(#6367),#6378,.F.);
#6367 = FACE_BOUND('',#6368,.F.);
#6368 = EDGE_LOOP('',(#6369,#6375,#6376,#6377));
#6369 = ORIENTED_EDGE('',*,*,#6370,.T.);
#6370 = EDGE_CURVE('',#3477,#3579,#6371,.T.);
#6371 = LINE('',#6372,#6373);
#6372 = CARTESIAN_POINT('',(-2.772040872589,1.82,-5.551115123126E-17));
#6373 = VECTOR('',#6374,1.);
#6374 = DIRECTION('',(1.144237745222E-17,1.,0.));
#6375 = ORIENTED_EDGE('',*,*,#3587,.T.);
#6376 = ORIENTED_EDGE('',*,*,#6353,.F.);
#6377 = ORIENTED_EDGE('',*,*,#3485,.F.);
#6378 = PLANE('',#6379);
#6379 = AXIS2_PLACEMENT_3D('',#6380,#6381,#6382);
#6380 = CARTESIAN_POINT('',(-2.772040872589,1.82,-5.551115123126E-17));
#6381 = DIRECTION('',(0.,0.,1.));
#6382 = DIRECTION('',(-1.,1.144237745222E-17,0.));
#6383 = ADVANCED_FACE('',(#6384),#6395,.T.);
#6384 = FACE_BOUND('',#6385,.T.);
#6385 = EDGE_LOOP('',(#6386,#6387,#6388,#6389));
#6386 = ORIENTED_EDGE('',*,*,#3476,.T.);
#6387 = ORIENTED_EDGE('',*,*,#6370,.T.);
#6388 = ORIENTED_EDGE('',*,*,#3578,.F.);
#6389 = ORIENTED_EDGE('',*,*,#6390,.F.);
#6390 = EDGE_CURVE('',#3469,#3571,#6391,.T.);
#6391 = LINE('',#6392,#6393);
#6392 = CARTESIAN_POINT('',(-2.525838934336,1.82,0.206587955583));
#6393 = VECTOR('',#6394,1.);
#6394 = DIRECTION('',(1.144237745222E-17,1.,0.));
#6395 = CYLINDRICAL_SURFACE('',#6396,0.25);
#6396 = AXIS2_PLACEMENT_3D('',#6397,#6398,#6399);
#6397 = CARTESIAN_POINT('',(-2.772040872589,1.82,0.25));
#6398 = DIRECTION('',(-1.144237745222E-17,-1.,0.));
#6399 = DIRECTION('',(0.984807753012,-1.126854202784E-17,-0.173648177667
    ));
#6400 = ADVANCED_FACE('',(#6401),#6407,.F.);
#6401 = FACE_BOUND('',#6402,.F.);
#6402 = EDGE_LOOP('',(#6403,#6404,#6405,#6406));
#6403 = ORIENTED_EDGE('',*,*,#3552,.T.);
#6404 = ORIENTED_EDGE('',*,*,#3570,.T.);
#6405 = ORIENTED_EDGE('',*,*,#6390,.F.);
#6406 = ORIENTED_EDGE('',*,*,#3468,.F.);
#6407 = PLANE('',#6408);
#6408 = AXIS2_PLACEMENT_3D('',#6409,#6410,#6411);
#6409 = CARTESIAN_POINT('',(-2.498480775301,1.82,0.392364817767));
#6410 = DIRECTION('',(-0.989329961345,1.13202868425E-17,0.145692235845)
  );
#6411 = DIRECTION('',(-0.145692235845,1.667065554401E-18,-0.989329961345
    ));
#6412 = ADVANCED_FACE('',(#6413),#6424,.F.);
#6413 = FACE_BOUND('',#6414,.F.);
#6414 = EDGE_LOOP('',(#6415,#6421,#6422,#6423));
#6415 = ORIENTED_EDGE('',*,*,#6416,.T.);
#6416 = EDGE_CURVE('',#3697,#3799,#6417,.T.);
#6417 = LINE('',#6418,#6419);
#6418 = CARTESIAN_POINT('',(2.673560097287,2.08,0.232635182233));
#6419 = VECTOR('',#6420,1.);
#6420 = DIRECTION('',(1.110223024625E-16,-1.,0.));
#6421 = ORIENTED_EDGE('',*,*,#3807,.T.);
#6422 = ORIENTED_EDGE('',*,*,#5490,.F.);
#6423 = ORIENTED_EDGE('',*,*,#3705,.F.);
#6424 = PLANE('',#6425);
#6425 = AXIS2_PLACEMENT_3D('',#6426,#6427,#6428);
#6426 = CARTESIAN_POINT('',(2.673560097287,2.08,0.232635182233));
#6427 = DIRECTION('',(-0.989329961345,-1.098376902036E-16,
    -0.145692235845));
#6428 = DIRECTION('',(-0.145692235845,-1.617508747447E-17,0.989329961345
    ));
#6429 = ADVANCED_FACE('',(#6430),#6441,.F.);
#6430 = FACE_BOUND('',#6431,.F.);
#6431 = EDGE_LOOP('',(#6432,#6438,#6439,#6440));
#6432 = ORIENTED_EDGE('',*,*,#6433,.T.);
#6433 = EDGE_CURVE('',#3689,#3791,#6434,.T.);
#6434 = LINE('',#6435,#6436);
#6435 = CARTESIAN_POINT('',(2.772040872589,2.08,0.15));
#6436 = VECTOR('',#6437,1.);
#6437 = DIRECTION('',(1.110223024625E-16,-1.,0.));
#6438 = ORIENTED_EDGE('',*,*,#3798,.T.);
#6439 = ORIENTED_EDGE('',*,*,#6416,.F.);
#6440 = ORIENTED_EDGE('',*,*,#3696,.F.);
#6441 = CYLINDRICAL_SURFACE('',#6442,0.1);
#6442 = AXIS2_PLACEMENT_3D('',#6443,#6444,#6445);
#6443 = CARTESIAN_POINT('',(2.772040872589,2.08,0.25));
#6444 = DIRECTION('',(-1.110223024625E-16,1.,0.));
#6445 = DIRECTION('',(0.,0.,-1.));
#6446 = ADVANCED_FACE('',(#6447),#6458,.F.);
#6447 = FACE_BOUND('',#6448,.F.);
#6448 = EDGE_LOOP('',(#6449,#6455,#6456,#6457));
#6449 = ORIENTED_EDGE('',*,*,#6450,.T.);
#6450 = EDGE_CURVE('',#3681,#3783,#6451,.T.);
#6451 = LINE('',#6452,#6453);
#6452 = CARTESIAN_POINT('',(3.2,2.08,0.15));
#6453 = VECTOR('',#6454,1.);
#6454 = DIRECTION('',(1.110223024625E-16,-1.,0.));
#6455 = ORIENTED_EDGE('',*,*,#3790,.T.);
#6456 = ORIENTED_EDGE('',*,*,#6433,.F.);
#6457 = ORIENTED_EDGE('',*,*,#3688,.F.);
#6458 = PLANE('',#6459);
#6459 = AXIS2_PLACEMENT_3D('',#6460,#6461,#6462);
#6460 = CARTESIAN_POINT('',(3.2,2.08,0.15));
#6461 = DIRECTION('',(0.,0.,-1.));
#6462 = DIRECTION('',(-1.,-1.110223024625E-16,-0.));
#6463 = ADVANCED_FACE('',(#6464),#6475,.F.);
#6464 = FACE_BOUND('',#6465,.F.);
#6465 = EDGE_LOOP('',(#6466,#6472,#6473,#6474));
#6466 = ORIENTED_EDGE('',*,*,#6467,.T.);
#6467 = EDGE_CURVE('',#3673,#3775,#6468,.T.);
#6468 = LINE('',#6469,#6470);
#6469 = CARTESIAN_POINT('',(3.2,2.08,-5.551115123126E-17));
#6470 = VECTOR('',#6471,1.);
#6471 = DIRECTION('',(1.110223024625E-16,-1.,0.));
#6472 = ORIENTED_EDGE('',*,*,#3782,.T.);
#6473 = ORIENTED_EDGE('',*,*,#6450,.F.);
#6474 = ORIENTED_EDGE('',*,*,#3680,.F.);
#6475 = PLANE('',#6476);
#6476 = AXIS2_PLACEMENT_3D('',#6477,#6478,#6479);
#6477 = CARTESIAN_POINT('',(3.2,2.08,-5.551115123126E-17));
#6478 = DIRECTION('',(-1.,-1.110223024625E-16,0.));
#6479 = DIRECTION('',(0.,0.,1.));
#6480 = ADVANCED_FACE('',(#6481),#6492,.F.);
#6481 = FACE_BOUND('',#6482,.F.);
#6482 = EDGE_LOOP('',(#6483,#6489,#6490,#6491));
#6483 = ORIENTED_EDGE('',*,*,#6484,.T.);
#6484 = EDGE_CURVE('',#3664,#3766,#6485,.T.);
#6485 = LINE('',#6486,#6487);
#6486 = CARTESIAN_POINT('',(2.772040872589,2.08,-5.551115123126E-17));
#6487 = VECTOR('',#6488,1.);
#6488 = DIRECTION('',(1.110223024625E-16,-1.,0.));
#6489 = ORIENTED_EDGE('',*,*,#3774,.T.);
#6490 = ORIENTED_EDGE('',*,*,#6467,.F.);
#6491 = ORIENTED_EDGE('',*,*,#3672,.F.);
#6492 = PLANE('',#6493);
#6493 = AXIS2_PLACEMENT_3D('',#6494,#6495,#6496);
#6494 = CARTESIAN_POINT('',(2.772040872589,2.08,-5.551115123126E-17));
#6495 = DIRECTION('',(0.,0.,1.));
#6496 = DIRECTION('',(1.,1.110223024625E-16,-0.));
#6497 = ADVANCED_FACE('',(#6498),#6509,.T.);
#6498 = FACE_BOUND('',#6499,.T.);
#6499 = EDGE_LOOP('',(#6500,#6501,#6502,#6503));
#6500 = ORIENTED_EDGE('',*,*,#3663,.T.);
#6501 = ORIENTED_EDGE('',*,*,#6484,.T.);
#6502 = ORIENTED_EDGE('',*,*,#3765,.F.);
#6503 = ORIENTED_EDGE('',*,*,#6504,.F.);
#6504 = EDGE_CURVE('',#3656,#3758,#6505,.T.);
#6505 = LINE('',#6506,#6507);
#6506 = CARTESIAN_POINT('',(2.525838934336,2.08,0.206587955583));
#6507 = VECTOR('',#6508,1.);
#6508 = DIRECTION('',(1.110223024625E-16,-1.,0.));
#6509 = CYLINDRICAL_SURFACE('',#6510,0.25);
#6510 = AXIS2_PLACEMENT_3D('',#6511,#6512,#6513);
#6511 = CARTESIAN_POINT('',(2.772040872589,2.08,0.25));
#6512 = DIRECTION('',(-1.110223024625E-16,1.,0.));
#6513 = DIRECTION('',(-0.984807753012,-1.093356242223E-16,
    -0.173648177667));
#6514 = ADVANCED_FACE('',(#6515),#6521,.F.);
#6515 = FACE_BOUND('',#6516,.F.);
#6516 = EDGE_LOOP('',(#6517,#6518,#6519,#6520));
#6517 = ORIENTED_EDGE('',*,*,#3739,.T.);
#6518 = ORIENTED_EDGE('',*,*,#3757,.T.);
#6519 = ORIENTED_EDGE('',*,*,#6504,.F.);
#6520 = ORIENTED_EDGE('',*,*,#3655,.F.);
#6521 = PLANE('',#6522);
#6522 = AXIS2_PLACEMENT_3D('',#6523,#6524,#6525);
#6523 = CARTESIAN_POINT('',(2.498480775301,2.08,0.392364817767));
#6524 = DIRECTION('',(0.989329961345,1.098376902036E-16,0.145692235845)
  );
#6525 = DIRECTION('',(0.145692235845,1.617508747447E-17,-0.989329961345)
  );
#6526 = ADVANCED_FACE('',(#6527),#6538,.T.);
#6527 = FACE_BOUND('',#6528,.T.);
#6528 = EDGE_LOOP('',(#6529,#6530,#6531,#6532));
#6529 = ORIENTED_EDGE('',*,*,#3917,.T.);
#6530 = ORIENTED_EDGE('',*,*,#5358,.T.);
#6531 = ORIENTED_EDGE('',*,*,#4026,.F.);
#6532 = ORIENTED_EDGE('',*,*,#6533,.F.);
#6533 = EDGE_CURVE('',#3910,#4019,#6534,.T.);
#6534 = LINE('',#6535,#6536);
#6535 = CARTESIAN_POINT('',(2.646201938253,1.43,0.418412044417));
#6536 = VECTOR('',#6537,1.);
#6537 = DIRECTION('',(1.110223024625E-16,-1.,0.));
#6538 = CYLINDRICAL_SURFACE('',#6539,0.25);
#6539 = AXIS2_PLACEMENT_3D('',#6540,#6541,#6542);
#6540 = CARTESIAN_POINT('',(2.4,1.43,0.375));
#6541 = DIRECTION('',(-1.110223024625E-16,1.,0.));
#6542 = DIRECTION('',(0.984807753012,1.093356242223E-16,0.173648177667)
  );
#6543 = ADVANCED_FACE('',(#6544),#6555,.F.);
#6544 = FACE_BOUND('',#6545,.F.);
#6545 = EDGE_LOOP('',(#6546,#6552,#6553,#6554));
#6546 = ORIENTED_EDGE('',*,*,#6547,.T.);
#6547 = EDGE_CURVE('',#3901,#4010,#6548,.T.);
#6548 = LINE('',#6549,#6550);
#6549 = CARTESIAN_POINT('',(2.673560097287,1.43,0.232635182233));
#6550 = VECTOR('',#6551,1.);
#6551 = DIRECTION('',(1.110223024625E-16,-1.,0.));
#6552 = ORIENTED_EDGE('',*,*,#4018,.T.);
#6553 = ORIENTED_EDGE('',*,*,#6533,.F.);
#6554 = ORIENTED_EDGE('',*,*,#3909,.F.);
#6555 = PLANE('',#6556);
#6556 = AXIS2_PLACEMENT_3D('',#6557,#6558,#6559);
#6557 = CARTESIAN_POINT('',(2.673560097287,1.43,0.232635182233));
#6558 = DIRECTION('',(-0.989329961345,-1.098376902036E-16,
    -0.145692235845));
#6559 = DIRECTION('',(-0.145692235845,-1.617508747447E-17,0.989329961345
    ));
#6560 = ADVANCED_FACE('',(#6561),#6572,.F.);
#6561 = FACE_BOUND('',#6562,.F.);
#6562 = EDGE_LOOP('',(#6563,#6569,#6570,#6571));
#6563 = ORIENTED_EDGE('',*,*,#6564,.T.);
#6564 = EDGE_CURVE('',#3893,#4002,#6565,.T.);
#6565 = LINE('',#6566,#6567);
#6566 = CARTESIAN_POINT('',(2.772040872589,1.43,0.15));
#6567 = VECTOR('',#6568,1.);
#6568 = DIRECTION('',(1.110223024625E-16,-1.,0.));
#6569 = ORIENTED_EDGE('',*,*,#4009,.T.);
#6570 = ORIENTED_EDGE('',*,*,#6547,.F.);
#6571 = ORIENTED_EDGE('',*,*,#3900,.F.);
#6572 = CYLINDRICAL_SURFACE('',#6573,0.1);
#6573 = AXIS2_PLACEMENT_3D('',#6574,#6575,#6576);
#6574 = CARTESIAN_POINT('',(2.772040872589,1.43,0.25));
#6575 = DIRECTION('',(-1.110223024625E-16,1.,0.));
#6576 = DIRECTION('',(0.,0.,-1.));
#6577 = ADVANCED_FACE('',(#6578),#6589,.F.);
#6578 = FACE_BOUND('',#6579,.F.);
#6579 = EDGE_LOOP('',(#6580,#6586,#6587,#6588));
#6580 = ORIENTED_EDGE('',*,*,#6581,.T.);
#6581 = EDGE_CURVE('',#3885,#3994,#6582,.T.);
#6582 = LINE('',#6583,#6584);
#6583 = CARTESIAN_POINT('',(3.2,1.43,0.15));
#6584 = VECTOR('',#6585,1.);
#6585 = DIRECTION('',(1.110223024625E-16,-1.,0.));
#6586 = ORIENTED_EDGE('',*,*,#4001,.T.);
#6587 = ORIENTED_EDGE('',*,*,#6564,.F.);
#6588 = ORIENTED_EDGE('',*,*,#3892,.F.);
#6589 = PLANE('',#6590);
#6590 = AXIS2_PLACEMENT_3D('',#6591,#6592,#6593);
#6591 = CARTESIAN_POINT('',(3.2,1.43,0.15));
#6592 = DIRECTION('',(0.,0.,-1.));
#6593 = DIRECTION('',(-1.,-1.110223024625E-16,-0.));
#6594 = ADVANCED_FACE('',(#6595),#6606,.F.);
#6595 = FACE_BOUND('',#6596,.F.);
#6596 = EDGE_LOOP('',(#6597,#6603,#6604,#6605));
#6597 = ORIENTED_EDGE('',*,*,#6598,.T.);
#6598 = EDGE_CURVE('',#3877,#3986,#6599,.T.);
#6599 = LINE('',#6600,#6601);
#6600 = CARTESIAN_POINT('',(3.2,1.43,-5.551115123126E-17));
#6601 = VECTOR('',#6602,1.);
#6602 = DIRECTION('',(1.110223024625E-16,-1.,0.));
#6603 = ORIENTED_EDGE('',*,*,#3993,.T.);
#6604 = ORIENTED_EDGE('',*,*,#6581,.F.);
#6605 = ORIENTED_EDGE('',*,*,#3884,.F.);
#6606 = PLANE('',#6607);
#6607 = AXIS2_PLACEMENT_3D('',#6608,#6609,#6610);
#6608 = CARTESIAN_POINT('',(3.2,1.43,-5.551115123126E-17));
#6609 = DIRECTION('',(-1.,-1.110223024625E-16,0.));
#6610 = DIRECTION('',(0.,0.,1.));
#6611 = ADVANCED_FACE('',(#6612),#6623,.F.);
#6612 = FACE_BOUND('',#6613,.F.);
#6613 = EDGE_LOOP('',(#6614,#6620,#6621,#6622));
#6614 = ORIENTED_EDGE('',*,*,#6615,.T.);
#6615 = EDGE_CURVE('',#3868,#3977,#6616,.T.);
#6616 = LINE('',#6617,#6618);
#6617 = CARTESIAN_POINT('',(2.772040872589,1.43,-5.551115123126E-17));
#6618 = VECTOR('',#6619,1.);
#6619 = DIRECTION('',(1.110223024625E-16,-1.,0.));
#6620 = ORIENTED_EDGE('',*,*,#3985,.T.);
#6621 = ORIENTED_EDGE('',*,*,#6598,.F.);
#6622 = ORIENTED_EDGE('',*,*,#3876,.F.);
#6623 = PLANE('',#6624);
#6624 = AXIS2_PLACEMENT_3D('',#6625,#6626,#6627);
#6625 = CARTESIAN_POINT('',(2.772040872589,1.43,-5.551115123126E-17));
#6626 = DIRECTION('',(0.,0.,1.));
#6627 = DIRECTION('',(1.,1.110223024625E-16,-0.));
#6628 = ADVANCED_FACE('',(#6629),#6640,.T.);
#6629 = FACE_BOUND('',#6630,.T.);
#6630 = EDGE_LOOP('',(#6631,#6632,#6633,#6634));
#6631 = ORIENTED_EDGE('',*,*,#3867,.T.);
#6632 = ORIENTED_EDGE('',*,*,#6615,.T.);
#6633 = ORIENTED_EDGE('',*,*,#3976,.F.);
#6634 = ORIENTED_EDGE('',*,*,#6635,.F.);
#6635 = EDGE_CURVE('',#3860,#3969,#6636,.T.);
#6636 = LINE('',#6637,#6638);
#6637 = CARTESIAN_POINT('',(2.525838934336,1.43,0.206587955583));
#6638 = VECTOR('',#6639,1.);
#6639 = DIRECTION('',(1.110223024625E-16,-1.,0.));
#6640 = CYLINDRICAL_SURFACE('',#6641,0.25);
#6641 = AXIS2_PLACEMENT_3D('',#6642,#6643,#6644);
#6642 = CARTESIAN_POINT('',(2.772040872589,1.43,0.25));
#6643 = DIRECTION('',(-1.110223024625E-16,1.,0.));
#6644 = DIRECTION('',(-0.984807753012,-1.093356242223E-16,
    -0.173648177667));
#6645 = ADVANCED_FACE('',(#6646),#6652,.F.);
#6646 = FACE_BOUND('',#6647,.F.);
#6647 = EDGE_LOOP('',(#6648,#6649,#6650,#6651));
#6648 = ORIENTED_EDGE('',*,*,#3950,.T.);
#6649 = ORIENTED_EDGE('',*,*,#3968,.T.);
#6650 = ORIENTED_EDGE('',*,*,#6635,.F.);
#6651 = ORIENTED_EDGE('',*,*,#3859,.F.);
#6652 = PLANE('',#6653);
#6653 = AXIS2_PLACEMENT_3D('',#6654,#6655,#6656);
#6654 = CARTESIAN_POINT('',(2.498480775301,1.43,0.392364817767));
#6655 = DIRECTION('',(0.989329961345,1.098376902036E-16,0.145692235845)
  );
#6656 = DIRECTION('',(0.145692235845,1.617508747447E-17,-0.989329961345)
  );
#6657 = ADVANCED_FACE('',(#6658),#6669,.T.);
#6658 = FACE_BOUND('',#6659,.T.);
#6659 = EDGE_LOOP('',(#6660,#6661,#6662,#6663));
#6660 = ORIENTED_EDGE('',*,*,#4140,.T.);
#6661 = ORIENTED_EDGE('',*,*,#5377,.T.);
#6662 = ORIENTED_EDGE('',*,*,#4249,.F.);
#6663 = ORIENTED_EDGE('',*,*,#6664,.F.);
#6664 = EDGE_CURVE('',#4133,#4242,#6665,.T.);
#6665 = LINE('',#6666,#6667);
#6666 = CARTESIAN_POINT('',(2.646201938253,0.78,0.418412044417));
#6667 = VECTOR('',#6668,1.);
#6668 = DIRECTION('',(1.110223024625E-16,-1.,0.));
#6669 = CYLINDRICAL_SURFACE('',#6670,0.25);
#6670 = AXIS2_PLACEMENT_3D('',#6671,#6672,#6673);
#6671 = CARTESIAN_POINT('',(2.4,0.78,0.375));
#6672 = DIRECTION('',(-1.110223024625E-16,1.,0.));
#6673 = DIRECTION('',(0.984807753012,1.093356242223E-16,0.173648177667)
  );
#6674 = ADVANCED_FACE('',(#6675),#6686,.F.);
#6675 = FACE_BOUND('',#6676,.F.);
#6676 = EDGE_LOOP('',(#6677,#6683,#6684,#6685));
#6677 = ORIENTED_EDGE('',*,*,#6678,.T.);
#6678 = EDGE_CURVE('',#4124,#4233,#6679,.T.);
#6679 = LINE('',#6680,#6681);
#6680 = CARTESIAN_POINT('',(2.673560097287,0.78,0.232635182233));
#6681 = VECTOR('',#6682,1.);
#6682 = DIRECTION('',(1.110223024625E-16,-1.,0.));
#6683 = ORIENTED_EDGE('',*,*,#4241,.T.);
#6684 = ORIENTED_EDGE('',*,*,#6664,.F.);
#6685 = ORIENTED_EDGE('',*,*,#4132,.F.);
#6686 = PLANE('',#6687);
#6687 = AXIS2_PLACEMENT_3D('',#6688,#6689,#6690);
#6688 = CARTESIAN_POINT('',(2.673560097287,0.78,0.232635182233));
#6689 = DIRECTION('',(-0.989329961345,-1.098376902036E-16,
    -0.145692235845));
#6690 = DIRECTION('',(-0.145692235845,-1.617508747447E-17,0.989329961345
    ));
#6691 = ADVANCED_FACE('',(#6692),#6703,.F.);
#6692 = FACE_BOUND('',#6693,.F.);
#6693 = EDGE_LOOP('',(#6694,#6700,#6701,#6702));
#6694 = ORIENTED_EDGE('',*,*,#6695,.T.);
#6695 = EDGE_CURVE('',#4116,#4225,#6696,.T.);
#6696 = LINE('',#6697,#6698);
#6697 = CARTESIAN_POINT('',(2.772040872589,0.78,0.15));
#6698 = VECTOR('',#6699,1.);
#6699 = DIRECTION('',(1.110223024625E-16,-1.,0.));
#6700 = ORIENTED_EDGE('',*,*,#4232,.T.);
#6701 = ORIENTED_EDGE('',*,*,#6678,.F.);
#6702 = ORIENTED_EDGE('',*,*,#4123,.F.);
#6703 = CYLINDRICAL_SURFACE('',#6704,0.1);
#6704 = AXIS2_PLACEMENT_3D('',#6705,#6706,#6707);
#6705 = CARTESIAN_POINT('',(2.772040872589,0.78,0.25));
#6706 = DIRECTION('',(-1.110223024625E-16,1.,0.));
#6707 = DIRECTION('',(0.,0.,-1.));
#6708 = ADVANCED_FACE('',(#6709),#6720,.F.);
#6709 = FACE_BOUND('',#6710,.F.);
#6710 = EDGE_LOOP('',(#6711,#6717,#6718,#6719));
#6711 = ORIENTED_EDGE('',*,*,#6712,.T.);
#6712 = EDGE_CURVE('',#4108,#4217,#6713,.T.);
#6713 = LINE('',#6714,#6715);
#6714 = CARTESIAN_POINT('',(3.2,0.78,0.15));
#6715 = VECTOR('',#6716,1.);
#6716 = DIRECTION('',(1.110223024625E-16,-1.,0.));
#6717 = ORIENTED_EDGE('',*,*,#4224,.T.);
#6718 = ORIENTED_EDGE('',*,*,#6695,.F.);
#6719 = ORIENTED_EDGE('',*,*,#4115,.F.);
#6720 = PLANE('',#6721);
#6721 = AXIS2_PLACEMENT_3D('',#6722,#6723,#6724);
#6722 = CARTESIAN_POINT('',(3.2,0.78,0.15));
#6723 = DIRECTION('',(0.,0.,-1.));
#6724 = DIRECTION('',(-1.,-1.110223024625E-16,-0.));
#6725 = ADVANCED_FACE('',(#6726),#6737,.F.);
#6726 = FACE_BOUND('',#6727,.F.);
#6727 = EDGE_LOOP('',(#6728,#6734,#6735,#6736));
#6728 = ORIENTED_EDGE('',*,*,#6729,.T.);
#6729 = EDGE_CURVE('',#4100,#4209,#6730,.T.);
#6730 = LINE('',#6731,#6732);
#6731 = CARTESIAN_POINT('',(3.2,0.78,-5.551115123126E-17));
#6732 = VECTOR('',#6733,1.);
#6733 = DIRECTION('',(1.110223024625E-16,-1.,0.));
#6734 = ORIENTED_EDGE('',*,*,#4216,.T.);
#6735 = ORIENTED_EDGE('',*,*,#6712,.F.);
#6736 = ORIENTED_EDGE('',*,*,#4107,.F.);
#6737 = PLANE('',#6738);
#6738 = AXIS2_PLACEMENT_3D('',#6739,#6740,#6741);
#6739 = CARTESIAN_POINT('',(3.2,0.78,-5.551115123126E-17));
#6740 = DIRECTION('',(-1.,-1.110223024625E-16,0.));
#6741 = DIRECTION('',(0.,0.,1.));
#6742 = ADVANCED_FACE('',(#6743),#6754,.F.);
#6743 = FACE_BOUND('',#6744,.F.);
#6744 = EDGE_LOOP('',(#6745,#6751,#6752,#6753));
#6745 = ORIENTED_EDGE('',*,*,#6746,.T.);
#6746 = EDGE_CURVE('',#4091,#4200,#6747,.T.);
#6747 = LINE('',#6748,#6749);
#6748 = CARTESIAN_POINT('',(2.772040872589,0.78,-5.551115123126E-17));
#6749 = VECTOR('',#6750,1.);
#6750 = DIRECTION('',(1.110223024625E-16,-1.,0.));
#6751 = ORIENTED_EDGE('',*,*,#4208,.T.);
#6752 = ORIENTED_EDGE('',*,*,#6729,.F.);
#6753 = ORIENTED_EDGE('',*,*,#4099,.F.);
#6754 = PLANE('',#6755);
#6755 = AXIS2_PLACEMENT_3D('',#6756,#6757,#6758);
#6756 = CARTESIAN_POINT('',(2.772040872589,0.78,-5.551115123126E-17));
#6757 = DIRECTION('',(0.,0.,1.));
#6758 = DIRECTION('',(1.,1.110223024625E-16,-0.));
#6759 = ADVANCED_FACE('',(#6760),#6771,.T.);
#6760 = FACE_BOUND('',#6761,.T.);
#6761 = EDGE_LOOP('',(#6762,#6763,#6764,#6765));
#6762 = ORIENTED_EDGE('',*,*,#4090,.T.);
#6763 = ORIENTED_EDGE('',*,*,#6746,.T.);
#6764 = ORIENTED_EDGE('',*,*,#4199,.F.);
#6765 = ORIENTED_EDGE('',*,*,#6766,.F.);
#6766 = EDGE_CURVE('',#4083,#4192,#6767,.T.);
#6767 = LINE('',#6768,#6769);
#6768 = CARTESIAN_POINT('',(2.525838934336,0.78,0.206587955583));
#6769 = VECTOR('',#6770,1.);
#6770 = DIRECTION('',(1.110223024625E-16,-1.,0.));
#6771 = CYLINDRICAL_SURFACE('',#6772,0.25);
#6772 = AXIS2_PLACEMENT_3D('',#6773,#6774,#6775);
#6773 = CARTESIAN_POINT('',(2.772040872589,0.78,0.25));
#6774 = DIRECTION('',(-1.110223024625E-16,1.,0.));
#6775 = DIRECTION('',(-0.984807753012,-1.093356242223E-16,
    -0.173648177667));
#6776 = ADVANCED_FACE('',(#6777),#6783,.F.);
#6777 = FACE_BOUND('',#6778,.F.);
#6778 = EDGE_LOOP('',(#6779,#6780,#6781,#6782));
#6779 = ORIENTED_EDGE('',*,*,#4173,.T.);
#6780 = ORIENTED_EDGE('',*,*,#4191,.T.);
#6781 = ORIENTED_EDGE('',*,*,#6766,.F.);
#6782 = ORIENTED_EDGE('',*,*,#4082,.F.);
#6783 = PLANE('',#6784);
#6784 = AXIS2_PLACEMENT_3D('',#6785,#6786,#6787);
#6785 = CARTESIAN_POINT('',(2.498480775301,0.78,0.392364817767));
#6786 = DIRECTION('',(0.989329961345,1.098376902036E-16,0.145692235845)
  );
#6787 = DIRECTION('',(0.145692235845,1.617508747447E-17,-0.989329961345)
  );
#6788 = ADVANCED_FACE('',(#6789),#6800,.T.);
#6789 = FACE_BOUND('',#6790,.T.);
#6790 = EDGE_LOOP('',(#6791,#6792,#6793,#6794));
#6791 = ORIENTED_EDGE('',*,*,#4363,.T.);
#6792 = ORIENTED_EDGE('',*,*,#5396,.T.);
#6793 = ORIENTED_EDGE('',*,*,#4472,.F.);
#6794 = ORIENTED_EDGE('',*,*,#6795,.F.);
#6795 = EDGE_CURVE('',#4356,#4465,#6796,.T.);
#6796 = LINE('',#6797,#6798);
#6797 = CARTESIAN_POINT('',(2.646201938253,0.13,0.418412044417));
#6798 = VECTOR('',#6799,1.);
#6799 = DIRECTION('',(1.110223024625E-16,-1.,0.));
#6800 = CYLINDRICAL_SURFACE('',#6801,0.25);
#6801 = AXIS2_PLACEMENT_3D('',#6802,#6803,#6804);
#6802 = CARTESIAN_POINT('',(2.4,0.13,0.375));
#6803 = DIRECTION('',(-1.110223024625E-16,1.,0.));
#6804 = DIRECTION('',(0.984807753012,1.093356242223E-16,0.173648177667)
  );
#6805 = ADVANCED_FACE('',(#6806),#6817,.F.);
#6806 = FACE_BOUND('',#6807,.F.);
#6807 = EDGE_LOOP('',(#6808,#6814,#6815,#6816));
#6808 = ORIENTED_EDGE('',*,*,#6809,.T.);
#6809 = EDGE_CURVE('',#4347,#4456,#6810,.T.);
#6810 = LINE('',#6811,#6812);
#6811 = CARTESIAN_POINT('',(2.673560097287,0.13,0.232635182233));
#6812 = VECTOR('',#6813,1.);
#6813 = DIRECTION('',(1.110223024625E-16,-1.,0.));
#6814 = ORIENTED_EDGE('',*,*,#4464,.T.);
#6815 = ORIENTED_EDGE('',*,*,#6795,.F.);
#6816 = ORIENTED_EDGE('',*,*,#4355,.F.);
#6817 = PLANE('',#6818);
#6818 = AXIS2_PLACEMENT_3D('',#6819,#6820,#6821);
#6819 = CARTESIAN_POINT('',(2.673560097287,0.13,0.232635182233));
#6820 = DIRECTION('',(-0.989329961345,-1.098376902036E-16,
    -0.145692235845));
#6821 = DIRECTION('',(-0.145692235845,-1.617508747447E-17,0.989329961345
    ));
#6822 = ADVANCED_FACE('',(#6823),#6834,.F.);
#6823 = FACE_BOUND('',#6824,.F.);
#6824 = EDGE_LOOP('',(#6825,#6831,#6832,#6833));
#6825 = ORIENTED_EDGE('',*,*,#6826,.T.);
#6826 = EDGE_CURVE('',#4339,#4448,#6827,.T.);
#6827 = LINE('',#6828,#6829);
#6828 = CARTESIAN_POINT('',(2.772040872589,0.13,0.15));
#6829 = VECTOR('',#6830,1.);
#6830 = DIRECTION('',(1.110223024625E-16,-1.,0.));
#6831 = ORIENTED_EDGE('',*,*,#4455,.T.);
#6832 = ORIENTED_EDGE('',*,*,#6809,.F.);
#6833 = ORIENTED_EDGE('',*,*,#4346,.F.);
#6834 = CYLINDRICAL_SURFACE('',#6835,0.1);
#6835 = AXIS2_PLACEMENT_3D('',#6836,#6837,#6838);
#6836 = CARTESIAN_POINT('',(2.772040872589,0.13,0.25));
#6837 = DIRECTION('',(-1.110223024625E-16,1.,0.));
#6838 = DIRECTION('',(0.,0.,-1.));
#6839 = ADVANCED_FACE('',(#6840),#6851,.F.);
#6840 = FACE_BOUND('',#6841,.F.);
#6841 = EDGE_LOOP('',(#6842,#6848,#6849,#6850));
#6842 = ORIENTED_EDGE('',*,*,#6843,.T.);
#6843 = EDGE_CURVE('',#4331,#4440,#6844,.T.);
#6844 = LINE('',#6845,#6846);
#6845 = CARTESIAN_POINT('',(3.2,0.13,0.15));
#6846 = VECTOR('',#6847,1.);
#6847 = DIRECTION('',(1.110223024625E-16,-1.,0.));
#6848 = ORIENTED_EDGE('',*,*,#4447,.T.);
#6849 = ORIENTED_EDGE('',*,*,#6826,.F.);
#6850 = ORIENTED_EDGE('',*,*,#4338,.F.);
#6851 = PLANE('',#6852);
#6852 = AXIS2_PLACEMENT_3D('',#6853,#6854,#6855);
#6853 = CARTESIAN_POINT('',(3.2,0.13,0.15));
#6854 = DIRECTION('',(0.,0.,-1.));
#6855 = DIRECTION('',(-1.,-1.110223024625E-16,-0.));
#6856 = ADVANCED_FACE('',(#6857),#6868,.F.);
#6857 = FACE_BOUND('',#6858,.F.);
#6858 = EDGE_LOOP('',(#6859,#6865,#6866,#6867));
#6859 = ORIENTED_EDGE('',*,*,#6860,.T.);
#6860 = EDGE_CURVE('',#4323,#4432,#6861,.T.);
#6861 = LINE('',#6862,#6863);
#6862 = CARTESIAN_POINT('',(3.2,0.13,-5.551115123126E-17));
#6863 = VECTOR('',#6864,1.);
#6864 = DIRECTION('',(1.110223024625E-16,-1.,0.));
#6865 = ORIENTED_EDGE('',*,*,#4439,.T.);
#6866 = ORIENTED_EDGE('',*,*,#6843,.F.);
#6867 = ORIENTED_EDGE('',*,*,#4330,.F.);
#6868 = PLANE('',#6869);
#6869 = AXIS2_PLACEMENT_3D('',#6870,#6871,#6872);
#6870 = CARTESIAN_POINT('',(3.2,0.13,-5.551115123126E-17));
#6871 = DIRECTION('',(-1.,-1.110223024625E-16,0.));
#6872 = DIRECTION('',(0.,0.,1.));
#6873 = ADVANCED_FACE('',(#6874),#6885,.F.);
#6874 = FACE_BOUND('',#6875,.F.);
#6875 = EDGE_LOOP('',(#6876,#6882,#6883,#6884));
#6876 = ORIENTED_EDGE('',*,*,#6877,.T.);
#6877 = EDGE_CURVE('',#4314,#4423,#6878,.T.);
#6878 = LINE('',#6879,#6880);
#6879 = CARTESIAN_POINT('',(2.772040872589,0.13,-5.551115123126E-17));
#6880 = VECTOR('',#6881,1.);
#6881 = DIRECTION('',(1.110223024625E-16,-1.,0.));
#6882 = ORIENTED_EDGE('',*,*,#4431,.T.);
#6883 = ORIENTED_EDGE('',*,*,#6860,.F.);
#6884 = ORIENTED_EDGE('',*,*,#4322,.F.);
#6885 = PLANE('',#6886);
#6886 = AXIS2_PLACEMENT_3D('',#6887,#6888,#6889);
#6887 = CARTESIAN_POINT('',(2.772040872589,0.13,-5.551115123126E-17));
#6888 = DIRECTION('',(0.,0.,1.));
#6889 = DIRECTION('',(1.,1.110223024625E-16,-0.));
#6890 = ADVANCED_FACE('',(#6891),#6902,.T.);
#6891 = FACE_BOUND('',#6892,.T.);
#6892 = EDGE_LOOP('',(#6893,#6894,#6895,#6896));
#6893 = ORIENTED_EDGE('',*,*,#4313,.T.);
#6894 = ORIENTED_EDGE('',*,*,#6877,.T.);
#6895 = ORIENTED_EDGE('',*,*,#4422,.F.);
#6896 = ORIENTED_EDGE('',*,*,#6897,.F.);
#6897 = EDGE_CURVE('',#4306,#4415,#6898,.T.);
#6898 = LINE('',#6899,#6900);
#6899 = CARTESIAN_POINT('',(2.525838934336,0.13,0.206587955583));
#6900 = VECTOR('',#6901,1.);
#6901 = DIRECTION('',(1.110223024625E-16,-1.,0.));
#6902 = CYLINDRICAL_SURFACE('',#6903,0.25);
#6903 = AXIS2_PLACEMENT_3D('',#6904,#6905,#6906);
#6904 = CARTESIAN_POINT('',(2.772040872589,0.13,0.25));
#6905 = DIRECTION('',(-1.110223024625E-16,1.,0.));
#6906 = DIRECTION('',(-0.984807753012,-1.093356242223E-16,
    -0.173648177667));
#6907 = ADVANCED_FACE('',(#6908),#6914,.F.);
#6908 = FACE_BOUND('',#6909,.F.);
#6909 = EDGE_LOOP('',(#6910,#6911,#6912,#6913));
#6910 = ORIENTED_EDGE('',*,*,#4396,.T.);
#6911 = ORIENTED_EDGE('',*,*,#4414,.T.);
#6912 = ORIENTED_EDGE('',*,*,#6897,.F.);
#6913 = ORIENTED_EDGE('',*,*,#4305,.F.);
#6914 = PLANE('',#6915);
#6915 = AXIS2_PLACEMENT_3D('',#6916,#6917,#6918);
#6916 = CARTESIAN_POINT('',(2.498480775301,0.13,0.392364817767));
#6917 = DIRECTION('',(0.989329961345,1.098376902036E-16,0.145692235845)
  );
#6918 = DIRECTION('',(0.145692235845,1.617508747447E-17,-0.989329961345)
  );
#6919 = ADVANCED_FACE('',(#6920),#6931,.T.);
#6920 = FACE_BOUND('',#6921,.T.);
#6921 = EDGE_LOOP('',(#6922,#6923,#6924,#6925));
#6922 = ORIENTED_EDGE('',*,*,#4586,.T.);
#6923 = ORIENTED_EDGE('',*,*,#5415,.T.);
#6924 = ORIENTED_EDGE('',*,*,#4695,.F.);
#6925 = ORIENTED_EDGE('',*,*,#6926,.F.);
#6926 = EDGE_CURVE('',#4579,#4688,#6927,.T.);
#6927 = LINE('',#6928,#6929);
#6928 = CARTESIAN_POINT('',(2.646201938253,-0.52,0.418412044417));
#6929 = VECTOR('',#6930,1.);
#6930 = DIRECTION('',(1.110223024625E-16,-1.,0.));
#6931 = CYLINDRICAL_SURFACE('',#6932,0.25);
#6932 = AXIS2_PLACEMENT_3D('',#6933,#6934,#6935);
#6933 = CARTESIAN_POINT('',(2.4,-0.52,0.375));
#6934 = DIRECTION('',(-1.110223024625E-16,1.,0.));
#6935 = DIRECTION('',(0.984807753012,1.093356242223E-16,0.173648177667)
  );
#6936 = ADVANCED_FACE('',(#6937),#6948,.F.);
#6937 = FACE_BOUND('',#6938,.F.);
#6938 = EDGE_LOOP('',(#6939,#6945,#6946,#6947));
#6939 = ORIENTED_EDGE('',*,*,#6940,.T.);
#6940 = EDGE_CURVE('',#4570,#4679,#6941,.T.);
#6941 = LINE('',#6942,#6943);
#6942 = CARTESIAN_POINT('',(2.673560097287,-0.52,0.232635182233));
#6943 = VECTOR('',#6944,1.);
#6944 = DIRECTION('',(1.110223024625E-16,-1.,0.));
#6945 = ORIENTED_EDGE('',*,*,#4687,.T.);
#6946 = ORIENTED_EDGE('',*,*,#6926,.F.);
#6947 = ORIENTED_EDGE('',*,*,#4578,.F.);
#6948 = PLANE('',#6949);
#6949 = AXIS2_PLACEMENT_3D('',#6950,#6951,#6952);
#6950 = CARTESIAN_POINT('',(2.673560097287,-0.52,0.232635182233));
#6951 = DIRECTION('',(-0.989329961345,-1.098376902036E-16,
    -0.145692235845));
#6952 = DIRECTION('',(-0.145692235845,-1.617508747447E-17,0.989329961345
    ));
#6953 = ADVANCED_FACE('',(#6954),#6965,.F.);
#6954 = FACE_BOUND('',#6955,.F.);
#6955 = EDGE_LOOP('',(#6956,#6962,#6963,#6964));
#6956 = ORIENTED_EDGE('',*,*,#6957,.T.);
#6957 = EDGE_CURVE('',#4562,#4671,#6958,.T.);
#6958 = LINE('',#6959,#6960);
#6959 = CARTESIAN_POINT('',(2.772040872589,-0.52,0.15));
#6960 = VECTOR('',#6961,1.);
#6961 = DIRECTION('',(1.110223024625E-16,-1.,0.));
#6962 = ORIENTED_EDGE('',*,*,#4678,.T.);
#6963 = ORIENTED_EDGE('',*,*,#6940,.F.);
#6964 = ORIENTED_EDGE('',*,*,#4569,.F.);
#6965 = CYLINDRICAL_SURFACE('',#6966,0.1);
#6966 = AXIS2_PLACEMENT_3D('',#6967,#6968,#6969);
#6967 = CARTESIAN_POINT('',(2.772040872589,-0.52,0.25));
#6968 = DIRECTION('',(-1.110223024625E-16,1.,0.));
#6969 = DIRECTION('',(0.,0.,-1.));
#6970 = ADVANCED_FACE('',(#6971),#6982,.F.);
#6971 = FACE_BOUND('',#6972,.F.);
#6972 = EDGE_LOOP('',(#6973,#6979,#6980,#6981));
#6973 = ORIENTED_EDGE('',*,*,#6974,.T.);
#6974 = EDGE_CURVE('',#4554,#4663,#6975,.T.);
#6975 = LINE('',#6976,#6977);
#6976 = CARTESIAN_POINT('',(3.2,-0.52,0.15));
#6977 = VECTOR('',#6978,1.);
#6978 = DIRECTION('',(1.110223024625E-16,-1.,0.));
#6979 = ORIENTED_EDGE('',*,*,#4670,.T.);
#6980 = ORIENTED_EDGE('',*,*,#6957,.F.);
#6981 = ORIENTED_EDGE('',*,*,#4561,.F.);
#6982 = PLANE('',#6983);
#6983 = AXIS2_PLACEMENT_3D('',#6984,#6985,#6986);
#6984 = CARTESIAN_POINT('',(3.2,-0.52,0.15));
#6985 = DIRECTION('',(0.,0.,-1.));
#6986 = DIRECTION('',(-1.,-1.110223024625E-16,-0.));
#6987 = ADVANCED_FACE('',(#6988),#6999,.F.);
#6988 = FACE_BOUND('',#6989,.F.);
#6989 = EDGE_LOOP('',(#6990,#6996,#6997,#6998));
#6990 = ORIENTED_EDGE('',*,*,#6991,.T.);
#6991 = EDGE_CURVE('',#4546,#4655,#6992,.T.);
#6992 = LINE('',#6993,#6994);
#6993 = CARTESIAN_POINT('',(3.2,-0.52,-5.551115123126E-17));
#6994 = VECTOR('',#6995,1.);
#6995 = DIRECTION('',(1.110223024625E-16,-1.,0.));
#6996 = ORIENTED_EDGE('',*,*,#4662,.T.);
#6997 = ORIENTED_EDGE('',*,*,#6974,.F.);
#6998 = ORIENTED_EDGE('',*,*,#4553,.F.);
#6999 = PLANE('',#7000);
#7000 = AXIS2_PLACEMENT_3D('',#7001,#7002,#7003);
#7001 = CARTESIAN_POINT('',(3.2,-0.52,-5.551115123126E-17));
#7002 = DIRECTION('',(-1.,-1.110223024625E-16,0.));
#7003 = DIRECTION('',(0.,0.,1.));
#7004 = ADVANCED_FACE('',(#7005),#7016,.F.);
#7005 = FACE_BOUND('',#7006,.F.);
#7006 = EDGE_LOOP('',(#7007,#7013,#7014,#7015));
#7007 = ORIENTED_EDGE('',*,*,#7008,.T.);
#7008 = EDGE_CURVE('',#4537,#4646,#7009,.T.);
#7009 = LINE('',#7010,#7011);
#7010 = CARTESIAN_POINT('',(2.772040872589,-0.52,-5.551115123126E-17));
#7011 = VECTOR('',#7012,1.);
#7012 = DIRECTION('',(1.110223024625E-16,-1.,0.));
#7013 = ORIENTED_EDGE('',*,*,#4654,.T.);
#7014 = ORIENTED_EDGE('',*,*,#6991,.F.);
#7015 = ORIENTED_EDGE('',*,*,#4545,.F.);
#7016 = PLANE('',#7017);
#7017 = AXIS2_PLACEMENT_3D('',#7018,#7019,#7020);
#7018 = CARTESIAN_POINT('',(2.772040872589,-0.52,-5.551115123126E-17));
#7019 = DIRECTION('',(0.,0.,1.));
#7020 = DIRECTION('',(1.,1.110223024625E-16,-0.));
#7021 = ADVANCED_FACE('',(#7022),#7033,.T.);
#7022 = FACE_BOUND('',#7023,.T.);
#7023 = EDGE_LOOP('',(#7024,#7025,#7026,#7027));
#7024 = ORIENTED_EDGE('',*,*,#4536,.T.);
#7025 = ORIENTED_EDGE('',*,*,#7008,.T.);
#7026 = ORIENTED_EDGE('',*,*,#4645,.F.);
#7027 = ORIENTED_EDGE('',*,*,#7028,.F.);
#7028 = EDGE_CURVE('',#4529,#4638,#7029,.T.);
#7029 = LINE('',#7030,#7031);
#7030 = CARTESIAN_POINT('',(2.525838934336,-0.52,0.206587955583));
#7031 = VECTOR('',#7032,1.);
#7032 = DIRECTION('',(1.110223024625E-16,-1.,0.));
#7033 = CYLINDRICAL_SURFACE('',#7034,0.25);
#7034 = AXIS2_PLACEMENT_3D('',#7035,#7036,#7037);
#7035 = CARTESIAN_POINT('',(2.772040872589,-0.52,0.25));
#7036 = DIRECTION('',(-1.110223024625E-16,1.,0.));
#7037 = DIRECTION('',(-0.984807753012,-1.093356242223E-16,
    -0.173648177667));
#7038 = ADVANCED_FACE('',(#7039),#7045,.F.);
#7039 = FACE_BOUND('',#7040,.F.);
#7040 = EDGE_LOOP('',(#7041,#7042,#7043,#7044));
#7041 = ORIENTED_EDGE('',*,*,#4619,.T.);
#7042 = ORIENTED_EDGE('',*,*,#4637,.T.);
#7043 = ORIENTED_EDGE('',*,*,#7028,.F.);
#7044 = ORIENTED_EDGE('',*,*,#4528,.F.);
#7045 = PLANE('',#7046);
#7046 = AXIS2_PLACEMENT_3D('',#7047,#7048,#7049);
#7047 = CARTESIAN_POINT('',(2.498480775301,-0.52,0.392364817767));
#7048 = DIRECTION('',(0.989329961345,1.098376902036E-16,0.145692235845)
  );
#7049 = DIRECTION('',(0.145692235845,1.617508747447E-17,-0.989329961345)
  );
#7050 = ADVANCED_FACE('',(#7051),#7062,.T.);
#7051 = FACE_BOUND('',#7052,.T.);
#7052 = EDGE_LOOP('',(#7053,#7054,#7055,#7056));
#7053 = ORIENTED_EDGE('',*,*,#4809,.T.);
#7054 = ORIENTED_EDGE('',*,*,#5434,.T.);
#7055 = ORIENTED_EDGE('',*,*,#4918,.F.);
#7056 = ORIENTED_EDGE('',*,*,#7057,.F.);
#7057 = EDGE_CURVE('',#4802,#4911,#7058,.T.);
#7058 = LINE('',#7059,#7060);
#7059 = CARTESIAN_POINT('',(2.646201938253,-1.17,0.418412044417));
#7060 = VECTOR('',#7061,1.);
#7061 = DIRECTION('',(1.110223024625E-16,-1.,0.));
#7062 = CYLINDRICAL_SURFACE('',#7063,0.25);
#7063 = AXIS2_PLACEMENT_3D('',#7064,#7065,#7066);
#7064 = CARTESIAN_POINT('',(2.4,-1.17,0.375));
#7065 = DIRECTION('',(-1.110223024625E-16,1.,0.));
#7066 = DIRECTION('',(0.984807753012,1.093356242223E-16,0.173648177667)
  );
#7067 = ADVANCED_FACE('',(#7068),#7079,.F.);
#7068 = FACE_BOUND('',#7069,.F.);
#7069 = EDGE_LOOP('',(#7070,#7076,#7077,#7078));
#7070 = ORIENTED_EDGE('',*,*,#7071,.T.);
#7071 = EDGE_CURVE('',#4793,#4902,#7072,.T.);
#7072 = LINE('',#7073,#7074);
#7073 = CARTESIAN_POINT('',(2.673560097287,-1.17,0.232635182233));
#7074 = VECTOR('',#7075,1.);
#7075 = DIRECTION('',(1.110223024625E-16,-1.,0.));
#7076 = ORIENTED_EDGE('',*,*,#4910,.T.);
#7077 = ORIENTED_EDGE('',*,*,#7057,.F.);
#7078 = ORIENTED_EDGE('',*,*,#4801,.F.);
#7079 = PLANE('',#7080);
#7080 = AXIS2_PLACEMENT_3D('',#7081,#7082,#7083);
#7081 = CARTESIAN_POINT('',(2.673560097287,-1.17,0.232635182233));
#7082 = DIRECTION('',(-0.989329961345,-1.098376902036E-16,
    -0.145692235845));
#7083 = DIRECTION('',(-0.145692235845,-1.617508747447E-17,0.989329961345
    ));
#7084 = ADVANCED_FACE('',(#7085),#7096,.F.);
#7085 = FACE_BOUND('',#7086,.F.);
#7086 = EDGE_LOOP('',(#7087,#7093,#7094,#7095));
#7087 = ORIENTED_EDGE('',*,*,#7088,.T.);
#7088 = EDGE_CURVE('',#4785,#4894,#7089,.T.);
#7089 = LINE('',#7090,#7091);
#7090 = CARTESIAN_POINT('',(2.772040872589,-1.17,0.15));
#7091 = VECTOR('',#7092,1.);
#7092 = DIRECTION('',(1.110223024625E-16,-1.,0.));
#7093 = ORIENTED_EDGE('',*,*,#4901,.T.);
#7094 = ORIENTED_EDGE('',*,*,#7071,.F.);
#7095 = ORIENTED_EDGE('',*,*,#4792,.F.);
#7096 = CYLINDRICAL_SURFACE('',#7097,0.1);
#7097 = AXIS2_PLACEMENT_3D('',#7098,#7099,#7100);
#7098 = CARTESIAN_POINT('',(2.772040872589,-1.17,0.25));
#7099 = DIRECTION('',(-1.110223024625E-16,1.,0.));
#7100 = DIRECTION('',(0.,0.,-1.));
#7101 = ADVANCED_FACE('',(#7102),#7113,.F.);
#7102 = FACE_BOUND('',#7103,.F.);
#7103 = EDGE_LOOP('',(#7104,#7110,#7111,#7112));
#7104 = ORIENTED_EDGE('',*,*,#7105,.T.);
#7105 = EDGE_CURVE('',#4777,#4886,#7106,.T.);
#7106 = LINE('',#7107,#7108);
#7107 = CARTESIAN_POINT('',(3.2,-1.17,0.15));
#7108 = VECTOR('',#7109,1.);
#7109 = DIRECTION('',(1.110223024625E-16,-1.,0.));
#7110 = ORIENTED_EDGE('',*,*,#4893,.T.);
#7111 = ORIENTED_EDGE('',*,*,#7088,.F.);
#7112 = ORIENTED_EDGE('',*,*,#4784,.F.);
#7113 = PLANE('',#7114);
#7114 = AXIS2_PLACEMENT_3D('',#7115,#7116,#7117);
#7115 = CARTESIAN_POINT('',(3.2,-1.17,0.15));
#7116 = DIRECTION('',(0.,0.,-1.));
#7117 = DIRECTION('',(-1.,-1.110223024625E-16,-0.));
#7118 = ADVANCED_FACE('',(#7119),#7130,.F.);
#7119 = FACE_BOUND('',#7120,.F.);
#7120 = EDGE_LOOP('',(#7121,#7127,#7128,#7129));
#7121 = ORIENTED_EDGE('',*,*,#7122,.T.);
#7122 = EDGE_CURVE('',#4769,#4878,#7123,.T.);
#7123 = LINE('',#7124,#7125);
#7124 = CARTESIAN_POINT('',(3.2,-1.17,-5.551115123126E-17));
#7125 = VECTOR('',#7126,1.);
#7126 = DIRECTION('',(1.110223024625E-16,-1.,0.));
#7127 = ORIENTED_EDGE('',*,*,#4885,.T.);
#7128 = ORIENTED_EDGE('',*,*,#7105,.F.);
#7129 = ORIENTED_EDGE('',*,*,#4776,.F.);
#7130 = PLANE('',#7131);
#7131 = AXIS2_PLACEMENT_3D('',#7132,#7133,#7134);
#7132 = CARTESIAN_POINT('',(3.2,-1.17,-5.551115123126E-17));
#7133 = DIRECTION('',(-1.,-1.110223024625E-16,0.));
#7134 = DIRECTION('',(0.,0.,1.));
#7135 = ADVANCED_FACE('',(#7136),#7147,.F.);
#7136 = FACE_BOUND('',#7137,.F.);
#7137 = EDGE_LOOP('',(#7138,#7144,#7145,#7146));
#7138 = ORIENTED_EDGE('',*,*,#7139,.T.);
#7139 = EDGE_CURVE('',#4760,#4869,#7140,.T.);
#7140 = LINE('',#7141,#7142);
#7141 = CARTESIAN_POINT('',(2.772040872589,-1.17,-5.551115123126E-17));
#7142 = VECTOR('',#7143,1.);
#7143 = DIRECTION('',(1.110223024625E-16,-1.,0.));
#7144 = ORIENTED_EDGE('',*,*,#4877,.T.);
#7145 = ORIENTED_EDGE('',*,*,#7122,.F.);
#7146 = ORIENTED_EDGE('',*,*,#4768,.F.);
#7147 = PLANE('',#7148);
#7148 = AXIS2_PLACEMENT_3D('',#7149,#7150,#7151);
#7149 = CARTESIAN_POINT('',(2.772040872589,-1.17,-5.551115123126E-17));
#7150 = DIRECTION('',(0.,0.,1.));
#7151 = DIRECTION('',(1.,1.110223024625E-16,-0.));
#7152 = ADVANCED_FACE('',(#7153),#7164,.T.);
#7153 = FACE_BOUND('',#7154,.T.);
#7154 = EDGE_LOOP('',(#7155,#7156,#7157,#7158));
#7155 = ORIENTED_EDGE('',*,*,#4759,.T.);
#7156 = ORIENTED_EDGE('',*,*,#7139,.T.);
#7157 = ORIENTED_EDGE('',*,*,#4868,.F.);
#7158 = ORIENTED_EDGE('',*,*,#7159,.F.);
#7159 = EDGE_CURVE('',#4752,#4861,#7160,.T.);
#7160 = LINE('',#7161,#7162);
#7161 = CARTESIAN_POINT('',(2.525838934336,-1.17,0.206587955583));
#7162 = VECTOR('',#7163,1.);
#7163 = DIRECTION('',(1.110223024625E-16,-1.,0.));
#7164 = CYLINDRICAL_SURFACE('',#7165,0.25);
#7165 = AXIS2_PLACEMENT_3D('',#7166,#7167,#7168);
#7166 = CARTESIAN_POINT('',(2.772040872589,-1.17,0.25));
#7167 = DIRECTION('',(-1.110223024625E-16,1.,0.));
#7168 = DIRECTION('',(-0.984807753012,-1.093356242223E-16,
    -0.173648177667));
#7169 = ADVANCED_FACE('',(#7170),#7176,.F.);
#7170 = FACE_BOUND('',#7171,.F.);
#7171 = EDGE_LOOP('',(#7172,#7173,#7174,#7175));
#7172 = ORIENTED_EDGE('',*,*,#4842,.T.);
#7173 = ORIENTED_EDGE('',*,*,#4860,.T.);
#7174 = ORIENTED_EDGE('',*,*,#7159,.F.);
#7175 = ORIENTED_EDGE('',*,*,#4751,.F.);
#7176 = PLANE('',#7177);
#7177 = AXIS2_PLACEMENT_3D('',#7178,#7179,#7180);
#7178 = CARTESIAN_POINT('',(2.498480775301,-1.17,0.392364817767));
#7179 = DIRECTION('',(0.989329961345,1.098376902036E-16,0.145692235845)
  );
#7180 = DIRECTION('',(0.145692235845,1.617508747447E-17,-0.989329961345)
  );
#7181 = ADVANCED_FACE('',(#7182),#7193,.T.);
#7182 = FACE_BOUND('',#7183,.T.);
#7183 = EDGE_LOOP('',(#7184,#7185,#7186,#7187));
#7184 = ORIENTED_EDGE('',*,*,#5032,.T.);
#7185 = ORIENTED_EDGE('',*,*,#5453,.T.);
#7186 = ORIENTED_EDGE('',*,*,#5141,.F.);
#7187 = ORIENTED_EDGE('',*,*,#7188,.F.);
#7188 = EDGE_CURVE('',#5025,#5134,#7189,.T.);
#7189 = LINE('',#7190,#7191);
#7190 = CARTESIAN_POINT('',(2.646201938253,-1.82,0.418412044417));
#7191 = VECTOR('',#7192,1.);
#7192 = DIRECTION('',(1.110223024625E-16,-1.,0.));
#7193 = CYLINDRICAL_SURFACE('',#7194,0.25);
#7194 = AXIS2_PLACEMENT_3D('',#7195,#7196,#7197);
#7195 = CARTESIAN_POINT('',(2.4,-1.82,0.375));
#7196 = DIRECTION('',(-1.110223024625E-16,1.,0.));
#7197 = DIRECTION('',(0.984807753012,1.093356242223E-16,0.173648177667)
  );
#7198 = ADVANCED_FACE('',(#7199),#7210,.F.);
#7199 = FACE_BOUND('',#7200,.F.);
#7200 = EDGE_LOOP('',(#7201,#7207,#7208,#7209));
#7201 = ORIENTED_EDGE('',*,*,#7202,.T.);
#7202 = EDGE_CURVE('',#5016,#5125,#7203,.T.);
#7203 = LINE('',#7204,#7205);
#7204 = CARTESIAN_POINT('',(2.673560097287,-1.82,0.232635182233));
#7205 = VECTOR('',#7206,1.);
#7206 = DIRECTION('',(1.110223024625E-16,-1.,0.));
#7207 = ORIENTED_EDGE('',*,*,#5133,.T.);
#7208 = ORIENTED_EDGE('',*,*,#7188,.F.);
#7209 = ORIENTED_EDGE('',*,*,#5024,.F.);
#7210 = PLANE('',#7211);
#7211 = AXIS2_PLACEMENT_3D('',#7212,#7213,#7214);
#7212 = CARTESIAN_POINT('',(2.673560097287,-1.82,0.232635182233));
#7213 = DIRECTION('',(-0.989329961345,-1.098376902036E-16,
    -0.145692235845));
#7214 = DIRECTION('',(-0.145692235845,-1.617508747447E-17,0.989329961345
    ));
#7215 = ADVANCED_FACE('',(#7216),#7227,.F.);
#7216 = FACE_BOUND('',#7217,.F.);
#7217 = EDGE_LOOP('',(#7218,#7224,#7225,#7226));
#7218 = ORIENTED_EDGE('',*,*,#7219,.T.);
#7219 = EDGE_CURVE('',#5008,#5117,#7220,.T.);
#7220 = LINE('',#7221,#7222);
#7221 = CARTESIAN_POINT('',(2.772040872589,-1.82,0.15));
#7222 = VECTOR('',#7223,1.);
#7223 = DIRECTION('',(1.110223024625E-16,-1.,0.));
#7224 = ORIENTED_EDGE('',*,*,#5124,.T.);
#7225 = ORIENTED_EDGE('',*,*,#7202,.F.);
#7226 = ORIENTED_EDGE('',*,*,#5015,.F.);
#7227 = CYLINDRICAL_SURFACE('',#7228,0.1);
#7228 = AXIS2_PLACEMENT_3D('',#7229,#7230,#7231);
#7229 = CARTESIAN_POINT('',(2.772040872589,-1.82,0.25));
#7230 = DIRECTION('',(-1.110223024625E-16,1.,0.));
#7231 = DIRECTION('',(0.,0.,-1.));
#7232 = ADVANCED_FACE('',(#7233),#7244,.F.);
#7233 = FACE_BOUND('',#7234,.F.);
#7234 = EDGE_LOOP('',(#7235,#7241,#7242,#7243));
#7235 = ORIENTED_EDGE('',*,*,#7236,.T.);
#7236 = EDGE_CURVE('',#5000,#5109,#7237,.T.);
#7237 = LINE('',#7238,#7239);
#7238 = CARTESIAN_POINT('',(3.2,-1.82,0.15));
#7239 = VECTOR('',#7240,1.);
#7240 = DIRECTION('',(1.110223024625E-16,-1.,0.));
#7241 = ORIENTED_EDGE('',*,*,#5116,.T.);
#7242 = ORIENTED_EDGE('',*,*,#7219,.F.);
#7243 = ORIENTED_EDGE('',*,*,#5007,.F.);
#7244 = PLANE('',#7245);
#7245 = AXIS2_PLACEMENT_3D('',#7246,#7247,#7248);
#7246 = CARTESIAN_POINT('',(3.2,-1.82,0.15));
#7247 = DIRECTION('',(0.,0.,-1.));
#7248 = DIRECTION('',(-1.,-1.110223024625E-16,-0.));
#7249 = ADVANCED_FACE('',(#7250),#7261,.F.);
#7250 = FACE_BOUND('',#7251,.F.);
#7251 = EDGE_LOOP('',(#7252,#7258,#7259,#7260));
#7252 = ORIENTED_EDGE('',*,*,#7253,.T.);
#7253 = EDGE_CURVE('',#4992,#5101,#7254,.T.);
#7254 = LINE('',#7255,#7256);
#7255 = CARTESIAN_POINT('',(3.2,-1.82,-5.551115123126E-17));
#7256 = VECTOR('',#7257,1.);
#7257 = DIRECTION('',(1.110223024625E-16,-1.,0.));
#7258 = ORIENTED_EDGE('',*,*,#5108,.T.);
#7259 = ORIENTED_EDGE('',*,*,#7236,.F.);
#7260 = ORIENTED_EDGE('',*,*,#4999,.F.);
#7261 = PLANE('',#7262);
#7262 = AXIS2_PLACEMENT_3D('',#7263,#7264,#7265);
#7263 = CARTESIAN_POINT('',(3.2,-1.82,-5.551115123126E-17));
#7264 = DIRECTION('',(-1.,-1.110223024625E-16,0.));
#7265 = DIRECTION('',(0.,0.,1.));
#7266 = ADVANCED_FACE('',(#7267),#7278,.F.);
#7267 = FACE_BOUND('',#7268,.F.);
#7268 = EDGE_LOOP('',(#7269,#7275,#7276,#7277));
#7269 = ORIENTED_EDGE('',*,*,#7270,.T.);
#7270 = EDGE_CURVE('',#4983,#5092,#7271,.T.);
#7271 = LINE('',#7272,#7273);
#7272 = CARTESIAN_POINT('',(2.772040872589,-1.82,-5.551115123126E-17));
#7273 = VECTOR('',#7274,1.);
#7274 = DIRECTION('',(1.110223024625E-16,-1.,0.));
#7275 = ORIENTED_EDGE('',*,*,#5100,.T.);
#7276 = ORIENTED_EDGE('',*,*,#7253,.F.);
#7277 = ORIENTED_EDGE('',*,*,#4991,.F.);
#7278 = PLANE('',#7279);
#7279 = AXIS2_PLACEMENT_3D('',#7280,#7281,#7282);
#7280 = CARTESIAN_POINT('',(2.772040872589,-1.82,-5.551115123126E-17));
#7281 = DIRECTION('',(0.,0.,1.));
#7282 = DIRECTION('',(1.,1.110223024625E-16,-0.));
#7283 = ADVANCED_FACE('',(#7284),#7295,.T.);
#7284 = FACE_BOUND('',#7285,.T.);
#7285 = EDGE_LOOP('',(#7286,#7287,#7288,#7289));
#7286 = ORIENTED_EDGE('',*,*,#4982,.T.);
#7287 = ORIENTED_EDGE('',*,*,#7270,.T.);
#7288 = ORIENTED_EDGE('',*,*,#5091,.F.);
#7289 = ORIENTED_EDGE('',*,*,#7290,.F.);
#7290 = EDGE_CURVE('',#4975,#5084,#7291,.T.);
#7291 = LINE('',#7292,#7293);
#7292 = CARTESIAN_POINT('',(2.525838934336,-1.82,0.206587955583));
#7293 = VECTOR('',#7294,1.);
#7294 = DIRECTION('',(1.110223024625E-16,-1.,0.));
#7295 = CYLINDRICAL_SURFACE('',#7296,0.25);
#7296 = AXIS2_PLACEMENT_3D('',#7297,#7298,#7299);
#7297 = CARTESIAN_POINT('',(2.772040872589,-1.82,0.25));
#7298 = DIRECTION('',(-1.110223024625E-16,1.,0.));
#7299 = DIRECTION('',(-0.984807753012,-1.093356242223E-16,
    -0.173648177667));
#7300 = ADVANCED_FACE('',(#7301),#7307,.F.);
#7301 = FACE_BOUND('',#7302,.F.);
#7302 = EDGE_LOOP('',(#7303,#7304,#7305,#7306));
#7303 = ORIENTED_EDGE('',*,*,#5065,.T.);
#7304 = ORIENTED_EDGE('',*,*,#5083,.T.);
#7305 = ORIENTED_EDGE('',*,*,#7290,.F.);
#7306 = ORIENTED_EDGE('',*,*,#4974,.F.);
#7307 = PLANE('',#7308);
#7308 = AXIS2_PLACEMENT_3D('',#7309,#7310,#7311);
#7309 = CARTESIAN_POINT('',(2.498480775301,-1.82,0.392364817767));
#7310 = DIRECTION('',(0.989329961345,1.098376902036E-16,0.145692235845)
  );
#7311 = DIRECTION('',(0.145692235845,1.617508747447E-17,-0.989329961345)
  );
#7312 = ADVANCED_FACE('',(#7313),#7316,.F.);
#7313 = FACE_BOUND('',#7314,.T.);
#7314 = EDGE_LOOP('',(#7315));
#7315 = ORIENTED_EDGE('',*,*,#5324,.F.);
#7316 = PLANE('',#7317);
#7317 = AXIS2_PLACEMENT_3D('',#7318,#7319,#7320);
#7318 = CARTESIAN_POINT('',(-1.370291289374,1.670291289374,1.));
#7319 = DIRECTION('',(0.,0.,-1.));
#7320 = DIRECTION('',(1.110223024625E-16,-1.,0.));
#7321 = ( GEOMETRIC_REPRESENTATION_CONTEXT(3) 
GLOBAL_UNCERTAINTY_ASSIGNED_CONTEXT((#7325)) 
GLOBAL_UNIT_ASSIGNED_CONTEXT((#7322,#7323,#7324)) REPRESENTATION_CONTEXT
('Context #1','3D Context with UNIT and UNCERTAINTY') );
#7322 = ( LENGTH_UNIT() NAMED_UNIT(*) SI_UNIT(.MILLI.,.METRE.) );
#7323 = ( NAMED_UNIT(*) PLANE_ANGLE_UNIT() SI_UNIT($,.RADIAN.) );
#7324 = ( NAMED_UNIT(*) SI_UNIT($,.STERADIAN.) SOLID_ANGLE_UNIT() );
#7325 = UNCERTAINTY_MEASURE_WITH_UNIT(LENGTH_MEASURE(1.E-07),#7322,
  'distance_accuracy_value','confusion accuracy');
#7326 = CONTEXT_DEPENDENT_SHAPE_REPRESENTATION(#7327,#7329);
#7327 = ( REPRESENTATION_RELATIONSHIP('','',#48,#10) 
REPRESENTATION_RELATIONSHIP_WITH_TRANSFORMATION(#7328) 
SHAPE_REPRESENTATION_RELATIONSHIP() );
#7328 = ITEM_DEFINED_TRANSFORMATION('','',#11,#15);
#7329 = PRODUCT_DEFINITION_SHAPE('Placement','Placement of an item',
  #7330);
#7330 = NEXT_ASSEMBLY_USAGE_OCCURRENCE('1','IC101','',#5,#43,$);
#7331 = PRODUCT_RELATED_PRODUCT_CATEGORY('part',$,(#45));
#7332 = SHAPE_DEFINITION_REPRESENTATION(#7333,#7339);
#7333 = PRODUCT_DEFINITION_SHAPE('','',#7334);
#7334 = PRODUCT_DEFINITION('design','',#7335,#7338);
#7335 = PRODUCT_DEFINITION_FORMATION('','',#7336);
#7336 = PRODUCT('C_0402_1005Metric','C_0402_1005Metric','',(#7337));
#7337 = PRODUCT_CONTEXT('',#2,'mechanical');
#7338 = PRODUCT_DEFINITION_CONTEXT('part definition',#2,'design');
#7339 = ADVANCED_BREP_SHAPE_REPRESENTATION('',(#11,#7340),#8194);
#7340 = MANIFOLD_SOLID_BREP('',#7341);
#7341 = CLOSED_SHELL('',(#7342,#7418,#7449,#7474,#7499,#7523,#7547,#7572
    ,#7597,#7614,#7700,#7732,#7756,#7781,#7805,#7830,#7854,#7879,#7896,
    #7982,#8013,#8038,#8063,#8087,#8111,#8136,#8161,#8178));
#7342 = ADVANCED_FACE('',(#7343),#7413,.F.);
#7343 = FACE_BOUND('',#7344,.F.);
#7344 = EDGE_LOOP('',(#7345,#7355,#7364,#7372,#7381,#7389,#7398,#7406));
#7345 = ORIENTED_EDGE('',*,*,#7346,.F.);
#7346 = EDGE_CURVE('',#7347,#7349,#7351,.T.);
#7347 = VERTEX_POINT('',#7348);
#7348 = CARTESIAN_POINT('',(-0.5,-0.25,2.E-02));
#7349 = VERTEX_POINT('',#7350);
#7350 = CARTESIAN_POINT('',(-0.5,-0.25,0.48));
#7351 = LINE('',#7352,#7353);
#7352 = CARTESIAN_POINT('',(-0.5,-0.25,0.));
#7353 = VECTOR('',#7354,1.);
#7354 = DIRECTION('',(0.,0.,1.));
#7355 = ORIENTED_EDGE('',*,*,#7356,.T.);
#7356 = EDGE_CURVE('',#7347,#7357,#7359,.T.);
#7357 = VERTEX_POINT('',#7358);
#7358 = CARTESIAN_POINT('',(-0.5,-0.23,0.));
#7359 = CIRCLE('',#7360,2.E-02);
#7360 = AXIS2_PLACEMENT_3D('',#7361,#7362,#7363);
#7361 = CARTESIAN_POINT('',(-0.5,-0.23,2.E-02));
#7362 = DIRECTION('',(1.,0.,-0.));
#7363 = DIRECTION('',(0.,0.,1.));
#7364 = ORIENTED_EDGE('',*,*,#7365,.T.);
#7365 = EDGE_CURVE('',#7357,#7366,#7368,.T.);
#7366 = VERTEX_POINT('',#7367);
#7367 = CARTESIAN_POINT('',(-0.5,0.23,0.));
#7368 = LINE('',#7369,#7370);
#7369 = CARTESIAN_POINT('',(-0.5,-0.25,0.));
#7370 = VECTOR('',#7371,1.);
#7371 = DIRECTION('',(0.,1.,0.));
#7372 = ORIENTED_EDGE('',*,*,#7373,.F.);
#7373 = EDGE_CURVE('',#7374,#7366,#7376,.T.);
#7374 = VERTEX_POINT('',#7375);
#7375 = CARTESIAN_POINT('',(-0.5,0.25,2.E-02));
#7376 = CIRCLE('',#7377,2.E-02);
#7377 = AXIS2_PLACEMENT_3D('',#7378,#7379,#7380);
#7378 = CARTESIAN_POINT('',(-0.5,0.23,2.E-02));
#7379 = DIRECTION('',(-1.,0.,0.));
#7380 = DIRECTION('',(0.,0.,1.));
#7381 = ORIENTED_EDGE('',*,*,#7382,.T.);
#7382 = EDGE_CURVE('',#7374,#7383,#7385,.T.);
#7383 = VERTEX_POINT('',#7384);
#7384 = CARTESIAN_POINT('',(-0.5,0.25,0.48));
#7385 = LINE('',#7386,#7387);
#7386 = CARTESIAN_POINT('',(-0.5,0.25,0.));
#7387 = VECTOR('',#7388,1.);
#7388 = DIRECTION('',(0.,0.,1.));
#7389 = ORIENTED_EDGE('',*,*,#7390,.T.);
#7390 = EDGE_CURVE('',#7383,#7391,#7393,.T.);
#7391 = VERTEX_POINT('',#7392);
#7392 = CARTESIAN_POINT('',(-0.5,0.23,0.5));
#7393 = CIRCLE('',#7394,2.E-02);
#7394 = AXIS2_PLACEMENT_3D('',#7395,#7396,#7397);
#7395 = CARTESIAN_POINT('',(-0.5,0.23,0.48));
#7396 = DIRECTION('',(1.,0.,-0.));
#7397 = DIRECTION('',(0.,0.,1.));
#7398 = ORIENTED_EDGE('',*,*,#7399,.F.);
#7399 = EDGE_CURVE('',#7400,#7391,#7402,.T.);
#7400 = VERTEX_POINT('',#7401);
#7401 = CARTESIAN_POINT('',(-0.5,-0.23,0.5));
#7402 = LINE('',#7403,#7404);
#7403 = CARTESIAN_POINT('',(-0.5,-0.25,0.5));
#7404 = VECTOR('',#7405,1.);
#7405 = DIRECTION('',(0.,1.,0.));
#7406 = ORIENTED_EDGE('',*,*,#7407,.F.);
#7407 = EDGE_CURVE('',#7349,#7400,#7408,.T.);
#7408 = CIRCLE('',#7409,2.E-02);
#7409 = AXIS2_PLACEMENT_3D('',#7410,#7411,#7412);
#7410 = CARTESIAN_POINT('',(-0.5,-0.23,0.48));
#7411 = DIRECTION('',(-1.,0.,0.));
#7412 = DIRECTION('',(0.,0.,1.));
#7413 = PLANE('',#7414);
#7414 = AXIS2_PLACEMENT_3D('',#7415,#7416,#7417);
#7415 = CARTESIAN_POINT('',(-0.5,-0.25,0.));
#7416 = DIRECTION('',(1.,0.,0.));
#7417 = DIRECTION('',(0.,0.,1.));
#7418 = ADVANCED_FACE('',(#7419),#7444,.F.);
#7419 = FACE_BOUND('',#7420,.F.);
#7420 = EDGE_LOOP('',(#7421,#7431,#7437,#7438));
#7421 = ORIENTED_EDGE('',*,*,#7422,.F.);
#7422 = EDGE_CURVE('',#7423,#7425,#7427,.T.);
#7423 = VERTEX_POINT('',#7424);
#7424 = CARTESIAN_POINT('',(-0.3,-0.25,2.E-02));
#7425 = VERTEX_POINT('',#7426);
#7426 = CARTESIAN_POINT('',(-0.3,-0.25,0.48));
#7427 = LINE('',#7428,#7429);
#7428 = CARTESIAN_POINT('',(-0.3,-0.25,0.));
#7429 = VECTOR('',#7430,1.);
#7430 = DIRECTION('',(0.,0.,1.));
#7431 = ORIENTED_EDGE('',*,*,#7432,.F.);
#7432 = EDGE_CURVE('',#7347,#7423,#7433,.T.);
#7433 = LINE('',#7434,#7435);
#7434 = CARTESIAN_POINT('',(-0.5,-0.25,2.E-02));
#7435 = VECTOR('',#7436,1.);
#7436 = DIRECTION('',(1.,0.,0.));
#7437 = ORIENTED_EDGE('',*,*,#7346,.T.);
#7438 = ORIENTED_EDGE('',*,*,#7439,.T.);
#7439 = EDGE_CURVE('',#7349,#7425,#7440,.T.);
#7440 = LINE('',#7441,#7442);
#7441 = CARTESIAN_POINT('',(-0.5,-0.25,0.48));
#7442 = VECTOR('',#7443,1.);
#7443 = DIRECTION('',(1.,0.,0.));
#7444 = PLANE('',#7445);
#7445 = AXIS2_PLACEMENT_3D('',#7446,#7447,#7448);
#7446 = CARTESIAN_POINT('',(-0.5,-0.25,0.));
#7447 = DIRECTION('',(0.,1.,0.));
#7448 = DIRECTION('',(0.,-0.,1.));
#7449 = ADVANCED_FACE('',(#7450),#7469,.T.);
#7450 = FACE_BOUND('',#7451,.T.);
#7451 = EDGE_LOOP('',(#7452,#7453,#7461,#7468));
#7452 = ORIENTED_EDGE('',*,*,#7356,.T.);
#7453 = ORIENTED_EDGE('',*,*,#7454,.T.);
#7454 = EDGE_CURVE('',#7357,#7455,#7457,.T.);
#7455 = VERTEX_POINT('',#7456);
#7456 = CARTESIAN_POINT('',(-0.3,-0.23,0.));
#7457 = LINE('',#7458,#7459);
#7458 = CARTESIAN_POINT('',(-0.5,-0.23,0.));
#7459 = VECTOR('',#7460,1.);
#7460 = DIRECTION('',(1.,0.,0.));
#7461 = ORIENTED_EDGE('',*,*,#7462,.F.);
#7462 = EDGE_CURVE('',#7423,#7455,#7463,.T.);
#7463 = CIRCLE('',#7464,2.E-02);
#7464 = AXIS2_PLACEMENT_3D('',#7465,#7466,#7467);
#7465 = CARTESIAN_POINT('',(-0.3,-0.23,2.E-02));
#7466 = DIRECTION('',(1.,0.,-0.));
#7467 = DIRECTION('',(0.,0.,1.));
#7468 = ORIENTED_EDGE('',*,*,#7432,.F.);
#7469 = CYLINDRICAL_SURFACE('',#7470,2.E-02);
#7470 = AXIS2_PLACEMENT_3D('',#7471,#7472,#7473);
#7471 = CARTESIAN_POINT('',(-0.5,-0.23,2.E-02));
#7472 = DIRECTION('',(1.,0.,0.));
#7473 = DIRECTION('',(0.,-1.,0.));
#7474 = ADVANCED_FACE('',(#7475),#7494,.T.);
#7475 = FACE_BOUND('',#7476,.T.);
#7476 = EDGE_LOOP('',(#7477,#7478,#7487,#7493));
#7477 = ORIENTED_EDGE('',*,*,#7439,.T.);
#7478 = ORIENTED_EDGE('',*,*,#7479,.T.);
#7479 = EDGE_CURVE('',#7425,#7480,#7482,.T.);
#7480 = VERTEX_POINT('',#7481);
#7481 = CARTESIAN_POINT('',(-0.3,-0.23,0.5));
#7482 = CIRCLE('',#7483,2.E-02);
#7483 = AXIS2_PLACEMENT_3D('',#7484,#7485,#7486);
#7484 = CARTESIAN_POINT('',(-0.3,-0.23,0.48));
#7485 = DIRECTION('',(-1.,0.,0.));
#7486 = DIRECTION('',(0.,0.,1.));
#7487 = ORIENTED_EDGE('',*,*,#7488,.F.);
#7488 = EDGE_CURVE('',#7400,#7480,#7489,.T.);
#7489 = LINE('',#7490,#7491);
#7490 = CARTESIAN_POINT('',(-0.5,-0.23,0.5));
#7491 = VECTOR('',#7492,1.);
#7492 = DIRECTION('',(1.,0.,0.));
#7493 = ORIENTED_EDGE('',*,*,#7407,.F.);
#7494 = CYLINDRICAL_SURFACE('',#7495,2.E-02);
#7495 = AXIS2_PLACEMENT_3D('',#7496,#7497,#7498);
#7496 = CARTESIAN_POINT('',(-0.5,-0.23,0.48));
#7497 = DIRECTION('',(1.,0.,0.));
#7498 = DIRECTION('',(0.,-1.,0.));
#7499 = ADVANCED_FACE('',(#7500),#7518,.F.);
#7500 = FACE_BOUND('',#7501,.F.);
#7501 = EDGE_LOOP('',(#7502,#7503,#7504,#7512));
#7502 = ORIENTED_EDGE('',*,*,#7365,.F.);
#7503 = ORIENTED_EDGE('',*,*,#7454,.T.);
#7504 = ORIENTED_EDGE('',*,*,#7505,.T.);
#7505 = EDGE_CURVE('',#7455,#7506,#7508,.T.);
#7506 = VERTEX_POINT('',#7507);
#7507 = CARTESIAN_POINT('',(-0.3,0.23,0.));
#7508 = LINE('',#7509,#7510);
#7509 = CARTESIAN_POINT('',(-0.3,-0.25,0.));
#7510 = VECTOR('',#7511,1.);
#7511 = DIRECTION('',(0.,1.,0.));
#7512 = ORIENTED_EDGE('',*,*,#7513,.F.);
#7513 = EDGE_CURVE('',#7366,#7506,#7514,.T.);
#7514 = LINE('',#7515,#7516);
#7515 = CARTESIAN_POINT('',(-0.5,0.23,0.));
#7516 = VECTOR('',#7517,1.);
#7517 = DIRECTION('',(1.,0.,0.));
#7518 = PLANE('',#7519);
#7519 = AXIS2_PLACEMENT_3D('',#7520,#7521,#7522);
#7520 = CARTESIAN_POINT('',(-0.5,-0.25,0.));
#7521 = DIRECTION('',(0.,0.,1.));
#7522 = DIRECTION('',(1.,0.,-0.));
#7523 = ADVANCED_FACE('',(#7524),#7542,.T.);
#7524 = FACE_BOUND('',#7525,.T.);
#7525 = EDGE_LOOP('',(#7526,#7527,#7528,#7536));
#7526 = ORIENTED_EDGE('',*,*,#7399,.F.);
#7527 = ORIENTED_EDGE('',*,*,#7488,.T.);
#7528 = ORIENTED_EDGE('',*,*,#7529,.T.);
#7529 = EDGE_CURVE('',#7480,#7530,#7532,.T.);
#7530 = VERTEX_POINT('',#7531);
#7531 = CARTESIAN_POINT('',(-0.3,0.23,0.5));
#7532 = LINE('',#7533,#7534);
#7533 = CARTESIAN_POINT('',(-0.3,-0.25,0.5));
#7534 = VECTOR('',#7535,1.);
#7535 = DIRECTION('',(0.,1.,0.));
#7536 = ORIENTED_EDGE('',*,*,#7537,.F.);
#7537 = EDGE_CURVE('',#7391,#7530,#7538,.T.);
#7538 = LINE('',#7539,#7540);
#7539 = CARTESIAN_POINT('',(-0.5,0.23,0.5));
#7540 = VECTOR('',#7541,1.);
#7541 = DIRECTION('',(1.,0.,0.));
#7542 = PLANE('',#7543);
#7543 = AXIS2_PLACEMENT_3D('',#7544,#7545,#7546);
#7544 = CARTESIAN_POINT('',(-0.5,-0.25,0.5));
#7545 = DIRECTION('',(0.,0.,1.));
#7546 = DIRECTION('',(1.,0.,-0.));
#7547 = ADVANCED_FACE('',(#7548),#7567,.T.);
#7548 = FACE_BOUND('',#7549,.T.);
#7549 = EDGE_LOOP('',(#7550,#7558,#7565,#7566));
#7550 = ORIENTED_EDGE('',*,*,#7551,.T.);
#7551 = EDGE_CURVE('',#7374,#7552,#7554,.T.);
#7552 = VERTEX_POINT('',#7553);
#7553 = CARTESIAN_POINT('',(-0.3,0.25,2.E-02));
#7554 = LINE('',#7555,#7556);
#7555 = CARTESIAN_POINT('',(-0.5,0.25,2.E-02));
#7556 = VECTOR('',#7557,1.);
#7557 = DIRECTION('',(1.,0.,0.));
#7558 = ORIENTED_EDGE('',*,*,#7559,.T.);
#7559 = EDGE_CURVE('',#7552,#7506,#7560,.T.);
#7560 = CIRCLE('',#7561,2.E-02);
#7561 = AXIS2_PLACEMENT_3D('',#7562,#7563,#7564);
#7562 = CARTESIAN_POINT('',(-0.3,0.23,2.E-02));
#7563 = DIRECTION('',(-1.,0.,0.));
#7564 = DIRECTION('',(0.,0.,1.));
#7565 = ORIENTED_EDGE('',*,*,#7513,.F.);
#7566 = ORIENTED_EDGE('',*,*,#7373,.F.);
#7567 = CYLINDRICAL_SURFACE('',#7568,2.E-02);
#7568 = AXIS2_PLACEMENT_3D('',#7569,#7570,#7571);
#7569 = CARTESIAN_POINT('',(-0.5,0.23,2.E-02));
#7570 = DIRECTION('',(1.,0.,0.));
#7571 = DIRECTION('',(-0.,1.,0.));
#7572 = ADVANCED_FACE('',(#7573),#7592,.T.);
#7573 = FACE_BOUND('',#7574,.T.);
#7574 = EDGE_LOOP('',(#7575,#7576,#7577,#7586));
#7575 = ORIENTED_EDGE('',*,*,#7390,.T.);
#7576 = ORIENTED_EDGE('',*,*,#7537,.T.);
#7577 = ORIENTED_EDGE('',*,*,#7578,.F.);
#7578 = EDGE_CURVE('',#7579,#7530,#7581,.T.);
#7579 = VERTEX_POINT('',#7580);
#7580 = CARTESIAN_POINT('',(-0.3,0.25,0.48));
#7581 = CIRCLE('',#7582,2.E-02);
#7582 = AXIS2_PLACEMENT_3D('',#7583,#7584,#7585);
#7583 = CARTESIAN_POINT('',(-0.3,0.23,0.48));
#7584 = DIRECTION('',(1.,0.,-0.));
#7585 = DIRECTION('',(0.,0.,1.));
#7586 = ORIENTED_EDGE('',*,*,#7587,.F.);
#7587 = EDGE_CURVE('',#7383,#7579,#7588,.T.);
#7588 = LINE('',#7589,#7590);
#7589 = CARTESIAN_POINT('',(-0.5,0.25,0.48));
#7590 = VECTOR('',#7591,1.);
#7591 = DIRECTION('',(1.,0.,0.));
#7592 = CYLINDRICAL_SURFACE('',#7593,2.E-02);
#7593 = AXIS2_PLACEMENT_3D('',#7594,#7595,#7596);
#7594 = CARTESIAN_POINT('',(-0.5,0.23,0.48));
#7595 = DIRECTION('',(1.,0.,0.));
#7596 = DIRECTION('',(-0.,1.,0.));
#7597 = ADVANCED_FACE('',(#7598),#7609,.T.);
#7598 = FACE_BOUND('',#7599,.T.);
#7599 = EDGE_LOOP('',(#7600,#7606,#7607,#7608));
#7600 = ORIENTED_EDGE('',*,*,#7601,.F.);
#7601 = EDGE_CURVE('',#7552,#7579,#7602,.T.);
#7602 = LINE('',#7603,#7604);
#7603 = CARTESIAN_POINT('',(-0.3,0.25,0.));
#7604 = VECTOR('',#7605,1.);
#7605 = DIRECTION('',(0.,0.,1.));
#7606 = ORIENTED_EDGE('',*,*,#7551,.F.);
#7607 = ORIENTED_EDGE('',*,*,#7382,.T.);
#7608 = ORIENTED_EDGE('',*,*,#7587,.T.);
#7609 = PLANE('',#7610);
#7610 = AXIS2_PLACEMENT_3D('',#7611,#7612,#7613);
#7611 = CARTESIAN_POINT('',(-0.5,0.25,0.));
#7612 = DIRECTION('',(0.,1.,0.));
#7613 = DIRECTION('',(0.,-0.,1.));
#7614 = ADVANCED_FACE('',(#7615,#7625),#7695,.T.);
#7615 = FACE_BOUND('',#7616,.T.);
#7616 = EDGE_LOOP('',(#7617,#7618,#7619,#7620,#7621,#7622,#7623,#7624));
#7617 = ORIENTED_EDGE('',*,*,#7422,.F.);
#7618 = ORIENTED_EDGE('',*,*,#7462,.T.);
#7619 = ORIENTED_EDGE('',*,*,#7505,.T.);
#7620 = ORIENTED_EDGE('',*,*,#7559,.F.);
#7621 = ORIENTED_EDGE('',*,*,#7601,.T.);
#7622 = ORIENTED_EDGE('',*,*,#7578,.T.);
#7623 = ORIENTED_EDGE('',*,*,#7529,.F.);
#7624 = ORIENTED_EDGE('',*,*,#7479,.F.);
#7625 = FACE_BOUND('',#7626,.T.);
#7626 = EDGE_LOOP('',(#7627,#7638,#7646,#7655,#7663,#7672,#7680,#7689));
#7627 = ORIENTED_EDGE('',*,*,#7628,.F.);
#7628 = EDGE_CURVE('',#7629,#7631,#7633,.T.);
#7629 = VERTEX_POINT('',#7630);
#7630 = CARTESIAN_POINT('',(-0.3,-0.23,4.E-02));
#7631 = VERTEX_POINT('',#7632);
#7632 = CARTESIAN_POINT('',(-0.3,-0.21,2.E-02));
#7633 = CIRCLE('',#7634,2.E-02);
#7634 = AXIS2_PLACEMENT_3D('',#7635,#7636,#7637);
#7635 = CARTESIAN_POINT('',(-0.3,-0.21,4.E-02));
#7636 = DIRECTION('',(1.,0.,-0.));
#7637 = DIRECTION('',(0.,0.,1.));
#7638 = ORIENTED_EDGE('',*,*,#7639,.T.);
#7639 = EDGE_CURVE('',#7629,#7640,#7642,.T.);
#7640 = VERTEX_POINT('',#7641);
#7641 = CARTESIAN_POINT('',(-0.3,-0.23,0.46));
#7642 = LINE('',#7643,#7644);
#7643 = CARTESIAN_POINT('',(-0.3,-0.23,2.E-02));
#7644 = VECTOR('',#7645,1.);
#7645 = DIRECTION('',(0.,0.,1.));
#7646 = ORIENTED_EDGE('',*,*,#7647,.T.);
#7647 = EDGE_CURVE('',#7640,#7648,#7650,.T.);
#7648 = VERTEX_POINT('',#7649);
#7649 = CARTESIAN_POINT('',(-0.3,-0.21,0.48));
#7650 = CIRCLE('',#7651,2.E-02);
#7651 = AXIS2_PLACEMENT_3D('',#7652,#7653,#7654);
#7652 = CARTESIAN_POINT('',(-0.3,-0.21,0.46));
#7653 = DIRECTION('',(-1.,0.,0.));
#7654 = DIRECTION('',(0.,0.,1.));
#7655 = ORIENTED_EDGE('',*,*,#7656,.T.);
#7656 = EDGE_CURVE('',#7648,#7657,#7659,.T.);
#7657 = VERTEX_POINT('',#7658);
#7658 = CARTESIAN_POINT('',(-0.3,0.21,0.48));
#7659 = LINE('',#7660,#7661);
#7660 = CARTESIAN_POINT('',(-0.3,-0.23,0.48));
#7661 = VECTOR('',#7662,1.);
#7662 = DIRECTION('',(0.,1.,0.));
#7663 = ORIENTED_EDGE('',*,*,#7664,.F.);
#7664 = EDGE_CURVE('',#7665,#7657,#7667,.T.);
#7665 = VERTEX_POINT('',#7666);
#7666 = CARTESIAN_POINT('',(-0.3,0.23,0.46));
#7667 = CIRCLE('',#7668,2.E-02);
#7668 = AXIS2_PLACEMENT_3D('',#7669,#7670,#7671);
#7669 = CARTESIAN_POINT('',(-0.3,0.21,0.46));
#7670 = DIRECTION('',(1.,0.,-0.));
#7671 = DIRECTION('',(0.,0.,1.));
#7672 = ORIENTED_EDGE('',*,*,#7673,.F.);
#7673 = EDGE_CURVE('',#7674,#7665,#7676,.T.);
#7674 = VERTEX_POINT('',#7675);
#7675 = CARTESIAN_POINT('',(-0.3,0.23,4.E-02));
#7676 = LINE('',#7677,#7678);
#7677 = CARTESIAN_POINT('',(-0.3,0.23,2.E-02));
#7678 = VECTOR('',#7679,1.);
#7679 = DIRECTION('',(0.,0.,1.));
#7680 = ORIENTED_EDGE('',*,*,#7681,.T.);
#7681 = EDGE_CURVE('',#7674,#7682,#7684,.T.);
#7682 = VERTEX_POINT('',#7683);
#7683 = CARTESIAN_POINT('',(-0.3,0.21,2.E-02));
#7684 = CIRCLE('',#7685,2.E-02);
#7685 = AXIS2_PLACEMENT_3D('',#7686,#7687,#7688);
#7686 = CARTESIAN_POINT('',(-0.3,0.21,4.E-02));
#7687 = DIRECTION('',(-1.,0.,0.));
#7688 = DIRECTION('',(0.,0.,1.));
#7689 = ORIENTED_EDGE('',*,*,#7690,.F.);
#7690 = EDGE_CURVE('',#7631,#7682,#7691,.T.);
#7691 = LINE('',#7692,#7693);
#7692 = CARTESIAN_POINT('',(-0.3,-0.23,2.E-02));
#7693 = VECTOR('',#7694,1.);
#7694 = DIRECTION('',(0.,1.,0.));
#7695 = PLANE('',#7696);
#7696 = AXIS2_PLACEMENT_3D('',#7697,#7698,#7699);
#7697 = CARTESIAN_POINT('',(-0.3,-0.25,0.));
#7698 = DIRECTION('',(1.,0.,0.));
#7699 = DIRECTION('',(0.,0.,1.));
#7700 = ADVANCED_FACE('',(#7701),#7727,.T.);
#7701 = FACE_BOUND('',#7702,.T.);
#7702 = EDGE_LOOP('',(#7703,#7704,#7712,#7721));
#7703 = ORIENTED_EDGE('',*,*,#7628,.T.);
#7704 = ORIENTED_EDGE('',*,*,#7705,.T.);
#7705 = EDGE_CURVE('',#7631,#7706,#7708,.T.);
#7706 = VERTEX_POINT('',#7707);
#7707 = CARTESIAN_POINT('',(0.3,-0.21,2.E-02));
#7708 = LINE('',#7709,#7710);
#7709 = CARTESIAN_POINT('',(-0.3,-0.21,2.E-02));
#7710 = VECTOR('',#7711,1.);
#7711 = DIRECTION('',(1.,0.,0.));
#7712 = ORIENTED_EDGE('',*,*,#7713,.F.);
#7713 = EDGE_CURVE('',#7714,#7706,#7716,.T.);
#7714 = VERTEX_POINT('',#7715);
#7715 = CARTESIAN_POINT('',(0.3,-0.23,4.E-02));
#7716 = CIRCLE('',#7717,2.E-02);
#7717 = AXIS2_PLACEMENT_3D('',#7718,#7719,#7720);
#7718 = CARTESIAN_POINT('',(0.3,-0.21,4.E-02));
#7719 = DIRECTION('',(1.,0.,-0.));
#7720 = DIRECTION('',(0.,0.,1.));
#7721 = ORIENTED_EDGE('',*,*,#7722,.F.);
#7722 = EDGE_CURVE('',#7629,#7714,#7723,.T.);
#7723 = LINE('',#7724,#7725);
#7724 = CARTESIAN_POINT('',(-0.3,-0.23,4.E-02));
#7725 = VECTOR('',#7726,1.);
#7726 = DIRECTION('',(1.,0.,0.));
#7727 = CYLINDRICAL_SURFACE('',#7728,2.E-02);
#7728 = AXIS2_PLACEMENT_3D('',#7729,#7730,#7731);
#7729 = CARTESIAN_POINT('',(-0.3,-0.21,4.E-02));
#7730 = DIRECTION('',(1.,0.,0.));
#7731 = DIRECTION('',(0.,-1.,0.));
#7732 = ADVANCED_FACE('',(#7733),#7751,.F.);
#7733 = FACE_BOUND('',#7734,.F.);
#7734 = EDGE_LOOP('',(#7735,#7736,#7737,#7745));
#7735 = ORIENTED_EDGE('',*,*,#7690,.F.);
#7736 = ORIENTED_EDGE('',*,*,#7705,.T.);
#7737 = ORIENTED_EDGE('',*,*,#7738,.T.);
#7738 = EDGE_CURVE('',#7706,#7739,#7741,.T.);
#7739 = VERTEX_POINT('',#7740);
#7740 = CARTESIAN_POINT('',(0.3,0.21,2.E-02));
#7741 = LINE('',#7742,#7743);
#7742 = CARTESIAN_POINT('',(0.3,-0.23,2.E-02));
#7743 = VECTOR('',#7744,1.);
#7744 = DIRECTION('',(0.,1.,0.));
#7745 = ORIENTED_EDGE('',*,*,#7746,.F.);
#7746 = EDGE_CURVE('',#7682,#7739,#7747,.T.);
#7747 = LINE('',#7748,#7749);
#7748 = CARTESIAN_POINT('',(-0.3,0.21,2.E-02));
#7749 = VECTOR('',#7750,1.);
#7750 = DIRECTION('',(1.,0.,0.));
#7751 = PLANE('',#7752);
#7752 = AXIS2_PLACEMENT_3D('',#7753,#7754,#7755);
#7753 = CARTESIAN_POINT('',(-0.3,-0.23,2.E-02));
#7754 = DIRECTION('',(0.,0.,1.));
#7755 = DIRECTION('',(1.,0.,-0.));
#7756 = ADVANCED_FACE('',(#7757),#7776,.T.);
#7757 = FACE_BOUND('',#7758,.T.);
#7758 = EDGE_LOOP('',(#7759,#7767,#7774,#7775));
#7759 = ORIENTED_EDGE('',*,*,#7760,.T.);
#7760 = EDGE_CURVE('',#7674,#7761,#7763,.T.);
#7761 = VERTEX_POINT('',#7762);
#7762 = CARTESIAN_POINT('',(0.3,0.23,4.E-02));
#7763 = LINE('',#7764,#7765);
#7764 = CARTESIAN_POINT('',(-0.3,0.23,4.E-02));
#7765 = VECTOR('',#7766,1.);
#7766 = DIRECTION('',(1.,0.,0.));
#7767 = ORIENTED_EDGE('',*,*,#7768,.T.);
#7768 = EDGE_CURVE('',#7761,#7739,#7769,.T.);
#7769 = CIRCLE('',#7770,2.E-02);
#7770 = AXIS2_PLACEMENT_3D('',#7771,#7772,#7773);
#7771 = CARTESIAN_POINT('',(0.3,0.21,4.E-02));
#7772 = DIRECTION('',(-1.,0.,0.));
#7773 = DIRECTION('',(0.,0.,1.));
#7774 = ORIENTED_EDGE('',*,*,#7746,.F.);
#7775 = ORIENTED_EDGE('',*,*,#7681,.F.);
#7776 = CYLINDRICAL_SURFACE('',#7777,2.E-02);
#7777 = AXIS2_PLACEMENT_3D('',#7778,#7779,#7780);
#7778 = CARTESIAN_POINT('',(-0.3,0.21,4.E-02));
#7779 = DIRECTION('',(1.,0.,0.));
#7780 = DIRECTION('',(-0.,1.,0.));
#7781 = ADVANCED_FACE('',(#7782),#7800,.T.);
#7782 = FACE_BOUND('',#7783,.T.);
#7783 = EDGE_LOOP('',(#7784,#7792,#7793,#7794));
#7784 = ORIENTED_EDGE('',*,*,#7785,.F.);
#7785 = EDGE_CURVE('',#7761,#7786,#7788,.T.);
#7786 = VERTEX_POINT('',#7787);
#7787 = CARTESIAN_POINT('',(0.3,0.23,0.46));
#7788 = LINE('',#7789,#7790);
#7789 = CARTESIAN_POINT('',(0.3,0.23,2.E-02));
#7790 = VECTOR('',#7791,1.);
#7791 = DIRECTION('',(0.,0.,1.));
#7792 = ORIENTED_EDGE('',*,*,#7760,.F.);
#7793 = ORIENTED_EDGE('',*,*,#7673,.T.);
#7794 = ORIENTED_EDGE('',*,*,#7795,.T.);
#7795 = EDGE_CURVE('',#7665,#7786,#7796,.T.);
#7796 = LINE('',#7797,#7798);
#7797 = CARTESIAN_POINT('',(-0.3,0.23,0.46));
#7798 = VECTOR('',#7799,1.);
#7799 = DIRECTION('',(1.,0.,0.));
#7800 = PLANE('',#7801);
#7801 = AXIS2_PLACEMENT_3D('',#7802,#7803,#7804);
#7802 = CARTESIAN_POINT('',(-0.3,0.23,2.E-02));
#7803 = DIRECTION('',(0.,1.,0.));
#7804 = DIRECTION('',(0.,-0.,1.));
#7805 = ADVANCED_FACE('',(#7806),#7825,.T.);
#7806 = FACE_BOUND('',#7807,.T.);
#7807 = EDGE_LOOP('',(#7808,#7809,#7817,#7824));
#7808 = ORIENTED_EDGE('',*,*,#7664,.T.);
#7809 = ORIENTED_EDGE('',*,*,#7810,.T.);
#7810 = EDGE_CURVE('',#7657,#7811,#7813,.T.);
#7811 = VERTEX_POINT('',#7812);
#7812 = CARTESIAN_POINT('',(0.3,0.21,0.48));
#7813 = LINE('',#7814,#7815);
#7814 = CARTESIAN_POINT('',(-0.3,0.21,0.48));
#7815 = VECTOR('',#7816,1.);
#7816 = DIRECTION('',(1.,0.,0.));
#7817 = ORIENTED_EDGE('',*,*,#7818,.F.);
#7818 = EDGE_CURVE('',#7786,#7811,#7819,.T.);
#7819 = CIRCLE('',#7820,2.E-02);
#7820 = AXIS2_PLACEMENT_3D('',#7821,#7822,#7823);
#7821 = CARTESIAN_POINT('',(0.3,0.21,0.46));
#7822 = DIRECTION('',(1.,0.,-0.));
#7823 = DIRECTION('',(0.,0.,1.));
#7824 = ORIENTED_EDGE('',*,*,#7795,.F.);
#7825 = CYLINDRICAL_SURFACE('',#7826,2.E-02);
#7826 = AXIS2_PLACEMENT_3D('',#7827,#7828,#7829);
#7827 = CARTESIAN_POINT('',(-0.3,0.21,0.46));
#7828 = DIRECTION('',(1.,0.,0.));
#7829 = DIRECTION('',(-0.,1.,0.));
#7830 = ADVANCED_FACE('',(#7831),#7849,.T.);
#7831 = FACE_BOUND('',#7832,.T.);
#7832 = EDGE_LOOP('',(#7833,#7834,#7842,#7848));
#7833 = ORIENTED_EDGE('',*,*,#7656,.F.);
#7834 = ORIENTED_EDGE('',*,*,#7835,.T.);
#7835 = EDGE_CURVE('',#7648,#7836,#7838,.T.);
#7836 = VERTEX_POINT('',#7837);
#7837 = CARTESIAN_POINT('',(0.3,-0.21,0.48));
#7838 = LINE('',#7839,#7840);
#7839 = CARTESIAN_POINT('',(-0.3,-0.21,0.48));
#7840 = VECTOR('',#7841,1.);
#7841 = DIRECTION('',(1.,0.,0.));
#7842 = ORIENTED_EDGE('',*,*,#7843,.T.);
#7843 = EDGE_CURVE('',#7836,#7811,#7844,.T.);
#7844 = LINE('',#7845,#7846);
#7845 = CARTESIAN_POINT('',(0.3,-0.23,0.48));
#7846 = VECTOR('',#7847,1.);
#7847 = DIRECTION('',(0.,1.,0.));
#7848 = ORIENTED_EDGE('',*,*,#7810,.F.);
#7849 = PLANE('',#7850);
#7850 = AXIS2_PLACEMENT_3D('',#7851,#7852,#7853);
#7851 = CARTESIAN_POINT('',(-0.3,-0.23,0.48));
#7852 = DIRECTION('',(0.,0.,1.));
#7853 = DIRECTION('',(1.,0.,-0.));
#7854 = ADVANCED_FACE('',(#7855),#7874,.T.);
#7855 = FACE_BOUND('',#7856,.T.);
#7856 = EDGE_LOOP('',(#7857,#7865,#7872,#7873));
#7857 = ORIENTED_EDGE('',*,*,#7858,.T.);
#7858 = EDGE_CURVE('',#7640,#7859,#7861,.T.);
#7859 = VERTEX_POINT('',#7860);
#7860 = CARTESIAN_POINT('',(0.3,-0.23,0.46));
#7861 = LINE('',#7862,#7863);
#7862 = CARTESIAN_POINT('',(-0.3,-0.23,0.46));
#7863 = VECTOR('',#7864,1.);
#7864 = DIRECTION('',(1.,0.,0.));
#7865 = ORIENTED_EDGE('',*,*,#7866,.T.);
#7866 = EDGE_CURVE('',#7859,#7836,#7867,.T.);
#7867 = CIRCLE('',#7868,2.E-02);
#7868 = AXIS2_PLACEMENT_3D('',#7869,#7870,#7871);
#7869 = CARTESIAN_POINT('',(0.3,-0.21,0.46));
#7870 = DIRECTION('',(-1.,0.,0.));
#7871 = DIRECTION('',(0.,0.,1.));
#7872 = ORIENTED_EDGE('',*,*,#7835,.F.);
#7873 = ORIENTED_EDGE('',*,*,#7647,.F.);
#7874 = CYLINDRICAL_SURFACE('',#7875,2.E-02);
#7875 = AXIS2_PLACEMENT_3D('',#7876,#7877,#7878);
#7876 = CARTESIAN_POINT('',(-0.3,-0.21,0.46));
#7877 = DIRECTION('',(1.,0.,0.));
#7878 = DIRECTION('',(0.,-1.,0.));
#7879 = ADVANCED_FACE('',(#7880),#7891,.F.);
#7880 = FACE_BOUND('',#7881,.F.);
#7881 = EDGE_LOOP('',(#7882,#7888,#7889,#7890));
#7882 = ORIENTED_EDGE('',*,*,#7883,.F.);
#7883 = EDGE_CURVE('',#7714,#7859,#7884,.T.);
#7884 = LINE('',#7885,#7886);
#7885 = CARTESIAN_POINT('',(0.3,-0.23,2.E-02));
#7886 = VECTOR('',#7887,1.);
#7887 = DIRECTION('',(0.,0.,1.));
#7888 = ORIENTED_EDGE('',*,*,#7722,.F.);
#7889 = ORIENTED_EDGE('',*,*,#7639,.T.);
#7890 = ORIENTED_EDGE('',*,*,#7858,.T.);
#7891 = PLANE('',#7892);
#7892 = AXIS2_PLACEMENT_3D('',#7893,#7894,#7895);
#7893 = CARTESIAN_POINT('',(-0.3,-0.23,2.E-02));
#7894 = DIRECTION('',(0.,1.,0.));
#7895 = DIRECTION('',(0.,-0.,1.));
#7896 = ADVANCED_FACE('',(#7897,#7967),#7977,.F.);
#7897 = FACE_BOUND('',#7898,.F.);
#7898 = EDGE_LOOP('',(#7899,#7909,#7918,#7926,#7935,#7943,#7952,#7960));
#7899 = ORIENTED_EDGE('',*,*,#7900,.F.);
#7900 = EDGE_CURVE('',#7901,#7903,#7905,.T.);
#7901 = VERTEX_POINT('',#7902);
#7902 = CARTESIAN_POINT('',(0.3,-0.25,2.E-02));
#7903 = VERTEX_POINT('',#7904);
#7904 = CARTESIAN_POINT('',(0.3,-0.25,0.48));
#7905 = LINE('',#7906,#7907);
#7906 = CARTESIAN_POINT('',(0.3,-0.25,0.));
#7907 = VECTOR('',#7908,1.);
#7908 = DIRECTION('',(0.,0.,1.));
#7909 = ORIENTED_EDGE('',*,*,#7910,.T.);
#7910 = EDGE_CURVE('',#7901,#7911,#7913,.T.);
#7911 = VERTEX_POINT('',#7912);
#7912 = CARTESIAN_POINT('',(0.3,-0.23,0.));
#7913 = CIRCLE('',#7914,2.E-02);
#7914 = AXIS2_PLACEMENT_3D('',#7915,#7916,#7917);
#7915 = CARTESIAN_POINT('',(0.3,-0.23,2.E-02));
#7916 = DIRECTION('',(1.,0.,-0.));
#7917 = DIRECTION('',(0.,0.,1.));
#7918 = ORIENTED_EDGE('',*,*,#7919,.T.);
#7919 = EDGE_CURVE('',#7911,#7920,#7922,.T.);
#7920 = VERTEX_POINT('',#7921);
#7921 = CARTESIAN_POINT('',(0.3,0.23,0.));
#7922 = LINE('',#7923,#7924);
#7923 = CARTESIAN_POINT('',(0.3,-0.25,0.));
#7924 = VECTOR('',#7925,1.);
#7925 = DIRECTION('',(0.,1.,0.));
#7926 = ORIENTED_EDGE('',*,*,#7927,.F.);
#7927 = EDGE_CURVE('',#7928,#7920,#7930,.T.);
#7928 = VERTEX_POINT('',#7929);
#7929 = CARTESIAN_POINT('',(0.3,0.25,2.E-02));
#7930 = CIRCLE('',#7931,2.E-02);
#7931 = AXIS2_PLACEMENT_3D('',#7932,#7933,#7934);
#7932 = CARTESIAN_POINT('',(0.3,0.23,2.E-02));
#7933 = DIRECTION('',(-1.,0.,0.));
#7934 = DIRECTION('',(0.,0.,1.));
#7935 = ORIENTED_EDGE('',*,*,#7936,.T.);
#7936 = EDGE_CURVE('',#7928,#7937,#7939,.T.);
#7937 = VERTEX_POINT('',#7938);
#7938 = CARTESIAN_POINT('',(0.3,0.25,0.48));
#7939 = LINE('',#7940,#7941);
#7940 = CARTESIAN_POINT('',(0.3,0.25,0.));
#7941 = VECTOR('',#7942,1.);
#7942 = DIRECTION('',(0.,0.,1.));
#7943 = ORIENTED_EDGE('',*,*,#7944,.T.);
#7944 = EDGE_CURVE('',#7937,#7945,#7947,.T.);
#7945 = VERTEX_POINT('',#7946);
#7946 = CARTESIAN_POINT('',(0.3,0.23,0.5));
#7947 = CIRCLE('',#7948,2.E-02);
#7948 = AXIS2_PLACEMENT_3D('',#7949,#7950,#7951);
#7949 = CARTESIAN_POINT('',(0.3,0.23,0.48));
#7950 = DIRECTION('',(1.,0.,-0.));
#7951 = DIRECTION('',(0.,0.,1.));
#7952 = ORIENTED_EDGE('',*,*,#7953,.F.);
#7953 = EDGE_CURVE('',#7954,#7945,#7956,.T.);
#7954 = VERTEX_POINT('',#7955);
#7955 = CARTESIAN_POINT('',(0.3,-0.23,0.5));
#7956 = LINE('',#7957,#7958);
#7957 = CARTESIAN_POINT('',(0.3,-0.25,0.5));
#7958 = VECTOR('',#7959,1.);
#7959 = DIRECTION('',(0.,1.,0.));
#7960 = ORIENTED_EDGE('',*,*,#7961,.F.);
#7961 = EDGE_CURVE('',#7903,#7954,#7962,.T.);
#7962 = CIRCLE('',#7963,2.E-02);
#7963 = AXIS2_PLACEMENT_3D('',#7964,#7965,#7966);
#7964 = CARTESIAN_POINT('',(0.3,-0.23,0.48));
#7965 = DIRECTION('',(-1.,0.,0.));
#7966 = DIRECTION('',(0.,0.,1.));
#7967 = FACE_BOUND('',#7968,.F.);
#7968 = EDGE_LOOP('',(#7969,#7970,#7971,#7972,#7973,#7974,#7975,#7976));
#7969 = ORIENTED_EDGE('',*,*,#7713,.F.);
#7970 = ORIENTED_EDGE('',*,*,#7883,.T.);
#7971 = ORIENTED_EDGE('',*,*,#7866,.T.);
#7972 = ORIENTED_EDGE('',*,*,#7843,.T.);
#7973 = ORIENTED_EDGE('',*,*,#7818,.F.);
#7974 = ORIENTED_EDGE('',*,*,#7785,.F.);
#7975 = ORIENTED_EDGE('',*,*,#7768,.T.);
#7976 = ORIENTED_EDGE('',*,*,#7738,.F.);
#7977 = PLANE('',#7978);
#7978 = AXIS2_PLACEMENT_3D('',#7979,#7980,#7981);
#7979 = CARTESIAN_POINT('',(0.3,-0.25,0.));
#7980 = DIRECTION('',(1.,0.,0.));
#7981 = DIRECTION('',(0.,0.,1.));
#7982 = ADVANCED_FACE('',(#7983),#8008,.F.);
#7983 = FACE_BOUND('',#7984,.F.);
#7984 = EDGE_LOOP('',(#7985,#7995,#8001,#8002));
#7985 = ORIENTED_EDGE('',*,*,#7986,.F.);
#7986 = EDGE_CURVE('',#7987,#7989,#7991,.T.);
#7987 = VERTEX_POINT('',#7988);
#7988 = CARTESIAN_POINT('',(0.5,-0.25,2.E-02));
#7989 = VERTEX_POINT('',#7990);
#7990 = CARTESIAN_POINT('',(0.5,-0.25,0.48));
#7991 = LINE('',#7992,#7993);
#7992 = CARTESIAN_POINT('',(0.5,-0.25,0.));
#7993 = VECTOR('',#7994,1.);
#7994 = DIRECTION('',(0.,0.,1.));
#7995 = ORIENTED_EDGE('',*,*,#7996,.F.);
#7996 = EDGE_CURVE('',#7901,#7987,#7997,.T.);
#7997 = LINE('',#7998,#7999);
#7998 = CARTESIAN_POINT('',(0.3,-0.25,2.E-02));
#7999 = VECTOR('',#8000,1.);
#8000 = DIRECTION('',(1.,0.,0.));
#8001 = ORIENTED_EDGE('',*,*,#7900,.T.);
#8002 = ORIENTED_EDGE('',*,*,#8003,.T.);
#8003 = EDGE_CURVE('',#7903,#7989,#8004,.T.);
#8004 = LINE('',#8005,#8006);
#8005 = CARTESIAN_POINT('',(0.3,-0.25,0.48));
#8006 = VECTOR('',#8007,1.);
#8007 = DIRECTION('',(1.,0.,0.));
#8008 = PLANE('',#8009);
#8009 = AXIS2_PLACEMENT_3D('',#8010,#8011,#8012);
#8010 = CARTESIAN_POINT('',(0.3,-0.25,0.));
#8011 = DIRECTION('',(0.,1.,0.));
#8012 = DIRECTION('',(0.,-0.,1.));
#8013 = ADVANCED_FACE('',(#8014),#8033,.T.);
#8014 = FACE_BOUND('',#8015,.T.);
#8015 = EDGE_LOOP('',(#8016,#8017,#8025,#8032));
#8016 = ORIENTED_EDGE('',*,*,#7910,.T.);
#8017 = ORIENTED_EDGE('',*,*,#8018,.T.);
#8018 = EDGE_CURVE('',#7911,#8019,#8021,.T.);
#8019 = VERTEX_POINT('',#8020);
#8020 = CARTESIAN_POINT('',(0.5,-0.23,0.));
#8021 = LINE('',#8022,#8023);
#8022 = CARTESIAN_POINT('',(0.3,-0.23,0.));
#8023 = VECTOR('',#8024,1.);
#8024 = DIRECTION('',(1.,0.,0.));
#8025 = ORIENTED_EDGE('',*,*,#8026,.F.);
#8026 = EDGE_CURVE('',#7987,#8019,#8027,.T.);
#8027 = CIRCLE('',#8028,2.E-02);
#8028 = AXIS2_PLACEMENT_3D('',#8029,#8030,#8031);
#8029 = CARTESIAN_POINT('',(0.5,-0.23,2.E-02));
#8030 = DIRECTION('',(1.,0.,-0.));
#8031 = DIRECTION('',(0.,0.,1.));
#8032 = ORIENTED_EDGE('',*,*,#7996,.F.);
#8033 = CYLINDRICAL_SURFACE('',#8034,2.E-02);
#8034 = AXIS2_PLACEMENT_3D('',#8035,#8036,#8037);
#8035 = CARTESIAN_POINT('',(0.3,-0.23,2.E-02));
#8036 = DIRECTION('',(1.,0.,0.));
#8037 = DIRECTION('',(0.,-1.,0.));
#8038 = ADVANCED_FACE('',(#8039),#8058,.T.);
#8039 = FACE_BOUND('',#8040,.T.);
#8040 = EDGE_LOOP('',(#8041,#8042,#8051,#8057));
#8041 = ORIENTED_EDGE('',*,*,#8003,.T.);
#8042 = ORIENTED_EDGE('',*,*,#8043,.T.);
#8043 = EDGE_CURVE('',#7989,#8044,#8046,.T.);
#8044 = VERTEX_POINT('',#8045);
#8045 = CARTESIAN_POINT('',(0.5,-0.23,0.5));
#8046 = CIRCLE('',#8047,2.E-02);
#8047 = AXIS2_PLACEMENT_3D('',#8048,#8049,#8050);
#8048 = CARTESIAN_POINT('',(0.5,-0.23,0.48));
#8049 = DIRECTION('',(-1.,0.,0.));
#8050 = DIRECTION('',(0.,0.,1.));
#8051 = ORIENTED_EDGE('',*,*,#8052,.F.);
#8052 = EDGE_CURVE('',#7954,#8044,#8053,.T.);
#8053 = LINE('',#8054,#8055);
#8054 = CARTESIAN_POINT('',(0.3,-0.23,0.5));
#8055 = VECTOR('',#8056,1.);
#8056 = DIRECTION('',(1.,0.,0.));
#8057 = ORIENTED_EDGE('',*,*,#7961,.F.);
#8058 = CYLINDRICAL_SURFACE('',#8059,2.E-02);
#8059 = AXIS2_PLACEMENT_3D('',#8060,#8061,#8062);
#8060 = CARTESIAN_POINT('',(0.3,-0.23,0.48));
#8061 = DIRECTION('',(1.,0.,0.));
#8062 = DIRECTION('',(0.,-1.,0.));
#8063 = ADVANCED_FACE('',(#8064),#8082,.F.);
#8064 = FACE_BOUND('',#8065,.F.);
#8065 = EDGE_LOOP('',(#8066,#8067,#8068,#8076));
#8066 = ORIENTED_EDGE('',*,*,#7919,.F.);
#8067 = ORIENTED_EDGE('',*,*,#8018,.T.);
#8068 = ORIENTED_EDGE('',*,*,#8069,.T.);
#8069 = EDGE_CURVE('',#8019,#8070,#8072,.T.);
#8070 = VERTEX_POINT('',#8071);
#8071 = CARTESIAN_POINT('',(0.5,0.23,0.));
#8072 = LINE('',#8073,#8074);
#8073 = CARTESIAN_POINT('',(0.5,-0.25,0.));
#8074 = VECTOR('',#8075,1.);
#8075 = DIRECTION('',(0.,1.,0.));
#8076 = ORIENTED_EDGE('',*,*,#8077,.F.);
#8077 = EDGE_CURVE('',#7920,#8070,#8078,.T.);
#8078 = LINE('',#8079,#8080);
#8079 = CARTESIAN_POINT('',(0.3,0.23,0.));
#8080 = VECTOR('',#8081,1.);
#8081 = DIRECTION('',(1.,0.,0.));
#8082 = PLANE('',#8083);
#8083 = AXIS2_PLACEMENT_3D('',#8084,#8085,#8086);
#8084 = CARTESIAN_POINT('',(0.3,-0.25,0.));
#8085 = DIRECTION('',(0.,0.,1.));
#8086 = DIRECTION('',(1.,0.,-0.));
#8087 = ADVANCED_FACE('',(#8088),#8106,.T.);
#8088 = FACE_BOUND('',#8089,.T.);
#8089 = EDGE_LOOP('',(#8090,#8091,#8092,#8100));
#8090 = ORIENTED_EDGE('',*,*,#7953,.F.);
#8091 = ORIENTED_EDGE('',*,*,#8052,.T.);
#8092 = ORIENTED_EDGE('',*,*,#8093,.T.);
#8093 = EDGE_CURVE('',#8044,#8094,#8096,.T.);
#8094 = VERTEX_POINT('',#8095);
#8095 = CARTESIAN_POINT('',(0.5,0.23,0.5));
#8096 = LINE('',#8097,#8098);
#8097 = CARTESIAN_POINT('',(0.5,-0.25,0.5));
#8098 = VECTOR('',#8099,1.);
#8099 = DIRECTION('',(0.,1.,0.));
#8100 = ORIENTED_EDGE('',*,*,#8101,.F.);
#8101 = EDGE_CURVE('',#7945,#8094,#8102,.T.);
#8102 = LINE('',#8103,#8104);
#8103 = CARTESIAN_POINT('',(0.3,0.23,0.5));
#8104 = VECTOR('',#8105,1.);
#8105 = DIRECTION('',(1.,0.,0.));
#8106 = PLANE('',#8107);
#8107 = AXIS2_PLACEMENT_3D('',#8108,#8109,#8110);
#8108 = CARTESIAN_POINT('',(0.3,-0.25,0.5));
#8109 = DIRECTION('',(0.,0.,1.));
#8110 = DIRECTION('',(1.,0.,-0.));
#8111 = ADVANCED_FACE('',(#8112),#8131,.T.);
#8112 = FACE_BOUND('',#8113,.T.);
#8113 = EDGE_LOOP('',(#8114,#8122,#8129,#8130));
#8114 = ORIENTED_EDGE('',*,*,#8115,.T.);
#8115 = EDGE_CURVE('',#7928,#8116,#8118,.T.);
#8116 = VERTEX_POINT('',#8117);
#8117 = CARTESIAN_POINT('',(0.5,0.25,2.E-02));
#8118 = LINE('',#8119,#8120);
#8119 = CARTESIAN_POINT('',(0.3,0.25,2.E-02));
#8120 = VECTOR('',#8121,1.);
#8121 = DIRECTION('',(1.,0.,0.));
#8122 = ORIENTED_EDGE('',*,*,#8123,.T.);
#8123 = EDGE_CURVE('',#8116,#8070,#8124,.T.);
#8124 = CIRCLE('',#8125,2.E-02);
#8125 = AXIS2_PLACEMENT_3D('',#8126,#8127,#8128);
#8126 = CARTESIAN_POINT('',(0.5,0.23,2.E-02));
#8127 = DIRECTION('',(-1.,0.,0.));
#8128 = DIRECTION('',(0.,0.,1.));
#8129 = ORIENTED_EDGE('',*,*,#8077,.F.);
#8130 = ORIENTED_EDGE('',*,*,#7927,.F.);
#8131 = CYLINDRICAL_SURFACE('',#8132,2.E-02);
#8132 = AXIS2_PLACEMENT_3D('',#8133,#8134,#8135);
#8133 = CARTESIAN_POINT('',(0.3,0.23,2.E-02));
#8134 = DIRECTION('',(1.,0.,0.));
#8135 = DIRECTION('',(-0.,1.,0.));
#8136 = ADVANCED_FACE('',(#8137),#8156,.T.);
#8137 = FACE_BOUND('',#8138,.T.);
#8138 = EDGE_LOOP('',(#8139,#8140,#8141,#8150));
#8139 = ORIENTED_EDGE('',*,*,#7944,.T.);
#8140 = ORIENTED_EDGE('',*,*,#8101,.T.);
#8141 = ORIENTED_EDGE('',*,*,#8142,.F.);
#8142 = EDGE_CURVE('',#8143,#8094,#8145,.T.);
#8143 = VERTEX_POINT('',#8144);
#8144 = CARTESIAN_POINT('',(0.5,0.25,0.48));
#8145 = CIRCLE('',#8146,2.E-02);
#8146 = AXIS2_PLACEMENT_3D('',#8147,#8148,#8149);
#8147 = CARTESIAN_POINT('',(0.5,0.23,0.48));
#8148 = DIRECTION('',(1.,0.,-0.));
#8149 = DIRECTION('',(0.,0.,1.));
#8150 = ORIENTED_EDGE('',*,*,#8151,.F.);
#8151 = EDGE_CURVE('',#7937,#8143,#8152,.T.);
#8152 = LINE('',#8153,#8154);
#8153 = CARTESIAN_POINT('',(0.3,0.25,0.48));
#8154 = VECTOR('',#8155,1.);
#8155 = DIRECTION('',(1.,0.,0.));
#8156 = CYLINDRICAL_SURFACE('',#8157,2.E-02);
#8157 = AXIS2_PLACEMENT_3D('',#8158,#8159,#8160);
#8158 = CARTESIAN_POINT('',(0.3,0.23,0.48));
#8159 = DIRECTION('',(1.,0.,0.));
#8160 = DIRECTION('',(-0.,1.,0.));
#8161 = ADVANCED_FACE('',(#8162),#8173,.T.);
#8162 = FACE_BOUND('',#8163,.T.);
#8163 = EDGE_LOOP('',(#8164,#8170,#8171,#8172));
#8164 = ORIENTED_EDGE('',*,*,#8165,.F.);
#8165 = EDGE_CURVE('',#8116,#8143,#8166,.T.);
#8166 = LINE('',#8167,#8168);
#8167 = CARTESIAN_POINT('',(0.5,0.25,0.));
#8168 = VECTOR('',#8169,1.);
#8169 = DIRECTION('',(0.,0.,1.));
#8170 = ORIENTED_EDGE('',*,*,#8115,.F.);
#8171 = ORIENTED_EDGE('',*,*,#7936,.T.);
#8172 = ORIENTED_EDGE('',*,*,#8151,.T.);
#8173 = PLANE('',#8174);
#8174 = AXIS2_PLACEMENT_3D('',#8175,#8176,#8177);
#8175 = CARTESIAN_POINT('',(0.3,0.25,0.));
#8176 = DIRECTION('',(0.,1.,0.));
#8177 = DIRECTION('',(0.,-0.,1.));
#8178 = ADVANCED_FACE('',(#8179),#8189,.T.);
#8179 = FACE_BOUND('',#8180,.T.);
#8180 = EDGE_LOOP('',(#8181,#8182,#8183,#8184,#8185,#8186,#8187,#8188));
#8181 = ORIENTED_EDGE('',*,*,#7986,.F.);
#8182 = ORIENTED_EDGE('',*,*,#8026,.T.);
#8183 = ORIENTED_EDGE('',*,*,#8069,.T.);
#8184 = ORIENTED_EDGE('',*,*,#8123,.F.);
#8185 = ORIENTED_EDGE('',*,*,#8165,.T.);
#8186 = ORIENTED_EDGE('',*,*,#8142,.T.);
#8187 = ORIENTED_EDGE('',*,*,#8093,.F.);
#8188 = ORIENTED_EDGE('',*,*,#8043,.F.);
#8189 = PLANE('',#8190);
#8190 = AXIS2_PLACEMENT_3D('',#8191,#8192,#8193);
#8191 = CARTESIAN_POINT('',(0.5,-0.25,0.));
#8192 = DIRECTION('',(1.,0.,0.));
#8193 = DIRECTION('',(0.,0.,1.));
#8194 = ( GEOMETRIC_REPRESENTATION_CONTEXT(3) 
GLOBAL_UNCERTAINTY_ASSIGNED_CONTEXT((#8198)) 
GLOBAL_UNIT_ASSIGNED_CONTEXT((#8195,#8196,#8197)) REPRESENTATION_CONTEXT
('Context #1','3D Context with UNIT and UNCERTAINTY') );
#8195 = ( LENGTH_UNIT() NAMED_UNIT(*) SI_UNIT(.MILLI.,.METRE.) );
#8196 = ( NAMED_UNIT(*) PLANE_ANGLE_UNIT() SI_UNIT($,.RADIAN.) );
#8197 = ( NAMED_UNIT(*) SI_UNIT($,.STERADIAN.) SOLID_ANGLE_UNIT() );
#8198 = UNCERTAINTY_MEASURE_WITH_UNIT(LENGTH_MEASURE(1.E-07),#8195,
  'distance_accuracy_value','confusion accuracy');
#8199 = CONTEXT_DEPENDENT_SHAPE_REPRESENTATION(#8200,#8202);
#8200 = ( REPRESENTATION_RELATIONSHIP('','',#7339,#10) 
REPRESENTATION_RELATIONSHIP_WITH_TRANSFORMATION(#8201) 
SHAPE_REPRESENTATION_RELATIONSHIP() );
#8201 = ITEM_DEFINED_TRANSFORMATION('','',#11,#19);
#8202 = PRODUCT_DEFINITION_SHAPE('Placement','Placement of an item',
  #8203);
#8203 = NEXT_ASSEMBLY_USAGE_OCCURRENCE('2','C102','',#5,#7334,$);
#8204 = PRODUCT_RELATED_PRODUCT_CATEGORY('part',$,(#7336));
#8205 = CONTEXT_DEPENDENT_SHAPE_REPRESENTATION(#8206,#8208);
#8206 = ( REPRESENTATION_RELATIONSHIP('','',#7339,#10) 
REPRESENTATION_RELATIONSHIP_WITH_TRANSFORMATION(#8207) 
SHAPE_REPRESENTATION_RELATIONSHIP() );
#8207 = ITEM_DEFINED_TRANSFORMATION('','',#11,#23);
#8208 = PRODUCT_DEFINITION_SHAPE('Placement','Placement of an item',
  #8209);
#8209 = NEXT_ASSEMBLY_USAGE_OCCURRENCE('3','C103','',#5,#7334,$);
#8210 = SHAPE_DEFINITION_REPRESENTATION(#8211,#8217);
#8211 = PRODUCT_DEFINITION_SHAPE('','',#8212);
#8212 = PRODUCT_DEFINITION('design','',#8213,#8216);
#8213 = PRODUCT_DEFINITION_FORMATION('','',#8214);
#8214 = PRODUCT('PinHeader_2x07_P2.54mm_Vertical',
  'PinHeader_2x07_P2.54mm_Vertical','',(#8215));
#8215 = PRODUCT_CONTEXT('',#2,'mechanical');
#8216 = PRODUCT_DEFINITION_CONTEXT('part definition',#2,'design');
#8217 = ADVANCED_BREP_SHAPE_REPRESENTATION('',(#11,#8218),#16352);
#8218 = MANIFOLD_SOLID_BREP('',#8219);
#8219 = CLOSED_SHELL('',(#8220,#8260,#8291,#8322,#9135,#9948,#9965,#9982
    ,#9999,#10016,#10033,#10050,#10067,#10084,#10101,#10118,#10135,
    #10152,#10169,#10186,#10203,#10220,#10237,#10254,#10271,#10288,
    #10305,#10322,#10339,#10356,#10373,#10390,#10407,#10424,#10441,
    #10458,#10475,#10492,#10509,#10526,#10543,#10560,#10577,#10594,
    #10611,#10628,#10640,#10671,#10695,#10719,#10736,#10767,#10791,
    #10815,#10832,#10863,#10887,#10911,#10928,#10959,#10983,#11007,
    #11024,#11055,#11079,#11103,#11120,#11151,#11175,#11199,#11216,
    #11247,#11271,#11295,#11312,#11343,#11367,#11391,#11408,#11439,
    #11463,#11487,#11504,#11535,#11559,#11583,#11600,#11631,#11655,
    #11679,#11696,#11727,#11751,#11775,#11792,#11823,#11847,#11871,
    #11888,#11919,#11943,#11967,#11984,#12015,#12039,#12063,#12080,
    #12111,#12135,#12159,#12176,#12207,#12231,#12255,#12272,#12303,
    #12327,#12351,#12368,#12399,#12423,#12447,#12464,#12495,#12519,
    #12543,#12560,#12591,#12615,#12639,#12656,#12687,#12711,#12735,
    #12752,#12783,#12807,#12831,#12848,#12879,#12903,#12927,#12944,
    #12975,#12999,#13023,#13040,#13071,#13095,#13119,#13136,#13167,
    #13191,#13215,#13232,#13263,#13287,#13311,#13328,#13359,#13383,
    #13407,#13424,#13455,#13479,#13503,#13520,#13551,#13575,#13599,
    #13616,#13647,#13671,#13695,#13712,#13743,#13767,#13791,#13808,
    #13839,#13863,#13887,#13904,#13935,#13959,#13983,#14000,#14031,
    #14055,#14079,#14096,#14127,#14151,#14175,#14192,#14223,#14247,
    #14271,#14288,#14319,#14343,#14367,#14384,#14415,#14439,#14463,
    #14480,#14511,#14535,#14559,#14576,#14607,#14631,#14655,#14672,
    #14703,#14727,#14751,#14768,#14799,#14823,#14847,#14864,#14895,
    #14919,#14943,#14960,#14991,#15015,#15039,#15056,#15087,#15111,
    #15135,#15152,#15183,#15207,#15231,#15248,#15279,#15303,#15327,
    #15344,#15375,#15399,#15423,#15440,#15471,#15495,#15519,#15536,
    #15567,#15591,#15615,#15632,#15663,#15687,#15711,#15728,#15759,
    #15783,#15807,#15824,#15855,#15879,#15903,#15920,#15951,#15975,
    #15999,#16016,#16028,#16040,#16052,#16064,#16076,#16088,#16100,
    #16112,#16124,#16136,#16148,#16160,#16172,#16184,#16196,#16208,
    #16220,#16232,#16244,#16256,#16268,#16280,#16292,#16304,#16316,
    #16328,#16340));
#8220 = ADVANCED_FACE('',(#8221),#8255,.F.);
#8221 = FACE_BOUND('',#8222,.F.);
#8222 = EDGE_LOOP('',(#8223,#8233,#8241,#8249));
#8223 = ORIENTED_EDGE('',*,*,#8224,.T.);
#8224 = EDGE_CURVE('',#8225,#8227,#8229,.T.);
#8225 = VERTEX_POINT('',#8226);
#8226 = CARTESIAN_POINT('',(-1.016,1.27,0.));
#8227 = VERTEX_POINT('',#8228);
#8228 = CARTESIAN_POINT('',(-1.016,1.27,2.54));
#8229 = LINE('',#8230,#8231);
#8230 = CARTESIAN_POINT('',(-1.016,1.27,0.));
#8231 = VECTOR('',#8232,1.);
#8232 = DIRECTION('',(0.,0.,1.));
#8233 = ORIENTED_EDGE('',*,*,#8234,.T.);
#8234 = EDGE_CURVE('',#8227,#8235,#8237,.T.);
#8235 = VERTEX_POINT('',#8236);
#8236 = CARTESIAN_POINT('',(-1.27,1.016,2.54));
#8237 = LINE('',#8238,#8239);
#8238 = CARTESIAN_POINT('',(-1.016,1.27,2.54));
#8239 = VECTOR('',#8240,1.);
#8240 = DIRECTION('',(-0.707106781187,-0.707106781187,0.));
#8241 = ORIENTED_EDGE('',*,*,#8242,.F.);
#8242 = EDGE_CURVE('',#8243,#8235,#8245,.T.);
#8243 = VERTEX_POINT('',#8244);
#8244 = CARTESIAN_POINT('',(-1.27,1.016,0.));
#8245 = LINE('',#8246,#8247);
#8246 = CARTESIAN_POINT('',(-1.27,1.016,0.));
#8247 = VECTOR('',#8248,1.);
#8248 = DIRECTION('',(0.,0.,1.));
#8249 = ORIENTED_EDGE('',*,*,#8250,.F.);
#8250 = EDGE_CURVE('',#8225,#8243,#8251,.T.);
#8251 = LINE('',#8252,#8253);
#8252 = CARTESIAN_POINT('',(-1.016,1.27,0.));
#8253 = VECTOR('',#8254,1.);
#8254 = DIRECTION('',(-0.707106781187,-0.707106781187,0.));
#8255 = PLANE('',#8256);
#8256 = AXIS2_PLACEMENT_3D('',#8257,#8258,#8259);
#8257 = CARTESIAN_POINT('',(-1.016,1.27,0.));
#8258 = DIRECTION('',(0.707106781187,-0.707106781187,0.));
#8259 = DIRECTION('',(-0.707106781187,-0.707106781187,0.));
#8260 = ADVANCED_FACE('',(#8261),#8286,.F.);
#8261 = FACE_BOUND('',#8262,.F.);
#8262 = EDGE_LOOP('',(#8263,#8273,#8279,#8280));
#8263 = ORIENTED_EDGE('',*,*,#8264,.T.);
#8264 = EDGE_CURVE('',#8265,#8267,#8269,.T.);
#8265 = VERTEX_POINT('',#8266);
#8266 = CARTESIAN_POINT('',(3.556,1.27,0.));
#8267 = VERTEX_POINT('',#8268);
#8268 = CARTESIAN_POINT('',(3.556,1.27,2.54));
#8269 = LINE('',#8270,#8271);
#8270 = CARTESIAN_POINT('',(3.556,1.27,0.));
#8271 = VECTOR('',#8272,1.);
#8272 = DIRECTION('',(0.,0.,1.));
#8273 = ORIENTED_EDGE('',*,*,#8274,.T.);
#8274 = EDGE_CURVE('',#8267,#8227,#8275,.T.);
#8275 = LINE('',#8276,#8277);
#8276 = CARTESIAN_POINT('',(3.556,1.27,2.54));
#8277 = VECTOR('',#8278,1.);
#8278 = DIRECTION('',(-1.,0.,0.));
#8279 = ORIENTED_EDGE('',*,*,#8224,.F.);
#8280 = ORIENTED_EDGE('',*,*,#8281,.F.);
#8281 = EDGE_CURVE('',#8265,#8225,#8282,.T.);
#8282 = LINE('',#8283,#8284);
#8283 = CARTESIAN_POINT('',(3.556,1.27,0.));
#8284 = VECTOR('',#8285,1.);
#8285 = DIRECTION('',(-1.,0.,0.));
#8286 = PLANE('',#8287);
#8287 = AXIS2_PLACEMENT_3D('',#8288,#8289,#8290);
#8288 = CARTESIAN_POINT('',(3.556,1.27,0.));
#8289 = DIRECTION('',(0.,-1.,0.));
#8290 = DIRECTION('',(-1.,0.,0.));
#8291 = ADVANCED_FACE('',(#8292),#8317,.F.);
#8292 = FACE_BOUND('',#8293,.F.);
#8293 = EDGE_LOOP('',(#8294,#8295,#8303,#8311));
#8294 = ORIENTED_EDGE('',*,*,#8242,.T.);
#8295 = ORIENTED_EDGE('',*,*,#8296,.T.);
#8296 = EDGE_CURVE('',#8235,#8297,#8299,.T.);
#8297 = VERTEX_POINT('',#8298);
#8298 = CARTESIAN_POINT('',(-1.27,-1.016,2.54));
#8299 = LINE('',#8300,#8301);
#8300 = CARTESIAN_POINT('',(-1.27,1.016,2.54));
#8301 = VECTOR('',#8302,1.);
#8302 = DIRECTION('',(0.,-1.,0.));
#8303 = ORIENTED_EDGE('',*,*,#8304,.F.);
#8304 = EDGE_CURVE('',#8305,#8297,#8307,.T.);
#8305 = VERTEX_POINT('',#8306);
#8306 = CARTESIAN_POINT('',(-1.27,-1.016,0.));
#8307 = LINE('',#8308,#8309);
#8308 = CARTESIAN_POINT('',(-1.27,-1.016,0.));
#8309 = VECTOR('',#8310,1.);
#8310 = DIRECTION('',(0.,0.,1.));
#8311 = ORIENTED_EDGE('',*,*,#8312,.F.);
#8312 = EDGE_CURVE('',#8243,#8305,#8313,.T.);
#8313 = LINE('',#8314,#8315);
#8314 = CARTESIAN_POINT('',(-1.27,1.016,0.));
#8315 = VECTOR('',#8316,1.);
#8316 = DIRECTION('',(0.,-1.,0.));
#8317 = PLANE('',#8318);
#8318 = AXIS2_PLACEMENT_3D('',#8319,#8320,#8321);
#8319 = CARTESIAN_POINT('',(-1.27,1.016,0.));
#8320 = DIRECTION('',(1.,0.,0.));
#8321 = DIRECTION('',(0.,-1.,0.));
#8322 = ADVANCED_FACE('',(#8323,#8654,#8688,#8722,#8756,#8790,#8824,
    #8858,#8892,#8926,#8960,#8994,#9028,#9062,#9096),#9130,.F.);
#8323 = FACE_BOUND('',#8324,.F.);
#8324 = EDGE_LOOP('',(#8325,#8326,#8327,#8335,#8343,#8351,#8359,#8367,
    #8375,#8383,#8391,#8399,#8407,#8415,#8423,#8431,#8439,#8447,#8455,
    #8463,#8471,#8479,#8487,#8495,#8503,#8511,#8519,#8527,#8535,#8543,
    #8551,#8559,#8567,#8575,#8583,#8591,#8599,#8607,#8615,#8623,#8631,
    #8639,#8647,#8653));
#8325 = ORIENTED_EDGE('',*,*,#8250,.T.);
#8326 = ORIENTED_EDGE('',*,*,#8312,.T.);
#8327 = ORIENTED_EDGE('',*,*,#8328,.T.);
#8328 = EDGE_CURVE('',#8305,#8329,#8331,.T.);
#8329 = VERTEX_POINT('',#8330);
#8330 = CARTESIAN_POINT('',(-1.016,-1.27,0.));
#8331 = LINE('',#8332,#8333);
#8332 = CARTESIAN_POINT('',(-1.27,-1.016,0.));
#8333 = VECTOR('',#8334,1.);
#8334 = DIRECTION('',(0.707106781187,-0.707106781187,0.));
#8335 = ORIENTED_EDGE('',*,*,#8336,.T.);
#8336 = EDGE_CURVE('',#8329,#8337,#8339,.T.);
#8337 = VERTEX_POINT('',#8338);
#8338 = CARTESIAN_POINT('',(-1.27,-1.524,0.));
#8339 = LINE('',#8340,#8341);
#8340 = CARTESIAN_POINT('',(-1.016,-1.27,0.));
#8341 = VECTOR('',#8342,1.);
#8342 = DIRECTION('',(-0.707106781187,-0.707106781187,0.));
#8343 = ORIENTED_EDGE('',*,*,#8344,.T.);
#8344 = EDGE_CURVE('',#8337,#8345,#8347,.T.);
#8345 = VERTEX_POINT('',#8346);
#8346 = CARTESIAN_POINT('',(-1.27,-3.556,0.));
#8347 = LINE('',#8348,#8349);
#8348 = CARTESIAN_POINT('',(-1.27,-1.524,0.));
#8349 = VECTOR('',#8350,1.);
#8350 = DIRECTION('',(0.,-1.,0.));
#8351 = ORIENTED_EDGE('',*,*,#8352,.T.);
#8352 = EDGE_CURVE('',#8345,#8353,#8355,.T.);
#8353 = VERTEX_POINT('',#8354);
#8354 = CARTESIAN_POINT('',(-1.016,-3.81,0.));
#8355 = LINE('',#8356,#8357);
#8356 = CARTESIAN_POINT('',(-1.27,-3.556,0.));
#8357 = VECTOR('',#8358,1.);
#8358 = DIRECTION('',(0.707106781187,-0.707106781187,0.));
#8359 = ORIENTED_EDGE('',*,*,#8360,.T.);
#8360 = EDGE_CURVE('',#8353,#8361,#8363,.T.);
#8361 = VERTEX_POINT('',#8362);
#8362 = CARTESIAN_POINT('',(-1.27,-4.064,0.));
#8363 = LINE('',#8364,#8365);
#8364 = CARTESIAN_POINT('',(-1.016,-3.81,0.));
#8365 = VECTOR('',#8366,1.);
#8366 = DIRECTION('',(-0.707106781187,-0.707106781187,0.));
#8367 = ORIENTED_EDGE('',*,*,#8368,.T.);
#8368 = EDGE_CURVE('',#8361,#8369,#8371,.T.);
#8369 = VERTEX_POINT('',#8370);
#8370 = CARTESIAN_POINT('',(-1.27,-6.096,0.));
#8371 = LINE('',#8372,#8373);
#8372 = CARTESIAN_POINT('',(-1.27,-4.064,0.));
#8373 = VECTOR('',#8374,1.);
#8374 = DIRECTION('',(0.,-1.,0.));
#8375 = ORIENTED_EDGE('',*,*,#8376,.T.);
#8376 = EDGE_CURVE('',#8369,#8377,#8379,.T.);
#8377 = VERTEX_POINT('',#8378);
#8378 = CARTESIAN_POINT('',(-1.016,-6.35,0.));
#8379 = LINE('',#8380,#8381);
#8380 = CARTESIAN_POINT('',(-1.27,-6.096,0.));
#8381 = VECTOR('',#8382,1.);
#8382 = DIRECTION('',(0.707106781187,-0.707106781187,0.));
#8383 = ORIENTED_EDGE('',*,*,#8384,.T.);
#8384 = EDGE_CURVE('',#8377,#8385,#8387,.T.);
#8385 = VERTEX_POINT('',#8386);
#8386 = CARTESIAN_POINT('',(-1.27,-6.604,0.));
#8387 = LINE('',#8388,#8389);
#8388 = CARTESIAN_POINT('',(-1.016,-6.35,0.));
#8389 = VECTOR('',#8390,1.);
#8390 = DIRECTION('',(-0.707106781187,-0.707106781187,0.));
#8391 = ORIENTED_EDGE('',*,*,#8392,.T.);
#8392 = EDGE_CURVE('',#8385,#8393,#8395,.T.);
#8393 = VERTEX_POINT('',#8394);
#8394 = CARTESIAN_POINT('',(-1.27,-8.636,0.));
#8395 = LINE('',#8396,#8397);
#8396 = CARTESIAN_POINT('',(-1.27,-6.604,0.));
#8397 = VECTOR('',#8398,1.);
#8398 = DIRECTION('',(0.,-1.,0.));
#8399 = ORIENTED_EDGE('',*,*,#8400,.T.);
#8400 = EDGE_CURVE('',#8393,#8401,#8403,.T.);
#8401 = VERTEX_POINT('',#8402);
#8402 = CARTESIAN_POINT('',(-1.016,-8.89,0.));
#8403 = LINE('',#8404,#8405);
#8404 = CARTESIAN_POINT('',(-1.27,-8.636,0.));
#8405 = VECTOR('',#8406,1.);
#8406 = DIRECTION('',(0.707106781187,-0.707106781187,0.));
#8407 = ORIENTED_EDGE('',*,*,#8408,.T.);
#8408 = EDGE_CURVE('',#8401,#8409,#8411,.T.);
#8409 = VERTEX_POINT('',#8410);
#8410 = CARTESIAN_POINT('',(-1.27,-9.144,0.));
#8411 = LINE('',#8412,#8413);
#8412 = CARTESIAN_POINT('',(-1.016,-8.89,0.));
#8413 = VECTOR('',#8414,1.);
#8414 = DIRECTION('',(-0.707106781187,-0.707106781187,0.));
#8415 = ORIENTED_EDGE('',*,*,#8416,.T.);
#8416 = EDGE_CURVE('',#8409,#8417,#8419,.T.);
#8417 = VERTEX_POINT('',#8418);
#8418 = CARTESIAN_POINT('',(-1.27,-11.176,0.));
#8419 = LINE('',#8420,#8421);
#8420 = CARTESIAN_POINT('',(-1.27,-9.144,0.));
#8421 = VECTOR('',#8422,1.);
#8422 = DIRECTION('',(0.,-1.,0.));
#8423 = ORIENTED_EDGE('',*,*,#8424,.T.);
#8424 = EDGE_CURVE('',#8417,#8425,#8427,.T.);
#8425 = VERTEX_POINT('',#8426);
#8426 = CARTESIAN_POINT('',(-1.016,-11.43,0.));
#8427 = LINE('',#8428,#8429);
#8428 = CARTESIAN_POINT('',(-1.27,-11.176,0.));
#8429 = VECTOR('',#8430,1.);
#8430 = DIRECTION('',(0.707106781187,-0.707106781187,0.));
#8431 = ORIENTED_EDGE('',*,*,#8432,.T.);
#8432 = EDGE_CURVE('',#8425,#8433,#8435,.T.);
#8433 = VERTEX_POINT('',#8434);
#8434 = CARTESIAN_POINT('',(-1.27,-11.684,0.));
#8435 = LINE('',#8436,#8437);
#8436 = CARTESIAN_POINT('',(-1.016,-11.43,0.));
#8437 = VECTOR('',#8438,1.);
#8438 = DIRECTION('',(-0.707106781187,-0.707106781187,0.));
#8439 = ORIENTED_EDGE('',*,*,#8440,.T.);
#8440 = EDGE_CURVE('',#8433,#8441,#8443,.T.);
#8441 = VERTEX_POINT('',#8442);
#8442 = CARTESIAN_POINT('',(-1.27,-13.716,0.));
#8443 = LINE('',#8444,#8445);
#8444 = CARTESIAN_POINT('',(-1.27,-11.684,0.));
#8445 = VECTOR('',#8446,1.);
#8446 = DIRECTION('',(0.,-1.,0.));
#8447 = ORIENTED_EDGE('',*,*,#8448,.T.);
#8448 = EDGE_CURVE('',#8441,#8449,#8451,.T.);
#8449 = VERTEX_POINT('',#8450);
#8450 = CARTESIAN_POINT('',(-1.016,-13.97,0.));
#8451 = LINE('',#8452,#8453);
#8452 = CARTESIAN_POINT('',(-1.27,-13.716,0.));
#8453 = VECTOR('',#8454,1.);
#8454 = DIRECTION('',(0.707106781187,-0.707106781187,0.));
#8455 = ORIENTED_EDGE('',*,*,#8456,.T.);
#8456 = EDGE_CURVE('',#8449,#8457,#8459,.T.);
#8457 = VERTEX_POINT('',#8458);
#8458 = CARTESIAN_POINT('',(-1.27,-14.224,0.));
#8459 = LINE('',#8460,#8461);
#8460 = CARTESIAN_POINT('',(-1.016,-13.97,0.));
#8461 = VECTOR('',#8462,1.);
#8462 = DIRECTION('',(-0.707106781187,-0.707106781187,0.));
#8463 = ORIENTED_EDGE('',*,*,#8464,.T.);
#8464 = EDGE_CURVE('',#8457,#8465,#8467,.T.);
#8465 = VERTEX_POINT('',#8466);
#8466 = CARTESIAN_POINT('',(-1.27,-16.256,0.));
#8467 = LINE('',#8468,#8469);
#8468 = CARTESIAN_POINT('',(-1.27,-14.224,0.));
#8469 = VECTOR('',#8470,1.);
#8470 = DIRECTION('',(0.,-1.,0.));
#8471 = ORIENTED_EDGE('',*,*,#8472,.T.);
#8472 = EDGE_CURVE('',#8465,#8473,#8475,.T.);
#8473 = VERTEX_POINT('',#8474);
#8474 = CARTESIAN_POINT('',(-1.016,-16.51,0.));
#8475 = LINE('',#8476,#8477);
#8476 = CARTESIAN_POINT('',(-1.27,-16.256,0.));
#8477 = VECTOR('',#8478,1.);
#8478 = DIRECTION('',(0.707106781187,-0.707106781187,0.));
#8479 = ORIENTED_EDGE('',*,*,#8480,.T.);
#8480 = EDGE_CURVE('',#8473,#8481,#8483,.T.);
#8481 = VERTEX_POINT('',#8482);
#8482 = CARTESIAN_POINT('',(3.556,-16.51,0.));
#8483 = LINE('',#8484,#8485);
#8484 = CARTESIAN_POINT('',(-1.016,-16.51,0.));
#8485 = VECTOR('',#8486,1.);
#8486 = DIRECTION('',(1.,0.,0.));
#8487 = ORIENTED_EDGE('',*,*,#8488,.T.);
#8488 = EDGE_CURVE('',#8481,#8489,#8491,.T.);
#8489 = VERTEX_POINT('',#8490);
#8490 = CARTESIAN_POINT('',(3.81,-16.256,0.));
#8491 = LINE('',#8492,#8493);
#8492 = CARTESIAN_POINT('',(3.556,-16.51,0.));
#8493 = VECTOR('',#8494,1.);
#8494 = DIRECTION('',(0.707106781187,0.707106781187,0.));
#8495 = ORIENTED_EDGE('',*,*,#8496,.T.);
#8496 = EDGE_CURVE('',#8489,#8497,#8499,.T.);
#8497 = VERTEX_POINT('',#8498);
#8498 = CARTESIAN_POINT('',(3.81,-14.224,0.));
#8499 = LINE('',#8500,#8501);
#8500 = CARTESIAN_POINT('',(3.81,-16.256,0.));
#8501 = VECTOR('',#8502,1.);
#8502 = DIRECTION('',(0.,1.,0.));
#8503 = ORIENTED_EDGE('',*,*,#8504,.T.);
#8504 = EDGE_CURVE('',#8497,#8505,#8507,.T.);
#8505 = VERTEX_POINT('',#8506);
#8506 = CARTESIAN_POINT('',(3.556,-13.97,0.));
#8507 = LINE('',#8508,#8509);
#8508 = CARTESIAN_POINT('',(3.81,-14.224,0.));
#8509 = VECTOR('',#8510,1.);
#8510 = DIRECTION('',(-0.707106781187,0.707106781187,0.));
#8511 = ORIENTED_EDGE('',*,*,#8512,.T.);
#8512 = EDGE_CURVE('',#8505,#8513,#8515,.T.);
#8513 = VERTEX_POINT('',#8514);
#8514 = CARTESIAN_POINT('',(3.81,-13.716,0.));
#8515 = LINE('',#8516,#8517);
#8516 = CARTESIAN_POINT('',(3.556,-13.97,0.));
#8517 = VECTOR('',#8518,1.);
#8518 = DIRECTION('',(0.707106781187,0.707106781187,0.));
#8519 = ORIENTED_EDGE('',*,*,#8520,.T.);
#8520 = EDGE_CURVE('',#8513,#8521,#8523,.T.);
#8521 = VERTEX_POINT('',#8522);
#8522 = CARTESIAN_POINT('',(3.81,-11.684,0.));
#8523 = LINE('',#8524,#8525);
#8524 = CARTESIAN_POINT('',(3.81,-13.716,0.));
#8525 = VECTOR('',#8526,1.);
#8526 = DIRECTION('',(0.,1.,0.));
#8527 = ORIENTED_EDGE('',*,*,#8528,.T.);
#8528 = EDGE_CURVE('',#8521,#8529,#8531,.T.);
#8529 = VERTEX_POINT('',#8530);
#8530 = CARTESIAN_POINT('',(3.556,-11.43,0.));
#8531 = LINE('',#8532,#8533);
#8532 = CARTESIAN_POINT('',(3.81,-11.684,0.));
#8533 = VECTOR('',#8534,1.);
#8534 = DIRECTION('',(-0.707106781187,0.707106781187,0.));
#8535 = ORIENTED_EDGE('',*,*,#8536,.T.);
#8536 = EDGE_CURVE('',#8529,#8537,#8539,.T.);
#8537 = VERTEX_POINT('',#8538);
#8538 = CARTESIAN_POINT('',(3.81,-11.176,0.));
#8539 = LINE('',#8540,#8541);
#8540 = CARTESIAN_POINT('',(3.556,-11.43,0.));
#8541 = VECTOR('',#8542,1.);
#8542 = DIRECTION('',(0.707106781187,0.707106781187,0.));
#8543 = ORIENTED_EDGE('',*,*,#8544,.T.);
#8544 = EDGE_CURVE('',#8537,#8545,#8547,.T.);
#8545 = VERTEX_POINT('',#8546);
#8546 = CARTESIAN_POINT('',(3.81,-9.144,0.));
#8547 = LINE('',#8548,#8549);
#8548 = CARTESIAN_POINT('',(3.81,-11.176,0.));
#8549 = VECTOR('',#8550,1.);
#8550 = DIRECTION('',(0.,1.,0.));
#8551 = ORIENTED_EDGE('',*,*,#8552,.T.);
#8552 = EDGE_CURVE('',#8545,#8553,#8555,.T.);
#8553 = VERTEX_POINT('',#8554);
#8554 = CARTESIAN_POINT('',(3.556,-8.89,0.));
#8555 = LINE('',#8556,#8557);
#8556 = CARTESIAN_POINT('',(3.81,-9.144,0.));
#8557 = VECTOR('',#8558,1.);
#8558 = DIRECTION('',(-0.707106781187,0.707106781187,0.));
#8559 = ORIENTED_EDGE('',*,*,#8560,.T.);
#8560 = EDGE_CURVE('',#8553,#8561,#8563,.T.);
#8561 = VERTEX_POINT('',#8562);
#8562 = CARTESIAN_POINT('',(3.81,-8.636,0.));
#8563 = LINE('',#8564,#8565);
#8564 = CARTESIAN_POINT('',(3.556,-8.89,0.));
#8565 = VECTOR('',#8566,1.);
#8566 = DIRECTION('',(0.707106781187,0.707106781187,0.));
#8567 = ORIENTED_EDGE('',*,*,#8568,.T.);
#8568 = EDGE_CURVE('',#8561,#8569,#8571,.T.);
#8569 = VERTEX_POINT('',#8570);
#8570 = CARTESIAN_POINT('',(3.81,-6.604,0.));
#8571 = LINE('',#8572,#8573);
#8572 = CARTESIAN_POINT('',(3.81,-8.636,0.));
#8573 = VECTOR('',#8574,1.);
#8574 = DIRECTION('',(0.,1.,0.));
#8575 = ORIENTED_EDGE('',*,*,#8576,.T.);
#8576 = EDGE_CURVE('',#8569,#8577,#8579,.T.);
#8577 = VERTEX_POINT('',#8578);
#8578 = CARTESIAN_POINT('',(3.556,-6.35,0.));
#8579 = LINE('',#8580,#8581);
#8580 = CARTESIAN_POINT('',(3.81,-6.604,0.));
#8581 = VECTOR('',#8582,1.);
#8582 = DIRECTION('',(-0.707106781187,0.707106781187,0.));
#8583 = ORIENTED_EDGE('',*,*,#8584,.T.);
#8584 = EDGE_CURVE('',#8577,#8585,#8587,.T.);
#8585 = VERTEX_POINT('',#8586);
#8586 = CARTESIAN_POINT('',(3.81,-6.096,0.));
#8587 = LINE('',#8588,#8589);
#8588 = CARTESIAN_POINT('',(3.556,-6.35,0.));
#8589 = VECTOR('',#8590,1.);
#8590 = DIRECTION('',(0.707106781187,0.707106781187,0.));
#8591 = ORIENTED_EDGE('',*,*,#8592,.T.);
#8592 = EDGE_CURVE('',#8585,#8593,#8595,.T.);
#8593 = VERTEX_POINT('',#8594);
#8594 = CARTESIAN_POINT('',(3.81,-4.064,0.));
#8595 = LINE('',#8596,#8597);
#8596 = CARTESIAN_POINT('',(3.81,-6.096,0.));
#8597 = VECTOR('',#8598,1.);
#8598 = DIRECTION('',(0.,1.,0.));
#8599 = ORIENTED_EDGE('',*,*,#8600,.T.);
#8600 = EDGE_CURVE('',#8593,#8601,#8603,.T.);
#8601 = VERTEX_POINT('',#8602);
#8602 = CARTESIAN_POINT('',(3.556,-3.81,0.));
#8603 = LINE('',#8604,#8605);
#8604 = CARTESIAN_POINT('',(3.81,-4.064,0.));
#8605 = VECTOR('',#8606,1.);
#8606 = DIRECTION('',(-0.707106781187,0.707106781187,0.));
#8607 = ORIENTED_EDGE('',*,*,#8608,.T.);
#8608 = EDGE_CURVE('',#8601,#8609,#8611,.T.);
#8609 = VERTEX_POINT('',#8610);
#8610 = CARTESIAN_POINT('',(3.81,-3.556,0.));
#8611 = LINE('',#8612,#8613);
#8612 = CARTESIAN_POINT('',(3.556,-3.81,0.));
#8613 = VECTOR('',#8614,1.);
#8614 = DIRECTION('',(0.707106781187,0.707106781187,0.));
#8615 = ORIENTED_EDGE('',*,*,#8616,.T.);
#8616 = EDGE_CURVE('',#8609,#8617,#8619,.T.);
#8617 = VERTEX_POINT('',#8618);
#8618 = CARTESIAN_POINT('',(3.81,-1.524,0.));
#8619 = LINE('',#8620,#8621);
#8620 = CARTESIAN_POINT('',(3.81,-3.556,0.));
#8621 = VECTOR('',#8622,1.);
#8622 = DIRECTION('',(0.,1.,0.));
#8623 = ORIENTED_EDGE('',*,*,#8624,.T.);
#8624 = EDGE_CURVE('',#8617,#8625,#8627,.T.);
#8625 = VERTEX_POINT('',#8626);
#8626 = CARTESIAN_POINT('',(3.556,-1.27,0.));
#8627 = LINE('',#8628,#8629);
#8628 = CARTESIAN_POINT('',(3.81,-1.524,0.));
#8629 = VECTOR('',#8630,1.);
#8630 = DIRECTION('',(-0.707106781187,0.707106781187,0.));
#8631 = ORIENTED_EDGE('',*,*,#8632,.T.);
#8632 = EDGE_CURVE('',#8625,#8633,#8635,.T.);
#8633 = VERTEX_POINT('',#8634);
#8634 = CARTESIAN_POINT('',(3.81,-1.016,0.));
#8635 = LINE('',#8636,#8637);
#8636 = CARTESIAN_POINT('',(3.556,-1.27,0.));
#8637 = VECTOR('',#8638,1.);
#8638 = DIRECTION('',(0.707106781187,0.707106781187,0.));
#8639 = ORIENTED_EDGE('',*,*,#8640,.T.);
#8640 = EDGE_CURVE('',#8633,#8641,#8643,.T.);
#8641 = VERTEX_POINT('',#8642);
#8642 = CARTESIAN_POINT('',(3.81,1.016,0.));
#8643 = LINE('',#8644,#8645);
#8644 = CARTESIAN_POINT('',(3.81,-1.016,0.));
#8645 = VECTOR('',#8646,1.);
#8646 = DIRECTION('',(0.,1.,0.));
#8647 = ORIENTED_EDGE('',*,*,#8648,.T.);
#8648 = EDGE_CURVE('',#8641,#8265,#8649,.T.);
#8649 = LINE('',#8650,#8651);
#8650 = CARTESIAN_POINT('',(3.81,1.016,0.));
#8651 = VECTOR('',#8652,1.);
#8652 = DIRECTION('',(-0.707106781187,0.707106781187,0.));
#8653 = ORIENTED_EDGE('',*,*,#8281,.T.);
#8654 = FACE_BOUND('',#8655,.F.);
#8655 = EDGE_LOOP('',(#8656,#8666,#8674,#8682));
#8656 = ORIENTED_EDGE('',*,*,#8657,.F.);
#8657 = EDGE_CURVE('',#8658,#8660,#8662,.T.);
#8658 = VERTEX_POINT('',#8659);
#8659 = CARTESIAN_POINT('',(0.32,-2.86,0.));
#8660 = VERTEX_POINT('',#8661);
#8661 = CARTESIAN_POINT('',(0.32,-2.22,0.));
#8662 = LINE('',#8663,#8664);
#8663 = CARTESIAN_POINT('',(0.32,-5.24,0.));
#8664 = VECTOR('',#8665,1.);
#8665 = DIRECTION('',(0.,1.,0.));
#8666 = ORIENTED_EDGE('',*,*,#8667,.T.);
#8667 = EDGE_CURVE('',#8658,#8668,#8670,.T.);
#8668 = VERTEX_POINT('',#8669);
#8669 = CARTESIAN_POINT('',(-0.32,-2.86,0.));
#8670 = LINE('',#8671,#8672);
#8671 = CARTESIAN_POINT('',(0.475,-2.86,0.));
#8672 = VECTOR('',#8673,1.);
#8673 = DIRECTION('',(-1.,0.,0.));
#8674 = ORIENTED_EDGE('',*,*,#8675,.T.);
#8675 = EDGE_CURVE('',#8668,#8676,#8678,.T.);
#8676 = VERTEX_POINT('',#8677);
#8677 = CARTESIAN_POINT('',(-0.32,-2.22,0.));
#8678 = LINE('',#8679,#8680);
#8679 = CARTESIAN_POINT('',(-0.32,-5.24,0.));
#8680 = VECTOR('',#8681,1.);
#8681 = DIRECTION('',(0.,1.,0.));
#8682 = ORIENTED_EDGE('',*,*,#8683,.F.);
#8683 = EDGE_CURVE('',#8660,#8676,#8684,.T.);
#8684 = LINE('',#8685,#8686);
#8685 = CARTESIAN_POINT('',(0.475,-2.22,0.));
#8686 = VECTOR('',#8687,1.);
#8687 = DIRECTION('',(-1.,0.,0.));
#8688 = FACE_BOUND('',#8689,.F.);
#8689 = EDGE_LOOP('',(#8690,#8700,#8708,#8716));
#8690 = ORIENTED_EDGE('',*,*,#8691,.F.);
#8691 = EDGE_CURVE('',#8692,#8694,#8696,.T.);
#8692 = VERTEX_POINT('',#8693);
#8693 = CARTESIAN_POINT('',(2.86,-2.22,0.));
#8694 = VERTEX_POINT('',#8695);
#8695 = CARTESIAN_POINT('',(2.22,-2.22,0.));
#8696 = LINE('',#8697,#8698);
#8697 = CARTESIAN_POINT('',(1.745,-2.22,0.));
#8698 = VECTOR('',#8699,1.);
#8699 = DIRECTION('',(-1.,0.,0.));
#8700 = ORIENTED_EDGE('',*,*,#8701,.F.);
#8701 = EDGE_CURVE('',#8702,#8692,#8704,.T.);
#8702 = VERTEX_POINT('',#8703);
#8703 = CARTESIAN_POINT('',(2.86,-2.86,0.));
#8704 = LINE('',#8705,#8706);
#8705 = CARTESIAN_POINT('',(2.86,-5.24,0.));
#8706 = VECTOR('',#8707,1.);
#8707 = DIRECTION('',(0.,1.,0.));
#8708 = ORIENTED_EDGE('',*,*,#8709,.T.);
#8709 = EDGE_CURVE('',#8702,#8710,#8712,.T.);
#8710 = VERTEX_POINT('',#8711);
#8711 = CARTESIAN_POINT('',(2.22,-2.86,0.));
#8712 = LINE('',#8713,#8714);
#8713 = CARTESIAN_POINT('',(1.745,-2.86,0.));
#8714 = VECTOR('',#8715,1.);
#8715 = DIRECTION('',(-1.,0.,0.));
#8716 = ORIENTED_EDGE('',*,*,#8717,.T.);
#8717 = EDGE_CURVE('',#8710,#8694,#8718,.T.);
#8718 = LINE('',#8719,#8720);
#8719 = CARTESIAN_POINT('',(2.22,-5.24,0.));
#8720 = VECTOR('',#8721,1.);
#8721 = DIRECTION('',(0.,1.,0.));
#8722 = FACE_BOUND('',#8723,.F.);
#8723 = EDGE_LOOP('',(#8724,#8734,#8742,#8750));
#8724 = ORIENTED_EDGE('',*,*,#8725,.F.);
#8725 = EDGE_CURVE('',#8726,#8728,#8730,.T.);
#8726 = VERTEX_POINT('',#8727);
#8727 = CARTESIAN_POINT('',(0.32,-4.76,0.));
#8728 = VERTEX_POINT('',#8729);
#8729 = CARTESIAN_POINT('',(-0.32,-4.76,0.));
#8730 = LINE('',#8731,#8732);
#8731 = CARTESIAN_POINT('',(0.475,-4.76,0.));
#8732 = VECTOR('',#8733,1.);
#8733 = DIRECTION('',(-1.,0.,0.));
#8734 = ORIENTED_EDGE('',*,*,#8735,.F.);
#8735 = EDGE_CURVE('',#8736,#8726,#8738,.T.);
#8736 = VERTEX_POINT('',#8737);
#8737 = CARTESIAN_POINT('',(0.32,-5.4,0.));
#8738 = LINE('',#8739,#8740);
#8739 = CARTESIAN_POINT('',(0.32,-6.51,0.));
#8740 = VECTOR('',#8741,1.);
#8741 = DIRECTION('',(0.,1.,0.));
#8742 = ORIENTED_EDGE('',*,*,#8743,.T.);
#8743 = EDGE_CURVE('',#8736,#8744,#8746,.T.);
#8744 = VERTEX_POINT('',#8745);
#8745 = CARTESIAN_POINT('',(-0.32,-5.4,0.));
#8746 = LINE('',#8747,#8748);
#8747 = CARTESIAN_POINT('',(0.475,-5.4,0.));
#8748 = VECTOR('',#8749,1.);
#8749 = DIRECTION('',(-1.,0.,0.));
#8750 = ORIENTED_EDGE('',*,*,#8751,.T.);
#8751 = EDGE_CURVE('',#8744,#8728,#8752,.T.);
#8752 = LINE('',#8753,#8754);
#8753 = CARTESIAN_POINT('',(-0.32,-6.51,0.));
#8754 = VECTOR('',#8755,1.);
#8755 = DIRECTION('',(0.,1.,0.));
#8756 = FACE_BOUND('',#8757,.F.);
#8757 = EDGE_LOOP('',(#8758,#8768,#8776,#8784));
#8758 = ORIENTED_EDGE('',*,*,#8759,.F.);
#8759 = EDGE_CURVE('',#8760,#8762,#8764,.T.);
#8760 = VERTEX_POINT('',#8761);
#8761 = CARTESIAN_POINT('',(2.86,-5.4,0.));
#8762 = VERTEX_POINT('',#8763);
#8763 = CARTESIAN_POINT('',(2.86,-4.76,0.));
#8764 = LINE('',#8765,#8766);
#8765 = CARTESIAN_POINT('',(2.86,-6.51,0.));
#8766 = VECTOR('',#8767,1.);
#8767 = DIRECTION('',(0.,1.,0.));
#8768 = ORIENTED_EDGE('',*,*,#8769,.T.);
#8769 = EDGE_CURVE('',#8760,#8770,#8772,.T.);
#8770 = VERTEX_POINT('',#8771);
#8771 = CARTESIAN_POINT('',(2.22,-5.4,0.));
#8772 = LINE('',#8773,#8774);
#8773 = CARTESIAN_POINT('',(1.745,-5.4,0.));
#8774 = VECTOR('',#8775,1.);
#8775 = DIRECTION('',(-1.,0.,0.));
#8776 = ORIENTED_EDGE('',*,*,#8777,.T.);
#8777 = EDGE_CURVE('',#8770,#8778,#8780,.T.);
#8778 = VERTEX_POINT('',#8779);
#8779 = CARTESIAN_POINT('',(2.22,-4.76,0.));
#8780 = LINE('',#8781,#8782);
#8781 = CARTESIAN_POINT('',(2.22,-6.51,0.));
#8782 = VECTOR('',#8783,1.);
#8783 = DIRECTION('',(0.,1.,0.));
#8784 = ORIENTED_EDGE('',*,*,#8785,.F.);
#8785 = EDGE_CURVE('',#8762,#8778,#8786,.T.);
#8786 = LINE('',#8787,#8788);
#8787 = CARTESIAN_POINT('',(1.745,-4.76,0.));
#8788 = VECTOR('',#8789,1.);
#8789 = DIRECTION('',(-1.,0.,0.));
#8790 = FACE_BOUND('',#8791,.F.);
#8791 = EDGE_LOOP('',(#8792,#8802,#8810,#8818));
#8792 = ORIENTED_EDGE('',*,*,#8793,.F.);
#8793 = EDGE_CURVE('',#8794,#8796,#8798,.T.);
#8794 = VERTEX_POINT('',#8795);
#8795 = CARTESIAN_POINT('',(2.86,-9.84,0.));
#8796 = VERTEX_POINT('',#8797);
#8797 = CARTESIAN_POINT('',(2.22,-9.84,0.));
#8798 = LINE('',#8799,#8800);
#8799 = CARTESIAN_POINT('',(1.745,-9.84,0.));
#8800 = VECTOR('',#8801,1.);
#8801 = DIRECTION('',(-1.,0.,0.));
#8802 = ORIENTED_EDGE('',*,*,#8803,.F.);
#8803 = EDGE_CURVE('',#8804,#8794,#8806,.T.);
#8804 = VERTEX_POINT('',#8805);
#8805 = CARTESIAN_POINT('',(2.86,-10.48,0.));
#8806 = LINE('',#8807,#8808);
#8807 = CARTESIAN_POINT('',(2.86,-9.05,0.));
#8808 = VECTOR('',#8809,1.);
#8809 = DIRECTION('',(0.,1.,0.));
#8810 = ORIENTED_EDGE('',*,*,#8811,.T.);
#8811 = EDGE_CURVE('',#8804,#8812,#8814,.T.);
#8812 = VERTEX_POINT('',#8813);
#8813 = CARTESIAN_POINT('',(2.22,-10.48,0.));
#8814 = LINE('',#8815,#8816);
#8815 = CARTESIAN_POINT('',(1.745,-10.48,0.));
#8816 = VECTOR('',#8817,1.);
#8817 = DIRECTION('',(-1.,0.,0.));
#8818 = ORIENTED_EDGE('',*,*,#8819,.T.);
#8819 = EDGE_CURVE('',#8812,#8796,#8820,.T.);
#8820 = LINE('',#8821,#8822);
#8821 = CARTESIAN_POINT('',(2.22,-9.05,0.));
#8822 = VECTOR('',#8823,1.);
#8823 = DIRECTION('',(0.,1.,0.));
#8824 = FACE_BOUND('',#8825,.F.);
#8825 = EDGE_LOOP('',(#8826,#8836,#8844,#8852));
#8826 = ORIENTED_EDGE('',*,*,#8827,.T.);
#8827 = EDGE_CURVE('',#8828,#8830,#8832,.T.);
#8828 = VERTEX_POINT('',#8829);
#8829 = CARTESIAN_POINT('',(0.32,-10.48,0.));
#8830 = VERTEX_POINT('',#8831);
#8831 = CARTESIAN_POINT('',(-0.32,-10.48,0.));
#8832 = LINE('',#8833,#8834);
#8833 = CARTESIAN_POINT('',(0.475,-10.48,0.));
#8834 = VECTOR('',#8835,1.);
#8835 = DIRECTION('',(-1.,0.,0.));
#8836 = ORIENTED_EDGE('',*,*,#8837,.T.);
#8837 = EDGE_CURVE('',#8830,#8838,#8840,.T.);
#8838 = VERTEX_POINT('',#8839);
#8839 = CARTESIAN_POINT('',(-0.32,-9.84,0.));
#8840 = LINE('',#8841,#8842);
#8841 = CARTESIAN_POINT('',(-0.32,-9.05,0.));
#8842 = VECTOR('',#8843,1.);
#8843 = DIRECTION('',(0.,1.,0.));
#8844 = ORIENTED_EDGE('',*,*,#8845,.F.);
#8845 = EDGE_CURVE('',#8846,#8838,#8848,.T.);
#8846 = VERTEX_POINT('',#8847);
#8847 = CARTESIAN_POINT('',(0.32,-9.84,0.));
#8848 = LINE('',#8849,#8850);
#8849 = CARTESIAN_POINT('',(0.475,-9.84,0.));
#8850 = VECTOR('',#8851,1.);
#8851 = DIRECTION('',(-1.,0.,0.));
#8852 = ORIENTED_EDGE('',*,*,#8853,.F.);
#8853 = EDGE_CURVE('',#8828,#8846,#8854,.T.);
#8854 = LINE('',#8855,#8856);
#8855 = CARTESIAN_POINT('',(0.32,-9.05,0.));
#8856 = VECTOR('',#8857,1.);
#8857 = DIRECTION('',(0.,1.,0.));
#8858 = FACE_BOUND('',#8859,.F.);
#8859 = EDGE_LOOP('',(#8860,#8870,#8878,#8886));
#8860 = ORIENTED_EDGE('',*,*,#8861,.T.);
#8861 = EDGE_CURVE('',#8862,#8864,#8866,.T.);
#8862 = VERTEX_POINT('',#8863);
#8863 = CARTESIAN_POINT('',(0.32,-7.94,0.));
#8864 = VERTEX_POINT('',#8865);
#8865 = CARTESIAN_POINT('',(-0.32,-7.94,0.));
#8866 = LINE('',#8867,#8868);
#8867 = CARTESIAN_POINT('',(0.475,-7.94,0.));
#8868 = VECTOR('',#8869,1.);
#8869 = DIRECTION('',(-1.,0.,0.));
#8870 = ORIENTED_EDGE('',*,*,#8871,.T.);
#8871 = EDGE_CURVE('',#8864,#8872,#8874,.T.);
#8872 = VERTEX_POINT('',#8873);
#8873 = CARTESIAN_POINT('',(-0.32,-7.3,0.));
#8874 = LINE('',#8875,#8876);
#8875 = CARTESIAN_POINT('',(-0.32,-7.78,0.));
#8876 = VECTOR('',#8877,1.);
#8877 = DIRECTION('',(0.,1.,0.));
#8878 = ORIENTED_EDGE('',*,*,#8879,.F.);
#8879 = EDGE_CURVE('',#8880,#8872,#8882,.T.);
#8880 = VERTEX_POINT('',#8881);
#8881 = CARTESIAN_POINT('',(0.32,-7.3,0.));
#8882 = LINE('',#8883,#8884);
#8883 = CARTESIAN_POINT('',(0.475,-7.3,0.));
#8884 = VECTOR('',#8885,1.);
#8885 = DIRECTION('',(-1.,0.,0.));
#8886 = ORIENTED_EDGE('',*,*,#8887,.F.);
#8887 = EDGE_CURVE('',#8862,#8880,#8888,.T.);
#8888 = LINE('',#8889,#8890);
#8889 = CARTESIAN_POINT('',(0.32,-7.78,0.));
#8890 = VECTOR('',#8891,1.);
#8891 = DIRECTION('',(0.,1.,0.));
#8892 = FACE_BOUND('',#8893,.F.);
#8893 = EDGE_LOOP('',(#8894,#8904,#8912,#8920));
#8894 = ORIENTED_EDGE('',*,*,#8895,.F.);
#8895 = EDGE_CURVE('',#8896,#8898,#8900,.T.);
#8896 = VERTEX_POINT('',#8897);
#8897 = CARTESIAN_POINT('',(2.86,-7.3,0.));
#8898 = VERTEX_POINT('',#8899);
#8899 = CARTESIAN_POINT('',(2.22,-7.3,0.));
#8900 = LINE('',#8901,#8902);
#8901 = CARTESIAN_POINT('',(1.745,-7.3,0.));
#8902 = VECTOR('',#8903,1.);
#8903 = DIRECTION('',(-1.,0.,0.));
#8904 = ORIENTED_EDGE('',*,*,#8905,.F.);
#8905 = EDGE_CURVE('',#8906,#8896,#8908,.T.);
#8906 = VERTEX_POINT('',#8907);
#8907 = CARTESIAN_POINT('',(2.86,-7.94,0.));
#8908 = LINE('',#8909,#8910);
#8909 = CARTESIAN_POINT('',(2.86,-7.78,0.));
#8910 = VECTOR('',#8911,1.);
#8911 = DIRECTION('',(0.,1.,0.));
#8912 = ORIENTED_EDGE('',*,*,#8913,.T.);
#8913 = EDGE_CURVE('',#8906,#8914,#8916,.T.);
#8914 = VERTEX_POINT('',#8915);
#8915 = CARTESIAN_POINT('',(2.22,-7.94,0.));
#8916 = LINE('',#8917,#8918);
#8917 = CARTESIAN_POINT('',(1.745,-7.94,0.));
#8918 = VECTOR('',#8919,1.);
#8919 = DIRECTION('',(-1.,0.,0.));
#8920 = ORIENTED_EDGE('',*,*,#8921,.T.);
#8921 = EDGE_CURVE('',#8914,#8898,#8922,.T.);
#8922 = LINE('',#8923,#8924);
#8923 = CARTESIAN_POINT('',(2.22,-7.78,0.));
#8924 = VECTOR('',#8925,1.);
#8925 = DIRECTION('',(0.,1.,0.));
#8926 = FACE_BOUND('',#8927,.F.);
#8927 = EDGE_LOOP('',(#8928,#8938,#8946,#8954));
#8928 = ORIENTED_EDGE('',*,*,#8929,.F.);
#8929 = EDGE_CURVE('',#8930,#8932,#8934,.T.);
#8930 = VERTEX_POINT('',#8931);
#8931 = CARTESIAN_POINT('',(0.32,-0.32,0.));
#8932 = VERTEX_POINT('',#8933);
#8933 = CARTESIAN_POINT('',(0.32,0.32,0.));
#8934 = LINE('',#8935,#8936);
#8935 = CARTESIAN_POINT('',(0.32,-3.97,0.));
#8936 = VECTOR('',#8937,1.);
#8937 = DIRECTION('',(0.,1.,0.));
#8938 = ORIENTED_EDGE('',*,*,#8939,.T.);
#8939 = EDGE_CURVE('',#8930,#8940,#8942,.T.);
#8940 = VERTEX_POINT('',#8941);
#8941 = CARTESIAN_POINT('',(-0.32,-0.32,0.));
#8942 = LINE('',#8943,#8944);
#8943 = CARTESIAN_POINT('',(0.475,-0.32,0.));
#8944 = VECTOR('',#8945,1.);
#8945 = DIRECTION('',(-1.,0.,0.));
#8946 = ORIENTED_EDGE('',*,*,#8947,.T.);
#8947 = EDGE_CURVE('',#8940,#8948,#8950,.T.);
#8948 = VERTEX_POINT('',#8949);
#8949 = CARTESIAN_POINT('',(-0.32,0.32,0.));
#8950 = LINE('',#8951,#8952);
#8951 = CARTESIAN_POINT('',(-0.32,-3.97,0.));
#8952 = VECTOR('',#8953,1.);
#8953 = DIRECTION('',(0.,1.,0.));
#8954 = ORIENTED_EDGE('',*,*,#8955,.F.);
#8955 = EDGE_CURVE('',#8932,#8948,#8956,.T.);
#8956 = LINE('',#8957,#8958);
#8957 = CARTESIAN_POINT('',(0.475,0.32,0.));
#8958 = VECTOR('',#8959,1.);
#8959 = DIRECTION('',(-1.,0.,0.));
#8960 = FACE_BOUND('',#8961,.F.);
#8961 = EDGE_LOOP('',(#8962,#8972,#8980,#8988));
#8962 = ORIENTED_EDGE('',*,*,#8963,.F.);
#8963 = EDGE_CURVE('',#8964,#8966,#8968,.T.);
#8964 = VERTEX_POINT('',#8965);
#8965 = CARTESIAN_POINT('',(2.86,-0.32,0.));
#8966 = VERTEX_POINT('',#8967);
#8967 = CARTESIAN_POINT('',(2.86,0.32,0.));
#8968 = LINE('',#8969,#8970);
#8969 = CARTESIAN_POINT('',(2.86,-3.97,0.));
#8970 = VECTOR('',#8971,1.);
#8971 = DIRECTION('',(0.,1.,0.));
#8972 = ORIENTED_EDGE('',*,*,#8973,.T.);
#8973 = EDGE_CURVE('',#8964,#8974,#8976,.T.);
#8974 = VERTEX_POINT('',#8975);
#8975 = CARTESIAN_POINT('',(2.22,-0.32,0.));
#8976 = LINE('',#8977,#8978);
#8977 = CARTESIAN_POINT('',(1.745,-0.32,0.));
#8978 = VECTOR('',#8979,1.);
#8979 = DIRECTION('',(-1.,0.,0.));
#8980 = ORIENTED_EDGE('',*,*,#8981,.T.);
#8981 = EDGE_CURVE('',#8974,#8982,#8984,.T.);
#8982 = VERTEX_POINT('',#8983);
#8983 = CARTESIAN_POINT('',(2.22,0.32,0.));
#8984 = LINE('',#8985,#8986);
#8985 = CARTESIAN_POINT('',(2.22,-3.97,0.));
#8986 = VECTOR('',#8987,1.);
#8987 = DIRECTION('',(0.,1.,0.));
#8988 = ORIENTED_EDGE('',*,*,#8989,.F.);
#8989 = EDGE_CURVE('',#8966,#8982,#8990,.T.);
#8990 = LINE('',#8991,#8992);
#8991 = CARTESIAN_POINT('',(1.745,0.32,0.));
#8992 = VECTOR('',#8993,1.);
#8993 = DIRECTION('',(-1.,0.,0.));
#8994 = FACE_BOUND('',#8995,.F.);
#8995 = EDGE_LOOP('',(#8996,#9006,#9014,#9022));
#8996 = ORIENTED_EDGE('',*,*,#8997,.F.);
#8997 = EDGE_CURVE('',#8998,#9000,#9002,.T.);
#8998 = VERTEX_POINT('',#8999);
#8999 = CARTESIAN_POINT('',(0.32,-12.38,0.));
#9000 = VERTEX_POINT('',#9001);
#9001 = CARTESIAN_POINT('',(-0.32,-12.38,0.));
#9002 = LINE('',#9003,#9004);
#9003 = CARTESIAN_POINT('',(0.475,-12.38,0.));
#9004 = VECTOR('',#9005,1.);
#9005 = DIRECTION('',(-1.,0.,0.));
#9006 = ORIENTED_EDGE('',*,*,#9007,.F.);
#9007 = EDGE_CURVE('',#9008,#8998,#9010,.T.);
#9008 = VERTEX_POINT('',#9009);
#9009 = CARTESIAN_POINT('',(0.32,-13.02,0.));
#9010 = LINE('',#9011,#9012);
#9011 = CARTESIAN_POINT('',(0.32,-10.32,0.));
#9012 = VECTOR('',#9013,1.);
#9013 = DIRECTION('',(0.,1.,0.));
#9014 = ORIENTED_EDGE('',*,*,#9015,.T.);
#9015 = EDGE_CURVE('',#9008,#9016,#9018,.T.);
#9016 = VERTEX_POINT('',#9017);
#9017 = CARTESIAN_POINT('',(-0.32,-13.02,0.));
#9018 = LINE('',#9019,#9020);
#9019 = CARTESIAN_POINT('',(0.475,-13.02,0.));
#9020 = VECTOR('',#9021,1.);
#9021 = DIRECTION('',(-1.,0.,0.));
#9022 = ORIENTED_EDGE('',*,*,#9023,.T.);
#9023 = EDGE_CURVE('',#9016,#9000,#9024,.T.);
#9024 = LINE('',#9025,#9026);
#9025 = CARTESIAN_POINT('',(-0.32,-10.32,0.));
#9026 = VECTOR('',#9027,1.);
#9027 = DIRECTION('',(0.,1.,0.));
#9028 = FACE_BOUND('',#9029,.F.);
#9029 = EDGE_LOOP('',(#9030,#9040,#9048,#9056));
#9030 = ORIENTED_EDGE('',*,*,#9031,.F.);
#9031 = EDGE_CURVE('',#9032,#9034,#9036,.T.);
#9032 = VERTEX_POINT('',#9033);
#9033 = CARTESIAN_POINT('',(2.86,-12.38,0.));
#9034 = VERTEX_POINT('',#9035);
#9035 = CARTESIAN_POINT('',(2.22,-12.38,0.));
#9036 = LINE('',#9037,#9038);
#9037 = CARTESIAN_POINT('',(1.745,-12.38,0.));
#9038 = VECTOR('',#9039,1.);
#9039 = DIRECTION('',(-1.,0.,0.));
#9040 = ORIENTED_EDGE('',*,*,#9041,.F.);
#9041 = EDGE_CURVE('',#9042,#9032,#9044,.T.);
#9042 = VERTEX_POINT('',#9043);
#9043 = CARTESIAN_POINT('',(2.86,-13.02,0.));
#9044 = LINE('',#9045,#9046);
#9045 = CARTESIAN_POINT('',(2.86,-10.32,0.));
#9046 = VECTOR('',#9047,1.);
#9047 = DIRECTION('',(0.,1.,0.));
#9048 = ORIENTED_EDGE('',*,*,#9049,.T.);
#9049 = EDGE_CURVE('',#9042,#9050,#9052,.T.);
#9050 = VERTEX_POINT('',#9051);
#9051 = CARTESIAN_POINT('',(2.22,-13.02,0.));
#9052 = LINE('',#9053,#9054);
#9053 = CARTESIAN_POINT('',(1.745,-13.02,0.));
#9054 = VECTOR('',#9055,1.);
#9055 = DIRECTION('',(-1.,0.,0.));
#9056 = ORIENTED_EDGE('',*,*,#9057,.T.);
#9057 = EDGE_CURVE('',#9050,#9034,#9058,.T.);
#9058 = LINE('',#9059,#9060);
#9059 = CARTESIAN_POINT('',(2.22,-10.32,0.));
#9060 = VECTOR('',#9061,1.);
#9061 = DIRECTION('',(0.,1.,0.));
#9062 = FACE_BOUND('',#9063,.F.);
#9063 = EDGE_LOOP('',(#9064,#9074,#9082,#9090));
#9064 = ORIENTED_EDGE('',*,*,#9065,.F.);
#9065 = EDGE_CURVE('',#9066,#9068,#9070,.T.);
#9066 = VERTEX_POINT('',#9067);
#9067 = CARTESIAN_POINT('',(0.32,-14.92,0.));
#9068 = VERTEX_POINT('',#9069);
#9069 = CARTESIAN_POINT('',(-0.32,-14.92,0.));
#9070 = LINE('',#9071,#9072);
#9071 = CARTESIAN_POINT('',(0.475,-14.92,0.));
#9072 = VECTOR('',#9073,1.);
#9073 = DIRECTION('',(-1.,0.,0.));
#9074 = ORIENTED_EDGE('',*,*,#9075,.F.);
#9075 = EDGE_CURVE('',#9076,#9066,#9078,.T.);
#9076 = VERTEX_POINT('',#9077);
#9077 = CARTESIAN_POINT('',(0.32,-15.56,0.));
#9078 = LINE('',#9079,#9080);
#9079 = CARTESIAN_POINT('',(0.32,-11.59,0.));
#9080 = VECTOR('',#9081,1.);
#9081 = DIRECTION('',(0.,1.,0.));
#9082 = ORIENTED_EDGE('',*,*,#9083,.T.);
#9083 = EDGE_CURVE('',#9076,#9084,#9086,.T.);
#9084 = VERTEX_POINT('',#9085);
#9085 = CARTESIAN_POINT('',(-0.32,-15.56,0.));
#9086 = LINE('',#9087,#9088);
#9087 = CARTESIAN_POINT('',(0.475,-15.56,0.));
#9088 = VECTOR('',#9089,1.);
#9089 = DIRECTION('',(-1.,0.,0.));
#9090 = ORIENTED_EDGE('',*,*,#9091,.T.);
#9091 = EDGE_CURVE('',#9084,#9068,#9092,.T.);
#9092 = LINE('',#9093,#9094);
#9093 = CARTESIAN_POINT('',(-0.32,-11.59,0.));
#9094 = VECTOR('',#9095,1.);
#9095 = DIRECTION('',(0.,1.,0.));
#9096 = FACE_BOUND('',#9097,.F.);
#9097 = EDGE_LOOP('',(#9098,#9108,#9116,#9124));
#9098 = ORIENTED_EDGE('',*,*,#9099,.F.);
#9099 = EDGE_CURVE('',#9100,#9102,#9104,.T.);
#9100 = VERTEX_POINT('',#9101);
#9101 = CARTESIAN_POINT('',(2.86,-15.56,0.));
#9102 = VERTEX_POINT('',#9103);
#9103 = CARTESIAN_POINT('',(2.86,-14.92,0.));
#9104 = LINE('',#9105,#9106);
#9105 = CARTESIAN_POINT('',(2.86,-11.59,0.));
#9106 = VECTOR('',#9107,1.);
#9107 = DIRECTION('',(0.,1.,0.));
#9108 = ORIENTED_EDGE('',*,*,#9109,.T.);
#9109 = EDGE_CURVE('',#9100,#9110,#9112,.T.);
#9110 = VERTEX_POINT('',#9111);
#9111 = CARTESIAN_POINT('',(2.22,-15.56,0.));
#9112 = LINE('',#9113,#9114);
#9113 = CARTESIAN_POINT('',(1.745,-15.56,0.));
#9114 = VECTOR('',#9115,1.);
#9115 = DIRECTION('',(-1.,0.,0.));
#9116 = ORIENTED_EDGE('',*,*,#9117,.T.);
#9117 = EDGE_CURVE('',#9110,#9118,#9120,.T.);
#9118 = VERTEX_POINT('',#9119);
#9119 = CARTESIAN_POINT('',(2.22,-14.92,0.));
#9120 = LINE('',#9121,#9122);
#9121 = CARTESIAN_POINT('',(2.22,-11.59,0.));
#9122 = VECTOR('',#9123,1.);
#9123 = DIRECTION('',(0.,1.,0.));
#9124 = ORIENTED_EDGE('',*,*,#9125,.F.);
#9125 = EDGE_CURVE('',#9102,#9118,#9126,.T.);
#9126 = LINE('',#9127,#9128);
#9127 = CARTESIAN_POINT('',(1.745,-14.92,0.));
#9128 = VECTOR('',#9129,1.);
#9129 = DIRECTION('',(-1.,0.,0.));
#9130 = PLANE('',#9131);
#9131 = AXIS2_PLACEMENT_3D('',#9132,#9133,#9134);
#9132 = CARTESIAN_POINT('',(1.27,-7.62,0.));
#9133 = DIRECTION('',(0.,0.,1.));
#9134 = DIRECTION('',(1.,0.,-0.));
#9135 = ADVANCED_FACE('',(#9136,#9467,#9501,#9535,#9569,#9603,#9637,
    #9671,#9705,#9739,#9773,#9807,#9841,#9875,#9909),#9943,.T.);
#9136 = FACE_BOUND('',#9137,.T.);
#9137 = EDGE_LOOP('',(#9138,#9139,#9140,#9148,#9156,#9164,#9172,#9180,
    #9188,#9196,#9204,#9212,#9220,#9228,#9236,#9244,#9252,#9260,#9268,
    #9276,#9284,#9292,#9300,#9308,#9316,#9324,#9332,#9340,#9348,#9356,
    #9364,#9372,#9380,#9388,#9396,#9404,#9412,#9420,#9428,#9436,#9444,
    #9452,#9460,#9466));
#9138 = ORIENTED_EDGE('',*,*,#8234,.T.);
#9139 = ORIENTED_EDGE('',*,*,#8296,.T.);
#9140 = ORIENTED_EDGE('',*,*,#9141,.T.);
#9141 = EDGE_CURVE('',#8297,#9142,#9144,.T.);
#9142 = VERTEX_POINT('',#9143);
#9143 = CARTESIAN_POINT('',(-1.016,-1.27,2.54));
#9144 = LINE('',#9145,#9146);
#9145 = CARTESIAN_POINT('',(-1.27,-1.016,2.54));
#9146 = VECTOR('',#9147,1.);
#9147 = DIRECTION('',(0.707106781187,-0.707106781187,0.));
#9148 = ORIENTED_EDGE('',*,*,#9149,.T.);
#9149 = EDGE_CURVE('',#9142,#9150,#9152,.T.);
#9150 = VERTEX_POINT('',#9151);
#9151 = CARTESIAN_POINT('',(-1.27,-1.524,2.54));
#9152 = LINE('',#9153,#9154);
#9153 = CARTESIAN_POINT('',(-1.016,-1.27,2.54));
#9154 = VECTOR('',#9155,1.);
#9155 = DIRECTION('',(-0.707106781187,-0.707106781187,0.));
#9156 = ORIENTED_EDGE('',*,*,#9157,.T.);
#9157 = EDGE_CURVE('',#9150,#9158,#9160,.T.);
#9158 = VERTEX_POINT('',#9159);
#9159 = CARTESIAN_POINT('',(-1.27,-3.556,2.54));
#9160 = LINE('',#9161,#9162);
#9161 = CARTESIAN_POINT('',(-1.27,-1.524,2.54));
#9162 = VECTOR('',#9163,1.);
#9163 = DIRECTION('',(0.,-1.,0.));
#9164 = ORIENTED_EDGE('',*,*,#9165,.T.);
#9165 = EDGE_CURVE('',#9158,#9166,#9168,.T.);
#9166 = VERTEX_POINT('',#9167);
#9167 = CARTESIAN_POINT('',(-1.016,-3.81,2.54));
#9168 = LINE('',#9169,#9170);
#9169 = CARTESIAN_POINT('',(-1.27,-3.556,2.54));
#9170 = VECTOR('',#9171,1.);
#9171 = DIRECTION('',(0.707106781187,-0.707106781187,0.));
#9172 = ORIENTED_EDGE('',*,*,#9173,.T.);
#9173 = EDGE_CURVE('',#9166,#9174,#9176,.T.);
#9174 = VERTEX_POINT('',#9175);
#9175 = CARTESIAN_POINT('',(-1.27,-4.064,2.54));
#9176 = LINE('',#9177,#9178);
#9177 = CARTESIAN_POINT('',(-1.016,-3.81,2.54));
#9178 = VECTOR('',#9179,1.);
#9179 = DIRECTION('',(-0.707106781187,-0.707106781187,0.));
#9180 = ORIENTED_EDGE('',*,*,#9181,.T.);
#9181 = EDGE_CURVE('',#9174,#9182,#9184,.T.);
#9182 = VERTEX_POINT('',#9183);
#9183 = CARTESIAN_POINT('',(-1.27,-6.096,2.54));
#9184 = LINE('',#9185,#9186);
#9185 = CARTESIAN_POINT('',(-1.27,-4.064,2.54));
#9186 = VECTOR('',#9187,1.);
#9187 = DIRECTION('',(0.,-1.,0.));
#9188 = ORIENTED_EDGE('',*,*,#9189,.T.);
#9189 = EDGE_CURVE('',#9182,#9190,#9192,.T.);
#9190 = VERTEX_POINT('',#9191);
#9191 = CARTESIAN_POINT('',(-1.016,-6.35,2.54));
#9192 = LINE('',#9193,#9194);
#9193 = CARTESIAN_POINT('',(-1.27,-6.096,2.54));
#9194 = VECTOR('',#9195,1.);
#9195 = DIRECTION('',(0.707106781187,-0.707106781187,0.));
#9196 = ORIENTED_EDGE('',*,*,#9197,.T.);
#9197 = EDGE_CURVE('',#9190,#9198,#9200,.T.);
#9198 = VERTEX_POINT('',#9199);
#9199 = CARTESIAN_POINT('',(-1.27,-6.604,2.54));
#9200 = LINE('',#9201,#9202);
#9201 = CARTESIAN_POINT('',(-1.016,-6.35,2.54));
#9202 = VECTOR('',#9203,1.);
#9203 = DIRECTION('',(-0.707106781187,-0.707106781187,0.));
#9204 = ORIENTED_EDGE('',*,*,#9205,.T.);
#9205 = EDGE_CURVE('',#9198,#9206,#9208,.T.);
#9206 = VERTEX_POINT('',#9207);
#9207 = CARTESIAN_POINT('',(-1.27,-8.636,2.54));
#9208 = LINE('',#9209,#9210);
#9209 = CARTESIAN_POINT('',(-1.27,-6.604,2.54));
#9210 = VECTOR('',#9211,1.);
#9211 = DIRECTION('',(0.,-1.,0.));
#9212 = ORIENTED_EDGE('',*,*,#9213,.T.);
#9213 = EDGE_CURVE('',#9206,#9214,#9216,.T.);
#9214 = VERTEX_POINT('',#9215);
#9215 = CARTESIAN_POINT('',(-1.016,-8.89,2.54));
#9216 = LINE('',#9217,#9218);
#9217 = CARTESIAN_POINT('',(-1.27,-8.636,2.54));
#9218 = VECTOR('',#9219,1.);
#9219 = DIRECTION('',(0.707106781187,-0.707106781187,0.));
#9220 = ORIENTED_EDGE('',*,*,#9221,.T.);
#9221 = EDGE_CURVE('',#9214,#9222,#9224,.T.);
#9222 = VERTEX_POINT('',#9223);
#9223 = CARTESIAN_POINT('',(-1.27,-9.144,2.54));
#9224 = LINE('',#9225,#9226);
#9225 = CARTESIAN_POINT('',(-1.016,-8.89,2.54));
#9226 = VECTOR('',#9227,1.);
#9227 = DIRECTION('',(-0.707106781187,-0.707106781187,0.));
#9228 = ORIENTED_EDGE('',*,*,#9229,.T.);
#9229 = EDGE_CURVE('',#9222,#9230,#9232,.T.);
#9230 = VERTEX_POINT('',#9231);
#9231 = CARTESIAN_POINT('',(-1.27,-11.176,2.54));
#9232 = LINE('',#9233,#9234);
#9233 = CARTESIAN_POINT('',(-1.27,-9.144,2.54));
#9234 = VECTOR('',#9235,1.);
#9235 = DIRECTION('',(0.,-1.,0.));
#9236 = ORIENTED_EDGE('',*,*,#9237,.T.);
#9237 = EDGE_CURVE('',#9230,#9238,#9240,.T.);
#9238 = VERTEX_POINT('',#9239);
#9239 = CARTESIAN_POINT('',(-1.016,-11.43,2.54));
#9240 = LINE('',#9241,#9242);
#9241 = CARTESIAN_POINT('',(-1.27,-11.176,2.54));
#9242 = VECTOR('',#9243,1.);
#9243 = DIRECTION('',(0.707106781187,-0.707106781187,0.));
#9244 = ORIENTED_EDGE('',*,*,#9245,.T.);
#9245 = EDGE_CURVE('',#9238,#9246,#9248,.T.);
#9246 = VERTEX_POINT('',#9247);
#9247 = CARTESIAN_POINT('',(-1.27,-11.684,2.54));
#9248 = LINE('',#9249,#9250);
#9249 = CARTESIAN_POINT('',(-1.016,-11.43,2.54));
#9250 = VECTOR('',#9251,1.);
#9251 = DIRECTION('',(-0.707106781187,-0.707106781187,0.));
#9252 = ORIENTED_EDGE('',*,*,#9253,.T.);
#9253 = EDGE_CURVE('',#9246,#9254,#9256,.T.);
#9254 = VERTEX_POINT('',#9255);
#9255 = CARTESIAN_POINT('',(-1.27,-13.716,2.54));
#9256 = LINE('',#9257,#9258);
#9257 = CARTESIAN_POINT('',(-1.27,-11.684,2.54));
#9258 = VECTOR('',#9259,1.);
#9259 = DIRECTION('',(0.,-1.,0.));
#9260 = ORIENTED_EDGE('',*,*,#9261,.T.);
#9261 = EDGE_CURVE('',#9254,#9262,#9264,.T.);
#9262 = VERTEX_POINT('',#9263);
#9263 = CARTESIAN_POINT('',(-1.016,-13.97,2.54));
#9264 = LINE('',#9265,#9266);
#9265 = CARTESIAN_POINT('',(-1.27,-13.716,2.54));
#9266 = VECTOR('',#9267,1.);
#9267 = DIRECTION('',(0.707106781187,-0.707106781187,0.));
#9268 = ORIENTED_EDGE('',*,*,#9269,.T.);
#9269 = EDGE_CURVE('',#9262,#9270,#9272,.T.);
#9270 = VERTEX_POINT('',#9271);
#9271 = CARTESIAN_POINT('',(-1.27,-14.224,2.54));
#9272 = LINE('',#9273,#9274);
#9273 = CARTESIAN_POINT('',(-1.016,-13.97,2.54));
#9274 = VECTOR('',#9275,1.);
#9275 = DIRECTION('',(-0.707106781187,-0.707106781187,0.));
#9276 = ORIENTED_EDGE('',*,*,#9277,.T.);
#9277 = EDGE_CURVE('',#9270,#9278,#9280,.T.);
#9278 = VERTEX_POINT('',#9279);
#9279 = CARTESIAN_POINT('',(-1.27,-16.256,2.54));
#9280 = LINE('',#9281,#9282);
#9281 = CARTESIAN_POINT('',(-1.27,-14.224,2.54));
#9282 = VECTOR('',#9283,1.);
#9283 = DIRECTION('',(0.,-1.,0.));
#9284 = ORIENTED_EDGE('',*,*,#9285,.T.);
#9285 = EDGE_CURVE('',#9278,#9286,#9288,.T.);
#9286 = VERTEX_POINT('',#9287);
#9287 = CARTESIAN_POINT('',(-1.016,-16.51,2.54));
#9288 = LINE('',#9289,#9290);
#9289 = CARTESIAN_POINT('',(-1.27,-16.256,2.54));
#9290 = VECTOR('',#9291,1.);
#9291 = DIRECTION('',(0.707106781187,-0.707106781187,0.));
#9292 = ORIENTED_EDGE('',*,*,#9293,.T.);
#9293 = EDGE_CURVE('',#9286,#9294,#9296,.T.);
#9294 = VERTEX_POINT('',#9295);
#9295 = CARTESIAN_POINT('',(3.556,-16.51,2.54));
#9296 = LINE('',#9297,#9298);
#9297 = CARTESIAN_POINT('',(-1.016,-16.51,2.54));
#9298 = VECTOR('',#9299,1.);
#9299 = DIRECTION('',(1.,0.,0.));
#9300 = ORIENTED_EDGE('',*,*,#9301,.T.);
#9301 = EDGE_CURVE('',#9294,#9302,#9304,.T.);
#9302 = VERTEX_POINT('',#9303);
#9303 = CARTESIAN_POINT('',(3.81,-16.256,2.54));
#9304 = LINE('',#9305,#9306);
#9305 = CARTESIAN_POINT('',(3.556,-16.51,2.54));
#9306 = VECTOR('',#9307,1.);
#9307 = DIRECTION('',(0.707106781187,0.707106781187,0.));
#9308 = ORIENTED_EDGE('',*,*,#9309,.T.);
#9309 = EDGE_CURVE('',#9302,#9310,#9312,.T.);
#9310 = VERTEX_POINT('',#9311);
#9311 = CARTESIAN_POINT('',(3.81,-14.224,2.54));
#9312 = LINE('',#9313,#9314);
#9313 = CARTESIAN_POINT('',(3.81,-16.256,2.54));
#9314 = VECTOR('',#9315,1.);
#9315 = DIRECTION('',(0.,1.,0.));
#9316 = ORIENTED_EDGE('',*,*,#9317,.T.);
#9317 = EDGE_CURVE('',#9310,#9318,#9320,.T.);
#9318 = VERTEX_POINT('',#9319);
#9319 = CARTESIAN_POINT('',(3.556,-13.97,2.54));
#9320 = LINE('',#9321,#9322);
#9321 = CARTESIAN_POINT('',(3.81,-14.224,2.54));
#9322 = VECTOR('',#9323,1.);
#9323 = DIRECTION('',(-0.707106781187,0.707106781187,0.));
#9324 = ORIENTED_EDGE('',*,*,#9325,.T.);
#9325 = EDGE_CURVE('',#9318,#9326,#9328,.T.);
#9326 = VERTEX_POINT('',#9327);
#9327 = CARTESIAN_POINT('',(3.81,-13.716,2.54));
#9328 = LINE('',#9329,#9330);
#9329 = CARTESIAN_POINT('',(3.556,-13.97,2.54));
#9330 = VECTOR('',#9331,1.);
#9331 = DIRECTION('',(0.707106781187,0.707106781187,0.));
#9332 = ORIENTED_EDGE('',*,*,#9333,.T.);
#9333 = EDGE_CURVE('',#9326,#9334,#9336,.T.);
#9334 = VERTEX_POINT('',#9335);
#9335 = CARTESIAN_POINT('',(3.81,-11.684,2.54));
#9336 = LINE('',#9337,#9338);
#9337 = CARTESIAN_POINT('',(3.81,-13.716,2.54));
#9338 = VECTOR('',#9339,1.);
#9339 = DIRECTION('',(0.,1.,0.));
#9340 = ORIENTED_EDGE('',*,*,#9341,.T.);
#9341 = EDGE_CURVE('',#9334,#9342,#9344,.T.);
#9342 = VERTEX_POINT('',#9343);
#9343 = CARTESIAN_POINT('',(3.556,-11.43,2.54));
#9344 = LINE('',#9345,#9346);
#9345 = CARTESIAN_POINT('',(3.81,-11.684,2.54));
#9346 = VECTOR('',#9347,1.);
#9347 = DIRECTION('',(-0.707106781187,0.707106781187,0.));
#9348 = ORIENTED_EDGE('',*,*,#9349,.T.);
#9349 = EDGE_CURVE('',#9342,#9350,#9352,.T.);
#9350 = VERTEX_POINT('',#9351);
#9351 = CARTESIAN_POINT('',(3.81,-11.176,2.54));
#9352 = LINE('',#9353,#9354);
#9353 = CARTESIAN_POINT('',(3.556,-11.43,2.54));
#9354 = VECTOR('',#9355,1.);
#9355 = DIRECTION('',(0.707106781187,0.707106781187,0.));
#9356 = ORIENTED_EDGE('',*,*,#9357,.T.);
#9357 = EDGE_CURVE('',#9350,#9358,#9360,.T.);
#9358 = VERTEX_POINT('',#9359);
#9359 = CARTESIAN_POINT('',(3.81,-9.144,2.54));
#9360 = LINE('',#9361,#9362);
#9361 = CARTESIAN_POINT('',(3.81,-11.176,2.54));
#9362 = VECTOR('',#9363,1.);
#9363 = DIRECTION('',(0.,1.,0.));
#9364 = ORIENTED_EDGE('',*,*,#9365,.T.);
#9365 = EDGE_CURVE('',#9358,#9366,#9368,.T.);
#9366 = VERTEX_POINT('',#9367);
#9367 = CARTESIAN_POINT('',(3.556,-8.89,2.54));
#9368 = LINE('',#9369,#9370);
#9369 = CARTESIAN_POINT('',(3.81,-9.144,2.54));
#9370 = VECTOR('',#9371,1.);
#9371 = DIRECTION('',(-0.707106781187,0.707106781187,0.));
#9372 = ORIENTED_EDGE('',*,*,#9373,.T.);
#9373 = EDGE_CURVE('',#9366,#9374,#9376,.T.);
#9374 = VERTEX_POINT('',#9375);
#9375 = CARTESIAN_POINT('',(3.81,-8.636,2.54));
#9376 = LINE('',#9377,#9378);
#9377 = CARTESIAN_POINT('',(3.556,-8.89,2.54));
#9378 = VECTOR('',#9379,1.);
#9379 = DIRECTION('',(0.707106781187,0.707106781187,0.));
#9380 = ORIENTED_EDGE('',*,*,#9381,.T.);
#9381 = EDGE_CURVE('',#9374,#9382,#9384,.T.);
#9382 = VERTEX_POINT('',#9383);
#9383 = CARTESIAN_POINT('',(3.81,-6.604,2.54));
#9384 = LINE('',#9385,#9386);
#9385 = CARTESIAN_POINT('',(3.81,-8.636,2.54));
#9386 = VECTOR('',#9387,1.);
#9387 = DIRECTION('',(0.,1.,0.));
#9388 = ORIENTED_EDGE('',*,*,#9389,.T.);
#9389 = EDGE_CURVE('',#9382,#9390,#9392,.T.);
#9390 = VERTEX_POINT('',#9391);
#9391 = CARTESIAN_POINT('',(3.556,-6.35,2.54));
#9392 = LINE('',#9393,#9394);
#9393 = CARTESIAN_POINT('',(3.81,-6.604,2.54));
#9394 = VECTOR('',#9395,1.);
#9395 = DIRECTION('',(-0.707106781187,0.707106781187,0.));
#9396 = ORIENTED_EDGE('',*,*,#9397,.T.);
#9397 = EDGE_CURVE('',#9390,#9398,#9400,.T.);
#9398 = VERTEX_POINT('',#9399);
#9399 = CARTESIAN_POINT('',(3.81,-6.096,2.54));
#9400 = LINE('',#9401,#9402);
#9401 = CARTESIAN_POINT('',(3.556,-6.35,2.54));
#9402 = VECTOR('',#9403,1.);
#9403 = DIRECTION('',(0.707106781187,0.707106781187,0.));
#9404 = ORIENTED_EDGE('',*,*,#9405,.T.);
#9405 = EDGE_CURVE('',#9398,#9406,#9408,.T.);
#9406 = VERTEX_POINT('',#9407);
#9407 = CARTESIAN_POINT('',(3.81,-4.064,2.54));
#9408 = LINE('',#9409,#9410);
#9409 = CARTESIAN_POINT('',(3.81,-6.096,2.54));
#9410 = VECTOR('',#9411,1.);
#9411 = DIRECTION('',(0.,1.,0.));
#9412 = ORIENTED_EDGE('',*,*,#9413,.T.);
#9413 = EDGE_CURVE('',#9406,#9414,#9416,.T.);
#9414 = VERTEX_POINT('',#9415);
#9415 = CARTESIAN_POINT('',(3.556,-3.81,2.54));
#9416 = LINE('',#9417,#9418);
#9417 = CARTESIAN_POINT('',(3.81,-4.064,2.54));
#9418 = VECTOR('',#9419,1.);
#9419 = DIRECTION('',(-0.707106781187,0.707106781187,0.));
#9420 = ORIENTED_EDGE('',*,*,#9421,.T.);
#9421 = EDGE_CURVE('',#9414,#9422,#9424,.T.);
#9422 = VERTEX_POINT('',#9423);
#9423 = CARTESIAN_POINT('',(3.81,-3.556,2.54));
#9424 = LINE('',#9425,#9426);
#9425 = CARTESIAN_POINT('',(3.556,-3.81,2.54));
#9426 = VECTOR('',#9427,1.);
#9427 = DIRECTION('',(0.707106781187,0.707106781187,0.));
#9428 = ORIENTED_EDGE('',*,*,#9429,.T.);
#9429 = EDGE_CURVE('',#9422,#9430,#9432,.T.);
#9430 = VERTEX_POINT('',#9431);
#9431 = CARTESIAN_POINT('',(3.81,-1.524,2.54));
#9432 = LINE('',#9433,#9434);
#9433 = CARTESIAN_POINT('',(3.81,-3.556,2.54));
#9434 = VECTOR('',#9435,1.);
#9435 = DIRECTION('',(0.,1.,0.));
#9436 = ORIENTED_EDGE('',*,*,#9437,.T.);
#9437 = EDGE_CURVE('',#9430,#9438,#9440,.T.);
#9438 = VERTEX_POINT('',#9439);
#9439 = CARTESIAN_POINT('',(3.556,-1.27,2.54));
#9440 = LINE('',#9441,#9442);
#9441 = CARTESIAN_POINT('',(3.81,-1.524,2.54));
#9442 = VECTOR('',#9443,1.);
#9443 = DIRECTION('',(-0.707106781187,0.707106781187,0.));
#9444 = ORIENTED_EDGE('',*,*,#9445,.T.);
#9445 = EDGE_CURVE('',#9438,#9446,#9448,.T.);
#9446 = VERTEX_POINT('',#9447);
#9447 = CARTESIAN_POINT('',(3.81,-1.016,2.54));
#9448 = LINE('',#9449,#9450);
#9449 = CARTESIAN_POINT('',(3.556,-1.27,2.54));
#9450 = VECTOR('',#9451,1.);
#9451 = DIRECTION('',(0.707106781187,0.707106781187,0.));
#9452 = ORIENTED_EDGE('',*,*,#9453,.T.);
#9453 = EDGE_CURVE('',#9446,#9454,#9456,.T.);
#9454 = VERTEX_POINT('',#9455);
#9455 = CARTESIAN_POINT('',(3.81,1.016,2.54));
#9456 = LINE('',#9457,#9458);
#9457 = CARTESIAN_POINT('',(3.81,-1.016,2.54));
#9458 = VECTOR('',#9459,1.);
#9459 = DIRECTION('',(0.,1.,0.));
#9460 = ORIENTED_EDGE('',*,*,#9461,.T.);
#9461 = EDGE_CURVE('',#9454,#8267,#9462,.T.);
#9462 = LINE('',#9463,#9464);
#9463 = CARTESIAN_POINT('',(3.81,1.016,2.54));
#9464 = VECTOR('',#9465,1.);
#9465 = DIRECTION('',(-0.707106781187,0.707106781187,0.));
#9466 = ORIENTED_EDGE('',*,*,#8274,.T.);
#9467 = FACE_BOUND('',#9468,.T.);
#9468 = EDGE_LOOP('',(#9469,#9479,#9487,#9495));
#9469 = ORIENTED_EDGE('',*,*,#9470,.F.);
#9470 = EDGE_CURVE('',#9471,#9473,#9475,.T.);
#9471 = VERTEX_POINT('',#9472);
#9472 = CARTESIAN_POINT('',(0.32,-2.86,2.54));
#9473 = VERTEX_POINT('',#9474);
#9474 = CARTESIAN_POINT('',(0.32,-2.22,2.54));
#9475 = LINE('',#9476,#9477);
#9476 = CARTESIAN_POINT('',(0.32,-5.24,2.54));
#9477 = VECTOR('',#9478,1.);
#9478 = DIRECTION('',(0.,1.,0.));
#9479 = ORIENTED_EDGE('',*,*,#9480,.T.);
#9480 = EDGE_CURVE('',#9471,#9481,#9483,.T.);
#9481 = VERTEX_POINT('',#9482);
#9482 = CARTESIAN_POINT('',(-0.32,-2.86,2.54));
#9483 = LINE('',#9484,#9485);
#9484 = CARTESIAN_POINT('',(0.475,-2.86,2.54));
#9485 = VECTOR('',#9486,1.);
#9486 = DIRECTION('',(-1.,0.,0.));
#9487 = ORIENTED_EDGE('',*,*,#9488,.T.);
#9488 = EDGE_CURVE('',#9481,#9489,#9491,.T.);
#9489 = VERTEX_POINT('',#9490);
#9490 = CARTESIAN_POINT('',(-0.32,-2.22,2.54));
#9491 = LINE('',#9492,#9493);
#9492 = CARTESIAN_POINT('',(-0.32,-5.24,2.54));
#9493 = VECTOR('',#9494,1.);
#9494 = DIRECTION('',(0.,1.,0.));
#9495 = ORIENTED_EDGE('',*,*,#9496,.F.);
#9496 = EDGE_CURVE('',#9473,#9489,#9497,.T.);
#9497 = LINE('',#9498,#9499);
#9498 = CARTESIAN_POINT('',(0.475,-2.22,2.54));
#9499 = VECTOR('',#9500,1.);
#9500 = DIRECTION('',(-1.,0.,0.));
#9501 = FACE_BOUND('',#9502,.T.);
#9502 = EDGE_LOOP('',(#9503,#9513,#9521,#9529));
#9503 = ORIENTED_EDGE('',*,*,#9504,.F.);
#9504 = EDGE_CURVE('',#9505,#9507,#9509,.T.);
#9505 = VERTEX_POINT('',#9506);
#9506 = CARTESIAN_POINT('',(2.86,-2.22,2.54));
#9507 = VERTEX_POINT('',#9508);
#9508 = CARTESIAN_POINT('',(2.22,-2.22,2.54));
#9509 = LINE('',#9510,#9511);
#9510 = CARTESIAN_POINT('',(1.745,-2.22,2.54));
#9511 = VECTOR('',#9512,1.);
#9512 = DIRECTION('',(-1.,0.,0.));
#9513 = ORIENTED_EDGE('',*,*,#9514,.F.);
#9514 = EDGE_CURVE('',#9515,#9505,#9517,.T.);
#9515 = VERTEX_POINT('',#9516);
#9516 = CARTESIAN_POINT('',(2.86,-2.86,2.54));
#9517 = LINE('',#9518,#9519);
#9518 = CARTESIAN_POINT('',(2.86,-5.24,2.54));
#9519 = VECTOR('',#9520,1.);
#9520 = DIRECTION('',(0.,1.,0.));
#9521 = ORIENTED_EDGE('',*,*,#9522,.T.);
#9522 = EDGE_CURVE('',#9515,#9523,#9525,.T.);
#9523 = VERTEX_POINT('',#9524);
#9524 = CARTESIAN_POINT('',(2.22,-2.86,2.54));
#9525 = LINE('',#9526,#9527);
#9526 = CARTESIAN_POINT('',(1.745,-2.86,2.54));
#9527 = VECTOR('',#9528,1.);
#9528 = DIRECTION('',(-1.,0.,0.));
#9529 = ORIENTED_EDGE('',*,*,#9530,.T.);
#9530 = EDGE_CURVE('',#9523,#9507,#9531,.T.);
#9531 = LINE('',#9532,#9533);
#9532 = CARTESIAN_POINT('',(2.22,-5.24,2.54));
#9533 = VECTOR('',#9534,1.);
#9534 = DIRECTION('',(0.,1.,0.));
#9535 = FACE_BOUND('',#9536,.T.);
#9536 = EDGE_LOOP('',(#9537,#9547,#9555,#9563));
#9537 = ORIENTED_EDGE('',*,*,#9538,.F.);
#9538 = EDGE_CURVE('',#9539,#9541,#9543,.T.);
#9539 = VERTEX_POINT('',#9540);
#9540 = CARTESIAN_POINT('',(0.32,-4.76,2.54));
#9541 = VERTEX_POINT('',#9542);
#9542 = CARTESIAN_POINT('',(-0.32,-4.76,2.54));
#9543 = LINE('',#9544,#9545);
#9544 = CARTESIAN_POINT('',(0.475,-4.76,2.54));
#9545 = VECTOR('',#9546,1.);
#9546 = DIRECTION('',(-1.,0.,0.));
#9547 = ORIENTED_EDGE('',*,*,#9548,.F.);
#9548 = EDGE_CURVE('',#9549,#9539,#9551,.T.);
#9549 = VERTEX_POINT('',#9550);
#9550 = CARTESIAN_POINT('',(0.32,-5.4,2.54));
#9551 = LINE('',#9552,#9553);
#9552 = CARTESIAN_POINT('',(0.32,-6.51,2.54));
#9553 = VECTOR('',#9554,1.);
#9554 = DIRECTION('',(0.,1.,0.));
#9555 = ORIENTED_EDGE('',*,*,#9556,.T.);
#9556 = EDGE_CURVE('',#9549,#9557,#9559,.T.);
#9557 = VERTEX_POINT('',#9558);
#9558 = CARTESIAN_POINT('',(-0.32,-5.4,2.54));
#9559 = LINE('',#9560,#9561);
#9560 = CARTESIAN_POINT('',(0.475,-5.4,2.54));
#9561 = VECTOR('',#9562,1.);
#9562 = DIRECTION('',(-1.,0.,0.));
#9563 = ORIENTED_EDGE('',*,*,#9564,.T.);
#9564 = EDGE_CURVE('',#9557,#9541,#9565,.T.);
#9565 = LINE('',#9566,#9567);
#9566 = CARTESIAN_POINT('',(-0.32,-6.51,2.54));
#9567 = VECTOR('',#9568,1.);
#9568 = DIRECTION('',(0.,1.,0.));
#9569 = FACE_BOUND('',#9570,.T.);
#9570 = EDGE_LOOP('',(#9571,#9581,#9589,#9597));
#9571 = ORIENTED_EDGE('',*,*,#9572,.F.);
#9572 = EDGE_CURVE('',#9573,#9575,#9577,.T.);
#9573 = VERTEX_POINT('',#9574);
#9574 = CARTESIAN_POINT('',(2.86,-5.4,2.54));
#9575 = VERTEX_POINT('',#9576);
#9576 = CARTESIAN_POINT('',(2.86,-4.76,2.54));
#9577 = LINE('',#9578,#9579);
#9578 = CARTESIAN_POINT('',(2.86,-6.51,2.54));
#9579 = VECTOR('',#9580,1.);
#9580 = DIRECTION('',(0.,1.,0.));
#9581 = ORIENTED_EDGE('',*,*,#9582,.T.);
#9582 = EDGE_CURVE('',#9573,#9583,#9585,.T.);
#9583 = VERTEX_POINT('',#9584);
#9584 = CARTESIAN_POINT('',(2.22,-5.4,2.54));
#9585 = LINE('',#9586,#9587);
#9586 = CARTESIAN_POINT('',(1.745,-5.4,2.54));
#9587 = VECTOR('',#9588,1.);
#9588 = DIRECTION('',(-1.,0.,0.));
#9589 = ORIENTED_EDGE('',*,*,#9590,.T.);
#9590 = EDGE_CURVE('',#9583,#9591,#9593,.T.);
#9591 = VERTEX_POINT('',#9592);
#9592 = CARTESIAN_POINT('',(2.22,-4.76,2.54));
#9593 = LINE('',#9594,#9595);
#9594 = CARTESIAN_POINT('',(2.22,-6.51,2.54));
#9595 = VECTOR('',#9596,1.);
#9596 = DIRECTION('',(0.,1.,0.));
#9597 = ORIENTED_EDGE('',*,*,#9598,.F.);
#9598 = EDGE_CURVE('',#9575,#9591,#9599,.T.);
#9599 = LINE('',#9600,#9601);
#9600 = CARTESIAN_POINT('',(1.745,-4.76,2.54));
#9601 = VECTOR('',#9602,1.);
#9602 = DIRECTION('',(-1.,0.,0.));
#9603 = FACE_BOUND('',#9604,.T.);
#9604 = EDGE_LOOP('',(#9605,#9615,#9623,#9631));
#9605 = ORIENTED_EDGE('',*,*,#9606,.F.);
#9606 = EDGE_CURVE('',#9607,#9609,#9611,.T.);
#9607 = VERTEX_POINT('',#9608);
#9608 = CARTESIAN_POINT('',(2.86,-9.84,2.54));
#9609 = VERTEX_POINT('',#9610);
#9610 = CARTESIAN_POINT('',(2.22,-9.84,2.54));
#9611 = LINE('',#9612,#9613);
#9612 = CARTESIAN_POINT('',(1.745,-9.84,2.54));
#9613 = VECTOR('',#9614,1.);
#9614 = DIRECTION('',(-1.,0.,0.));
#9615 = ORIENTED_EDGE('',*,*,#9616,.F.);
#9616 = EDGE_CURVE('',#9617,#9607,#9619,.T.);
#9617 = VERTEX_POINT('',#9618);
#9618 = CARTESIAN_POINT('',(2.86,-10.48,2.54));
#9619 = LINE('',#9620,#9621);
#9620 = CARTESIAN_POINT('',(2.86,-9.05,2.54));
#9621 = VECTOR('',#9622,1.);
#9622 = DIRECTION('',(0.,1.,0.));
#9623 = ORIENTED_EDGE('',*,*,#9624,.T.);
#9624 = EDGE_CURVE('',#9617,#9625,#9627,.T.);
#9625 = VERTEX_POINT('',#9626);
#9626 = CARTESIAN_POINT('',(2.22,-10.48,2.54));
#9627 = LINE('',#9628,#9629);
#9628 = CARTESIAN_POINT('',(1.745,-10.48,2.54));
#9629 = VECTOR('',#9630,1.);
#9630 = DIRECTION('',(-1.,0.,0.));
#9631 = ORIENTED_EDGE('',*,*,#9632,.T.);
#9632 = EDGE_CURVE('',#9625,#9609,#9633,.T.);
#9633 = LINE('',#9634,#9635);
#9634 = CARTESIAN_POINT('',(2.22,-9.05,2.54));
#9635 = VECTOR('',#9636,1.);
#9636 = DIRECTION('',(0.,1.,0.));
#9637 = FACE_BOUND('',#9638,.T.);
#9638 = EDGE_LOOP('',(#9639,#9649,#9657,#9665));
#9639 = ORIENTED_EDGE('',*,*,#9640,.T.);
#9640 = EDGE_CURVE('',#9641,#9643,#9645,.T.);
#9641 = VERTEX_POINT('',#9642);
#9642 = CARTESIAN_POINT('',(0.32,-10.48,2.54));
#9643 = VERTEX_POINT('',#9644);
#9644 = CARTESIAN_POINT('',(-0.32,-10.48,2.54));
#9645 = LINE('',#9646,#9647);
#9646 = CARTESIAN_POINT('',(0.475,-10.48,2.54));
#9647 = VECTOR('',#9648,1.);
#9648 = DIRECTION('',(-1.,0.,0.));
#9649 = ORIENTED_EDGE('',*,*,#9650,.T.);
#9650 = EDGE_CURVE('',#9643,#9651,#9653,.T.);
#9651 = VERTEX_POINT('',#9652);
#9652 = CARTESIAN_POINT('',(-0.32,-9.84,2.54));
#9653 = LINE('',#9654,#9655);
#9654 = CARTESIAN_POINT('',(-0.32,-9.05,2.54));
#9655 = VECTOR('',#9656,1.);
#9656 = DIRECTION('',(0.,1.,0.));
#9657 = ORIENTED_EDGE('',*,*,#9658,.F.);
#9658 = EDGE_CURVE('',#9659,#9651,#9661,.T.);
#9659 = VERTEX_POINT('',#9660);
#9660 = CARTESIAN_POINT('',(0.32,-9.84,2.54));
#9661 = LINE('',#9662,#9663);
#9662 = CARTESIAN_POINT('',(0.475,-9.84,2.54));
#9663 = VECTOR('',#9664,1.);
#9664 = DIRECTION('',(-1.,0.,0.));
#9665 = ORIENTED_EDGE('',*,*,#9666,.F.);
#9666 = EDGE_CURVE('',#9641,#9659,#9667,.T.);
#9667 = LINE('',#9668,#9669);
#9668 = CARTESIAN_POINT('',(0.32,-9.05,2.54));
#9669 = VECTOR('',#9670,1.);
#9670 = DIRECTION('',(0.,1.,0.));
#9671 = FACE_BOUND('',#9672,.T.);
#9672 = EDGE_LOOP('',(#9673,#9683,#9691,#9699));
#9673 = ORIENTED_EDGE('',*,*,#9674,.T.);
#9674 = EDGE_CURVE('',#9675,#9677,#9679,.T.);
#9675 = VERTEX_POINT('',#9676);
#9676 = CARTESIAN_POINT('',(0.32,-7.94,2.54));
#9677 = VERTEX_POINT('',#9678);
#9678 = CARTESIAN_POINT('',(-0.32,-7.94,2.54));
#9679 = LINE('',#9680,#9681);
#9680 = CARTESIAN_POINT('',(0.475,-7.94,2.54));
#9681 = VECTOR('',#9682,1.);
#9682 = DIRECTION('',(-1.,0.,0.));
#9683 = ORIENTED_EDGE('',*,*,#9684,.T.);
#9684 = EDGE_CURVE('',#9677,#9685,#9687,.T.);
#9685 = VERTEX_POINT('',#9686);
#9686 = CARTESIAN_POINT('',(-0.32,-7.3,2.54));
#9687 = LINE('',#9688,#9689);
#9688 = CARTESIAN_POINT('',(-0.32,-7.78,2.54));
#9689 = VECTOR('',#9690,1.);
#9690 = DIRECTION('',(0.,1.,0.));
#9691 = ORIENTED_EDGE('',*,*,#9692,.F.);
#9692 = EDGE_CURVE('',#9693,#9685,#9695,.T.);
#9693 = VERTEX_POINT('',#9694);
#9694 = CARTESIAN_POINT('',(0.32,-7.3,2.54));
#9695 = LINE('',#9696,#9697);
#9696 = CARTESIAN_POINT('',(0.475,-7.3,2.54));
#9697 = VECTOR('',#9698,1.);
#9698 = DIRECTION('',(-1.,0.,0.));
#9699 = ORIENTED_EDGE('',*,*,#9700,.F.);
#9700 = EDGE_CURVE('',#9675,#9693,#9701,.T.);
#9701 = LINE('',#9702,#9703);
#9702 = CARTESIAN_POINT('',(0.32,-7.78,2.54));
#9703 = VECTOR('',#9704,1.);
#9704 = DIRECTION('',(0.,1.,0.));
#9705 = FACE_BOUND('',#9706,.T.);
#9706 = EDGE_LOOP('',(#9707,#9717,#9725,#9733));
#9707 = ORIENTED_EDGE('',*,*,#9708,.F.);
#9708 = EDGE_CURVE('',#9709,#9711,#9713,.T.);
#9709 = VERTEX_POINT('',#9710);
#9710 = CARTESIAN_POINT('',(2.86,-7.3,2.54));
#9711 = VERTEX_POINT('',#9712);
#9712 = CARTESIAN_POINT('',(2.22,-7.3,2.54));
#9713 = LINE('',#9714,#9715);
#9714 = CARTESIAN_POINT('',(1.745,-7.3,2.54));
#9715 = VECTOR('',#9716,1.);
#9716 = DIRECTION('',(-1.,0.,0.));
#9717 = ORIENTED_EDGE('',*,*,#9718,.F.);
#9718 = EDGE_CURVE('',#9719,#9709,#9721,.T.);
#9719 = VERTEX_POINT('',#9720);
#9720 = CARTESIAN_POINT('',(2.86,-7.94,2.54));
#9721 = LINE('',#9722,#9723);
#9722 = CARTESIAN_POINT('',(2.86,-7.78,2.54));
#9723 = VECTOR('',#9724,1.);
#9724 = DIRECTION('',(0.,1.,0.));
#9725 = ORIENTED_EDGE('',*,*,#9726,.T.);
#9726 = EDGE_CURVE('',#9719,#9727,#9729,.T.);
#9727 = VERTEX_POINT('',#9728);
#9728 = CARTESIAN_POINT('',(2.22,-7.94,2.54));
#9729 = LINE('',#9730,#9731);
#9730 = CARTESIAN_POINT('',(1.745,-7.94,2.54));
#9731 = VECTOR('',#9732,1.);
#9732 = DIRECTION('',(-1.,0.,0.));
#9733 = ORIENTED_EDGE('',*,*,#9734,.T.);
#9734 = EDGE_CURVE('',#9727,#9711,#9735,.T.);
#9735 = LINE('',#9736,#9737);
#9736 = CARTESIAN_POINT('',(2.22,-7.78,2.54));
#9737 = VECTOR('',#9738,1.);
#9738 = DIRECTION('',(0.,1.,0.));
#9739 = FACE_BOUND('',#9740,.T.);
#9740 = EDGE_LOOP('',(#9741,#9751,#9759,#9767));
#9741 = ORIENTED_EDGE('',*,*,#9742,.F.);
#9742 = EDGE_CURVE('',#9743,#9745,#9747,.T.);
#9743 = VERTEX_POINT('',#9744);
#9744 = CARTESIAN_POINT('',(0.32,-0.32,2.54));
#9745 = VERTEX_POINT('',#9746);
#9746 = CARTESIAN_POINT('',(0.32,0.32,2.54));
#9747 = LINE('',#9748,#9749);
#9748 = CARTESIAN_POINT('',(0.32,-3.97,2.54));
#9749 = VECTOR('',#9750,1.);
#9750 = DIRECTION('',(0.,1.,0.));
#9751 = ORIENTED_EDGE('',*,*,#9752,.T.);
#9752 = EDGE_CURVE('',#9743,#9753,#9755,.T.);
#9753 = VERTEX_POINT('',#9754);
#9754 = CARTESIAN_POINT('',(-0.32,-0.32,2.54));
#9755 = LINE('',#9756,#9757);
#9756 = CARTESIAN_POINT('',(0.475,-0.32,2.54));
#9757 = VECTOR('',#9758,1.);
#9758 = DIRECTION('',(-1.,0.,0.));
#9759 = ORIENTED_EDGE('',*,*,#9760,.T.);
#9760 = EDGE_CURVE('',#9753,#9761,#9763,.T.);
#9761 = VERTEX_POINT('',#9762);
#9762 = CARTESIAN_POINT('',(-0.32,0.32,2.54));
#9763 = LINE('',#9764,#9765);
#9764 = CARTESIAN_POINT('',(-0.32,-3.97,2.54));
#9765 = VECTOR('',#9766,1.);
#9766 = DIRECTION('',(0.,1.,0.));
#9767 = ORIENTED_EDGE('',*,*,#9768,.F.);
#9768 = EDGE_CURVE('',#9745,#9761,#9769,.T.);
#9769 = LINE('',#9770,#9771);
#9770 = CARTESIAN_POINT('',(0.475,0.32,2.54));
#9771 = VECTOR('',#9772,1.);
#9772 = DIRECTION('',(-1.,0.,0.));
#9773 = FACE_BOUND('',#9774,.T.);
#9774 = EDGE_LOOP('',(#9775,#9785,#9793,#9801));
#9775 = ORIENTED_EDGE('',*,*,#9776,.F.);
#9776 = EDGE_CURVE('',#9777,#9779,#9781,.T.);
#9777 = VERTEX_POINT('',#9778);
#9778 = CARTESIAN_POINT('',(2.86,-0.32,2.54));
#9779 = VERTEX_POINT('',#9780);
#9780 = CARTESIAN_POINT('',(2.86,0.32,2.54));
#9781 = LINE('',#9782,#9783);
#9782 = CARTESIAN_POINT('',(2.86,-3.97,2.54));
#9783 = VECTOR('',#9784,1.);
#9784 = DIRECTION('',(0.,1.,0.));
#9785 = ORIENTED_EDGE('',*,*,#9786,.T.);
#9786 = EDGE_CURVE('',#9777,#9787,#9789,.T.);
#9787 = VERTEX_POINT('',#9788);
#9788 = CARTESIAN_POINT('',(2.22,-0.32,2.54));
#9789 = LINE('',#9790,#9791);
#9790 = CARTESIAN_POINT('',(1.745,-0.32,2.54));
#9791 = VECTOR('',#9792,1.);
#9792 = DIRECTION('',(-1.,0.,0.));
#9793 = ORIENTED_EDGE('',*,*,#9794,.T.);
#9794 = EDGE_CURVE('',#9787,#9795,#9797,.T.);
#9795 = VERTEX_POINT('',#9796);
#9796 = CARTESIAN_POINT('',(2.22,0.32,2.54));
#9797 = LINE('',#9798,#9799);
#9798 = CARTESIAN_POINT('',(2.22,-3.97,2.54));
#9799 = VECTOR('',#9800,1.);
#9800 = DIRECTION('',(0.,1.,0.));
#9801 = ORIENTED_EDGE('',*,*,#9802,.F.);
#9802 = EDGE_CURVE('',#9779,#9795,#9803,.T.);
#9803 = LINE('',#9804,#9805);
#9804 = CARTESIAN_POINT('',(1.745,0.32,2.54));
#9805 = VECTOR('',#9806,1.);
#9806 = DIRECTION('',(-1.,0.,0.));
#9807 = FACE_BOUND('',#9808,.T.);
#9808 = EDGE_LOOP('',(#9809,#9819,#9827,#9835));
#9809 = ORIENTED_EDGE('',*,*,#9810,.F.);
#9810 = EDGE_CURVE('',#9811,#9813,#9815,.T.);
#9811 = VERTEX_POINT('',#9812);
#9812 = CARTESIAN_POINT('',(0.32,-12.38,2.54));
#9813 = VERTEX_POINT('',#9814);
#9814 = CARTESIAN_POINT('',(-0.32,-12.38,2.54));
#9815 = LINE('',#9816,#9817);
#9816 = CARTESIAN_POINT('',(0.475,-12.38,2.54));
#9817 = VECTOR('',#9818,1.);
#9818 = DIRECTION('',(-1.,0.,0.));
#9819 = ORIENTED_EDGE('',*,*,#9820,.F.);
#9820 = EDGE_CURVE('',#9821,#9811,#9823,.T.);
#9821 = VERTEX_POINT('',#9822);
#9822 = CARTESIAN_POINT('',(0.32,-13.02,2.54));
#9823 = LINE('',#9824,#9825);
#9824 = CARTESIAN_POINT('',(0.32,-10.32,2.54));
#9825 = VECTOR('',#9826,1.);
#9826 = DIRECTION('',(0.,1.,0.));
#9827 = ORIENTED_EDGE('',*,*,#9828,.T.);
#9828 = EDGE_CURVE('',#9821,#9829,#9831,.T.);
#9829 = VERTEX_POINT('',#9830);
#9830 = CARTESIAN_POINT('',(-0.32,-13.02,2.54));
#9831 = LINE('',#9832,#9833);
#9832 = CARTESIAN_POINT('',(0.475,-13.02,2.54));
#9833 = VECTOR('',#9834,1.);
#9834 = DIRECTION('',(-1.,0.,0.));
#9835 = ORIENTED_EDGE('',*,*,#9836,.T.);
#9836 = EDGE_CURVE('',#9829,#9813,#9837,.T.);
#9837 = LINE('',#9838,#9839);
#9838 = CARTESIAN_POINT('',(-0.32,-10.32,2.54));
#9839 = VECTOR('',#9840,1.);
#9840 = DIRECTION('',(0.,1.,0.));
#9841 = FACE_BOUND('',#9842,.T.);
#9842 = EDGE_LOOP('',(#9843,#9853,#9861,#9869));
#9843 = ORIENTED_EDGE('',*,*,#9844,.F.);
#9844 = EDGE_CURVE('',#9845,#9847,#9849,.T.);
#9845 = VERTEX_POINT('',#9846);
#9846 = CARTESIAN_POINT('',(2.86,-12.38,2.54));
#9847 = VERTEX_POINT('',#9848);
#9848 = CARTESIAN_POINT('',(2.22,-12.38,2.54));
#9849 = LINE('',#9850,#9851);
#9850 = CARTESIAN_POINT('',(1.745,-12.38,2.54));
#9851 = VECTOR('',#9852,1.);
#9852 = DIRECTION('',(-1.,0.,0.));
#9853 = ORIENTED_EDGE('',*,*,#9854,.F.);
#9854 = EDGE_CURVE('',#9855,#9845,#9857,.T.);
#9855 = VERTEX_POINT('',#9856);
#9856 = CARTESIAN_POINT('',(2.86,-13.02,2.54));
#9857 = LINE('',#9858,#9859);
#9858 = CARTESIAN_POINT('',(2.86,-10.32,2.54));
#9859 = VECTOR('',#9860,1.);
#9860 = DIRECTION('',(0.,1.,0.));
#9861 = ORIENTED_EDGE('',*,*,#9862,.T.);
#9862 = EDGE_CURVE('',#9855,#9863,#9865,.T.);
#9863 = VERTEX_POINT('',#9864);
#9864 = CARTESIAN_POINT('',(2.22,-13.02,2.54));
#9865 = LINE('',#9866,#9867);
#9866 = CARTESIAN_POINT('',(1.745,-13.02,2.54));
#9867 = VECTOR('',#9868,1.);
#9868 = DIRECTION('',(-1.,0.,0.));
#9869 = ORIENTED_EDGE('',*,*,#9870,.T.);
#9870 = EDGE_CURVE('',#9863,#9847,#9871,.T.);
#9871 = LINE('',#9872,#9873);
#9872 = CARTESIAN_POINT('',(2.22,-10.32,2.54));
#9873 = VECTOR('',#9874,1.);
#9874 = DIRECTION('',(0.,1.,0.));
#9875 = FACE_BOUND('',#9876,.T.);
#9876 = EDGE_LOOP('',(#9877,#9887,#9895,#9903));
#9877 = ORIENTED_EDGE('',*,*,#9878,.F.);
#9878 = EDGE_CURVE('',#9879,#9881,#9883,.T.);
#9879 = VERTEX_POINT('',#9880);
#9880 = CARTESIAN_POINT('',(0.32,-14.92,2.54));
#9881 = VERTEX_POINT('',#9882);
#9882 = CARTESIAN_POINT('',(-0.32,-14.92,2.54));
#9883 = LINE('',#9884,#9885);
#9884 = CARTESIAN_POINT('',(0.475,-14.92,2.54));
#9885 = VECTOR('',#9886,1.);
#9886 = DIRECTION('',(-1.,0.,0.));
#9887 = ORIENTED_EDGE('',*,*,#9888,.F.);
#9888 = EDGE_CURVE('',#9889,#9879,#9891,.T.);
#9889 = VERTEX_POINT('',#9890);
#9890 = CARTESIAN_POINT('',(0.32,-15.56,2.54));
#9891 = LINE('',#9892,#9893);
#9892 = CARTESIAN_POINT('',(0.32,-11.59,2.54));
#9893 = VECTOR('',#9894,1.);
#9894 = DIRECTION('',(0.,1.,0.));
#9895 = ORIENTED_EDGE('',*,*,#9896,.T.);
#9896 = EDGE_CURVE('',#9889,#9897,#9899,.T.);
#9897 = VERTEX_POINT('',#9898);
#9898 = CARTESIAN_POINT('',(-0.32,-15.56,2.54));
#9899 = LINE('',#9900,#9901);
#9900 = CARTESIAN_POINT('',(0.475,-15.56,2.54));
#9901 = VECTOR('',#9902,1.);
#9902 = DIRECTION('',(-1.,0.,0.));
#9903 = ORIENTED_EDGE('',*,*,#9904,.T.);
#9904 = EDGE_CURVE('',#9897,#9881,#9905,.T.);
#9905 = LINE('',#9906,#9907);
#9906 = CARTESIAN_POINT('',(-0.32,-11.59,2.54));
#9907 = VECTOR('',#9908,1.);
#9908 = DIRECTION('',(0.,1.,0.));
#9909 = FACE_BOUND('',#9910,.T.);
#9910 = EDGE_LOOP('',(#9911,#9921,#9929,#9937));
#9911 = ORIENTED_EDGE('',*,*,#9912,.F.);
#9912 = EDGE_CURVE('',#9913,#9915,#9917,.T.);
#9913 = VERTEX_POINT('',#9914);
#9914 = CARTESIAN_POINT('',(2.86,-15.56,2.54));
#9915 = VERTEX_POINT('',#9916);
#9916 = CARTESIAN_POINT('',(2.86,-14.92,2.54));
#9917 = LINE('',#9918,#9919);
#9918 = CARTESIAN_POINT('',(2.86,-11.59,2.54));
#9919 = VECTOR('',#9920,1.);
#9920 = DIRECTION('',(0.,1.,0.));
#9921 = ORIENTED_EDGE('',*,*,#9922,.T.);
#9922 = EDGE_CURVE('',#9913,#9923,#9925,.T.);
#9923 = VERTEX_POINT('',#9924);
#9924 = CARTESIAN_POINT('',(2.22,-15.56,2.54));
#9925 = LINE('',#9926,#9927);
#9926 = CARTESIAN_POINT('',(1.745,-15.56,2.54));
#9927 = VECTOR('',#9928,1.);
#9928 = DIRECTION('',(-1.,0.,0.));
#9929 = ORIENTED_EDGE('',*,*,#9930,.T.);
#9930 = EDGE_CURVE('',#9923,#9931,#9933,.T.);
#9931 = VERTEX_POINT('',#9932);
#9932 = CARTESIAN_POINT('',(2.22,-14.92,2.54));
#9933 = LINE('',#9934,#9935);
#9934 = CARTESIAN_POINT('',(2.22,-11.59,2.54));
#9935 = VECTOR('',#9936,1.);
#9936 = DIRECTION('',(0.,1.,0.));
#9937 = ORIENTED_EDGE('',*,*,#9938,.F.);
#9938 = EDGE_CURVE('',#9915,#9931,#9939,.T.);
#9939 = LINE('',#9940,#9941);
#9940 = CARTESIAN_POINT('',(1.745,-14.92,2.54));
#9941 = VECTOR('',#9942,1.);
#9942 = DIRECTION('',(-1.,0.,0.));
#9943 = PLANE('',#9944);
#9944 = AXIS2_PLACEMENT_3D('',#9945,#9946,#9947);
#9945 = CARTESIAN_POINT('',(1.27,-7.62,2.54));
#9946 = DIRECTION('',(0.,0.,1.));
#9947 = DIRECTION('',(1.,0.,-0.));
#9948 = ADVANCED_FACE('',(#9949),#9960,.F.);
#9949 = FACE_BOUND('',#9950,.F.);
#9950 = EDGE_LOOP('',(#9951,#9957,#9958,#9959));
#9951 = ORIENTED_EDGE('',*,*,#9952,.T.);
#9952 = EDGE_CURVE('',#8641,#9454,#9953,.T.);
#9953 = LINE('',#9954,#9955);
#9954 = CARTESIAN_POINT('',(3.81,1.016,0.));
#9955 = VECTOR('',#9956,1.);
#9956 = DIRECTION('',(0.,0.,1.));
#9957 = ORIENTED_EDGE('',*,*,#9461,.T.);
#9958 = ORIENTED_EDGE('',*,*,#8264,.F.);
#9959 = ORIENTED_EDGE('',*,*,#8648,.F.);
#9960 = PLANE('',#9961);
#9961 = AXIS2_PLACEMENT_3D('',#9962,#9963,#9964);
#9962 = CARTESIAN_POINT('',(3.81,1.016,0.));
#9963 = DIRECTION('',(-0.707106781187,-0.707106781187,0.));
#9964 = DIRECTION('',(-0.707106781187,0.707106781187,0.));
#9965 = ADVANCED_FACE('',(#9966),#9977,.F.);
#9966 = FACE_BOUND('',#9967,.F.);
#9967 = EDGE_LOOP('',(#9968,#9969,#9970,#9976));
#9968 = ORIENTED_EDGE('',*,*,#8304,.T.);
#9969 = ORIENTED_EDGE('',*,*,#9141,.T.);
#9970 = ORIENTED_EDGE('',*,*,#9971,.F.);
#9971 = EDGE_CURVE('',#8329,#9142,#9972,.T.);
#9972 = LINE('',#9973,#9974);
#9973 = CARTESIAN_POINT('',(-1.016,-1.27,0.));
#9974 = VECTOR('',#9975,1.);
#9975 = DIRECTION('',(0.,0.,1.));
#9976 = ORIENTED_EDGE('',*,*,#8328,.F.);
#9977 = PLANE('',#9978);
#9978 = AXIS2_PLACEMENT_3D('',#9979,#9980,#9981);
#9979 = CARTESIAN_POINT('',(-1.27,-1.016,0.));
#9980 = DIRECTION('',(0.707106781187,0.707106781187,0.));
#9981 = DIRECTION('',(0.707106781187,-0.707106781187,0.));
#9982 = ADVANCED_FACE('',(#9983),#9994,.F.);
#9983 = FACE_BOUND('',#9984,.F.);
#9984 = EDGE_LOOP('',(#9985,#9991,#9992,#9993));
#9985 = ORIENTED_EDGE('',*,*,#9986,.T.);
#9986 = EDGE_CURVE('',#8633,#9446,#9987,.T.);
#9987 = LINE('',#9988,#9989);
#9988 = CARTESIAN_POINT('',(3.81,-1.016,0.));
#9989 = VECTOR('',#9990,1.);
#9990 = DIRECTION('',(0.,0.,1.));
#9991 = ORIENTED_EDGE('',*,*,#9453,.T.);
#9992 = ORIENTED_EDGE('',*,*,#9952,.F.);
#9993 = ORIENTED_EDGE('',*,*,#8640,.F.);
#9994 = PLANE('',#9995);
#9995 = AXIS2_PLACEMENT_3D('',#9996,#9997,#9998);
#9996 = CARTESIAN_POINT('',(3.81,-1.016,0.));
#9997 = DIRECTION('',(-1.,0.,0.));
#9998 = DIRECTION('',(0.,1.,0.));
#9999 = ADVANCED_FACE('',(#10000),#10011,.F.);
#10000 = FACE_BOUND('',#10001,.F.);
#10001 = EDGE_LOOP('',(#10002,#10003,#10004,#10010));
#10002 = ORIENTED_EDGE('',*,*,#9971,.T.);
#10003 = ORIENTED_EDGE('',*,*,#9149,.T.);
#10004 = ORIENTED_EDGE('',*,*,#10005,.F.);
#10005 = EDGE_CURVE('',#8337,#9150,#10006,.T.);
#10006 = LINE('',#10007,#10008);
#10007 = CARTESIAN_POINT('',(-1.27,-1.524,0.));
#10008 = VECTOR('',#10009,1.);
#10009 = DIRECTION('',(0.,0.,1.));
#10010 = ORIENTED_EDGE('',*,*,#8336,.F.);
#10011 = PLANE('',#10012);
#10012 = AXIS2_PLACEMENT_3D('',#10013,#10014,#10015);
#10013 = CARTESIAN_POINT('',(-1.016,-1.27,0.));
#10014 = DIRECTION('',(0.707106781187,-0.707106781187,0.));
#10015 = DIRECTION('',(-0.707106781187,-0.707106781187,0.));
#10016 = ADVANCED_FACE('',(#10017),#10028,.F.);
#10017 = FACE_BOUND('',#10018,.F.);
#10018 = EDGE_LOOP('',(#10019,#10025,#10026,#10027));
#10019 = ORIENTED_EDGE('',*,*,#10020,.T.);
#10020 = EDGE_CURVE('',#8625,#9438,#10021,.T.);
#10021 = LINE('',#10022,#10023);
#10022 = CARTESIAN_POINT('',(3.556,-1.27,0.));
#10023 = VECTOR('',#10024,1.);
#10024 = DIRECTION('',(0.,0.,1.));
#10025 = ORIENTED_EDGE('',*,*,#9445,.T.);
#10026 = ORIENTED_EDGE('',*,*,#9986,.F.);
#10027 = ORIENTED_EDGE('',*,*,#8632,.F.);
#10028 = PLANE('',#10029);
#10029 = AXIS2_PLACEMENT_3D('',#10030,#10031,#10032);
#10030 = CARTESIAN_POINT('',(3.556,-1.27,0.));
#10031 = DIRECTION('',(-0.707106781187,0.707106781187,0.));
#10032 = DIRECTION('',(0.707106781187,0.707106781187,0.));
#10033 = ADVANCED_FACE('',(#10034),#10045,.F.);
#10034 = FACE_BOUND('',#10035,.F.);
#10035 = EDGE_LOOP('',(#10036,#10037,#10038,#10044));
#10036 = ORIENTED_EDGE('',*,*,#10005,.T.);
#10037 = ORIENTED_EDGE('',*,*,#9157,.T.);
#10038 = ORIENTED_EDGE('',*,*,#10039,.F.);
#10039 = EDGE_CURVE('',#8345,#9158,#10040,.T.);
#10040 = LINE('',#10041,#10042);
#10041 = CARTESIAN_POINT('',(-1.27,-3.556,0.));
#10042 = VECTOR('',#10043,1.);
#10043 = DIRECTION('',(0.,0.,1.));
#10044 = ORIENTED_EDGE('',*,*,#8344,.F.);
#10045 = PLANE('',#10046);
#10046 = AXIS2_PLACEMENT_3D('',#10047,#10048,#10049);
#10047 = CARTESIAN_POINT('',(-1.27,-1.524,0.));
#10048 = DIRECTION('',(1.,0.,0.));
#10049 = DIRECTION('',(0.,-1.,0.));
#10050 = ADVANCED_FACE('',(#10051),#10062,.F.);
#10051 = FACE_BOUND('',#10052,.F.);
#10052 = EDGE_LOOP('',(#10053,#10059,#10060,#10061));
#10053 = ORIENTED_EDGE('',*,*,#10054,.T.);
#10054 = EDGE_CURVE('',#8617,#9430,#10055,.T.);
#10055 = LINE('',#10056,#10057);
#10056 = CARTESIAN_POINT('',(3.81,-1.524,0.));
#10057 = VECTOR('',#10058,1.);
#10058 = DIRECTION('',(0.,0.,1.));
#10059 = ORIENTED_EDGE('',*,*,#9437,.T.);
#10060 = ORIENTED_EDGE('',*,*,#10020,.F.);
#10061 = ORIENTED_EDGE('',*,*,#8624,.F.);
#10062 = PLANE('',#10063);
#10063 = AXIS2_PLACEMENT_3D('',#10064,#10065,#10066);
#10064 = CARTESIAN_POINT('',(3.81,-1.524,0.));
#10065 = DIRECTION('',(-0.707106781187,-0.707106781187,0.));
#10066 = DIRECTION('',(-0.707106781187,0.707106781187,0.));
#10067 = ADVANCED_FACE('',(#10068),#10079,.F.);
#10068 = FACE_BOUND('',#10069,.F.);
#10069 = EDGE_LOOP('',(#10070,#10071,#10072,#10078));
#10070 = ORIENTED_EDGE('',*,*,#10039,.T.);
#10071 = ORIENTED_EDGE('',*,*,#9165,.T.);
#10072 = ORIENTED_EDGE('',*,*,#10073,.F.);
#10073 = EDGE_CURVE('',#8353,#9166,#10074,.T.);
#10074 = LINE('',#10075,#10076);
#10075 = CARTESIAN_POINT('',(-1.016,-3.81,0.));
#10076 = VECTOR('',#10077,1.);
#10077 = DIRECTION('',(0.,0.,1.));
#10078 = ORIENTED_EDGE('',*,*,#8352,.F.);
#10079 = PLANE('',#10080);
#10080 = AXIS2_PLACEMENT_3D('',#10081,#10082,#10083);
#10081 = CARTESIAN_POINT('',(-1.27,-3.556,0.));
#10082 = DIRECTION('',(0.707106781187,0.707106781187,0.));
#10083 = DIRECTION('',(0.707106781187,-0.707106781187,0.));
#10084 = ADVANCED_FACE('',(#10085),#10096,.F.);
#10085 = FACE_BOUND('',#10086,.F.);
#10086 = EDGE_LOOP('',(#10087,#10093,#10094,#10095));
#10087 = ORIENTED_EDGE('',*,*,#10088,.T.);
#10088 = EDGE_CURVE('',#8609,#9422,#10089,.T.);
#10089 = LINE('',#10090,#10091);
#10090 = CARTESIAN_POINT('',(3.81,-3.556,0.));
#10091 = VECTOR('',#10092,1.);
#10092 = DIRECTION('',(0.,0.,1.));
#10093 = ORIENTED_EDGE('',*,*,#9429,.T.);
#10094 = ORIENTED_EDGE('',*,*,#10054,.F.);
#10095 = ORIENTED_EDGE('',*,*,#8616,.F.);
#10096 = PLANE('',#10097);
#10097 = AXIS2_PLACEMENT_3D('',#10098,#10099,#10100);
#10098 = CARTESIAN_POINT('',(3.81,-3.556,0.));
#10099 = DIRECTION('',(-1.,0.,0.));
#10100 = DIRECTION('',(0.,1.,0.));
#10101 = ADVANCED_FACE('',(#10102),#10113,.F.);
#10102 = FACE_BOUND('',#10103,.F.);
#10103 = EDGE_LOOP('',(#10104,#10105,#10106,#10112));
#10104 = ORIENTED_EDGE('',*,*,#10073,.T.);
#10105 = ORIENTED_EDGE('',*,*,#9173,.T.);
#10106 = ORIENTED_EDGE('',*,*,#10107,.F.);
#10107 = EDGE_CURVE('',#8361,#9174,#10108,.T.);
#10108 = LINE('',#10109,#10110);
#10109 = CARTESIAN_POINT('',(-1.27,-4.064,0.));
#10110 = VECTOR('',#10111,1.);
#10111 = DIRECTION('',(0.,0.,1.));
#10112 = ORIENTED_EDGE('',*,*,#8360,.F.);
#10113 = PLANE('',#10114);
#10114 = AXIS2_PLACEMENT_3D('',#10115,#10116,#10117);
#10115 = CARTESIAN_POINT('',(-1.016,-3.81,0.));
#10116 = DIRECTION('',(0.707106781187,-0.707106781187,0.));
#10117 = DIRECTION('',(-0.707106781187,-0.707106781187,0.));
#10118 = ADVANCED_FACE('',(#10119),#10130,.F.);
#10119 = FACE_BOUND('',#10120,.F.);
#10120 = EDGE_LOOP('',(#10121,#10127,#10128,#10129));
#10121 = ORIENTED_EDGE('',*,*,#10122,.T.);
#10122 = EDGE_CURVE('',#8601,#9414,#10123,.T.);
#10123 = LINE('',#10124,#10125);
#10124 = CARTESIAN_POINT('',(3.556,-3.81,0.));
#10125 = VECTOR('',#10126,1.);
#10126 = DIRECTION('',(0.,0.,1.));
#10127 = ORIENTED_EDGE('',*,*,#9421,.T.);
#10128 = ORIENTED_EDGE('',*,*,#10088,.F.);
#10129 = ORIENTED_EDGE('',*,*,#8608,.F.);
#10130 = PLANE('',#10131);
#10131 = AXIS2_PLACEMENT_3D('',#10132,#10133,#10134);
#10132 = CARTESIAN_POINT('',(3.556,-3.81,0.));
#10133 = DIRECTION('',(-0.707106781187,0.707106781187,0.));
#10134 = DIRECTION('',(0.707106781187,0.707106781187,0.));
#10135 = ADVANCED_FACE('',(#10136),#10147,.F.);
#10136 = FACE_BOUND('',#10137,.F.);
#10137 = EDGE_LOOP('',(#10138,#10139,#10140,#10146));
#10138 = ORIENTED_EDGE('',*,*,#10107,.T.);
#10139 = ORIENTED_EDGE('',*,*,#9181,.T.);
#10140 = ORIENTED_EDGE('',*,*,#10141,.F.);
#10141 = EDGE_CURVE('',#8369,#9182,#10142,.T.);
#10142 = LINE('',#10143,#10144);
#10143 = CARTESIAN_POINT('',(-1.27,-6.096,0.));
#10144 = VECTOR('',#10145,1.);
#10145 = DIRECTION('',(0.,0.,1.));
#10146 = ORIENTED_EDGE('',*,*,#8368,.F.);
#10147 = PLANE('',#10148);
#10148 = AXIS2_PLACEMENT_3D('',#10149,#10150,#10151);
#10149 = CARTESIAN_POINT('',(-1.27,-4.064,0.));
#10150 = DIRECTION('',(1.,0.,0.));
#10151 = DIRECTION('',(0.,-1.,0.));
#10152 = ADVANCED_FACE('',(#10153),#10164,.F.);
#10153 = FACE_BOUND('',#10154,.F.);
#10154 = EDGE_LOOP('',(#10155,#10161,#10162,#10163));
#10155 = ORIENTED_EDGE('',*,*,#10156,.T.);
#10156 = EDGE_CURVE('',#8593,#9406,#10157,.T.);
#10157 = LINE('',#10158,#10159);
#10158 = CARTESIAN_POINT('',(3.81,-4.064,0.));
#10159 = VECTOR('',#10160,1.);
#10160 = DIRECTION('',(0.,0.,1.));
#10161 = ORIENTED_EDGE('',*,*,#9413,.T.);
#10162 = ORIENTED_EDGE('',*,*,#10122,.F.);
#10163 = ORIENTED_EDGE('',*,*,#8600,.F.);
#10164 = PLANE('',#10165);
#10165 = AXIS2_PLACEMENT_3D('',#10166,#10167,#10168);
#10166 = CARTESIAN_POINT('',(3.81,-4.064,0.));
#10167 = DIRECTION('',(-0.707106781187,-0.707106781187,0.));
#10168 = DIRECTION('',(-0.707106781187,0.707106781187,0.));
#10169 = ADVANCED_FACE('',(#10170),#10181,.F.);
#10170 = FACE_BOUND('',#10171,.F.);
#10171 = EDGE_LOOP('',(#10172,#10173,#10174,#10180));
#10172 = ORIENTED_EDGE('',*,*,#10141,.T.);
#10173 = ORIENTED_EDGE('',*,*,#9189,.T.);
#10174 = ORIENTED_EDGE('',*,*,#10175,.F.);
#10175 = EDGE_CURVE('',#8377,#9190,#10176,.T.);
#10176 = LINE('',#10177,#10178);
#10177 = CARTESIAN_POINT('',(-1.016,-6.35,0.));
#10178 = VECTOR('',#10179,1.);
#10179 = DIRECTION('',(0.,0.,1.));
#10180 = ORIENTED_EDGE('',*,*,#8376,.F.);
#10181 = PLANE('',#10182);
#10182 = AXIS2_PLACEMENT_3D('',#10183,#10184,#10185);
#10183 = CARTESIAN_POINT('',(-1.27,-6.096,0.));
#10184 = DIRECTION('',(0.707106781187,0.707106781187,0.));
#10185 = DIRECTION('',(0.707106781187,-0.707106781187,0.));
#10186 = ADVANCED_FACE('',(#10187),#10198,.F.);
#10187 = FACE_BOUND('',#10188,.F.);
#10188 = EDGE_LOOP('',(#10189,#10195,#10196,#10197));
#10189 = ORIENTED_EDGE('',*,*,#10190,.T.);
#10190 = EDGE_CURVE('',#8585,#9398,#10191,.T.);
#10191 = LINE('',#10192,#10193);
#10192 = CARTESIAN_POINT('',(3.81,-6.096,0.));
#10193 = VECTOR('',#10194,1.);
#10194 = DIRECTION('',(0.,0.,1.));
#10195 = ORIENTED_EDGE('',*,*,#9405,.T.);
#10196 = ORIENTED_EDGE('',*,*,#10156,.F.);
#10197 = ORIENTED_EDGE('',*,*,#8592,.F.);
#10198 = PLANE('',#10199);
#10199 = AXIS2_PLACEMENT_3D('',#10200,#10201,#10202);
#10200 = CARTESIAN_POINT('',(3.81,-6.096,0.));
#10201 = DIRECTION('',(-1.,0.,0.));
#10202 = DIRECTION('',(0.,1.,0.));
#10203 = ADVANCED_FACE('',(#10204),#10215,.F.);
#10204 = FACE_BOUND('',#10205,.F.);
#10205 = EDGE_LOOP('',(#10206,#10207,#10208,#10214));
#10206 = ORIENTED_EDGE('',*,*,#10175,.T.);
#10207 = ORIENTED_EDGE('',*,*,#9197,.T.);
#10208 = ORIENTED_EDGE('',*,*,#10209,.F.);
#10209 = EDGE_CURVE('',#8385,#9198,#10210,.T.);
#10210 = LINE('',#10211,#10212);
#10211 = CARTESIAN_POINT('',(-1.27,-6.604,0.));
#10212 = VECTOR('',#10213,1.);
#10213 = DIRECTION('',(0.,0.,1.));
#10214 = ORIENTED_EDGE('',*,*,#8384,.F.);
#10215 = PLANE('',#10216);
#10216 = AXIS2_PLACEMENT_3D('',#10217,#10218,#10219);
#10217 = CARTESIAN_POINT('',(-1.016,-6.35,0.));
#10218 = DIRECTION('',(0.707106781187,-0.707106781187,0.));
#10219 = DIRECTION('',(-0.707106781187,-0.707106781187,0.));
#10220 = ADVANCED_FACE('',(#10221),#10232,.F.);
#10221 = FACE_BOUND('',#10222,.F.);
#10222 = EDGE_LOOP('',(#10223,#10229,#10230,#10231));
#10223 = ORIENTED_EDGE('',*,*,#10224,.T.);
#10224 = EDGE_CURVE('',#8577,#9390,#10225,.T.);
#10225 = LINE('',#10226,#10227);
#10226 = CARTESIAN_POINT('',(3.556,-6.35,0.));
#10227 = VECTOR('',#10228,1.);
#10228 = DIRECTION('',(0.,0.,1.));
#10229 = ORIENTED_EDGE('',*,*,#9397,.T.);
#10230 = ORIENTED_EDGE('',*,*,#10190,.F.);
#10231 = ORIENTED_EDGE('',*,*,#8584,.F.);
#10232 = PLANE('',#10233);
#10233 = AXIS2_PLACEMENT_3D('',#10234,#10235,#10236);
#10234 = CARTESIAN_POINT('',(3.556,-6.35,0.));
#10235 = DIRECTION('',(-0.707106781187,0.707106781187,0.));
#10236 = DIRECTION('',(0.707106781187,0.707106781187,0.));
#10237 = ADVANCED_FACE('',(#10238),#10249,.F.);
#10238 = FACE_BOUND('',#10239,.F.);
#10239 = EDGE_LOOP('',(#10240,#10241,#10242,#10248));
#10240 = ORIENTED_EDGE('',*,*,#10209,.T.);
#10241 = ORIENTED_EDGE('',*,*,#9205,.T.);
#10242 = ORIENTED_EDGE('',*,*,#10243,.F.);
#10243 = EDGE_CURVE('',#8393,#9206,#10244,.T.);
#10244 = LINE('',#10245,#10246);
#10245 = CARTESIAN_POINT('',(-1.27,-8.636,0.));
#10246 = VECTOR('',#10247,1.);
#10247 = DIRECTION('',(0.,0.,1.));
#10248 = ORIENTED_EDGE('',*,*,#8392,.F.);
#10249 = PLANE('',#10250);
#10250 = AXIS2_PLACEMENT_3D('',#10251,#10252,#10253);
#10251 = CARTESIAN_POINT('',(-1.27,-6.604,0.));
#10252 = DIRECTION('',(1.,0.,0.));
#10253 = DIRECTION('',(0.,-1.,0.));
#10254 = ADVANCED_FACE('',(#10255),#10266,.F.);
#10255 = FACE_BOUND('',#10256,.F.);
#10256 = EDGE_LOOP('',(#10257,#10263,#10264,#10265));
#10257 = ORIENTED_EDGE('',*,*,#10258,.T.);
#10258 = EDGE_CURVE('',#8569,#9382,#10259,.T.);
#10259 = LINE('',#10260,#10261);
#10260 = CARTESIAN_POINT('',(3.81,-6.604,0.));
#10261 = VECTOR('',#10262,1.);
#10262 = DIRECTION('',(0.,0.,1.));
#10263 = ORIENTED_EDGE('',*,*,#9389,.T.);
#10264 = ORIENTED_EDGE('',*,*,#10224,.F.);
#10265 = ORIENTED_EDGE('',*,*,#8576,.F.);
#10266 = PLANE('',#10267);
#10267 = AXIS2_PLACEMENT_3D('',#10268,#10269,#10270);
#10268 = CARTESIAN_POINT('',(3.81,-6.604,0.));
#10269 = DIRECTION('',(-0.707106781187,-0.707106781187,0.));
#10270 = DIRECTION('',(-0.707106781187,0.707106781187,0.));
#10271 = ADVANCED_FACE('',(#10272),#10283,.F.);
#10272 = FACE_BOUND('',#10273,.F.);
#10273 = EDGE_LOOP('',(#10274,#10275,#10276,#10282));
#10274 = ORIENTED_EDGE('',*,*,#10243,.T.);
#10275 = ORIENTED_EDGE('',*,*,#9213,.T.);
#10276 = ORIENTED_EDGE('',*,*,#10277,.F.);
#10277 = EDGE_CURVE('',#8401,#9214,#10278,.T.);
#10278 = LINE('',#10279,#10280);
#10279 = CARTESIAN_POINT('',(-1.016,-8.89,0.));
#10280 = VECTOR('',#10281,1.);
#10281 = DIRECTION('',(0.,0.,1.));
#10282 = ORIENTED_EDGE('',*,*,#8400,.F.);
#10283 = PLANE('',#10284);
#10284 = AXIS2_PLACEMENT_3D('',#10285,#10286,#10287);
#10285 = CARTESIAN_POINT('',(-1.27,-8.636,0.));
#10286 = DIRECTION('',(0.707106781187,0.707106781187,0.));
#10287 = DIRECTION('',(0.707106781187,-0.707106781187,0.));
#10288 = ADVANCED_FACE('',(#10289),#10300,.F.);
#10289 = FACE_BOUND('',#10290,.F.);
#10290 = EDGE_LOOP('',(#10291,#10297,#10298,#10299));
#10291 = ORIENTED_EDGE('',*,*,#10292,.T.);
#10292 = EDGE_CURVE('',#8561,#9374,#10293,.T.);
#10293 = LINE('',#10294,#10295);
#10294 = CARTESIAN_POINT('',(3.81,-8.636,0.));
#10295 = VECTOR('',#10296,1.);
#10296 = DIRECTION('',(0.,0.,1.));
#10297 = ORIENTED_EDGE('',*,*,#9381,.T.);
#10298 = ORIENTED_EDGE('',*,*,#10258,.F.);
#10299 = ORIENTED_EDGE('',*,*,#8568,.F.);
#10300 = PLANE('',#10301);
#10301 = AXIS2_PLACEMENT_3D('',#10302,#10303,#10304);
#10302 = CARTESIAN_POINT('',(3.81,-8.636,0.));
#10303 = DIRECTION('',(-1.,0.,0.));
#10304 = DIRECTION('',(0.,1.,0.));
#10305 = ADVANCED_FACE('',(#10306),#10317,.F.);
#10306 = FACE_BOUND('',#10307,.F.);
#10307 = EDGE_LOOP('',(#10308,#10309,#10310,#10316));
#10308 = ORIENTED_EDGE('',*,*,#10277,.T.);
#10309 = ORIENTED_EDGE('',*,*,#9221,.T.);
#10310 = ORIENTED_EDGE('',*,*,#10311,.F.);
#10311 = EDGE_CURVE('',#8409,#9222,#10312,.T.);
#10312 = LINE('',#10313,#10314);
#10313 = CARTESIAN_POINT('',(-1.27,-9.144,0.));
#10314 = VECTOR('',#10315,1.);
#10315 = DIRECTION('',(0.,0.,1.));
#10316 = ORIENTED_EDGE('',*,*,#8408,.F.);
#10317 = PLANE('',#10318);
#10318 = AXIS2_PLACEMENT_3D('',#10319,#10320,#10321);
#10319 = CARTESIAN_POINT('',(-1.016,-8.89,0.));
#10320 = DIRECTION('',(0.707106781187,-0.707106781187,0.));
#10321 = DIRECTION('',(-0.707106781187,-0.707106781187,0.));
#10322 = ADVANCED_FACE('',(#10323),#10334,.F.);
#10323 = FACE_BOUND('',#10324,.F.);
#10324 = EDGE_LOOP('',(#10325,#10331,#10332,#10333));
#10325 = ORIENTED_EDGE('',*,*,#10326,.T.);
#10326 = EDGE_CURVE('',#8553,#9366,#10327,.T.);
#10327 = LINE('',#10328,#10329);
#10328 = CARTESIAN_POINT('',(3.556,-8.89,0.));
#10329 = VECTOR('',#10330,1.);
#10330 = DIRECTION('',(0.,0.,1.));
#10331 = ORIENTED_EDGE('',*,*,#9373,.T.);
#10332 = ORIENTED_EDGE('',*,*,#10292,.F.);
#10333 = ORIENTED_EDGE('',*,*,#8560,.F.);
#10334 = PLANE('',#10335);
#10335 = AXIS2_PLACEMENT_3D('',#10336,#10337,#10338);
#10336 = CARTESIAN_POINT('',(3.556,-8.89,0.));
#10337 = DIRECTION('',(-0.707106781187,0.707106781187,0.));
#10338 = DIRECTION('',(0.707106781187,0.707106781187,0.));
#10339 = ADVANCED_FACE('',(#10340),#10351,.F.);
#10340 = FACE_BOUND('',#10341,.F.);
#10341 = EDGE_LOOP('',(#10342,#10343,#10344,#10350));
#10342 = ORIENTED_EDGE('',*,*,#10311,.T.);
#10343 = ORIENTED_EDGE('',*,*,#9229,.T.);
#10344 = ORIENTED_EDGE('',*,*,#10345,.F.);
#10345 = EDGE_CURVE('',#8417,#9230,#10346,.T.);
#10346 = LINE('',#10347,#10348);
#10347 = CARTESIAN_POINT('',(-1.27,-11.176,0.));
#10348 = VECTOR('',#10349,1.);
#10349 = DIRECTION('',(0.,0.,1.));
#10350 = ORIENTED_EDGE('',*,*,#8416,.F.);
#10351 = PLANE('',#10352);
#10352 = AXIS2_PLACEMENT_3D('',#10353,#10354,#10355);
#10353 = CARTESIAN_POINT('',(-1.27,-9.144,0.));
#10354 = DIRECTION('',(1.,0.,0.));
#10355 = DIRECTION('',(0.,-1.,0.));
#10356 = ADVANCED_FACE('',(#10357),#10368,.F.);
#10357 = FACE_BOUND('',#10358,.F.);
#10358 = EDGE_LOOP('',(#10359,#10365,#10366,#10367));
#10359 = ORIENTED_EDGE('',*,*,#10360,.T.);
#10360 = EDGE_CURVE('',#8545,#9358,#10361,.T.);
#10361 = LINE('',#10362,#10363);
#10362 = CARTESIAN_POINT('',(3.81,-9.144,0.));
#10363 = VECTOR('',#10364,1.);
#10364 = DIRECTION('',(0.,0.,1.));
#10365 = ORIENTED_EDGE('',*,*,#9365,.T.);
#10366 = ORIENTED_EDGE('',*,*,#10326,.F.);
#10367 = ORIENTED_EDGE('',*,*,#8552,.F.);
#10368 = PLANE('',#10369);
#10369 = AXIS2_PLACEMENT_3D('',#10370,#10371,#10372);
#10370 = CARTESIAN_POINT('',(3.81,-9.144,0.));
#10371 = DIRECTION('',(-0.707106781187,-0.707106781187,0.));
#10372 = DIRECTION('',(-0.707106781187,0.707106781187,0.));
#10373 = ADVANCED_FACE('',(#10374),#10385,.F.);
#10374 = FACE_BOUND('',#10375,.F.);
#10375 = EDGE_LOOP('',(#10376,#10377,#10378,#10384));
#10376 = ORIENTED_EDGE('',*,*,#10345,.T.);
#10377 = ORIENTED_EDGE('',*,*,#9237,.T.);
#10378 = ORIENTED_EDGE('',*,*,#10379,.F.);
#10379 = EDGE_CURVE('',#8425,#9238,#10380,.T.);
#10380 = LINE('',#10381,#10382);
#10381 = CARTESIAN_POINT('',(-1.016,-11.43,0.));
#10382 = VECTOR('',#10383,1.);
#10383 = DIRECTION('',(0.,0.,1.));
#10384 = ORIENTED_EDGE('',*,*,#8424,.F.);
#10385 = PLANE('',#10386);
#10386 = AXIS2_PLACEMENT_3D('',#10387,#10388,#10389);
#10387 = CARTESIAN_POINT('',(-1.27,-11.176,0.));
#10388 = DIRECTION('',(0.707106781187,0.707106781187,0.));
#10389 = DIRECTION('',(0.707106781187,-0.707106781187,0.));
#10390 = ADVANCED_FACE('',(#10391),#10402,.F.);
#10391 = FACE_BOUND('',#10392,.F.);
#10392 = EDGE_LOOP('',(#10393,#10399,#10400,#10401));
#10393 = ORIENTED_EDGE('',*,*,#10394,.T.);
#10394 = EDGE_CURVE('',#8537,#9350,#10395,.T.);
#10395 = LINE('',#10396,#10397);
#10396 = CARTESIAN_POINT('',(3.81,-11.176,0.));
#10397 = VECTOR('',#10398,1.);
#10398 = DIRECTION('',(0.,0.,1.));
#10399 = ORIENTED_EDGE('',*,*,#9357,.T.);
#10400 = ORIENTED_EDGE('',*,*,#10360,.F.);
#10401 = ORIENTED_EDGE('',*,*,#8544,.F.);
#10402 = PLANE('',#10403);
#10403 = AXIS2_PLACEMENT_3D('',#10404,#10405,#10406);
#10404 = CARTESIAN_POINT('',(3.81,-11.176,0.));
#10405 = DIRECTION('',(-1.,0.,0.));
#10406 = DIRECTION('',(0.,1.,0.));
#10407 = ADVANCED_FACE('',(#10408),#10419,.F.);
#10408 = FACE_BOUND('',#10409,.F.);
#10409 = EDGE_LOOP('',(#10410,#10411,#10412,#10418));
#10410 = ORIENTED_EDGE('',*,*,#10379,.T.);
#10411 = ORIENTED_EDGE('',*,*,#9245,.T.);
#10412 = ORIENTED_EDGE('',*,*,#10413,.F.);
#10413 = EDGE_CURVE('',#8433,#9246,#10414,.T.);
#10414 = LINE('',#10415,#10416);
#10415 = CARTESIAN_POINT('',(-1.27,-11.684,0.));
#10416 = VECTOR('',#10417,1.);
#10417 = DIRECTION('',(0.,0.,1.));
#10418 = ORIENTED_EDGE('',*,*,#8432,.F.);
#10419 = PLANE('',#10420);
#10420 = AXIS2_PLACEMENT_3D('',#10421,#10422,#10423);
#10421 = CARTESIAN_POINT('',(-1.016,-11.43,0.));
#10422 = DIRECTION('',(0.707106781187,-0.707106781187,0.));
#10423 = DIRECTION('',(-0.707106781187,-0.707106781187,0.));
#10424 = ADVANCED_FACE('',(#10425),#10436,.F.);
#10425 = FACE_BOUND('',#10426,.F.);
#10426 = EDGE_LOOP('',(#10427,#10433,#10434,#10435));
#10427 = ORIENTED_EDGE('',*,*,#10428,.T.);
#10428 = EDGE_CURVE('',#8529,#9342,#10429,.T.);
#10429 = LINE('',#10430,#10431);
#10430 = CARTESIAN_POINT('',(3.556,-11.43,0.));
#10431 = VECTOR('',#10432,1.);
#10432 = DIRECTION('',(0.,0.,1.));
#10433 = ORIENTED_EDGE('',*,*,#9349,.T.);
#10434 = ORIENTED_EDGE('',*,*,#10394,.F.);
#10435 = ORIENTED_EDGE('',*,*,#8536,.F.);
#10436 = PLANE('',#10437);
#10437 = AXIS2_PLACEMENT_3D('',#10438,#10439,#10440);
#10438 = CARTESIAN_POINT('',(3.556,-11.43,0.));
#10439 = DIRECTION('',(-0.707106781187,0.707106781187,0.));
#10440 = DIRECTION('',(0.707106781187,0.707106781187,0.));
#10441 = ADVANCED_FACE('',(#10442),#10453,.F.);
#10442 = FACE_BOUND('',#10443,.F.);
#10443 = EDGE_LOOP('',(#10444,#10445,#10446,#10452));
#10444 = ORIENTED_EDGE('',*,*,#10413,.T.);
#10445 = ORIENTED_EDGE('',*,*,#9253,.T.);
#10446 = ORIENTED_EDGE('',*,*,#10447,.F.);
#10447 = EDGE_CURVE('',#8441,#9254,#10448,.T.);
#10448 = LINE('',#10449,#10450);
#10449 = CARTESIAN_POINT('',(-1.27,-13.716,0.));
#10450 = VECTOR('',#10451,1.);
#10451 = DIRECTION('',(0.,0.,1.));
#10452 = ORIENTED_EDGE('',*,*,#8440,.F.);
#10453 = PLANE('',#10454);
#10454 = AXIS2_PLACEMENT_3D('',#10455,#10456,#10457);
#10455 = CARTESIAN_POINT('',(-1.27,-11.684,0.));
#10456 = DIRECTION('',(1.,0.,0.));
#10457 = DIRECTION('',(0.,-1.,0.));
#10458 = ADVANCED_FACE('',(#10459),#10470,.F.);
#10459 = FACE_BOUND('',#10460,.F.);
#10460 = EDGE_LOOP('',(#10461,#10467,#10468,#10469));
#10461 = ORIENTED_EDGE('',*,*,#10462,.T.);
#10462 = EDGE_CURVE('',#8521,#9334,#10463,.T.);
#10463 = LINE('',#10464,#10465);
#10464 = CARTESIAN_POINT('',(3.81,-11.684,0.));
#10465 = VECTOR('',#10466,1.);
#10466 = DIRECTION('',(0.,0.,1.));
#10467 = ORIENTED_EDGE('',*,*,#9341,.T.);
#10468 = ORIENTED_EDGE('',*,*,#10428,.F.);
#10469 = ORIENTED_EDGE('',*,*,#8528,.F.);
#10470 = PLANE('',#10471);
#10471 = AXIS2_PLACEMENT_3D('',#10472,#10473,#10474);
#10472 = CARTESIAN_POINT('',(3.81,-11.684,0.));
#10473 = DIRECTION('',(-0.707106781187,-0.707106781187,0.));
#10474 = DIRECTION('',(-0.707106781187,0.707106781187,0.));
#10475 = ADVANCED_FACE('',(#10476),#10487,.F.);
#10476 = FACE_BOUND('',#10477,.F.);
#10477 = EDGE_LOOP('',(#10478,#10479,#10480,#10486));
#10478 = ORIENTED_EDGE('',*,*,#10447,.T.);
#10479 = ORIENTED_EDGE('',*,*,#9261,.T.);
#10480 = ORIENTED_EDGE('',*,*,#10481,.F.);
#10481 = EDGE_CURVE('',#8449,#9262,#10482,.T.);
#10482 = LINE('',#10483,#10484);
#10483 = CARTESIAN_POINT('',(-1.016,-13.97,0.));
#10484 = VECTOR('',#10485,1.);
#10485 = DIRECTION('',(0.,0.,1.));
#10486 = ORIENTED_EDGE('',*,*,#8448,.F.);
#10487 = PLANE('',#10488);
#10488 = AXIS2_PLACEMENT_3D('',#10489,#10490,#10491);
#10489 = CARTESIAN_POINT('',(-1.27,-13.716,0.));
#10490 = DIRECTION('',(0.707106781187,0.707106781187,0.));
#10491 = DIRECTION('',(0.707106781187,-0.707106781187,0.));
#10492 = ADVANCED_FACE('',(#10493),#10504,.F.);
#10493 = FACE_BOUND('',#10494,.F.);
#10494 = EDGE_LOOP('',(#10495,#10501,#10502,#10503));
#10495 = ORIENTED_EDGE('',*,*,#10496,.T.);
#10496 = EDGE_CURVE('',#8513,#9326,#10497,.T.);
#10497 = LINE('',#10498,#10499);
#10498 = CARTESIAN_POINT('',(3.81,-13.716,0.));
#10499 = VECTOR('',#10500,1.);
#10500 = DIRECTION('',(0.,0.,1.));
#10501 = ORIENTED_EDGE('',*,*,#9333,.T.);
#10502 = ORIENTED_EDGE('',*,*,#10462,.F.);
#10503 = ORIENTED_EDGE('',*,*,#8520,.F.);
#10504 = PLANE('',#10505);
#10505 = AXIS2_PLACEMENT_3D('',#10506,#10507,#10508);
#10506 = CARTESIAN_POINT('',(3.81,-13.716,0.));
#10507 = DIRECTION('',(-1.,0.,0.));
#10508 = DIRECTION('',(0.,1.,0.));
#10509 = ADVANCED_FACE('',(#10510),#10521,.F.);
#10510 = FACE_BOUND('',#10511,.F.);
#10511 = EDGE_LOOP('',(#10512,#10513,#10514,#10520));
#10512 = ORIENTED_EDGE('',*,*,#10481,.T.);
#10513 = ORIENTED_EDGE('',*,*,#9269,.T.);
#10514 = ORIENTED_EDGE('',*,*,#10515,.F.);
#10515 = EDGE_CURVE('',#8457,#9270,#10516,.T.);
#10516 = LINE('',#10517,#10518);
#10517 = CARTESIAN_POINT('',(-1.27,-14.224,0.));
#10518 = VECTOR('',#10519,1.);
#10519 = DIRECTION('',(0.,0.,1.));
#10520 = ORIENTED_EDGE('',*,*,#8456,.F.);
#10521 = PLANE('',#10522);
#10522 = AXIS2_PLACEMENT_3D('',#10523,#10524,#10525);
#10523 = CARTESIAN_POINT('',(-1.016,-13.97,0.));
#10524 = DIRECTION('',(0.707106781187,-0.707106781187,0.));
#10525 = DIRECTION('',(-0.707106781187,-0.707106781187,0.));
#10526 = ADVANCED_FACE('',(#10527),#10538,.F.);
#10527 = FACE_BOUND('',#10528,.F.);
#10528 = EDGE_LOOP('',(#10529,#10535,#10536,#10537));
#10529 = ORIENTED_EDGE('',*,*,#10530,.T.);
#10530 = EDGE_CURVE('',#8505,#9318,#10531,.T.);
#10531 = LINE('',#10532,#10533);
#10532 = CARTESIAN_POINT('',(3.556,-13.97,0.));
#10533 = VECTOR('',#10534,1.);
#10534 = DIRECTION('',(0.,0.,1.));
#10535 = ORIENTED_EDGE('',*,*,#9325,.T.);
#10536 = ORIENTED_EDGE('',*,*,#10496,.F.);
#10537 = ORIENTED_EDGE('',*,*,#8512,.F.);
#10538 = PLANE('',#10539);
#10539 = AXIS2_PLACEMENT_3D('',#10540,#10541,#10542);
#10540 = CARTESIAN_POINT('',(3.556,-13.97,0.));
#10541 = DIRECTION('',(-0.707106781187,0.707106781187,0.));
#10542 = DIRECTION('',(0.707106781187,0.707106781187,0.));
#10543 = ADVANCED_FACE('',(#10544),#10555,.F.);
#10544 = FACE_BOUND('',#10545,.F.);
#10545 = EDGE_LOOP('',(#10546,#10547,#10548,#10554));
#10546 = ORIENTED_EDGE('',*,*,#10515,.T.);
#10547 = ORIENTED_EDGE('',*,*,#9277,.T.);
#10548 = ORIENTED_EDGE('',*,*,#10549,.F.);
#10549 = EDGE_CURVE('',#8465,#9278,#10550,.T.);
#10550 = LINE('',#10551,#10552);
#10551 = CARTESIAN_POINT('',(-1.27,-16.256,0.));
#10552 = VECTOR('',#10553,1.);
#10553 = DIRECTION('',(0.,0.,1.));
#10554 = ORIENTED_EDGE('',*,*,#8464,.F.);
#10555 = PLANE('',#10556);
#10556 = AXIS2_PLACEMENT_3D('',#10557,#10558,#10559);
#10557 = CARTESIAN_POINT('',(-1.27,-14.224,0.));
#10558 = DIRECTION('',(1.,0.,0.));
#10559 = DIRECTION('',(0.,-1.,0.));
#10560 = ADVANCED_FACE('',(#10561),#10572,.F.);
#10561 = FACE_BOUND('',#10562,.F.);
#10562 = EDGE_LOOP('',(#10563,#10569,#10570,#10571));
#10563 = ORIENTED_EDGE('',*,*,#10564,.T.);
#10564 = EDGE_CURVE('',#8497,#9310,#10565,.T.);
#10565 = LINE('',#10566,#10567);
#10566 = CARTESIAN_POINT('',(3.81,-14.224,0.));
#10567 = VECTOR('',#10568,1.);
#10568 = DIRECTION('',(0.,0.,1.));
#10569 = ORIENTED_EDGE('',*,*,#9317,.T.);
#10570 = ORIENTED_EDGE('',*,*,#10530,.F.);
#10571 = ORIENTED_EDGE('',*,*,#8504,.F.);
#10572 = PLANE('',#10573);
#10573 = AXIS2_PLACEMENT_3D('',#10574,#10575,#10576);
#10574 = CARTESIAN_POINT('',(3.81,-14.224,0.));
#10575 = DIRECTION('',(-0.707106781187,-0.707106781187,0.));
#10576 = DIRECTION('',(-0.707106781187,0.707106781187,0.));
#10577 = ADVANCED_FACE('',(#10578),#10589,.F.);
#10578 = FACE_BOUND('',#10579,.F.);
#10579 = EDGE_LOOP('',(#10580,#10581,#10582,#10588));
#10580 = ORIENTED_EDGE('',*,*,#10549,.T.);
#10581 = ORIENTED_EDGE('',*,*,#9285,.T.);
#10582 = ORIENTED_EDGE('',*,*,#10583,.F.);
#10583 = EDGE_CURVE('',#8473,#9286,#10584,.T.);
#10584 = LINE('',#10585,#10586);
#10585 = CARTESIAN_POINT('',(-1.016,-16.51,0.));
#10586 = VECTOR('',#10587,1.);
#10587 = DIRECTION('',(0.,0.,1.));
#10588 = ORIENTED_EDGE('',*,*,#8472,.F.);
#10589 = PLANE('',#10590);
#10590 = AXIS2_PLACEMENT_3D('',#10591,#10592,#10593);
#10591 = CARTESIAN_POINT('',(-1.27,-16.256,0.));
#10592 = DIRECTION('',(0.707106781187,0.707106781187,0.));
#10593 = DIRECTION('',(0.707106781187,-0.707106781187,0.));
#10594 = ADVANCED_FACE('',(#10595),#10606,.F.);
#10595 = FACE_BOUND('',#10596,.F.);
#10596 = EDGE_LOOP('',(#10597,#10603,#10604,#10605));
#10597 = ORIENTED_EDGE('',*,*,#10598,.T.);
#10598 = EDGE_CURVE('',#8489,#9302,#10599,.T.);
#10599 = LINE('',#10600,#10601);
#10600 = CARTESIAN_POINT('',(3.81,-16.256,0.));
#10601 = VECTOR('',#10602,1.);
#10602 = DIRECTION('',(0.,0.,1.));
#10603 = ORIENTED_EDGE('',*,*,#9309,.T.);
#10604 = ORIENTED_EDGE('',*,*,#10564,.F.);
#10605 = ORIENTED_EDGE('',*,*,#8496,.F.);
#10606 = PLANE('',#10607);
#10607 = AXIS2_PLACEMENT_3D('',#10608,#10609,#10610);
#10608 = CARTESIAN_POINT('',(3.81,-16.256,0.));
#10609 = DIRECTION('',(-1.,0.,0.));
#10610 = DIRECTION('',(0.,1.,0.));
#10611 = ADVANCED_FACE('',(#10612),#10623,.F.);
#10612 = FACE_BOUND('',#10613,.F.);
#10613 = EDGE_LOOP('',(#10614,#10615,#10616,#10622));
#10614 = ORIENTED_EDGE('',*,*,#10583,.T.);
#10615 = ORIENTED_EDGE('',*,*,#9293,.T.);
#10616 = ORIENTED_EDGE('',*,*,#10617,.F.);
#10617 = EDGE_CURVE('',#8481,#9294,#10618,.T.);
#10618 = LINE('',#10619,#10620);
#10619 = CARTESIAN_POINT('',(3.556,-16.51,0.));
#10620 = VECTOR('',#10621,1.);
#10621 = DIRECTION('',(0.,0.,1.));
#10622 = ORIENTED_EDGE('',*,*,#8480,.F.);
#10623 = PLANE('',#10624);
#10624 = AXIS2_PLACEMENT_3D('',#10625,#10626,#10627);
#10625 = CARTESIAN_POINT('',(-1.016,-16.51,0.));
#10626 = DIRECTION('',(0.,1.,0.));
#10627 = DIRECTION('',(1.,0.,0.));
#10628 = ADVANCED_FACE('',(#10629),#10635,.F.);
#10629 = FACE_BOUND('',#10630,.F.);
#10630 = EDGE_LOOP('',(#10631,#10632,#10633,#10634));
#10631 = ORIENTED_EDGE('',*,*,#10617,.T.);
#10632 = ORIENTED_EDGE('',*,*,#9301,.T.);
#10633 = ORIENTED_EDGE('',*,*,#10598,.F.);
#10634 = ORIENTED_EDGE('',*,*,#8488,.F.);
#10635 = PLANE('',#10636);
#10636 = AXIS2_PLACEMENT_3D('',#10637,#10638,#10639);
#10637 = CARTESIAN_POINT('',(3.556,-16.51,0.));
#10638 = DIRECTION('',(-0.707106781187,0.707106781187,0.));
#10639 = DIRECTION('',(0.707106781187,0.707106781187,0.));
#10640 = ADVANCED_FACE('',(#10641),#10666,.T.);
#10641 = FACE_BOUND('',#10642,.T.);
#10642 = EDGE_LOOP('',(#10643,#10651,#10659,#10665));
#10643 = ORIENTED_EDGE('',*,*,#10644,.F.);
#10644 = EDGE_CURVE('',#10645,#8658,#10647,.T.);
#10645 = VERTEX_POINT('',#10646);
#10646 = CARTESIAN_POINT('',(0.32,-2.86,-2.84));
#10647 = LINE('',#10648,#10649);
#10648 = CARTESIAN_POINT('',(0.32,-2.86,-3.));
#10649 = VECTOR('',#10650,1.);
#10650 = DIRECTION('',(0.,0.,1.));
#10651 = ORIENTED_EDGE('',*,*,#10652,.T.);
#10652 = EDGE_CURVE('',#10645,#10653,#10655,.T.);
#10653 = VERTEX_POINT('',#10654);
#10654 = CARTESIAN_POINT('',(0.32,-2.22,-2.84));
#10655 = LINE('',#10656,#10657);
#10656 = CARTESIAN_POINT('',(0.32,-2.86,-2.84));
#10657 = VECTOR('',#10658,1.);
#10658 = DIRECTION('',(0.,1.,0.));
#10659 = ORIENTED_EDGE('',*,*,#10660,.T.);
#10660 = EDGE_CURVE('',#10653,#8660,#10661,.T.);
#10661 = LINE('',#10662,#10663);
#10662 = CARTESIAN_POINT('',(0.32,-2.22,-3.));
#10663 = VECTOR('',#10664,1.);
#10664 = DIRECTION('',(0.,0.,1.));
#10665 = ORIENTED_EDGE('',*,*,#8657,.F.);
#10666 = PLANE('',#10667);
#10667 = AXIS2_PLACEMENT_3D('',#10668,#10669,#10670);
#10668 = CARTESIAN_POINT('',(0.32,-2.86,-3.));
#10669 = DIRECTION('',(1.,0.,0.));
#10670 = DIRECTION('',(0.,0.,1.));
#10671 = ADVANCED_FACE('',(#10672),#10690,.T.);
#10672 = FACE_BOUND('',#10673,.T.);
#10673 = EDGE_LOOP('',(#10674,#10675,#10683,#10689));
#10674 = ORIENTED_EDGE('',*,*,#10660,.F.);
#10675 = ORIENTED_EDGE('',*,*,#10676,.F.);
#10676 = EDGE_CURVE('',#10677,#10653,#10679,.T.);
#10677 = VERTEX_POINT('',#10678);
#10678 = CARTESIAN_POINT('',(-0.32,-2.22,-2.84));
#10679 = LINE('',#10680,#10681);
#10680 = CARTESIAN_POINT('',(-0.32,-2.22,-2.84));
#10681 = VECTOR('',#10682,1.);
#10682 = DIRECTION('',(1.,0.,0.));
#10683 = ORIENTED_EDGE('',*,*,#10684,.T.);
#10684 = EDGE_CURVE('',#10677,#8676,#10685,.T.);
#10685 = LINE('',#10686,#10687);
#10686 = CARTESIAN_POINT('',(-0.32,-2.22,-3.));
#10687 = VECTOR('',#10688,1.);
#10688 = DIRECTION('',(0.,0.,1.));
#10689 = ORIENTED_EDGE('',*,*,#8683,.F.);
#10690 = PLANE('',#10691);
#10691 = AXIS2_PLACEMENT_3D('',#10692,#10693,#10694);
#10692 = CARTESIAN_POINT('',(-0.32,-2.22,-3.));
#10693 = DIRECTION('',(0.,1.,0.));
#10694 = DIRECTION('',(0.,-0.,1.));
#10695 = ADVANCED_FACE('',(#10696),#10714,.F.);
#10696 = FACE_BOUND('',#10697,.F.);
#10697 = EDGE_LOOP('',(#10698,#10706,#10712,#10713));
#10698 = ORIENTED_EDGE('',*,*,#10699,.F.);
#10699 = EDGE_CURVE('',#10700,#8668,#10702,.T.);
#10700 = VERTEX_POINT('',#10701);
#10701 = CARTESIAN_POINT('',(-0.32,-2.86,-2.84));
#10702 = LINE('',#10703,#10704);
#10703 = CARTESIAN_POINT('',(-0.32,-2.86,-3.));
#10704 = VECTOR('',#10705,1.);
#10705 = DIRECTION('',(0.,0.,1.));
#10706 = ORIENTED_EDGE('',*,*,#10707,.T.);
#10707 = EDGE_CURVE('',#10700,#10677,#10708,.T.);
#10708 = LINE('',#10709,#10710);
#10709 = CARTESIAN_POINT('',(-0.32,-2.86,-2.84));
#10710 = VECTOR('',#10711,1.);
#10711 = DIRECTION('',(0.,1.,0.));
#10712 = ORIENTED_EDGE('',*,*,#10684,.T.);
#10713 = ORIENTED_EDGE('',*,*,#8675,.F.);
#10714 = PLANE('',#10715);
#10715 = AXIS2_PLACEMENT_3D('',#10716,#10717,#10718);
#10716 = CARTESIAN_POINT('',(-0.32,-2.86,-3.));
#10717 = DIRECTION('',(1.,0.,0.));
#10718 = DIRECTION('',(0.,0.,1.));
#10719 = ADVANCED_FACE('',(#10720),#10731,.F.);
#10720 = FACE_BOUND('',#10721,.F.);
#10721 = EDGE_LOOP('',(#10722,#10723,#10729,#10730));
#10722 = ORIENTED_EDGE('',*,*,#10644,.F.);
#10723 = ORIENTED_EDGE('',*,*,#10724,.F.);
#10724 = EDGE_CURVE('',#10700,#10645,#10725,.T.);
#10725 = LINE('',#10726,#10727);
#10726 = CARTESIAN_POINT('',(-0.32,-2.86,-2.84));
#10727 = VECTOR('',#10728,1.);
#10728 = DIRECTION('',(1.,0.,0.));
#10729 = ORIENTED_EDGE('',*,*,#10699,.T.);
#10730 = ORIENTED_EDGE('',*,*,#8667,.F.);
#10731 = PLANE('',#10732);
#10732 = AXIS2_PLACEMENT_3D('',#10733,#10734,#10735);
#10733 = CARTESIAN_POINT('',(-0.32,-2.86,-3.));
#10734 = DIRECTION('',(0.,1.,0.));
#10735 = DIRECTION('',(0.,-0.,1.));
#10736 = ADVANCED_FACE('',(#10737),#10762,.T.);
#10737 = FACE_BOUND('',#10738,.T.);
#10738 = EDGE_LOOP('',(#10739,#10747,#10755,#10761));
#10739 = ORIENTED_EDGE('',*,*,#10740,.F.);
#10740 = EDGE_CURVE('',#10741,#8692,#10743,.T.);
#10741 = VERTEX_POINT('',#10742);
#10742 = CARTESIAN_POINT('',(2.86,-2.22,-2.84));
#10743 = LINE('',#10744,#10745);
#10744 = CARTESIAN_POINT('',(2.86,-2.22,-3.));
#10745 = VECTOR('',#10746,1.);
#10746 = DIRECTION('',(0.,0.,1.));
#10747 = ORIENTED_EDGE('',*,*,#10748,.F.);
#10748 = EDGE_CURVE('',#10749,#10741,#10751,.T.);
#10749 = VERTEX_POINT('',#10750);
#10750 = CARTESIAN_POINT('',(2.22,-2.22,-2.84));
#10751 = LINE('',#10752,#10753);
#10752 = CARTESIAN_POINT('',(2.22,-2.22,-2.84));
#10753 = VECTOR('',#10754,1.);
#10754 = DIRECTION('',(1.,0.,0.));
#10755 = ORIENTED_EDGE('',*,*,#10756,.T.);
#10756 = EDGE_CURVE('',#10749,#8694,#10757,.T.);
#10757 = LINE('',#10758,#10759);
#10758 = CARTESIAN_POINT('',(2.22,-2.22,-3.));
#10759 = VECTOR('',#10760,1.);
#10760 = DIRECTION('',(0.,0.,1.));
#10761 = ORIENTED_EDGE('',*,*,#8691,.F.);
#10762 = PLANE('',#10763);
#10763 = AXIS2_PLACEMENT_3D('',#10764,#10765,#10766);
#10764 = CARTESIAN_POINT('',(2.22,-2.22,-3.));
#10765 = DIRECTION('',(0.,1.,0.));
#10766 = DIRECTION('',(0.,-0.,1.));
#10767 = ADVANCED_FACE('',(#10768),#10786,.F.);
#10768 = FACE_BOUND('',#10769,.F.);
#10769 = EDGE_LOOP('',(#10770,#10778,#10784,#10785));
#10770 = ORIENTED_EDGE('',*,*,#10771,.F.);
#10771 = EDGE_CURVE('',#10772,#8710,#10774,.T.);
#10772 = VERTEX_POINT('',#10773);
#10773 = CARTESIAN_POINT('',(2.22,-2.86,-2.84));
#10774 = LINE('',#10775,#10776);
#10775 = CARTESIAN_POINT('',(2.22,-2.86,-3.));
#10776 = VECTOR('',#10777,1.);
#10777 = DIRECTION('',(0.,0.,1.));
#10778 = ORIENTED_EDGE('',*,*,#10779,.T.);
#10779 = EDGE_CURVE('',#10772,#10749,#10780,.T.);
#10780 = LINE('',#10781,#10782);
#10781 = CARTESIAN_POINT('',(2.22,-2.86,-2.84));
#10782 = VECTOR('',#10783,1.);
#10783 = DIRECTION('',(0.,1.,0.));
#10784 = ORIENTED_EDGE('',*,*,#10756,.T.);
#10785 = ORIENTED_EDGE('',*,*,#8717,.F.);
#10786 = PLANE('',#10787);
#10787 = AXIS2_PLACEMENT_3D('',#10788,#10789,#10790);
#10788 = CARTESIAN_POINT('',(2.22,-2.86,-3.));
#10789 = DIRECTION('',(1.,0.,0.));
#10790 = DIRECTION('',(0.,0.,1.));
#10791 = ADVANCED_FACE('',(#10792),#10810,.F.);
#10792 = FACE_BOUND('',#10793,.F.);
#10793 = EDGE_LOOP('',(#10794,#10802,#10808,#10809));
#10794 = ORIENTED_EDGE('',*,*,#10795,.F.);
#10795 = EDGE_CURVE('',#10796,#8702,#10798,.T.);
#10796 = VERTEX_POINT('',#10797);
#10797 = CARTESIAN_POINT('',(2.86,-2.86,-2.84));
#10798 = LINE('',#10799,#10800);
#10799 = CARTESIAN_POINT('',(2.86,-2.86,-3.));
#10800 = VECTOR('',#10801,1.);
#10801 = DIRECTION('',(0.,0.,1.));
#10802 = ORIENTED_EDGE('',*,*,#10803,.F.);
#10803 = EDGE_CURVE('',#10772,#10796,#10804,.T.);
#10804 = LINE('',#10805,#10806);
#10805 = CARTESIAN_POINT('',(2.22,-2.86,-2.84));
#10806 = VECTOR('',#10807,1.);
#10807 = DIRECTION('',(1.,0.,0.));
#10808 = ORIENTED_EDGE('',*,*,#10771,.T.);
#10809 = ORIENTED_EDGE('',*,*,#8709,.F.);
#10810 = PLANE('',#10811);
#10811 = AXIS2_PLACEMENT_3D('',#10812,#10813,#10814);
#10812 = CARTESIAN_POINT('',(2.22,-2.86,-3.));
#10813 = DIRECTION('',(0.,1.,0.));
#10814 = DIRECTION('',(0.,-0.,1.));
#10815 = ADVANCED_FACE('',(#10816),#10827,.T.);
#10816 = FACE_BOUND('',#10817,.T.);
#10817 = EDGE_LOOP('',(#10818,#10819,#10825,#10826));
#10818 = ORIENTED_EDGE('',*,*,#10795,.F.);
#10819 = ORIENTED_EDGE('',*,*,#10820,.T.);
#10820 = EDGE_CURVE('',#10796,#10741,#10821,.T.);
#10821 = LINE('',#10822,#10823);
#10822 = CARTESIAN_POINT('',(2.86,-2.86,-2.84));
#10823 = VECTOR('',#10824,1.);
#10824 = DIRECTION('',(0.,1.,0.));
#10825 = ORIENTED_EDGE('',*,*,#10740,.T.);
#10826 = ORIENTED_EDGE('',*,*,#8701,.F.);
#10827 = PLANE('',#10828);
#10828 = AXIS2_PLACEMENT_3D('',#10829,#10830,#10831);
#10829 = CARTESIAN_POINT('',(2.86,-2.86,-3.));
#10830 = DIRECTION('',(1.,0.,0.));
#10831 = DIRECTION('',(0.,0.,1.));
#10832 = ADVANCED_FACE('',(#10833),#10858,.T.);
#10833 = FACE_BOUND('',#10834,.T.);
#10834 = EDGE_LOOP('',(#10835,#10843,#10851,#10857));
#10835 = ORIENTED_EDGE('',*,*,#10836,.F.);
#10836 = EDGE_CURVE('',#10837,#8726,#10839,.T.);
#10837 = VERTEX_POINT('',#10838);
#10838 = CARTESIAN_POINT('',(0.32,-4.76,-2.84));
#10839 = LINE('',#10840,#10841);
#10840 = CARTESIAN_POINT('',(0.32,-4.76,-3.));
#10841 = VECTOR('',#10842,1.);
#10842 = DIRECTION('',(0.,0.,1.));
#10843 = ORIENTED_EDGE('',*,*,#10844,.F.);
#10844 = EDGE_CURVE('',#10845,#10837,#10847,.T.);
#10845 = VERTEX_POINT('',#10846);
#10846 = CARTESIAN_POINT('',(-0.32,-4.76,-2.84));
#10847 = LINE('',#10848,#10849);
#10848 = CARTESIAN_POINT('',(-0.32,-4.76,-2.84));
#10849 = VECTOR('',#10850,1.);
#10850 = DIRECTION('',(1.,0.,0.));
#10851 = ORIENTED_EDGE('',*,*,#10852,.T.);
#10852 = EDGE_CURVE('',#10845,#8728,#10853,.T.);
#10853 = LINE('',#10854,#10855);
#10854 = CARTESIAN_POINT('',(-0.32,-4.76,-3.));
#10855 = VECTOR('',#10856,1.);
#10856 = DIRECTION('',(0.,0.,1.));
#10857 = ORIENTED_EDGE('',*,*,#8725,.F.);
#10858 = PLANE('',#10859);
#10859 = AXIS2_PLACEMENT_3D('',#10860,#10861,#10862);
#10860 = CARTESIAN_POINT('',(-0.32,-4.76,-3.));
#10861 = DIRECTION('',(0.,1.,0.));
#10862 = DIRECTION('',(0.,-0.,1.));
#10863 = ADVANCED_FACE('',(#10864),#10882,.F.);
#10864 = FACE_BOUND('',#10865,.F.);
#10865 = EDGE_LOOP('',(#10866,#10874,#10880,#10881));
#10866 = ORIENTED_EDGE('',*,*,#10867,.F.);
#10867 = EDGE_CURVE('',#10868,#8744,#10870,.T.);
#10868 = VERTEX_POINT('',#10869);
#10869 = CARTESIAN_POINT('',(-0.32,-5.4,-2.84));
#10870 = LINE('',#10871,#10872);
#10871 = CARTESIAN_POINT('',(-0.32,-5.4,-3.));
#10872 = VECTOR('',#10873,1.);
#10873 = DIRECTION('',(0.,0.,1.));
#10874 = ORIENTED_EDGE('',*,*,#10875,.T.);
#10875 = EDGE_CURVE('',#10868,#10845,#10876,.T.);
#10876 = LINE('',#10877,#10878);
#10877 = CARTESIAN_POINT('',(-0.32,-5.4,-2.84));
#10878 = VECTOR('',#10879,1.);
#10879 = DIRECTION('',(0.,1.,0.));
#10880 = ORIENTED_EDGE('',*,*,#10852,.T.);
#10881 = ORIENTED_EDGE('',*,*,#8751,.F.);
#10882 = PLANE('',#10883);
#10883 = AXIS2_PLACEMENT_3D('',#10884,#10885,#10886);
#10884 = CARTESIAN_POINT('',(-0.32,-5.4,-3.));
#10885 = DIRECTION('',(1.,0.,0.));
#10886 = DIRECTION('',(0.,0.,1.));
#10887 = ADVANCED_FACE('',(#10888),#10906,.F.);
#10888 = FACE_BOUND('',#10889,.F.);
#10889 = EDGE_LOOP('',(#10890,#10898,#10904,#10905));
#10890 = ORIENTED_EDGE('',*,*,#10891,.F.);
#10891 = EDGE_CURVE('',#10892,#8736,#10894,.T.);
#10892 = VERTEX_POINT('',#10893);
#10893 = CARTESIAN_POINT('',(0.32,-5.4,-2.84));
#10894 = LINE('',#10895,#10896);
#10895 = CARTESIAN_POINT('',(0.32,-5.4,-3.));
#10896 = VECTOR('',#10897,1.);
#10897 = DIRECTION('',(0.,0.,1.));
#10898 = ORIENTED_EDGE('',*,*,#10899,.F.);
#10899 = EDGE_CURVE('',#10868,#10892,#10900,.T.);
#10900 = LINE('',#10901,#10902);
#10901 = CARTESIAN_POINT('',(-0.32,-5.4,-2.84));
#10902 = VECTOR('',#10903,1.);
#10903 = DIRECTION('',(1.,0.,0.));
#10904 = ORIENTED_EDGE('',*,*,#10867,.T.);
#10905 = ORIENTED_EDGE('',*,*,#8743,.F.);
#10906 = PLANE('',#10907);
#10907 = AXIS2_PLACEMENT_3D('',#10908,#10909,#10910);
#10908 = CARTESIAN_POINT('',(-0.32,-5.4,-3.));
#10909 = DIRECTION('',(0.,1.,0.));
#10910 = DIRECTION('',(0.,-0.,1.));
#10911 = ADVANCED_FACE('',(#10912),#10923,.T.);
#10912 = FACE_BOUND('',#10913,.T.);
#10913 = EDGE_LOOP('',(#10914,#10915,#10921,#10922));
#10914 = ORIENTED_EDGE('',*,*,#10891,.F.);
#10915 = ORIENTED_EDGE('',*,*,#10916,.T.);
#10916 = EDGE_CURVE('',#10892,#10837,#10917,.T.);
#10917 = LINE('',#10918,#10919);
#10918 = CARTESIAN_POINT('',(0.32,-5.4,-2.84));
#10919 = VECTOR('',#10920,1.);
#10920 = DIRECTION('',(0.,1.,0.));
#10921 = ORIENTED_EDGE('',*,*,#10836,.T.);
#10922 = ORIENTED_EDGE('',*,*,#8735,.F.);
#10923 = PLANE('',#10924);
#10924 = AXIS2_PLACEMENT_3D('',#10925,#10926,#10927);
#10925 = CARTESIAN_POINT('',(0.32,-5.4,-3.));
#10926 = DIRECTION('',(1.,0.,0.));
#10927 = DIRECTION('',(0.,0.,1.));
#10928 = ADVANCED_FACE('',(#10929),#10954,.T.);
#10929 = FACE_BOUND('',#10930,.T.);
#10930 = EDGE_LOOP('',(#10931,#10939,#10947,#10953));
#10931 = ORIENTED_EDGE('',*,*,#10932,.F.);
#10932 = EDGE_CURVE('',#10933,#8760,#10935,.T.);
#10933 = VERTEX_POINT('',#10934);
#10934 = CARTESIAN_POINT('',(2.86,-5.4,-2.84));
#10935 = LINE('',#10936,#10937);
#10936 = CARTESIAN_POINT('',(2.86,-5.4,-3.));
#10937 = VECTOR('',#10938,1.);
#10938 = DIRECTION('',(0.,0.,1.));
#10939 = ORIENTED_EDGE('',*,*,#10940,.T.);
#10940 = EDGE_CURVE('',#10933,#10941,#10943,.T.);
#10941 = VERTEX_POINT('',#10942);
#10942 = CARTESIAN_POINT('',(2.86,-4.76,-2.84));
#10943 = LINE('',#10944,#10945);
#10944 = CARTESIAN_POINT('',(2.86,-5.4,-2.84));
#10945 = VECTOR('',#10946,1.);
#10946 = DIRECTION('',(0.,1.,0.));
#10947 = ORIENTED_EDGE('',*,*,#10948,.T.);
#10948 = EDGE_CURVE('',#10941,#8762,#10949,.T.);
#10949 = LINE('',#10950,#10951);
#10950 = CARTESIAN_POINT('',(2.86,-4.76,-3.));
#10951 = VECTOR('',#10952,1.);
#10952 = DIRECTION('',(0.,0.,1.));
#10953 = ORIENTED_EDGE('',*,*,#8759,.F.);
#10954 = PLANE('',#10955);
#10955 = AXIS2_PLACEMENT_3D('',#10956,#10957,#10958);
#10956 = CARTESIAN_POINT('',(2.86,-5.4,-3.));
#10957 = DIRECTION('',(1.,0.,0.));
#10958 = DIRECTION('',(0.,0.,1.));
#10959 = ADVANCED_FACE('',(#10960),#10978,.T.);
#10960 = FACE_BOUND('',#10961,.T.);
#10961 = EDGE_LOOP('',(#10962,#10963,#10971,#10977));
#10962 = ORIENTED_EDGE('',*,*,#10948,.F.);
#10963 = ORIENTED_EDGE('',*,*,#10964,.F.);
#10964 = EDGE_CURVE('',#10965,#10941,#10967,.T.);
#10965 = VERTEX_POINT('',#10966);
#10966 = CARTESIAN_POINT('',(2.22,-4.76,-2.84));
#10967 = LINE('',#10968,#10969);
#10968 = CARTESIAN_POINT('',(2.22,-4.76,-2.84));
#10969 = VECTOR('',#10970,1.);
#10970 = DIRECTION('',(1.,0.,0.));
#10971 = ORIENTED_EDGE('',*,*,#10972,.T.);
#10972 = EDGE_CURVE('',#10965,#8778,#10973,.T.);
#10973 = LINE('',#10974,#10975);
#10974 = CARTESIAN_POINT('',(2.22,-4.76,-3.));
#10975 = VECTOR('',#10976,1.);
#10976 = DIRECTION('',(0.,0.,1.));
#10977 = ORIENTED_EDGE('',*,*,#8785,.F.);
#10978 = PLANE('',#10979);
#10979 = AXIS2_PLACEMENT_3D('',#10980,#10981,#10982);
#10980 = CARTESIAN_POINT('',(2.22,-4.76,-3.));
#10981 = DIRECTION('',(0.,1.,0.));
#10982 = DIRECTION('',(0.,-0.,1.));
#10983 = ADVANCED_FACE('',(#10984),#11002,.F.);
#10984 = FACE_BOUND('',#10985,.F.);
#10985 = EDGE_LOOP('',(#10986,#10994,#11000,#11001));
#10986 = ORIENTED_EDGE('',*,*,#10987,.F.);
#10987 = EDGE_CURVE('',#10988,#8770,#10990,.T.);
#10988 = VERTEX_POINT('',#10989);
#10989 = CARTESIAN_POINT('',(2.22,-5.4,-2.84));
#10990 = LINE('',#10991,#10992);
#10991 = CARTESIAN_POINT('',(2.22,-5.4,-3.));
#10992 = VECTOR('',#10993,1.);
#10993 = DIRECTION('',(0.,0.,1.));
#10994 = ORIENTED_EDGE('',*,*,#10995,.T.);
#10995 = EDGE_CURVE('',#10988,#10965,#10996,.T.);
#10996 = LINE('',#10997,#10998);
#10997 = CARTESIAN_POINT('',(2.22,-5.4,-2.84));
#10998 = VECTOR('',#10999,1.);
#10999 = DIRECTION('',(0.,1.,0.));
#11000 = ORIENTED_EDGE('',*,*,#10972,.T.);
#11001 = ORIENTED_EDGE('',*,*,#8777,.F.);
#11002 = PLANE('',#11003);
#11003 = AXIS2_PLACEMENT_3D('',#11004,#11005,#11006);
#11004 = CARTESIAN_POINT('',(2.22,-5.4,-3.));
#11005 = DIRECTION('',(1.,0.,0.));
#11006 = DIRECTION('',(0.,0.,1.));
#11007 = ADVANCED_FACE('',(#11008),#11019,.F.);
#11008 = FACE_BOUND('',#11009,.F.);
#11009 = EDGE_LOOP('',(#11010,#11011,#11017,#11018));
#11010 = ORIENTED_EDGE('',*,*,#10932,.F.);
#11011 = ORIENTED_EDGE('',*,*,#11012,.F.);
#11012 = EDGE_CURVE('',#10988,#10933,#11013,.T.);
#11013 = LINE('',#11014,#11015);
#11014 = CARTESIAN_POINT('',(2.22,-5.4,-2.84));
#11015 = VECTOR('',#11016,1.);
#11016 = DIRECTION('',(1.,0.,0.));
#11017 = ORIENTED_EDGE('',*,*,#10987,.T.);
#11018 = ORIENTED_EDGE('',*,*,#8769,.F.);
#11019 = PLANE('',#11020);
#11020 = AXIS2_PLACEMENT_3D('',#11021,#11022,#11023);
#11021 = CARTESIAN_POINT('',(2.22,-5.4,-3.));
#11022 = DIRECTION('',(0.,1.,0.));
#11023 = DIRECTION('',(0.,-0.,1.));
#11024 = ADVANCED_FACE('',(#11025),#11050,.T.);
#11025 = FACE_BOUND('',#11026,.T.);
#11026 = EDGE_LOOP('',(#11027,#11035,#11043,#11049));
#11027 = ORIENTED_EDGE('',*,*,#11028,.F.);
#11028 = EDGE_CURVE('',#11029,#8794,#11031,.T.);
#11029 = VERTEX_POINT('',#11030);
#11030 = CARTESIAN_POINT('',(2.86,-9.84,-2.84));
#11031 = LINE('',#11032,#11033);
#11032 = CARTESIAN_POINT('',(2.86,-9.84,-3.));
#11033 = VECTOR('',#11034,1.);
#11034 = DIRECTION('',(0.,0.,1.));
#11035 = ORIENTED_EDGE('',*,*,#11036,.F.);
#11036 = EDGE_CURVE('',#11037,#11029,#11039,.T.);
#11037 = VERTEX_POINT('',#11038);
#11038 = CARTESIAN_POINT('',(2.22,-9.84,-2.84));
#11039 = LINE('',#11040,#11041);
#11040 = CARTESIAN_POINT('',(2.22,-9.84,-2.84));
#11041 = VECTOR('',#11042,1.);
#11042 = DIRECTION('',(1.,0.,0.));
#11043 = ORIENTED_EDGE('',*,*,#11044,.T.);
#11044 = EDGE_CURVE('',#11037,#8796,#11045,.T.);
#11045 = LINE('',#11046,#11047);
#11046 = CARTESIAN_POINT('',(2.22,-9.84,-3.));
#11047 = VECTOR('',#11048,1.);
#11048 = DIRECTION('',(0.,0.,1.));
#11049 = ORIENTED_EDGE('',*,*,#8793,.F.);
#11050 = PLANE('',#11051);
#11051 = AXIS2_PLACEMENT_3D('',#11052,#11053,#11054);
#11052 = CARTESIAN_POINT('',(2.22,-9.84,-3.));
#11053 = DIRECTION('',(0.,1.,0.));
#11054 = DIRECTION('',(0.,-0.,1.));
#11055 = ADVANCED_FACE('',(#11056),#11074,.F.);
#11056 = FACE_BOUND('',#11057,.F.);
#11057 = EDGE_LOOP('',(#11058,#11066,#11072,#11073));
#11058 = ORIENTED_EDGE('',*,*,#11059,.F.);
#11059 = EDGE_CURVE('',#11060,#8812,#11062,.T.);
#11060 = VERTEX_POINT('',#11061);
#11061 = CARTESIAN_POINT('',(2.22,-10.48,-2.84));
#11062 = LINE('',#11063,#11064);
#11063 = CARTESIAN_POINT('',(2.22,-10.48,-3.));
#11064 = VECTOR('',#11065,1.);
#11065 = DIRECTION('',(0.,0.,1.));
#11066 = ORIENTED_EDGE('',*,*,#11067,.T.);
#11067 = EDGE_CURVE('',#11060,#11037,#11068,.T.);
#11068 = LINE('',#11069,#11070);
#11069 = CARTESIAN_POINT('',(2.22,-10.48,-2.84));
#11070 = VECTOR('',#11071,1.);
#11071 = DIRECTION('',(0.,1.,0.));
#11072 = ORIENTED_EDGE('',*,*,#11044,.T.);
#11073 = ORIENTED_EDGE('',*,*,#8819,.F.);
#11074 = PLANE('',#11075);
#11075 = AXIS2_PLACEMENT_3D('',#11076,#11077,#11078);
#11076 = CARTESIAN_POINT('',(2.22,-10.48,-3.));
#11077 = DIRECTION('',(1.,0.,0.));
#11078 = DIRECTION('',(0.,0.,1.));
#11079 = ADVANCED_FACE('',(#11080),#11098,.F.);
#11080 = FACE_BOUND('',#11081,.F.);
#11081 = EDGE_LOOP('',(#11082,#11090,#11096,#11097));
#11082 = ORIENTED_EDGE('',*,*,#11083,.F.);
#11083 = EDGE_CURVE('',#11084,#8804,#11086,.T.);
#11084 = VERTEX_POINT('',#11085);
#11085 = CARTESIAN_POINT('',(2.86,-10.48,-2.84));
#11086 = LINE('',#11087,#11088);
#11087 = CARTESIAN_POINT('',(2.86,-10.48,-3.));
#11088 = VECTOR('',#11089,1.);
#11089 = DIRECTION('',(0.,0.,1.));
#11090 = ORIENTED_EDGE('',*,*,#11091,.F.);
#11091 = EDGE_CURVE('',#11060,#11084,#11092,.T.);
#11092 = LINE('',#11093,#11094);
#11093 = CARTESIAN_POINT('',(2.22,-10.48,-2.84));
#11094 = VECTOR('',#11095,1.);
#11095 = DIRECTION('',(1.,0.,0.));
#11096 = ORIENTED_EDGE('',*,*,#11059,.T.);
#11097 = ORIENTED_EDGE('',*,*,#8811,.F.);
#11098 = PLANE('',#11099);
#11099 = AXIS2_PLACEMENT_3D('',#11100,#11101,#11102);
#11100 = CARTESIAN_POINT('',(2.22,-10.48,-3.));
#11101 = DIRECTION('',(0.,1.,0.));
#11102 = DIRECTION('',(0.,-0.,1.));
#11103 = ADVANCED_FACE('',(#11104),#11115,.T.);
#11104 = FACE_BOUND('',#11105,.T.);
#11105 = EDGE_LOOP('',(#11106,#11107,#11113,#11114));
#11106 = ORIENTED_EDGE('',*,*,#11083,.F.);
#11107 = ORIENTED_EDGE('',*,*,#11108,.T.);
#11108 = EDGE_CURVE('',#11084,#11029,#11109,.T.);
#11109 = LINE('',#11110,#11111);
#11110 = CARTESIAN_POINT('',(2.86,-10.48,-2.84));
#11111 = VECTOR('',#11112,1.);
#11112 = DIRECTION('',(0.,1.,0.));
#11113 = ORIENTED_EDGE('',*,*,#11028,.T.);
#11114 = ORIENTED_EDGE('',*,*,#8803,.F.);
#11115 = PLANE('',#11116);
#11116 = AXIS2_PLACEMENT_3D('',#11117,#11118,#11119);
#11117 = CARTESIAN_POINT('',(2.86,-10.48,-3.));
#11118 = DIRECTION('',(1.,0.,0.));
#11119 = DIRECTION('',(0.,0.,1.));
#11120 = ADVANCED_FACE('',(#11121),#11146,.F.);
#11121 = FACE_BOUND('',#11122,.F.);
#11122 = EDGE_LOOP('',(#11123,#11131,#11139,#11145));
#11123 = ORIENTED_EDGE('',*,*,#11124,.F.);
#11124 = EDGE_CURVE('',#11125,#8828,#11127,.T.);
#11125 = VERTEX_POINT('',#11126);
#11126 = CARTESIAN_POINT('',(0.32,-10.48,-2.84));
#11127 = LINE('',#11128,#11129);
#11128 = CARTESIAN_POINT('',(0.32,-10.48,-3.));
#11129 = VECTOR('',#11130,1.);
#11130 = DIRECTION('',(0.,0.,1.));
#11131 = ORIENTED_EDGE('',*,*,#11132,.F.);
#11132 = EDGE_CURVE('',#11133,#11125,#11135,.T.);
#11133 = VERTEX_POINT('',#11134);
#11134 = CARTESIAN_POINT('',(-0.32,-10.48,-2.84));
#11135 = LINE('',#11136,#11137);
#11136 = CARTESIAN_POINT('',(-0.32,-10.48,-2.84));
#11137 = VECTOR('',#11138,1.);
#11138 = DIRECTION('',(1.,0.,0.));
#11139 = ORIENTED_EDGE('',*,*,#11140,.T.);
#11140 = EDGE_CURVE('',#11133,#8830,#11141,.T.);
#11141 = LINE('',#11142,#11143);
#11142 = CARTESIAN_POINT('',(-0.32,-10.48,-3.));
#11143 = VECTOR('',#11144,1.);
#11144 = DIRECTION('',(0.,0.,1.));
#11145 = ORIENTED_EDGE('',*,*,#8827,.F.);
#11146 = PLANE('',#11147);
#11147 = AXIS2_PLACEMENT_3D('',#11148,#11149,#11150);
#11148 = CARTESIAN_POINT('',(-0.32,-10.48,-3.));
#11149 = DIRECTION('',(0.,1.,0.));
#11150 = DIRECTION('',(0.,-0.,1.));
#11151 = ADVANCED_FACE('',(#11152),#11170,.T.);
#11152 = FACE_BOUND('',#11153,.T.);
#11153 = EDGE_LOOP('',(#11154,#11155,#11163,#11169));
#11154 = ORIENTED_EDGE('',*,*,#11124,.F.);
#11155 = ORIENTED_EDGE('',*,*,#11156,.T.);
#11156 = EDGE_CURVE('',#11125,#11157,#11159,.T.);
#11157 = VERTEX_POINT('',#11158);
#11158 = CARTESIAN_POINT('',(0.32,-9.84,-2.84));
#11159 = LINE('',#11160,#11161);
#11160 = CARTESIAN_POINT('',(0.32,-10.48,-2.84));
#11161 = VECTOR('',#11162,1.);
#11162 = DIRECTION('',(0.,1.,0.));
#11163 = ORIENTED_EDGE('',*,*,#11164,.T.);
#11164 = EDGE_CURVE('',#11157,#8846,#11165,.T.);
#11165 = LINE('',#11166,#11167);
#11166 = CARTESIAN_POINT('',(0.32,-9.84,-3.));
#11167 = VECTOR('',#11168,1.);
#11168 = DIRECTION('',(0.,0.,1.));
#11169 = ORIENTED_EDGE('',*,*,#8853,.F.);
#11170 = PLANE('',#11171);
#11171 = AXIS2_PLACEMENT_3D('',#11172,#11173,#11174);
#11172 = CARTESIAN_POINT('',(0.32,-10.48,-3.));
#11173 = DIRECTION('',(1.,0.,0.));
#11174 = DIRECTION('',(0.,0.,1.));
#11175 = ADVANCED_FACE('',(#11176),#11194,.T.);
#11176 = FACE_BOUND('',#11177,.T.);
#11177 = EDGE_LOOP('',(#11178,#11179,#11187,#11193));
#11178 = ORIENTED_EDGE('',*,*,#11164,.F.);
#11179 = ORIENTED_EDGE('',*,*,#11180,.F.);
#11180 = EDGE_CURVE('',#11181,#11157,#11183,.T.);
#11181 = VERTEX_POINT('',#11182);
#11182 = CARTESIAN_POINT('',(-0.32,-9.84,-2.84));
#11183 = LINE('',#11184,#11185);
#11184 = CARTESIAN_POINT('',(-0.32,-9.84,-2.84));
#11185 = VECTOR('',#11186,1.);
#11186 = DIRECTION('',(1.,0.,0.));
#11187 = ORIENTED_EDGE('',*,*,#11188,.T.);
#11188 = EDGE_CURVE('',#11181,#8838,#11189,.T.);
#11189 = LINE('',#11190,#11191);
#11190 = CARTESIAN_POINT('',(-0.32,-9.84,-3.));
#11191 = VECTOR('',#11192,1.);
#11192 = DIRECTION('',(0.,0.,1.));
#11193 = ORIENTED_EDGE('',*,*,#8845,.F.);
#11194 = PLANE('',#11195);
#11195 = AXIS2_PLACEMENT_3D('',#11196,#11197,#11198);
#11196 = CARTESIAN_POINT('',(-0.32,-9.84,-3.));
#11197 = DIRECTION('',(0.,1.,0.));
#11198 = DIRECTION('',(0.,-0.,1.));
#11199 = ADVANCED_FACE('',(#11200),#11211,.F.);
#11200 = FACE_BOUND('',#11201,.F.);
#11201 = EDGE_LOOP('',(#11202,#11203,#11209,#11210));
#11202 = ORIENTED_EDGE('',*,*,#11140,.F.);
#11203 = ORIENTED_EDGE('',*,*,#11204,.T.);
#11204 = EDGE_CURVE('',#11133,#11181,#11205,.T.);
#11205 = LINE('',#11206,#11207);
#11206 = CARTESIAN_POINT('',(-0.32,-10.48,-2.84));
#11207 = VECTOR('',#11208,1.);
#11208 = DIRECTION('',(0.,1.,0.));
#11209 = ORIENTED_EDGE('',*,*,#11188,.T.);
#11210 = ORIENTED_EDGE('',*,*,#8837,.F.);
#11211 = PLANE('',#11212);
#11212 = AXIS2_PLACEMENT_3D('',#11213,#11214,#11215);
#11213 = CARTESIAN_POINT('',(-0.32,-10.48,-3.));
#11214 = DIRECTION('',(1.,0.,0.));
#11215 = DIRECTION('',(0.,0.,1.));
#11216 = ADVANCED_FACE('',(#11217),#11242,.F.);
#11217 = FACE_BOUND('',#11218,.F.);
#11218 = EDGE_LOOP('',(#11219,#11227,#11235,#11241));
#11219 = ORIENTED_EDGE('',*,*,#11220,.F.);
#11220 = EDGE_CURVE('',#11221,#8862,#11223,.T.);
#11221 = VERTEX_POINT('',#11222);
#11222 = CARTESIAN_POINT('',(0.32,-7.94,-2.84));
#11223 = LINE('',#11224,#11225);
#11224 = CARTESIAN_POINT('',(0.32,-7.94,-3.));
#11225 = VECTOR('',#11226,1.);
#11226 = DIRECTION('',(0.,0.,1.));
#11227 = ORIENTED_EDGE('',*,*,#11228,.F.);
#11228 = EDGE_CURVE('',#11229,#11221,#11231,.T.);
#11229 = VERTEX_POINT('',#11230);
#11230 = CARTESIAN_POINT('',(-0.32,-7.94,-2.84));
#11231 = LINE('',#11232,#11233);
#11232 = CARTESIAN_POINT('',(-0.32,-7.94,-2.84));
#11233 = VECTOR('',#11234,1.);
#11234 = DIRECTION('',(1.,0.,0.));
#11235 = ORIENTED_EDGE('',*,*,#11236,.T.);
#11236 = EDGE_CURVE('',#11229,#8864,#11237,.T.);
#11237 = LINE('',#11238,#11239);
#11238 = CARTESIAN_POINT('',(-0.32,-7.94,-3.));
#11239 = VECTOR('',#11240,1.);
#11240 = DIRECTION('',(0.,0.,1.));
#11241 = ORIENTED_EDGE('',*,*,#8861,.F.);
#11242 = PLANE('',#11243);
#11243 = AXIS2_PLACEMENT_3D('',#11244,#11245,#11246);
#11244 = CARTESIAN_POINT('',(-0.32,-7.94,-3.));
#11245 = DIRECTION('',(0.,1.,0.));
#11246 = DIRECTION('',(0.,-0.,1.));
#11247 = ADVANCED_FACE('',(#11248),#11266,.T.);
#11248 = FACE_BOUND('',#11249,.T.);
#11249 = EDGE_LOOP('',(#11250,#11251,#11259,#11265));
#11250 = ORIENTED_EDGE('',*,*,#11220,.F.);
#11251 = ORIENTED_EDGE('',*,*,#11252,.T.);
#11252 = EDGE_CURVE('',#11221,#11253,#11255,.T.);
#11253 = VERTEX_POINT('',#11254);
#11254 = CARTESIAN_POINT('',(0.32,-7.3,-2.84));
#11255 = LINE('',#11256,#11257);
#11256 = CARTESIAN_POINT('',(0.32,-7.94,-2.84));
#11257 = VECTOR('',#11258,1.);
#11258 = DIRECTION('',(0.,1.,0.));
#11259 = ORIENTED_EDGE('',*,*,#11260,.T.);
#11260 = EDGE_CURVE('',#11253,#8880,#11261,.T.);
#11261 = LINE('',#11262,#11263);
#11262 = CARTESIAN_POINT('',(0.32,-7.3,-3.));
#11263 = VECTOR('',#11264,1.);
#11264 = DIRECTION('',(0.,0.,1.));
#11265 = ORIENTED_EDGE('',*,*,#8887,.F.);
#11266 = PLANE('',#11267);
#11267 = AXIS2_PLACEMENT_3D('',#11268,#11269,#11270);
#11268 = CARTESIAN_POINT('',(0.32,-7.94,-3.));
#11269 = DIRECTION('',(1.,0.,0.));
#11270 = DIRECTION('',(0.,0.,1.));
#11271 = ADVANCED_FACE('',(#11272),#11290,.T.);
#11272 = FACE_BOUND('',#11273,.T.);
#11273 = EDGE_LOOP('',(#11274,#11275,#11283,#11289));
#11274 = ORIENTED_EDGE('',*,*,#11260,.F.);
#11275 = ORIENTED_EDGE('',*,*,#11276,.F.);
#11276 = EDGE_CURVE('',#11277,#11253,#11279,.T.);
#11277 = VERTEX_POINT('',#11278);
#11278 = CARTESIAN_POINT('',(-0.32,-7.3,-2.84));
#11279 = LINE('',#11280,#11281);
#11280 = CARTESIAN_POINT('',(-0.32,-7.3,-2.84));
#11281 = VECTOR('',#11282,1.);
#11282 = DIRECTION('',(1.,0.,0.));
#11283 = ORIENTED_EDGE('',*,*,#11284,.T.);
#11284 = EDGE_CURVE('',#11277,#8872,#11285,.T.);
#11285 = LINE('',#11286,#11287);
#11286 = CARTESIAN_POINT('',(-0.32,-7.3,-3.));
#11287 = VECTOR('',#11288,1.);
#11288 = DIRECTION('',(0.,0.,1.));
#11289 = ORIENTED_EDGE('',*,*,#8879,.F.);
#11290 = PLANE('',#11291);
#11291 = AXIS2_PLACEMENT_3D('',#11292,#11293,#11294);
#11292 = CARTESIAN_POINT('',(-0.32,-7.3,-3.));
#11293 = DIRECTION('',(0.,1.,0.));
#11294 = DIRECTION('',(0.,-0.,1.));
#11295 = ADVANCED_FACE('',(#11296),#11307,.F.);
#11296 = FACE_BOUND('',#11297,.F.);
#11297 = EDGE_LOOP('',(#11298,#11299,#11305,#11306));
#11298 = ORIENTED_EDGE('',*,*,#11236,.F.);
#11299 = ORIENTED_EDGE('',*,*,#11300,.T.);
#11300 = EDGE_CURVE('',#11229,#11277,#11301,.T.);
#11301 = LINE('',#11302,#11303);
#11302 = CARTESIAN_POINT('',(-0.32,-7.94,-2.84));
#11303 = VECTOR('',#11304,1.);
#11304 = DIRECTION('',(0.,1.,0.));
#11305 = ORIENTED_EDGE('',*,*,#11284,.T.);
#11306 = ORIENTED_EDGE('',*,*,#8871,.F.);
#11307 = PLANE('',#11308);
#11308 = AXIS2_PLACEMENT_3D('',#11309,#11310,#11311);
#11309 = CARTESIAN_POINT('',(-0.32,-7.94,-3.));
#11310 = DIRECTION('',(1.,0.,0.));
#11311 = DIRECTION('',(0.,0.,1.));
#11312 = ADVANCED_FACE('',(#11313),#11338,.T.);
#11313 = FACE_BOUND('',#11314,.T.);
#11314 = EDGE_LOOP('',(#11315,#11323,#11331,#11337));
#11315 = ORIENTED_EDGE('',*,*,#11316,.F.);
#11316 = EDGE_CURVE('',#11317,#8896,#11319,.T.);
#11317 = VERTEX_POINT('',#11318);
#11318 = CARTESIAN_POINT('',(2.86,-7.3,-2.84));
#11319 = LINE('',#11320,#11321);
#11320 = CARTESIAN_POINT('',(2.86,-7.3,-3.));
#11321 = VECTOR('',#11322,1.);
#11322 = DIRECTION('',(0.,0.,1.));
#11323 = ORIENTED_EDGE('',*,*,#11324,.F.);
#11324 = EDGE_CURVE('',#11325,#11317,#11327,.T.);
#11325 = VERTEX_POINT('',#11326);
#11326 = CARTESIAN_POINT('',(2.22,-7.3,-2.84));
#11327 = LINE('',#11328,#11329);
#11328 = CARTESIAN_POINT('',(2.22,-7.3,-2.84));
#11329 = VECTOR('',#11330,1.);
#11330 = DIRECTION('',(1.,0.,0.));
#11331 = ORIENTED_EDGE('',*,*,#11332,.T.);
#11332 = EDGE_CURVE('',#11325,#8898,#11333,.T.);
#11333 = LINE('',#11334,#11335);
#11334 = CARTESIAN_POINT('',(2.22,-7.3,-3.));
#11335 = VECTOR('',#11336,1.);
#11336 = DIRECTION('',(0.,0.,1.));
#11337 = ORIENTED_EDGE('',*,*,#8895,.F.);
#11338 = PLANE('',#11339);
#11339 = AXIS2_PLACEMENT_3D('',#11340,#11341,#11342);
#11340 = CARTESIAN_POINT('',(2.22,-7.3,-3.));
#11341 = DIRECTION('',(0.,1.,0.));
#11342 = DIRECTION('',(0.,-0.,1.));
#11343 = ADVANCED_FACE('',(#11344),#11362,.F.);
#11344 = FACE_BOUND('',#11345,.F.);
#11345 = EDGE_LOOP('',(#11346,#11354,#11360,#11361));
#11346 = ORIENTED_EDGE('',*,*,#11347,.F.);
#11347 = EDGE_CURVE('',#11348,#8914,#11350,.T.);
#11348 = VERTEX_POINT('',#11349);
#11349 = CARTESIAN_POINT('',(2.22,-7.94,-2.84));
#11350 = LINE('',#11351,#11352);
#11351 = CARTESIAN_POINT('',(2.22,-7.94,-3.));
#11352 = VECTOR('',#11353,1.);
#11353 = DIRECTION('',(0.,0.,1.));
#11354 = ORIENTED_EDGE('',*,*,#11355,.T.);
#11355 = EDGE_CURVE('',#11348,#11325,#11356,.T.);
#11356 = LINE('',#11357,#11358);
#11357 = CARTESIAN_POINT('',(2.22,-7.94,-2.84));
#11358 = VECTOR('',#11359,1.);
#11359 = DIRECTION('',(0.,1.,0.));
#11360 = ORIENTED_EDGE('',*,*,#11332,.T.);
#11361 = ORIENTED_EDGE('',*,*,#8921,.F.);
#11362 = PLANE('',#11363);
#11363 = AXIS2_PLACEMENT_3D('',#11364,#11365,#11366);
#11364 = CARTESIAN_POINT('',(2.22,-7.94,-3.));
#11365 = DIRECTION('',(1.,0.,0.));
#11366 = DIRECTION('',(0.,0.,1.));
#11367 = ADVANCED_FACE('',(#11368),#11386,.F.);
#11368 = FACE_BOUND('',#11369,.F.);
#11369 = EDGE_LOOP('',(#11370,#11378,#11384,#11385));
#11370 = ORIENTED_EDGE('',*,*,#11371,.F.);
#11371 = EDGE_CURVE('',#11372,#8906,#11374,.T.);
#11372 = VERTEX_POINT('',#11373);
#11373 = CARTESIAN_POINT('',(2.86,-7.94,-2.84));
#11374 = LINE('',#11375,#11376);
#11375 = CARTESIAN_POINT('',(2.86,-7.94,-3.));
#11376 = VECTOR('',#11377,1.);
#11377 = DIRECTION('',(0.,0.,1.));
#11378 = ORIENTED_EDGE('',*,*,#11379,.F.);
#11379 = EDGE_CURVE('',#11348,#11372,#11380,.T.);
#11380 = LINE('',#11381,#11382);
#11381 = CARTESIAN_POINT('',(2.22,-7.94,-2.84));
#11382 = VECTOR('',#11383,1.);
#11383 = DIRECTION('',(1.,0.,0.));
#11384 = ORIENTED_EDGE('',*,*,#11347,.T.);
#11385 = ORIENTED_EDGE('',*,*,#8913,.F.);
#11386 = PLANE('',#11387);
#11387 = AXIS2_PLACEMENT_3D('',#11388,#11389,#11390);
#11388 = CARTESIAN_POINT('',(2.22,-7.94,-3.));
#11389 = DIRECTION('',(0.,1.,0.));
#11390 = DIRECTION('',(0.,-0.,1.));
#11391 = ADVANCED_FACE('',(#11392),#11403,.T.);
#11392 = FACE_BOUND('',#11393,.T.);
#11393 = EDGE_LOOP('',(#11394,#11395,#11401,#11402));
#11394 = ORIENTED_EDGE('',*,*,#11371,.F.);
#11395 = ORIENTED_EDGE('',*,*,#11396,.T.);
#11396 = EDGE_CURVE('',#11372,#11317,#11397,.T.);
#11397 = LINE('',#11398,#11399);
#11398 = CARTESIAN_POINT('',(2.86,-7.94,-2.84));
#11399 = VECTOR('',#11400,1.);
#11400 = DIRECTION('',(0.,1.,0.));
#11401 = ORIENTED_EDGE('',*,*,#11316,.T.);
#11402 = ORIENTED_EDGE('',*,*,#8905,.F.);
#11403 = PLANE('',#11404);
#11404 = AXIS2_PLACEMENT_3D('',#11405,#11406,#11407);
#11405 = CARTESIAN_POINT('',(2.86,-7.94,-3.));
#11406 = DIRECTION('',(1.,0.,0.));
#11407 = DIRECTION('',(0.,0.,1.));
#11408 = ADVANCED_FACE('',(#11409),#11434,.T.);
#11409 = FACE_BOUND('',#11410,.T.);
#11410 = EDGE_LOOP('',(#11411,#11419,#11427,#11433));
#11411 = ORIENTED_EDGE('',*,*,#11412,.F.);
#11412 = EDGE_CURVE('',#11413,#8930,#11415,.T.);
#11413 = VERTEX_POINT('',#11414);
#11414 = CARTESIAN_POINT('',(0.32,-0.32,-2.84));
#11415 = LINE('',#11416,#11417);
#11416 = CARTESIAN_POINT('',(0.32,-0.32,-3.));
#11417 = VECTOR('',#11418,1.);
#11418 = DIRECTION('',(0.,0.,1.));
#11419 = ORIENTED_EDGE('',*,*,#11420,.T.);
#11420 = EDGE_CURVE('',#11413,#11421,#11423,.T.);
#11421 = VERTEX_POINT('',#11422);
#11422 = CARTESIAN_POINT('',(0.32,0.32,-2.84));
#11423 = LINE('',#11424,#11425);
#11424 = CARTESIAN_POINT('',(0.32,-0.32,-2.84));
#11425 = VECTOR('',#11426,1.);
#11426 = DIRECTION('',(0.,1.,0.));
#11427 = ORIENTED_EDGE('',*,*,#11428,.T.);
#11428 = EDGE_CURVE('',#11421,#8932,#11429,.T.);
#11429 = LINE('',#11430,#11431);
#11430 = CARTESIAN_POINT('',(0.32,0.32,-3.));
#11431 = VECTOR('',#11432,1.);
#11432 = DIRECTION('',(0.,0.,1.));
#11433 = ORIENTED_EDGE('',*,*,#8929,.F.);
#11434 = PLANE('',#11435);
#11435 = AXIS2_PLACEMENT_3D('',#11436,#11437,#11438);
#11436 = CARTESIAN_POINT('',(0.32,-0.32,-3.));
#11437 = DIRECTION('',(1.,0.,0.));
#11438 = DIRECTION('',(0.,0.,1.));
#11439 = ADVANCED_FACE('',(#11440),#11458,.T.);
#11440 = FACE_BOUND('',#11441,.T.);
#11441 = EDGE_LOOP('',(#11442,#11443,#11451,#11457));
#11442 = ORIENTED_EDGE('',*,*,#11428,.F.);
#11443 = ORIENTED_EDGE('',*,*,#11444,.F.);
#11444 = EDGE_CURVE('',#11445,#11421,#11447,.T.);
#11445 = VERTEX_POINT('',#11446);
#11446 = CARTESIAN_POINT('',(-0.32,0.32,-2.84));
#11447 = LINE('',#11448,#11449);
#11448 = CARTESIAN_POINT('',(-0.32,0.32,-2.84));
#11449 = VECTOR('',#11450,1.);
#11450 = DIRECTION('',(1.,0.,0.));
#11451 = ORIENTED_EDGE('',*,*,#11452,.T.);
#11452 = EDGE_CURVE('',#11445,#8948,#11453,.T.);
#11453 = LINE('',#11454,#11455);
#11454 = CARTESIAN_POINT('',(-0.32,0.32,-3.));
#11455 = VECTOR('',#11456,1.);
#11456 = DIRECTION('',(0.,0.,1.));
#11457 = ORIENTED_EDGE('',*,*,#8955,.F.);
#11458 = PLANE('',#11459);
#11459 = AXIS2_PLACEMENT_3D('',#11460,#11461,#11462);
#11460 = CARTESIAN_POINT('',(-0.32,0.32,-3.));
#11461 = DIRECTION('',(0.,1.,0.));
#11462 = DIRECTION('',(0.,-0.,1.));
#11463 = ADVANCED_FACE('',(#11464),#11482,.F.);
#11464 = FACE_BOUND('',#11465,.F.);
#11465 = EDGE_LOOP('',(#11466,#11474,#11480,#11481));
#11466 = ORIENTED_EDGE('',*,*,#11467,.F.);
#11467 = EDGE_CURVE('',#11468,#8940,#11470,.T.);
#11468 = VERTEX_POINT('',#11469);
#11469 = CARTESIAN_POINT('',(-0.32,-0.32,-2.84));
#11470 = LINE('',#11471,#11472);
#11471 = CARTESIAN_POINT('',(-0.32,-0.32,-3.));
#11472 = VECTOR('',#11473,1.);
#11473 = DIRECTION('',(0.,0.,1.));
#11474 = ORIENTED_EDGE('',*,*,#11475,.T.);
#11475 = EDGE_CURVE('',#11468,#11445,#11476,.T.);
#11476 = LINE('',#11477,#11478);
#11477 = CARTESIAN_POINT('',(-0.32,-0.32,-2.84));
#11478 = VECTOR('',#11479,1.);
#11479 = DIRECTION('',(0.,1.,0.));
#11480 = ORIENTED_EDGE('',*,*,#11452,.T.);
#11481 = ORIENTED_EDGE('',*,*,#8947,.F.);
#11482 = PLANE('',#11483);
#11483 = AXIS2_PLACEMENT_3D('',#11484,#11485,#11486);
#11484 = CARTESIAN_POINT('',(-0.32,-0.32,-3.));
#11485 = DIRECTION('',(1.,0.,0.));
#11486 = DIRECTION('',(0.,0.,1.));
#11487 = ADVANCED_FACE('',(#11488),#11499,.F.);
#11488 = FACE_BOUND('',#11489,.F.);
#11489 = EDGE_LOOP('',(#11490,#11491,#11497,#11498));
#11490 = ORIENTED_EDGE('',*,*,#11412,.F.);
#11491 = ORIENTED_EDGE('',*,*,#11492,.F.);
#11492 = EDGE_CURVE('',#11468,#11413,#11493,.T.);
#11493 = LINE('',#11494,#11495);
#11494 = CARTESIAN_POINT('',(-0.32,-0.32,-2.84));
#11495 = VECTOR('',#11496,1.);
#11496 = DIRECTION('',(1.,0.,0.));
#11497 = ORIENTED_EDGE('',*,*,#11467,.T.);
#11498 = ORIENTED_EDGE('',*,*,#8939,.F.);
#11499 = PLANE('',#11500);
#11500 = AXIS2_PLACEMENT_3D('',#11501,#11502,#11503);
#11501 = CARTESIAN_POINT('',(-0.32,-0.32,-3.));
#11502 = DIRECTION('',(0.,1.,0.));
#11503 = DIRECTION('',(0.,-0.,1.));
#11504 = ADVANCED_FACE('',(#11505),#11530,.T.);
#11505 = FACE_BOUND('',#11506,.T.);
#11506 = EDGE_LOOP('',(#11507,#11515,#11523,#11529));
#11507 = ORIENTED_EDGE('',*,*,#11508,.F.);
#11508 = EDGE_CURVE('',#11509,#8964,#11511,.T.);
#11509 = VERTEX_POINT('',#11510);
#11510 = CARTESIAN_POINT('',(2.86,-0.32,-2.84));
#11511 = LINE('',#11512,#11513);
#11512 = CARTESIAN_POINT('',(2.86,-0.32,-3.));
#11513 = VECTOR('',#11514,1.);
#11514 = DIRECTION('',(0.,0.,1.));
#11515 = ORIENTED_EDGE('',*,*,#11516,.T.);
#11516 = EDGE_CURVE('',#11509,#11517,#11519,.T.);
#11517 = VERTEX_POINT('',#11518);
#11518 = CARTESIAN_POINT('',(2.86,0.32,-2.84));
#11519 = LINE('',#11520,#11521);
#11520 = CARTESIAN_POINT('',(2.86,-0.32,-2.84));
#11521 = VECTOR('',#11522,1.);
#11522 = DIRECTION('',(0.,1.,0.));
#11523 = ORIENTED_EDGE('',*,*,#11524,.T.);
#11524 = EDGE_CURVE('',#11517,#8966,#11525,.T.);
#11525 = LINE('',#11526,#11527);
#11526 = CARTESIAN_POINT('',(2.86,0.32,-3.));
#11527 = VECTOR('',#11528,1.);
#11528 = DIRECTION('',(0.,0.,1.));
#11529 = ORIENTED_EDGE('',*,*,#8963,.F.);
#11530 = PLANE('',#11531);
#11531 = AXIS2_PLACEMENT_3D('',#11532,#11533,#11534);
#11532 = CARTESIAN_POINT('',(2.86,-0.32,-3.));
#11533 = DIRECTION('',(1.,0.,0.));
#11534 = DIRECTION('',(0.,0.,1.));
#11535 = ADVANCED_FACE('',(#11536),#11554,.T.);
#11536 = FACE_BOUND('',#11537,.T.);
#11537 = EDGE_LOOP('',(#11538,#11539,#11547,#11553));
#11538 = ORIENTED_EDGE('',*,*,#11524,.F.);
#11539 = ORIENTED_EDGE('',*,*,#11540,.F.);
#11540 = EDGE_CURVE('',#11541,#11517,#11543,.T.);
#11541 = VERTEX_POINT('',#11542);
#11542 = CARTESIAN_POINT('',(2.22,0.32,-2.84));
#11543 = LINE('',#11544,#11545);
#11544 = CARTESIAN_POINT('',(2.22,0.32,-2.84));
#11545 = VECTOR('',#11546,1.);
#11546 = DIRECTION('',(1.,0.,0.));
#11547 = ORIENTED_EDGE('',*,*,#11548,.T.);
#11548 = EDGE_CURVE('',#11541,#8982,#11549,.T.);
#11549 = LINE('',#11550,#11551);
#11550 = CARTESIAN_POINT('',(2.22,0.32,-3.));
#11551 = VECTOR('',#11552,1.);
#11552 = DIRECTION('',(0.,0.,1.));
#11553 = ORIENTED_EDGE('',*,*,#8989,.F.);
#11554 = PLANE('',#11555);
#11555 = AXIS2_PLACEMENT_3D('',#11556,#11557,#11558);
#11556 = CARTESIAN_POINT('',(2.22,0.32,-3.));
#11557 = DIRECTION('',(0.,1.,0.));
#11558 = DIRECTION('',(0.,-0.,1.));
#11559 = ADVANCED_FACE('',(#11560),#11578,.F.);
#11560 = FACE_BOUND('',#11561,.F.);
#11561 = EDGE_LOOP('',(#11562,#11570,#11576,#11577));
#11562 = ORIENTED_EDGE('',*,*,#11563,.F.);
#11563 = EDGE_CURVE('',#11564,#8974,#11566,.T.);
#11564 = VERTEX_POINT('',#11565);
#11565 = CARTESIAN_POINT('',(2.22,-0.32,-2.84));
#11566 = LINE('',#11567,#11568);
#11567 = CARTESIAN_POINT('',(2.22,-0.32,-3.));
#11568 = VECTOR('',#11569,1.);
#11569 = DIRECTION('',(0.,0.,1.));
#11570 = ORIENTED_EDGE('',*,*,#11571,.T.);
#11571 = EDGE_CURVE('',#11564,#11541,#11572,.T.);
#11572 = LINE('',#11573,#11574);
#11573 = CARTESIAN_POINT('',(2.22,-0.32,-2.84));
#11574 = VECTOR('',#11575,1.);
#11575 = DIRECTION('',(0.,1.,0.));
#11576 = ORIENTED_EDGE('',*,*,#11548,.T.);
#11577 = ORIENTED_EDGE('',*,*,#8981,.F.);
#11578 = PLANE('',#11579);
#11579 = AXIS2_PLACEMENT_3D('',#11580,#11581,#11582);
#11580 = CARTESIAN_POINT('',(2.22,-0.32,-3.));
#11581 = DIRECTION('',(1.,0.,0.));
#11582 = DIRECTION('',(0.,0.,1.));
#11583 = ADVANCED_FACE('',(#11584),#11595,.F.);
#11584 = FACE_BOUND('',#11585,.F.);
#11585 = EDGE_LOOP('',(#11586,#11587,#11593,#11594));
#11586 = ORIENTED_EDGE('',*,*,#11508,.F.);
#11587 = ORIENTED_EDGE('',*,*,#11588,.F.);
#11588 = EDGE_CURVE('',#11564,#11509,#11589,.T.);
#11589 = LINE('',#11590,#11591);
#11590 = CARTESIAN_POINT('',(2.22,-0.32,-2.84));
#11591 = VECTOR('',#11592,1.);
#11592 = DIRECTION('',(1.,0.,0.));
#11593 = ORIENTED_EDGE('',*,*,#11563,.T.);
#11594 = ORIENTED_EDGE('',*,*,#8973,.F.);
#11595 = PLANE('',#11596);
#11596 = AXIS2_PLACEMENT_3D('',#11597,#11598,#11599);
#11597 = CARTESIAN_POINT('',(2.22,-0.32,-3.));
#11598 = DIRECTION('',(0.,1.,0.));
#11599 = DIRECTION('',(0.,-0.,1.));
#11600 = ADVANCED_FACE('',(#11601),#11626,.T.);
#11601 = FACE_BOUND('',#11602,.T.);
#11602 = EDGE_LOOP('',(#11603,#11611,#11619,#11625));
#11603 = ORIENTED_EDGE('',*,*,#11604,.F.);
#11604 = EDGE_CURVE('',#11605,#8998,#11607,.T.);
#11605 = VERTEX_POINT('',#11606);
#11606 = CARTESIAN_POINT('',(0.32,-12.38,-2.84));
#11607 = LINE('',#11608,#11609);
#11608 = CARTESIAN_POINT('',(0.32,-12.38,-3.));
#11609 = VECTOR('',#11610,1.);
#11610 = DIRECTION('',(0.,0.,1.));
#11611 = ORIENTED_EDGE('',*,*,#11612,.F.);
#11612 = EDGE_CURVE('',#11613,#11605,#11615,.T.);
#11613 = VERTEX_POINT('',#11614);
#11614 = CARTESIAN_POINT('',(-0.32,-12.38,-2.84));
#11615 = LINE('',#11616,#11617);
#11616 = CARTESIAN_POINT('',(-0.32,-12.38,-2.84));
#11617 = VECTOR('',#11618,1.);
#11618 = DIRECTION('',(1.,0.,0.));
#11619 = ORIENTED_EDGE('',*,*,#11620,.T.);
#11620 = EDGE_CURVE('',#11613,#9000,#11621,.T.);
#11621 = LINE('',#11622,#11623);
#11622 = CARTESIAN_POINT('',(-0.32,-12.38,-3.));
#11623 = VECTOR('',#11624,1.);
#11624 = DIRECTION('',(0.,0.,1.));
#11625 = ORIENTED_EDGE('',*,*,#8997,.F.);
#11626 = PLANE('',#11627);
#11627 = AXIS2_PLACEMENT_3D('',#11628,#11629,#11630);
#11628 = CARTESIAN_POINT('',(-0.32,-12.38,-3.));
#11629 = DIRECTION('',(0.,1.,0.));
#11630 = DIRECTION('',(0.,-0.,1.));
#11631 = ADVANCED_FACE('',(#11632),#11650,.F.);
#11632 = FACE_BOUND('',#11633,.F.);
#11633 = EDGE_LOOP('',(#11634,#11642,#11648,#11649));
#11634 = ORIENTED_EDGE('',*,*,#11635,.F.);
#11635 = EDGE_CURVE('',#11636,#9016,#11638,.T.);
#11636 = VERTEX_POINT('',#11637);
#11637 = CARTESIAN_POINT('',(-0.32,-13.02,-2.84));
#11638 = LINE('',#11639,#11640);
#11639 = CARTESIAN_POINT('',(-0.32,-13.02,-3.));
#11640 = VECTOR('',#11641,1.);
#11641 = DIRECTION('',(0.,0.,1.));
#11642 = ORIENTED_EDGE('',*,*,#11643,.T.);
#11643 = EDGE_CURVE('',#11636,#11613,#11644,.T.);
#11644 = LINE('',#11645,#11646);
#11645 = CARTESIAN_POINT('',(-0.32,-13.02,-2.84));
#11646 = VECTOR('',#11647,1.);
#11647 = DIRECTION('',(0.,1.,0.));
#11648 = ORIENTED_EDGE('',*,*,#11620,.T.);
#11649 = ORIENTED_EDGE('',*,*,#9023,.F.);
#11650 = PLANE('',#11651);
#11651 = AXIS2_PLACEMENT_3D('',#11652,#11653,#11654);
#11652 = CARTESIAN_POINT('',(-0.32,-13.02,-3.));
#11653 = DIRECTION('',(1.,0.,0.));
#11654 = DIRECTION('',(0.,0.,1.));
#11655 = ADVANCED_FACE('',(#11656),#11674,.F.);
#11656 = FACE_BOUND('',#11657,.F.);
#11657 = EDGE_LOOP('',(#11658,#11666,#11672,#11673));
#11658 = ORIENTED_EDGE('',*,*,#11659,.F.);
#11659 = EDGE_CURVE('',#11660,#9008,#11662,.T.);
#11660 = VERTEX_POINT('',#11661);
#11661 = CARTESIAN_POINT('',(0.32,-13.02,-2.84));
#11662 = LINE('',#11663,#11664);
#11663 = CARTESIAN_POINT('',(0.32,-13.02,-3.));
#11664 = VECTOR('',#11665,1.);
#11665 = DIRECTION('',(0.,0.,1.));
#11666 = ORIENTED_EDGE('',*,*,#11667,.F.);
#11667 = EDGE_CURVE('',#11636,#11660,#11668,.T.);
#11668 = LINE('',#11669,#11670);
#11669 = CARTESIAN_POINT('',(-0.32,-13.02,-2.84));
#11670 = VECTOR('',#11671,1.);
#11671 = DIRECTION('',(1.,0.,0.));
#11672 = ORIENTED_EDGE('',*,*,#11635,.T.);
#11673 = ORIENTED_EDGE('',*,*,#9015,.F.);
#11674 = PLANE('',#11675);
#11675 = AXIS2_PLACEMENT_3D('',#11676,#11677,#11678);
#11676 = CARTESIAN_POINT('',(-0.32,-13.02,-3.));
#11677 = DIRECTION('',(0.,1.,0.));
#11678 = DIRECTION('',(0.,-0.,1.));
#11679 = ADVANCED_FACE('',(#11680),#11691,.T.);
#11680 = FACE_BOUND('',#11681,.T.);
#11681 = EDGE_LOOP('',(#11682,#11683,#11689,#11690));
#11682 = ORIENTED_EDGE('',*,*,#11659,.F.);
#11683 = ORIENTED_EDGE('',*,*,#11684,.T.);
#11684 = EDGE_CURVE('',#11660,#11605,#11685,.T.);
#11685 = LINE('',#11686,#11687);
#11686 = CARTESIAN_POINT('',(0.32,-13.02,-2.84));
#11687 = VECTOR('',#11688,1.);
#11688 = DIRECTION('',(0.,1.,0.));
#11689 = ORIENTED_EDGE('',*,*,#11604,.T.);
#11690 = ORIENTED_EDGE('',*,*,#9007,.F.);
#11691 = PLANE('',#11692);
#11692 = AXIS2_PLACEMENT_3D('',#11693,#11694,#11695);
#11693 = CARTESIAN_POINT('',(0.32,-13.02,-3.));
#11694 = DIRECTION('',(1.,0.,0.));
#11695 = DIRECTION('',(0.,0.,1.));
#11696 = ADVANCED_FACE('',(#11697),#11722,.T.);
#11697 = FACE_BOUND('',#11698,.T.);
#11698 = EDGE_LOOP('',(#11699,#11707,#11715,#11721));
#11699 = ORIENTED_EDGE('',*,*,#11700,.F.);
#11700 = EDGE_CURVE('',#11701,#9032,#11703,.T.);
#11701 = VERTEX_POINT('',#11702);
#11702 = CARTESIAN_POINT('',(2.86,-12.38,-2.84));
#11703 = LINE('',#11704,#11705);
#11704 = CARTESIAN_POINT('',(2.86,-12.38,-3.));
#11705 = VECTOR('',#11706,1.);
#11706 = DIRECTION('',(0.,0.,1.));
#11707 = ORIENTED_EDGE('',*,*,#11708,.F.);
#11708 = EDGE_CURVE('',#11709,#11701,#11711,.T.);
#11709 = VERTEX_POINT('',#11710);
#11710 = CARTESIAN_POINT('',(2.22,-12.38,-2.84));
#11711 = LINE('',#11712,#11713);
#11712 = CARTESIAN_POINT('',(2.22,-12.38,-2.84));
#11713 = VECTOR('',#11714,1.);
#11714 = DIRECTION('',(1.,0.,0.));
#11715 = ORIENTED_EDGE('',*,*,#11716,.T.);
#11716 = EDGE_CURVE('',#11709,#9034,#11717,.T.);
#11717 = LINE('',#11718,#11719);
#11718 = CARTESIAN_POINT('',(2.22,-12.38,-3.));
#11719 = VECTOR('',#11720,1.);
#11720 = DIRECTION('',(0.,0.,1.));
#11721 = ORIENTED_EDGE('',*,*,#9031,.F.);
#11722 = PLANE('',#11723);
#11723 = AXIS2_PLACEMENT_3D('',#11724,#11725,#11726);
#11724 = CARTESIAN_POINT('',(2.22,-12.38,-3.));
#11725 = DIRECTION('',(0.,1.,0.));
#11726 = DIRECTION('',(0.,-0.,1.));
#11727 = ADVANCED_FACE('',(#11728),#11746,.F.);
#11728 = FACE_BOUND('',#11729,.F.);
#11729 = EDGE_LOOP('',(#11730,#11738,#11744,#11745));
#11730 = ORIENTED_EDGE('',*,*,#11731,.F.);
#11731 = EDGE_CURVE('',#11732,#9050,#11734,.T.);
#11732 = VERTEX_POINT('',#11733);
#11733 = CARTESIAN_POINT('',(2.22,-13.02,-2.84));
#11734 = LINE('',#11735,#11736);
#11735 = CARTESIAN_POINT('',(2.22,-13.02,-3.));
#11736 = VECTOR('',#11737,1.);
#11737 = DIRECTION('',(0.,0.,1.));
#11738 = ORIENTED_EDGE('',*,*,#11739,.T.);
#11739 = EDGE_CURVE('',#11732,#11709,#11740,.T.);
#11740 = LINE('',#11741,#11742);
#11741 = CARTESIAN_POINT('',(2.22,-13.02,-2.84));
#11742 = VECTOR('',#11743,1.);
#11743 = DIRECTION('',(0.,1.,0.));
#11744 = ORIENTED_EDGE('',*,*,#11716,.T.);
#11745 = ORIENTED_EDGE('',*,*,#9057,.F.);
#11746 = PLANE('',#11747);
#11747 = AXIS2_PLACEMENT_3D('',#11748,#11749,#11750);
#11748 = CARTESIAN_POINT('',(2.22,-13.02,-3.));
#11749 = DIRECTION('',(1.,0.,0.));
#11750 = DIRECTION('',(0.,0.,1.));
#11751 = ADVANCED_FACE('',(#11752),#11770,.F.);
#11752 = FACE_BOUND('',#11753,.F.);
#11753 = EDGE_LOOP('',(#11754,#11762,#11768,#11769));
#11754 = ORIENTED_EDGE('',*,*,#11755,.F.);
#11755 = EDGE_CURVE('',#11756,#9042,#11758,.T.);
#11756 = VERTEX_POINT('',#11757);
#11757 = CARTESIAN_POINT('',(2.86,-13.02,-2.84));
#11758 = LINE('',#11759,#11760);
#11759 = CARTESIAN_POINT('',(2.86,-13.02,-3.));
#11760 = VECTOR('',#11761,1.);
#11761 = DIRECTION('',(0.,0.,1.));
#11762 = ORIENTED_EDGE('',*,*,#11763,.F.);
#11763 = EDGE_CURVE('',#11732,#11756,#11764,.T.);
#11764 = LINE('',#11765,#11766);
#11765 = CARTESIAN_POINT('',(2.22,-13.02,-2.84));
#11766 = VECTOR('',#11767,1.);
#11767 = DIRECTION('',(1.,0.,0.));
#11768 = ORIENTED_EDGE('',*,*,#11731,.T.);
#11769 = ORIENTED_EDGE('',*,*,#9049,.F.);
#11770 = PLANE('',#11771);
#11771 = AXIS2_PLACEMENT_3D('',#11772,#11773,#11774);
#11772 = CARTESIAN_POINT('',(2.22,-13.02,-3.));
#11773 = DIRECTION('',(0.,1.,0.));
#11774 = DIRECTION('',(0.,-0.,1.));
#11775 = ADVANCED_FACE('',(#11776),#11787,.T.);
#11776 = FACE_BOUND('',#11777,.T.);
#11777 = EDGE_LOOP('',(#11778,#11779,#11785,#11786));
#11778 = ORIENTED_EDGE('',*,*,#11755,.F.);
#11779 = ORIENTED_EDGE('',*,*,#11780,.T.);
#11780 = EDGE_CURVE('',#11756,#11701,#11781,.T.);
#11781 = LINE('',#11782,#11783);
#11782 = CARTESIAN_POINT('',(2.86,-13.02,-2.84));
#11783 = VECTOR('',#11784,1.);
#11784 = DIRECTION('',(0.,1.,0.));
#11785 = ORIENTED_EDGE('',*,*,#11700,.T.);
#11786 = ORIENTED_EDGE('',*,*,#9041,.F.);
#11787 = PLANE('',#11788);
#11788 = AXIS2_PLACEMENT_3D('',#11789,#11790,#11791);
#11789 = CARTESIAN_POINT('',(2.86,-13.02,-3.));
#11790 = DIRECTION('',(1.,0.,0.));
#11791 = DIRECTION('',(0.,0.,1.));
#11792 = ADVANCED_FACE('',(#11793),#11818,.T.);
#11793 = FACE_BOUND('',#11794,.T.);
#11794 = EDGE_LOOP('',(#11795,#11803,#11811,#11817));
#11795 = ORIENTED_EDGE('',*,*,#11796,.F.);
#11796 = EDGE_CURVE('',#11797,#9066,#11799,.T.);
#11797 = VERTEX_POINT('',#11798);
#11798 = CARTESIAN_POINT('',(0.32,-14.92,-2.84));
#11799 = LINE('',#11800,#11801);
#11800 = CARTESIAN_POINT('',(0.32,-14.92,-3.));
#11801 = VECTOR('',#11802,1.);
#11802 = DIRECTION('',(0.,0.,1.));
#11803 = ORIENTED_EDGE('',*,*,#11804,.F.);
#11804 = EDGE_CURVE('',#11805,#11797,#11807,.T.);
#11805 = VERTEX_POINT('',#11806);
#11806 = CARTESIAN_POINT('',(-0.32,-14.92,-2.84));
#11807 = LINE('',#11808,#11809);
#11808 = CARTESIAN_POINT('',(-0.32,-14.92,-2.84));
#11809 = VECTOR('',#11810,1.);
#11810 = DIRECTION('',(1.,0.,0.));
#11811 = ORIENTED_EDGE('',*,*,#11812,.T.);
#11812 = EDGE_CURVE('',#11805,#9068,#11813,.T.);
#11813 = LINE('',#11814,#11815);
#11814 = CARTESIAN_POINT('',(-0.32,-14.92,-3.));
#11815 = VECTOR('',#11816,1.);
#11816 = DIRECTION('',(0.,0.,1.));
#11817 = ORIENTED_EDGE('',*,*,#9065,.F.);
#11818 = PLANE('',#11819);
#11819 = AXIS2_PLACEMENT_3D('',#11820,#11821,#11822);
#11820 = CARTESIAN_POINT('',(-0.32,-14.92,-3.));
#11821 = DIRECTION('',(0.,1.,0.));
#11822 = DIRECTION('',(0.,-0.,1.));
#11823 = ADVANCED_FACE('',(#11824),#11842,.F.);
#11824 = FACE_BOUND('',#11825,.F.);
#11825 = EDGE_LOOP('',(#11826,#11834,#11840,#11841));
#11826 = ORIENTED_EDGE('',*,*,#11827,.F.);
#11827 = EDGE_CURVE('',#11828,#9084,#11830,.T.);
#11828 = VERTEX_POINT('',#11829);
#11829 = CARTESIAN_POINT('',(-0.32,-15.56,-2.84));
#11830 = LINE('',#11831,#11832);
#11831 = CARTESIAN_POINT('',(-0.32,-15.56,-3.));
#11832 = VECTOR('',#11833,1.);
#11833 = DIRECTION('',(0.,0.,1.));
#11834 = ORIENTED_EDGE('',*,*,#11835,.T.);
#11835 = EDGE_CURVE('',#11828,#11805,#11836,.T.);
#11836 = LINE('',#11837,#11838);
#11837 = CARTESIAN_POINT('',(-0.32,-15.56,-2.84));
#11838 = VECTOR('',#11839,1.);
#11839 = DIRECTION('',(0.,1.,0.));
#11840 = ORIENTED_EDGE('',*,*,#11812,.T.);
#11841 = ORIENTED_EDGE('',*,*,#9091,.F.);
#11842 = PLANE('',#11843);
#11843 = AXIS2_PLACEMENT_3D('',#11844,#11845,#11846);
#11844 = CARTESIAN_POINT('',(-0.32,-15.56,-3.));
#11845 = DIRECTION('',(1.,0.,0.));
#11846 = DIRECTION('',(0.,0.,1.));
#11847 = ADVANCED_FACE('',(#11848),#11866,.F.);
#11848 = FACE_BOUND('',#11849,.F.);
#11849 = EDGE_LOOP('',(#11850,#11858,#11864,#11865));
#11850 = ORIENTED_EDGE('',*,*,#11851,.F.);
#11851 = EDGE_CURVE('',#11852,#9076,#11854,.T.);
#11852 = VERTEX_POINT('',#11853);
#11853 = CARTESIAN_POINT('',(0.32,-15.56,-2.84));
#11854 = LINE('',#11855,#11856);
#11855 = CARTESIAN_POINT('',(0.32,-15.56,-3.));
#11856 = VECTOR('',#11857,1.);
#11857 = DIRECTION('',(0.,0.,1.));
#11858 = ORIENTED_EDGE('',*,*,#11859,.F.);
#11859 = EDGE_CURVE('',#11828,#11852,#11860,.T.);
#11860 = LINE('',#11861,#11862);
#11861 = CARTESIAN_POINT('',(-0.32,-15.56,-2.84));
#11862 = VECTOR('',#11863,1.);
#11863 = DIRECTION('',(1.,0.,0.));
#11864 = ORIENTED_EDGE('',*,*,#11827,.T.);
#11865 = ORIENTED_EDGE('',*,*,#9083,.F.);
#11866 = PLANE('',#11867);
#11867 = AXIS2_PLACEMENT_3D('',#11868,#11869,#11870);
#11868 = CARTESIAN_POINT('',(-0.32,-15.56,-3.));
#11869 = DIRECTION('',(0.,1.,0.));
#11870 = DIRECTION('',(0.,-0.,1.));
#11871 = ADVANCED_FACE('',(#11872),#11883,.T.);
#11872 = FACE_BOUND('',#11873,.T.);
#11873 = EDGE_LOOP('',(#11874,#11875,#11881,#11882));
#11874 = ORIENTED_EDGE('',*,*,#11851,.F.);
#11875 = ORIENTED_EDGE('',*,*,#11876,.T.);
#11876 = EDGE_CURVE('',#11852,#11797,#11877,.T.);
#11877 = LINE('',#11878,#11879);
#11878 = CARTESIAN_POINT('',(0.32,-15.56,-2.84));
#11879 = VECTOR('',#11880,1.);
#11880 = DIRECTION('',(0.,1.,0.));
#11881 = ORIENTED_EDGE('',*,*,#11796,.T.);
#11882 = ORIENTED_EDGE('',*,*,#9075,.F.);
#11883 = PLANE('',#11884);
#11884 = AXIS2_PLACEMENT_3D('',#11885,#11886,#11887);
#11885 = CARTESIAN_POINT('',(0.32,-15.56,-3.));
#11886 = DIRECTION('',(1.,0.,0.));
#11887 = DIRECTION('',(0.,0.,1.));
#11888 = ADVANCED_FACE('',(#11889),#11914,.T.);
#11889 = FACE_BOUND('',#11890,.T.);
#11890 = EDGE_LOOP('',(#11891,#11899,#11907,#11913));
#11891 = ORIENTED_EDGE('',*,*,#11892,.F.);
#11892 = EDGE_CURVE('',#11893,#9100,#11895,.T.);
#11893 = VERTEX_POINT('',#11894);
#11894 = CARTESIAN_POINT('',(2.86,-15.56,-2.84));
#11895 = LINE('',#11896,#11897);
#11896 = CARTESIAN_POINT('',(2.86,-15.56,-3.));
#11897 = VECTOR('',#11898,1.);
#11898 = DIRECTION('',(0.,0.,1.));
#11899 = ORIENTED_EDGE('',*,*,#11900,.T.);
#11900 = EDGE_CURVE('',#11893,#11901,#11903,.T.);
#11901 = VERTEX_POINT('',#11902);
#11902 = CARTESIAN_POINT('',(2.86,-14.92,-2.84));
#11903 = LINE('',#11904,#11905);
#11904 = CARTESIAN_POINT('',(2.86,-15.56,-2.84));
#11905 = VECTOR('',#11906,1.);
#11906 = DIRECTION('',(0.,1.,0.));
#11907 = ORIENTED_EDGE('',*,*,#11908,.T.);
#11908 = EDGE_CURVE('',#11901,#9102,#11909,.T.);
#11909 = LINE('',#11910,#11911);
#11910 = CARTESIAN_POINT('',(2.86,-14.92,-3.));
#11911 = VECTOR('',#11912,1.);
#11912 = DIRECTION('',(0.,0.,1.));
#11913 = ORIENTED_EDGE('',*,*,#9099,.F.);
#11914 = PLANE('',#11915);
#11915 = AXIS2_PLACEMENT_3D('',#11916,#11917,#11918);
#11916 = CARTESIAN_POINT('',(2.86,-15.56,-3.));
#11917 = DIRECTION('',(1.,0.,0.));
#11918 = DIRECTION('',(0.,0.,1.));
#11919 = ADVANCED_FACE('',(#11920),#11938,.T.);
#11920 = FACE_BOUND('',#11921,.T.);
#11921 = EDGE_LOOP('',(#11922,#11923,#11931,#11937));
#11922 = ORIENTED_EDGE('',*,*,#11908,.F.);
#11923 = ORIENTED_EDGE('',*,*,#11924,.F.);
#11924 = EDGE_CURVE('',#11925,#11901,#11927,.T.);
#11925 = VERTEX_POINT('',#11926);
#11926 = CARTESIAN_POINT('',(2.22,-14.92,-2.84));
#11927 = LINE('',#11928,#11929);
#11928 = CARTESIAN_POINT('',(2.22,-14.92,-2.84));
#11929 = VECTOR('',#11930,1.);
#11930 = DIRECTION('',(1.,0.,0.));
#11931 = ORIENTED_EDGE('',*,*,#11932,.T.);
#11932 = EDGE_CURVE('',#11925,#9118,#11933,.T.);
#11933 = LINE('',#11934,#11935);
#11934 = CARTESIAN_POINT('',(2.22,-14.92,-3.));
#11935 = VECTOR('',#11936,1.);
#11936 = DIRECTION('',(0.,0.,1.));
#11937 = ORIENTED_EDGE('',*,*,#9125,.F.);
#11938 = PLANE('',#11939);
#11939 = AXIS2_PLACEMENT_3D('',#11940,#11941,#11942);
#11940 = CARTESIAN_POINT('',(2.22,-14.92,-3.));
#11941 = DIRECTION('',(0.,1.,0.));
#11942 = DIRECTION('',(0.,-0.,1.));
#11943 = ADVANCED_FACE('',(#11944),#11962,.F.);
#11944 = FACE_BOUND('',#11945,.F.);
#11945 = EDGE_LOOP('',(#11946,#11954,#11960,#11961));
#11946 = ORIENTED_EDGE('',*,*,#11947,.F.);
#11947 = EDGE_CURVE('',#11948,#9110,#11950,.T.);
#11948 = VERTEX_POINT('',#11949);
#11949 = CARTESIAN_POINT('',(2.22,-15.56,-2.84));
#11950 = LINE('',#11951,#11952);
#11951 = CARTESIAN_POINT('',(2.22,-15.56,-3.));
#11952 = VECTOR('',#11953,1.);
#11953 = DIRECTION('',(0.,0.,1.));
#11954 = ORIENTED_EDGE('',*,*,#11955,.T.);
#11955 = EDGE_CURVE('',#11948,#11925,#11956,.T.);
#11956 = LINE('',#11957,#11958);
#11957 = CARTESIAN_POINT('',(2.22,-15.56,-2.84));
#11958 = VECTOR('',#11959,1.);
#11959 = DIRECTION('',(0.,1.,0.));
#11960 = ORIENTED_EDGE('',*,*,#11932,.T.);
#11961 = ORIENTED_EDGE('',*,*,#9117,.F.);
#11962 = PLANE('',#11963);
#11963 = AXIS2_PLACEMENT_3D('',#11964,#11965,#11966);
#11964 = CARTESIAN_POINT('',(2.22,-15.56,-3.));
#11965 = DIRECTION('',(1.,0.,0.));
#11966 = DIRECTION('',(0.,0.,1.));
#11967 = ADVANCED_FACE('',(#11968),#11979,.F.);
#11968 = FACE_BOUND('',#11969,.F.);
#11969 = EDGE_LOOP('',(#11970,#11971,#11977,#11978));
#11970 = ORIENTED_EDGE('',*,*,#11892,.F.);
#11971 = ORIENTED_EDGE('',*,*,#11972,.F.);
#11972 = EDGE_CURVE('',#11948,#11893,#11973,.T.);
#11973 = LINE('',#11974,#11975);
#11974 = CARTESIAN_POINT('',(2.22,-15.56,-2.84));
#11975 = VECTOR('',#11976,1.);
#11976 = DIRECTION('',(1.,0.,0.));
#11977 = ORIENTED_EDGE('',*,*,#11947,.T.);
#11978 = ORIENTED_EDGE('',*,*,#9109,.F.);
#11979 = PLANE('',#11980);
#11980 = AXIS2_PLACEMENT_3D('',#11981,#11982,#11983);
#11981 = CARTESIAN_POINT('',(2.22,-15.56,-3.));
#11982 = DIRECTION('',(0.,1.,0.));
#11983 = DIRECTION('',(0.,-0.,1.));
#11984 = ADVANCED_FACE('',(#11985),#12010,.T.);
#11985 = FACE_BOUND('',#11986,.T.);
#11986 = EDGE_LOOP('',(#11987,#11995,#11996,#12004));
#11987 = ORIENTED_EDGE('',*,*,#11988,.F.);
#11988 = EDGE_CURVE('',#9471,#11989,#11991,.T.);
#11989 = VERTEX_POINT('',#11990);
#11990 = CARTESIAN_POINT('',(0.32,-2.86,8.38));
#11991 = LINE('',#11992,#11993);
#11992 = CARTESIAN_POINT('',(0.32,-2.86,-3.));
#11993 = VECTOR('',#11994,1.);
#11994 = DIRECTION('',(0.,0.,1.));
#11995 = ORIENTED_EDGE('',*,*,#9470,.T.);
#11996 = ORIENTED_EDGE('',*,*,#11997,.T.);
#11997 = EDGE_CURVE('',#9473,#11998,#12000,.T.);
#11998 = VERTEX_POINT('',#11999);
#11999 = CARTESIAN_POINT('',(0.32,-2.22,8.38));
#12000 = LINE('',#12001,#12002);
#12001 = CARTESIAN_POINT('',(0.32,-2.22,-3.));
#12002 = VECTOR('',#12003,1.);
#12003 = DIRECTION('',(0.,0.,1.));
#12004 = ORIENTED_EDGE('',*,*,#12005,.F.);
#12005 = EDGE_CURVE('',#11989,#11998,#12006,.T.);
#12006 = LINE('',#12007,#12008);
#12007 = CARTESIAN_POINT('',(0.32,-2.86,8.38));
#12008 = VECTOR('',#12009,1.);
#12009 = DIRECTION('',(0.,1.,0.));
#12010 = PLANE('',#12011);
#12011 = AXIS2_PLACEMENT_3D('',#12012,#12013,#12014);
#12012 = CARTESIAN_POINT('',(0.32,-2.86,-3.));
#12013 = DIRECTION('',(1.,0.,0.));
#12014 = DIRECTION('',(0.,0.,1.));
#12015 = ADVANCED_FACE('',(#12016),#12034,.T.);
#12016 = FACE_BOUND('',#12017,.T.);
#12017 = EDGE_LOOP('',(#12018,#12019,#12020,#12028));
#12018 = ORIENTED_EDGE('',*,*,#11997,.F.);
#12019 = ORIENTED_EDGE('',*,*,#9496,.T.);
#12020 = ORIENTED_EDGE('',*,*,#12021,.T.);
#12021 = EDGE_CURVE('',#9489,#12022,#12024,.T.);
#12022 = VERTEX_POINT('',#12023);
#12023 = CARTESIAN_POINT('',(-0.32,-2.22,8.38));
#12024 = LINE('',#12025,#12026);
#12025 = CARTESIAN_POINT('',(-0.32,-2.22,-3.));
#12026 = VECTOR('',#12027,1.);
#12027 = DIRECTION('',(0.,0.,1.));
#12028 = ORIENTED_EDGE('',*,*,#12029,.T.);
#12029 = EDGE_CURVE('',#12022,#11998,#12030,.T.);
#12030 = LINE('',#12031,#12032);
#12031 = CARTESIAN_POINT('',(-0.32,-2.22,8.38));
#12032 = VECTOR('',#12033,1.);
#12033 = DIRECTION('',(1.,0.,0.));
#12034 = PLANE('',#12035);
#12035 = AXIS2_PLACEMENT_3D('',#12036,#12037,#12038);
#12036 = CARTESIAN_POINT('',(-0.32,-2.22,-3.));
#12037 = DIRECTION('',(0.,1.,0.));
#12038 = DIRECTION('',(0.,-0.,1.));
#12039 = ADVANCED_FACE('',(#12040),#12058,.F.);
#12040 = FACE_BOUND('',#12041,.F.);
#12041 = EDGE_LOOP('',(#12042,#12050,#12051,#12052));
#12042 = ORIENTED_EDGE('',*,*,#12043,.F.);
#12043 = EDGE_CURVE('',#9481,#12044,#12046,.T.);
#12044 = VERTEX_POINT('',#12045);
#12045 = CARTESIAN_POINT('',(-0.32,-2.86,8.38));
#12046 = LINE('',#12047,#12048);
#12047 = CARTESIAN_POINT('',(-0.32,-2.86,-3.));
#12048 = VECTOR('',#12049,1.);
#12049 = DIRECTION('',(0.,0.,1.));
#12050 = ORIENTED_EDGE('',*,*,#9488,.T.);
#12051 = ORIENTED_EDGE('',*,*,#12021,.T.);
#12052 = ORIENTED_EDGE('',*,*,#12053,.F.);
#12053 = EDGE_CURVE('',#12044,#12022,#12054,.T.);
#12054 = LINE('',#12055,#12056);
#12055 = CARTESIAN_POINT('',(-0.32,-2.86,8.38));
#12056 = VECTOR('',#12057,1.);
#12057 = DIRECTION('',(0.,1.,0.));
#12058 = PLANE('',#12059);
#12059 = AXIS2_PLACEMENT_3D('',#12060,#12061,#12062);
#12060 = CARTESIAN_POINT('',(-0.32,-2.86,-3.));
#12061 = DIRECTION('',(1.,0.,0.));
#12062 = DIRECTION('',(0.,0.,1.));
#12063 = ADVANCED_FACE('',(#12064),#12075,.F.);
#12064 = FACE_BOUND('',#12065,.F.);
#12065 = EDGE_LOOP('',(#12066,#12067,#12068,#12069));
#12066 = ORIENTED_EDGE('',*,*,#11988,.F.);
#12067 = ORIENTED_EDGE('',*,*,#9480,.T.);
#12068 = ORIENTED_EDGE('',*,*,#12043,.T.);
#12069 = ORIENTED_EDGE('',*,*,#12070,.T.);
#12070 = EDGE_CURVE('',#12044,#11989,#12071,.T.);
#12071 = LINE('',#12072,#12073);
#12072 = CARTESIAN_POINT('',(-0.32,-2.86,8.38));
#12073 = VECTOR('',#12074,1.);
#12074 = DIRECTION('',(1.,0.,0.));
#12075 = PLANE('',#12076);
#12076 = AXIS2_PLACEMENT_3D('',#12077,#12078,#12079);
#12077 = CARTESIAN_POINT('',(-0.32,-2.86,-3.));
#12078 = DIRECTION('',(0.,1.,0.));
#12079 = DIRECTION('',(0.,-0.,1.));
#12080 = ADVANCED_FACE('',(#12081),#12106,.T.);
#12081 = FACE_BOUND('',#12082,.T.);
#12082 = EDGE_LOOP('',(#12083,#12091,#12092,#12100));
#12083 = ORIENTED_EDGE('',*,*,#12084,.F.);
#12084 = EDGE_CURVE('',#9505,#12085,#12087,.T.);
#12085 = VERTEX_POINT('',#12086);
#12086 = CARTESIAN_POINT('',(2.86,-2.22,8.38));
#12087 = LINE('',#12088,#12089);
#12088 = CARTESIAN_POINT('',(2.86,-2.22,-3.));
#12089 = VECTOR('',#12090,1.);
#12090 = DIRECTION('',(0.,0.,1.));
#12091 = ORIENTED_EDGE('',*,*,#9504,.T.);
#12092 = ORIENTED_EDGE('',*,*,#12093,.T.);
#12093 = EDGE_CURVE('',#9507,#12094,#12096,.T.);
#12094 = VERTEX_POINT('',#12095);
#12095 = CARTESIAN_POINT('',(2.22,-2.22,8.38));
#12096 = LINE('',#12097,#12098);
#12097 = CARTESIAN_POINT('',(2.22,-2.22,-3.));
#12098 = VECTOR('',#12099,1.);
#12099 = DIRECTION('',(0.,0.,1.));
#12100 = ORIENTED_EDGE('',*,*,#12101,.T.);
#12101 = EDGE_CURVE('',#12094,#12085,#12102,.T.);
#12102 = LINE('',#12103,#12104);
#12103 = CARTESIAN_POINT('',(2.22,-2.22,8.38));
#12104 = VECTOR('',#12105,1.);
#12105 = DIRECTION('',(1.,0.,0.));
#12106 = PLANE('',#12107);
#12107 = AXIS2_PLACEMENT_3D('',#12108,#12109,#12110);
#12108 = CARTESIAN_POINT('',(2.22,-2.22,-3.));
#12109 = DIRECTION('',(0.,1.,0.));
#12110 = DIRECTION('',(0.,-0.,1.));
#12111 = ADVANCED_FACE('',(#12112),#12130,.F.);
#12112 = FACE_BOUND('',#12113,.F.);
#12113 = EDGE_LOOP('',(#12114,#12122,#12123,#12124));
#12114 = ORIENTED_EDGE('',*,*,#12115,.F.);
#12115 = EDGE_CURVE('',#9523,#12116,#12118,.T.);
#12116 = VERTEX_POINT('',#12117);
#12117 = CARTESIAN_POINT('',(2.22,-2.86,8.38));
#12118 = LINE('',#12119,#12120);
#12119 = CARTESIAN_POINT('',(2.22,-2.86,-3.));
#12120 = VECTOR('',#12121,1.);
#12121 = DIRECTION('',(0.,0.,1.));
#12122 = ORIENTED_EDGE('',*,*,#9530,.T.);
#12123 = ORIENTED_EDGE('',*,*,#12093,.T.);
#12124 = ORIENTED_EDGE('',*,*,#12125,.F.);
#12125 = EDGE_CURVE('',#12116,#12094,#12126,.T.);
#12126 = LINE('',#12127,#12128);
#12127 = CARTESIAN_POINT('',(2.22,-2.86,8.38));
#12128 = VECTOR('',#12129,1.);
#12129 = DIRECTION('',(0.,1.,0.));
#12130 = PLANE('',#12131);
#12131 = AXIS2_PLACEMENT_3D('',#12132,#12133,#12134);
#12132 = CARTESIAN_POINT('',(2.22,-2.86,-3.));
#12133 = DIRECTION('',(1.,0.,0.));
#12134 = DIRECTION('',(0.,0.,1.));
#12135 = ADVANCED_FACE('',(#12136),#12154,.F.);
#12136 = FACE_BOUND('',#12137,.F.);
#12137 = EDGE_LOOP('',(#12138,#12146,#12147,#12148));
#12138 = ORIENTED_EDGE('',*,*,#12139,.F.);
#12139 = EDGE_CURVE('',#9515,#12140,#12142,.T.);
#12140 = VERTEX_POINT('',#12141);
#12141 = CARTESIAN_POINT('',(2.86,-2.86,8.38));
#12142 = LINE('',#12143,#12144);
#12143 = CARTESIAN_POINT('',(2.86,-2.86,-3.));
#12144 = VECTOR('',#12145,1.);
#12145 = DIRECTION('',(0.,0.,1.));
#12146 = ORIENTED_EDGE('',*,*,#9522,.T.);
#12147 = ORIENTED_EDGE('',*,*,#12115,.T.);
#12148 = ORIENTED_EDGE('',*,*,#12149,.T.);
#12149 = EDGE_CURVE('',#12116,#12140,#12150,.T.);
#12150 = LINE('',#12151,#12152);
#12151 = CARTESIAN_POINT('',(2.22,-2.86,8.38));
#12152 = VECTOR('',#12153,1.);
#12153 = DIRECTION('',(1.,0.,0.));
#12154 = PLANE('',#12155);
#12155 = AXIS2_PLACEMENT_3D('',#12156,#12157,#12158);
#12156 = CARTESIAN_POINT('',(2.22,-2.86,-3.));
#12157 = DIRECTION('',(0.,1.,0.));
#12158 = DIRECTION('',(0.,-0.,1.));
#12159 = ADVANCED_FACE('',(#12160),#12171,.T.);
#12160 = FACE_BOUND('',#12161,.T.);
#12161 = EDGE_LOOP('',(#12162,#12163,#12164,#12165));
#12162 = ORIENTED_EDGE('',*,*,#12139,.F.);
#12163 = ORIENTED_EDGE('',*,*,#9514,.T.);
#12164 = ORIENTED_EDGE('',*,*,#12084,.T.);
#12165 = ORIENTED_EDGE('',*,*,#12166,.F.);
#12166 = EDGE_CURVE('',#12140,#12085,#12167,.T.);
#12167 = LINE('',#12168,#12169);
#12168 = CARTESIAN_POINT('',(2.86,-2.86,8.38));
#12169 = VECTOR('',#12170,1.);
#12170 = DIRECTION('',(0.,1.,0.));
#12171 = PLANE('',#12172);
#12172 = AXIS2_PLACEMENT_3D('',#12173,#12174,#12175);
#12173 = CARTESIAN_POINT('',(2.86,-2.86,-3.));
#12174 = DIRECTION('',(1.,0.,0.));
#12175 = DIRECTION('',(0.,0.,1.));
#12176 = ADVANCED_FACE('',(#12177),#12202,.T.);
#12177 = FACE_BOUND('',#12178,.T.);
#12178 = EDGE_LOOP('',(#12179,#12187,#12188,#12196));
#12179 = ORIENTED_EDGE('',*,*,#12180,.F.);
#12180 = EDGE_CURVE('',#9539,#12181,#12183,.T.);
#12181 = VERTEX_POINT('',#12182);
#12182 = CARTESIAN_POINT('',(0.32,-4.76,8.38));
#12183 = LINE('',#12184,#12185);
#12184 = CARTESIAN_POINT('',(0.32,-4.76,-3.));
#12185 = VECTOR('',#12186,1.);
#12186 = DIRECTION('',(0.,0.,1.));
#12187 = ORIENTED_EDGE('',*,*,#9538,.T.);
#12188 = ORIENTED_EDGE('',*,*,#12189,.T.);
#12189 = EDGE_CURVE('',#9541,#12190,#12192,.T.);
#12190 = VERTEX_POINT('',#12191);
#12191 = CARTESIAN_POINT('',(-0.32,-4.76,8.38));
#12192 = LINE('',#12193,#12194);
#12193 = CARTESIAN_POINT('',(-0.32,-4.76,-3.));
#12194 = VECTOR('',#12195,1.);
#12195 = DIRECTION('',(0.,0.,1.));
#12196 = ORIENTED_EDGE('',*,*,#12197,.T.);
#12197 = EDGE_CURVE('',#12190,#12181,#12198,.T.);
#12198 = LINE('',#12199,#12200);
#12199 = CARTESIAN_POINT('',(-0.32,-4.76,8.38));
#12200 = VECTOR('',#12201,1.);
#12201 = DIRECTION('',(1.,0.,0.));
#12202 = PLANE('',#12203);
#12203 = AXIS2_PLACEMENT_3D('',#12204,#12205,#12206);
#12204 = CARTESIAN_POINT('',(-0.32,-4.76,-3.));
#12205 = DIRECTION('',(0.,1.,0.));
#12206 = DIRECTION('',(0.,-0.,1.));
#12207 = ADVANCED_FACE('',(#12208),#12226,.F.);
#12208 = FACE_BOUND('',#12209,.F.);
#12209 = EDGE_LOOP('',(#12210,#12218,#12219,#12220));
#12210 = ORIENTED_EDGE('',*,*,#12211,.F.);
#12211 = EDGE_CURVE('',#9557,#12212,#12214,.T.);
#12212 = VERTEX_POINT('',#12213);
#12213 = CARTESIAN_POINT('',(-0.32,-5.4,8.38));
#12214 = LINE('',#12215,#12216);
#12215 = CARTESIAN_POINT('',(-0.32,-5.4,-3.));
#12216 = VECTOR('',#12217,1.);
#12217 = DIRECTION('',(0.,0.,1.));
#12218 = ORIENTED_EDGE('',*,*,#9564,.T.);
#12219 = ORIENTED_EDGE('',*,*,#12189,.T.);
#12220 = ORIENTED_EDGE('',*,*,#12221,.F.);
#12221 = EDGE_CURVE('',#12212,#12190,#12222,.T.);
#12222 = LINE('',#12223,#12224);
#12223 = CARTESIAN_POINT('',(-0.32,-5.4,8.38));
#12224 = VECTOR('',#12225,1.);
#12225 = DIRECTION('',(0.,1.,0.));
#12226 = PLANE('',#12227);
#12227 = AXIS2_PLACEMENT_3D('',#12228,#12229,#12230);
#12228 = CARTESIAN_POINT('',(-0.32,-5.4,-3.));
#12229 = DIRECTION('',(1.,0.,0.));
#12230 = DIRECTION('',(0.,0.,1.));
#12231 = ADVANCED_FACE('',(#12232),#12250,.F.);
#12232 = FACE_BOUND('',#12233,.F.);
#12233 = EDGE_LOOP('',(#12234,#12242,#12243,#12244));
#12234 = ORIENTED_EDGE('',*,*,#12235,.F.);
#12235 = EDGE_CURVE('',#9549,#12236,#12238,.T.);
#12236 = VERTEX_POINT('',#12237);
#12237 = CARTESIAN_POINT('',(0.32,-5.4,8.38));
#12238 = LINE('',#12239,#12240);
#12239 = CARTESIAN_POINT('',(0.32,-5.4,-3.));
#12240 = VECTOR('',#12241,1.);
#12241 = DIRECTION('',(0.,0.,1.));
#12242 = ORIENTED_EDGE('',*,*,#9556,.T.);
#12243 = ORIENTED_EDGE('',*,*,#12211,.T.);
#12244 = ORIENTED_EDGE('',*,*,#12245,.T.);
#12245 = EDGE_CURVE('',#12212,#12236,#12246,.T.);
#12246 = LINE('',#12247,#12248);
#12247 = CARTESIAN_POINT('',(-0.32,-5.4,8.38));
#12248 = VECTOR('',#12249,1.);
#12249 = DIRECTION('',(1.,0.,0.));
#12250 = PLANE('',#12251);
#12251 = AXIS2_PLACEMENT_3D('',#12252,#12253,#12254);
#12252 = CARTESIAN_POINT('',(-0.32,-5.4,-3.));
#12253 = DIRECTION('',(0.,1.,0.));
#12254 = DIRECTION('',(0.,-0.,1.));
#12255 = ADVANCED_FACE('',(#12256),#12267,.T.);
#12256 = FACE_BOUND('',#12257,.T.);
#12257 = EDGE_LOOP('',(#12258,#12259,#12260,#12261));
#12258 = ORIENTED_EDGE('',*,*,#12235,.F.);
#12259 = ORIENTED_EDGE('',*,*,#9548,.T.);
#12260 = ORIENTED_EDGE('',*,*,#12180,.T.);
#12261 = ORIENTED_EDGE('',*,*,#12262,.F.);
#12262 = EDGE_CURVE('',#12236,#12181,#12263,.T.);
#12263 = LINE('',#12264,#12265);
#12264 = CARTESIAN_POINT('',(0.32,-5.4,8.38));
#12265 = VECTOR('',#12266,1.);
#12266 = DIRECTION('',(0.,1.,0.));
#12267 = PLANE('',#12268);
#12268 = AXIS2_PLACEMENT_3D('',#12269,#12270,#12271);
#12269 = CARTESIAN_POINT('',(0.32,-5.4,-3.));
#12270 = DIRECTION('',(1.,0.,0.));
#12271 = DIRECTION('',(0.,0.,1.));
#12272 = ADVANCED_FACE('',(#12273),#12298,.T.);
#12273 = FACE_BOUND('',#12274,.T.);
#12274 = EDGE_LOOP('',(#12275,#12283,#12284,#12292));
#12275 = ORIENTED_EDGE('',*,*,#12276,.F.);
#12276 = EDGE_CURVE('',#9573,#12277,#12279,.T.);
#12277 = VERTEX_POINT('',#12278);
#12278 = CARTESIAN_POINT('',(2.86,-5.4,8.38));
#12279 = LINE('',#12280,#12281);
#12280 = CARTESIAN_POINT('',(2.86,-5.4,-3.));
#12281 = VECTOR('',#12282,1.);
#12282 = DIRECTION('',(0.,0.,1.));
#12283 = ORIENTED_EDGE('',*,*,#9572,.T.);
#12284 = ORIENTED_EDGE('',*,*,#12285,.T.);
#12285 = EDGE_CURVE('',#9575,#12286,#12288,.T.);
#12286 = VERTEX_POINT('',#12287);
#12287 = CARTESIAN_POINT('',(2.86,-4.76,8.38));
#12288 = LINE('',#12289,#12290);
#12289 = CARTESIAN_POINT('',(2.86,-4.76,-3.));
#12290 = VECTOR('',#12291,1.);
#12291 = DIRECTION('',(0.,0.,1.));
#12292 = ORIENTED_EDGE('',*,*,#12293,.F.);
#12293 = EDGE_CURVE('',#12277,#12286,#12294,.T.);
#12294 = LINE('',#12295,#12296);
#12295 = CARTESIAN_POINT('',(2.86,-5.4,8.38));
#12296 = VECTOR('',#12297,1.);
#12297 = DIRECTION('',(0.,1.,0.));
#12298 = PLANE('',#12299);
#12299 = AXIS2_PLACEMENT_3D('',#12300,#12301,#12302);
#12300 = CARTESIAN_POINT('',(2.86,-5.4,-3.));
#12301 = DIRECTION('',(1.,0.,0.));
#12302 = DIRECTION('',(0.,0.,1.));
#12303 = ADVANCED_FACE('',(#12304),#12322,.T.);
#12304 = FACE_BOUND('',#12305,.T.);
#12305 = EDGE_LOOP('',(#12306,#12307,#12308,#12316));
#12306 = ORIENTED_EDGE('',*,*,#12285,.F.);
#12307 = ORIENTED_EDGE('',*,*,#9598,.T.);
#12308 = ORIENTED_EDGE('',*,*,#12309,.T.);
#12309 = EDGE_CURVE('',#9591,#12310,#12312,.T.);
#12310 = VERTEX_POINT('',#12311);
#12311 = CARTESIAN_POINT('',(2.22,-4.76,8.38));
#12312 = LINE('',#12313,#12314);
#12313 = CARTESIAN_POINT('',(2.22,-4.76,-3.));
#12314 = VECTOR('',#12315,1.);
#12315 = DIRECTION('',(0.,0.,1.));
#12316 = ORIENTED_EDGE('',*,*,#12317,.T.);
#12317 = EDGE_CURVE('',#12310,#12286,#12318,.T.);
#12318 = LINE('',#12319,#12320);
#12319 = CARTESIAN_POINT('',(2.22,-4.76,8.38));
#12320 = VECTOR('',#12321,1.);
#12321 = DIRECTION('',(1.,0.,0.));
#12322 = PLANE('',#12323);
#12323 = AXIS2_PLACEMENT_3D('',#12324,#12325,#12326);
#12324 = CARTESIAN_POINT('',(2.22,-4.76,-3.));
#12325 = DIRECTION('',(0.,1.,0.));
#12326 = DIRECTION('',(0.,-0.,1.));
#12327 = ADVANCED_FACE('',(#12328),#12346,.F.);
#12328 = FACE_BOUND('',#12329,.F.);
#12329 = EDGE_LOOP('',(#12330,#12338,#12339,#12340));
#12330 = ORIENTED_EDGE('',*,*,#12331,.F.);
#12331 = EDGE_CURVE('',#9583,#12332,#12334,.T.);
#12332 = VERTEX_POINT('',#12333);
#12333 = CARTESIAN_POINT('',(2.22,-5.4,8.38));
#12334 = LINE('',#12335,#12336);
#12335 = CARTESIAN_POINT('',(2.22,-5.4,-3.));
#12336 = VECTOR('',#12337,1.);
#12337 = DIRECTION('',(0.,0.,1.));
#12338 = ORIENTED_EDGE('',*,*,#9590,.T.);
#12339 = ORIENTED_EDGE('',*,*,#12309,.T.);
#12340 = ORIENTED_EDGE('',*,*,#12341,.F.);
#12341 = EDGE_CURVE('',#12332,#12310,#12342,.T.);
#12342 = LINE('',#12343,#12344);
#12343 = CARTESIAN_POINT('',(2.22,-5.4,8.38));
#12344 = VECTOR('',#12345,1.);
#12345 = DIRECTION('',(0.,1.,0.));
#12346 = PLANE('',#12347);
#12347 = AXIS2_PLACEMENT_3D('',#12348,#12349,#12350);
#12348 = CARTESIAN_POINT('',(2.22,-5.4,-3.));
#12349 = DIRECTION('',(1.,0.,0.));
#12350 = DIRECTION('',(0.,0.,1.));
#12351 = ADVANCED_FACE('',(#12352),#12363,.F.);
#12352 = FACE_BOUND('',#12353,.F.);
#12353 = EDGE_LOOP('',(#12354,#12355,#12356,#12357));
#12354 = ORIENTED_EDGE('',*,*,#12276,.F.);
#12355 = ORIENTED_EDGE('',*,*,#9582,.T.);
#12356 = ORIENTED_EDGE('',*,*,#12331,.T.);
#12357 = ORIENTED_EDGE('',*,*,#12358,.T.);
#12358 = EDGE_CURVE('',#12332,#12277,#12359,.T.);
#12359 = LINE('',#12360,#12361);
#12360 = CARTESIAN_POINT('',(2.22,-5.4,8.38));
#12361 = VECTOR('',#12362,1.);
#12362 = DIRECTION('',(1.,0.,0.));
#12363 = PLANE('',#12364);
#12364 = AXIS2_PLACEMENT_3D('',#12365,#12366,#12367);
#12365 = CARTESIAN_POINT('',(2.22,-5.4,-3.));
#12366 = DIRECTION('',(0.,1.,0.));
#12367 = DIRECTION('',(0.,-0.,1.));
#12368 = ADVANCED_FACE('',(#12369),#12394,.T.);
#12369 = FACE_BOUND('',#12370,.T.);
#12370 = EDGE_LOOP('',(#12371,#12379,#12380,#12388));
#12371 = ORIENTED_EDGE('',*,*,#12372,.F.);
#12372 = EDGE_CURVE('',#9607,#12373,#12375,.T.);
#12373 = VERTEX_POINT('',#12374);
#12374 = CARTESIAN_POINT('',(2.86,-9.84,8.38));
#12375 = LINE('',#12376,#12377);
#12376 = CARTESIAN_POINT('',(2.86,-9.84,-3.));
#12377 = VECTOR('',#12378,1.);
#12378 = DIRECTION('',(0.,0.,1.));
#12379 = ORIENTED_EDGE('',*,*,#9606,.T.);
#12380 = ORIENTED_EDGE('',*,*,#12381,.T.);
#12381 = EDGE_CURVE('',#9609,#12382,#12384,.T.);
#12382 = VERTEX_POINT('',#12383);
#12383 = CARTESIAN_POINT('',(2.22,-9.84,8.38));
#12384 = LINE('',#12385,#12386);
#12385 = CARTESIAN_POINT('',(2.22,-9.84,-3.));
#12386 = VECTOR('',#12387,1.);
#12387 = DIRECTION('',(0.,0.,1.));
#12388 = ORIENTED_EDGE('',*,*,#12389,.T.);
#12389 = EDGE_CURVE('',#12382,#12373,#12390,.T.);
#12390 = LINE('',#12391,#12392);
#12391 = CARTESIAN_POINT('',(2.22,-9.84,8.38));
#12392 = VECTOR('',#12393,1.);
#12393 = DIRECTION('',(1.,0.,0.));
#12394 = PLANE('',#12395);
#12395 = AXIS2_PLACEMENT_3D('',#12396,#12397,#12398);
#12396 = CARTESIAN_POINT('',(2.22,-9.84,-3.));
#12397 = DIRECTION('',(0.,1.,0.));
#12398 = DIRECTION('',(0.,-0.,1.));
#12399 = ADVANCED_FACE('',(#12400),#12418,.F.);
#12400 = FACE_BOUND('',#12401,.F.);
#12401 = EDGE_LOOP('',(#12402,#12410,#12411,#12412));
#12402 = ORIENTED_EDGE('',*,*,#12403,.F.);
#12403 = EDGE_CURVE('',#9625,#12404,#12406,.T.);
#12404 = VERTEX_POINT('',#12405);
#12405 = CARTESIAN_POINT('',(2.22,-10.48,8.38));
#12406 = LINE('',#12407,#12408);
#12407 = CARTESIAN_POINT('',(2.22,-10.48,-3.));
#12408 = VECTOR('',#12409,1.);
#12409 = DIRECTION('',(0.,0.,1.));
#12410 = ORIENTED_EDGE('',*,*,#9632,.T.);
#12411 = ORIENTED_EDGE('',*,*,#12381,.T.);
#12412 = ORIENTED_EDGE('',*,*,#12413,.F.);
#12413 = EDGE_CURVE('',#12404,#12382,#12414,.T.);
#12414 = LINE('',#12415,#12416);
#12415 = CARTESIAN_POINT('',(2.22,-10.48,8.38));
#12416 = VECTOR('',#12417,1.);
#12417 = DIRECTION('',(0.,1.,0.));
#12418 = PLANE('',#12419);
#12419 = AXIS2_PLACEMENT_3D('',#12420,#12421,#12422);
#12420 = CARTESIAN_POINT('',(2.22,-10.48,-3.));
#12421 = DIRECTION('',(1.,0.,0.));
#12422 = DIRECTION('',(0.,0.,1.));
#12423 = ADVANCED_FACE('',(#12424),#12442,.F.);
#12424 = FACE_BOUND('',#12425,.F.);
#12425 = EDGE_LOOP('',(#12426,#12434,#12435,#12436));
#12426 = ORIENTED_EDGE('',*,*,#12427,.F.);
#12427 = EDGE_CURVE('',#9617,#12428,#12430,.T.);
#12428 = VERTEX_POINT('',#12429);
#12429 = CARTESIAN_POINT('',(2.86,-10.48,8.38));
#12430 = LINE('',#12431,#12432);
#12431 = CARTESIAN_POINT('',(2.86,-10.48,-3.));
#12432 = VECTOR('',#12433,1.);
#12433 = DIRECTION('',(0.,0.,1.));
#12434 = ORIENTED_EDGE('',*,*,#9624,.T.);
#12435 = ORIENTED_EDGE('',*,*,#12403,.T.);
#12436 = ORIENTED_EDGE('',*,*,#12437,.T.);
#12437 = EDGE_CURVE('',#12404,#12428,#12438,.T.);
#12438 = LINE('',#12439,#12440);
#12439 = CARTESIAN_POINT('',(2.22,-10.48,8.38));
#12440 = VECTOR('',#12441,1.);
#12441 = DIRECTION('',(1.,0.,0.));
#12442 = PLANE('',#12443);
#12443 = AXIS2_PLACEMENT_3D('',#12444,#12445,#12446);
#12444 = CARTESIAN_POINT('',(2.22,-10.48,-3.));
#12445 = DIRECTION('',(0.,1.,0.));
#12446 = DIRECTION('',(0.,-0.,1.));
#12447 = ADVANCED_FACE('',(#12448),#12459,.T.);
#12448 = FACE_BOUND('',#12449,.T.);
#12449 = EDGE_LOOP('',(#12450,#12451,#12452,#12453));
#12450 = ORIENTED_EDGE('',*,*,#12427,.F.);
#12451 = ORIENTED_EDGE('',*,*,#9616,.T.);
#12452 = ORIENTED_EDGE('',*,*,#12372,.T.);
#12453 = ORIENTED_EDGE('',*,*,#12454,.F.);
#12454 = EDGE_CURVE('',#12428,#12373,#12455,.T.);
#12455 = LINE('',#12456,#12457);
#12456 = CARTESIAN_POINT('',(2.86,-10.48,8.38));
#12457 = VECTOR('',#12458,1.);
#12458 = DIRECTION('',(0.,1.,0.));
#12459 = PLANE('',#12460);
#12460 = AXIS2_PLACEMENT_3D('',#12461,#12462,#12463);
#12461 = CARTESIAN_POINT('',(2.86,-10.48,-3.));
#12462 = DIRECTION('',(1.,0.,0.));
#12463 = DIRECTION('',(0.,0.,1.));
#12464 = ADVANCED_FACE('',(#12465),#12490,.F.);
#12465 = FACE_BOUND('',#12466,.F.);
#12466 = EDGE_LOOP('',(#12467,#12475,#12476,#12484));
#12467 = ORIENTED_EDGE('',*,*,#12468,.F.);
#12468 = EDGE_CURVE('',#9641,#12469,#12471,.T.);
#12469 = VERTEX_POINT('',#12470);
#12470 = CARTESIAN_POINT('',(0.32,-10.48,8.38));
#12471 = LINE('',#12472,#12473);
#12472 = CARTESIAN_POINT('',(0.32,-10.48,-3.));
#12473 = VECTOR('',#12474,1.);
#12474 = DIRECTION('',(0.,0.,1.));
#12475 = ORIENTED_EDGE('',*,*,#9640,.T.);
#12476 = ORIENTED_EDGE('',*,*,#12477,.T.);
#12477 = EDGE_CURVE('',#9643,#12478,#12480,.T.);
#12478 = VERTEX_POINT('',#12479);
#12479 = CARTESIAN_POINT('',(-0.32,-10.48,8.38));
#12480 = LINE('',#12481,#12482);
#12481 = CARTESIAN_POINT('',(-0.32,-10.48,-3.));
#12482 = VECTOR('',#12483,1.);
#12483 = DIRECTION('',(0.,0.,1.));
#12484 = ORIENTED_EDGE('',*,*,#12485,.T.);
#12485 = EDGE_CURVE('',#12478,#12469,#12486,.T.);
#12486 = LINE('',#12487,#12488);
#12487 = CARTESIAN_POINT('',(-0.32,-10.48,8.38));
#12488 = VECTOR('',#12489,1.);
#12489 = DIRECTION('',(1.,0.,0.));
#12490 = PLANE('',#12491);
#12491 = AXIS2_PLACEMENT_3D('',#12492,#12493,#12494);
#12492 = CARTESIAN_POINT('',(-0.32,-10.48,-3.));
#12493 = DIRECTION('',(0.,1.,0.));
#12494 = DIRECTION('',(0.,-0.,1.));
#12495 = ADVANCED_FACE('',(#12496),#12514,.T.);
#12496 = FACE_BOUND('',#12497,.T.);
#12497 = EDGE_LOOP('',(#12498,#12499,#12500,#12508));
#12498 = ORIENTED_EDGE('',*,*,#12468,.F.);
#12499 = ORIENTED_EDGE('',*,*,#9666,.T.);
#12500 = ORIENTED_EDGE('',*,*,#12501,.T.);
#12501 = EDGE_CURVE('',#9659,#12502,#12504,.T.);
#12502 = VERTEX_POINT('',#12503);
#12503 = CARTESIAN_POINT('',(0.32,-9.84,8.38));
#12504 = LINE('',#12505,#12506);
#12505 = CARTESIAN_POINT('',(0.32,-9.84,-3.));
#12506 = VECTOR('',#12507,1.);
#12507 = DIRECTION('',(0.,0.,1.));
#12508 = ORIENTED_EDGE('',*,*,#12509,.F.);
#12509 = EDGE_CURVE('',#12469,#12502,#12510,.T.);
#12510 = LINE('',#12511,#12512);
#12511 = CARTESIAN_POINT('',(0.32,-10.48,8.38));
#12512 = VECTOR('',#12513,1.);
#12513 = DIRECTION('',(0.,1.,0.));
#12514 = PLANE('',#12515);
#12515 = AXIS2_PLACEMENT_3D('',#12516,#12517,#12518);
#12516 = CARTESIAN_POINT('',(0.32,-10.48,-3.));
#12517 = DIRECTION('',(1.,0.,0.));
#12518 = DIRECTION('',(0.,0.,1.));
#12519 = ADVANCED_FACE('',(#12520),#12538,.T.);
#12520 = FACE_BOUND('',#12521,.T.);
#12521 = EDGE_LOOP('',(#12522,#12523,#12524,#12532));
#12522 = ORIENTED_EDGE('',*,*,#12501,.F.);
#12523 = ORIENTED_EDGE('',*,*,#9658,.T.);
#12524 = ORIENTED_EDGE('',*,*,#12525,.T.);
#12525 = EDGE_CURVE('',#9651,#12526,#12528,.T.);
#12526 = VERTEX_POINT('',#12527);
#12527 = CARTESIAN_POINT('',(-0.32,-9.84,8.38));
#12528 = LINE('',#12529,#12530);
#12529 = CARTESIAN_POINT('',(-0.32,-9.84,-3.));
#12530 = VECTOR('',#12531,1.);
#12531 = DIRECTION('',(0.,0.,1.));
#12532 = ORIENTED_EDGE('',*,*,#12533,.T.);
#12533 = EDGE_CURVE('',#12526,#12502,#12534,.T.);
#12534 = LINE('',#12535,#12536);
#12535 = CARTESIAN_POINT('',(-0.32,-9.84,8.38));
#12536 = VECTOR('',#12537,1.);
#12537 = DIRECTION('',(1.,0.,0.));
#12538 = PLANE('',#12539);
#12539 = AXIS2_PLACEMENT_3D('',#12540,#12541,#12542);
#12540 = CARTESIAN_POINT('',(-0.32,-9.84,-3.));
#12541 = DIRECTION('',(0.,1.,0.));
#12542 = DIRECTION('',(0.,-0.,1.));
#12543 = ADVANCED_FACE('',(#12544),#12555,.F.);
#12544 = FACE_BOUND('',#12545,.F.);
#12545 = EDGE_LOOP('',(#12546,#12547,#12548,#12549));
#12546 = ORIENTED_EDGE('',*,*,#12477,.F.);
#12547 = ORIENTED_EDGE('',*,*,#9650,.T.);
#12548 = ORIENTED_EDGE('',*,*,#12525,.T.);
#12549 = ORIENTED_EDGE('',*,*,#12550,.F.);
#12550 = EDGE_CURVE('',#12478,#12526,#12551,.T.);
#12551 = LINE('',#12552,#12553);
#12552 = CARTESIAN_POINT('',(-0.32,-10.48,8.38));
#12553 = VECTOR('',#12554,1.);
#12554 = DIRECTION('',(0.,1.,0.));
#12555 = PLANE('',#12556);
#12556 = AXIS2_PLACEMENT_3D('',#12557,#12558,#12559);
#12557 = CARTESIAN_POINT('',(-0.32,-10.48,-3.));
#12558 = DIRECTION('',(1.,0.,0.));
#12559 = DIRECTION('',(0.,0.,1.));
#12560 = ADVANCED_FACE('',(#12561),#12586,.F.);
#12561 = FACE_BOUND('',#12562,.F.);
#12562 = EDGE_LOOP('',(#12563,#12571,#12572,#12580));
#12563 = ORIENTED_EDGE('',*,*,#12564,.F.);
#12564 = EDGE_CURVE('',#9675,#12565,#12567,.T.);
#12565 = VERTEX_POINT('',#12566);
#12566 = CARTESIAN_POINT('',(0.32,-7.94,8.38));
#12567 = LINE('',#12568,#12569);
#12568 = CARTESIAN_POINT('',(0.32,-7.94,-3.));
#12569 = VECTOR('',#12570,1.);
#12570 = DIRECTION('',(0.,0.,1.));
#12571 = ORIENTED_EDGE('',*,*,#9674,.T.);
#12572 = ORIENTED_EDGE('',*,*,#12573,.T.);
#12573 = EDGE_CURVE('',#9677,#12574,#12576,.T.);
#12574 = VERTEX_POINT('',#12575);
#12575 = CARTESIAN_POINT('',(-0.32,-7.94,8.38));
#12576 = LINE('',#12577,#12578);
#12577 = CARTESIAN_POINT('',(-0.32,-7.94,-3.));
#12578 = VECTOR('',#12579,1.);
#12579 = DIRECTION('',(0.,0.,1.));
#12580 = ORIENTED_EDGE('',*,*,#12581,.T.);
#12581 = EDGE_CURVE('',#12574,#12565,#12582,.T.);
#12582 = LINE('',#12583,#12584);
#12583 = CARTESIAN_POINT('',(-0.32,-7.94,8.38));
#12584 = VECTOR('',#12585,1.);
#12585 = DIRECTION('',(1.,0.,0.));
#12586 = PLANE('',#12587);
#12587 = AXIS2_PLACEMENT_3D('',#12588,#12589,#12590);
#12588 = CARTESIAN_POINT('',(-0.32,-7.94,-3.));
#12589 = DIRECTION('',(0.,1.,0.));
#12590 = DIRECTION('',(0.,-0.,1.));
#12591 = ADVANCED_FACE('',(#12592),#12610,.T.);
#12592 = FACE_BOUND('',#12593,.T.);
#12593 = EDGE_LOOP('',(#12594,#12595,#12596,#12604));
#12594 = ORIENTED_EDGE('',*,*,#12564,.F.);
#12595 = ORIENTED_EDGE('',*,*,#9700,.T.);
#12596 = ORIENTED_EDGE('',*,*,#12597,.T.);
#12597 = EDGE_CURVE('',#9693,#12598,#12600,.T.);
#12598 = VERTEX_POINT('',#12599);
#12599 = CARTESIAN_POINT('',(0.32,-7.3,8.38));
#12600 = LINE('',#12601,#12602);
#12601 = CARTESIAN_POINT('',(0.32,-7.3,-3.));
#12602 = VECTOR('',#12603,1.);
#12603 = DIRECTION('',(0.,0.,1.));
#12604 = ORIENTED_EDGE('',*,*,#12605,.F.);
#12605 = EDGE_CURVE('',#12565,#12598,#12606,.T.);
#12606 = LINE('',#12607,#12608);
#12607 = CARTESIAN_POINT('',(0.32,-7.94,8.38));
#12608 = VECTOR('',#12609,1.);
#12609 = DIRECTION('',(0.,1.,0.));
#12610 = PLANE('',#12611);
#12611 = AXIS2_PLACEMENT_3D('',#12612,#12613,#12614);
#12612 = CARTESIAN_POINT('',(0.32,-7.94,-3.));
#12613 = DIRECTION('',(1.,0.,0.));
#12614 = DIRECTION('',(0.,0.,1.));
#12615 = ADVANCED_FACE('',(#12616),#12634,.T.);
#12616 = FACE_BOUND('',#12617,.T.);
#12617 = EDGE_LOOP('',(#12618,#12619,#12620,#12628));
#12618 = ORIENTED_EDGE('',*,*,#12597,.F.);
#12619 = ORIENTED_EDGE('',*,*,#9692,.T.);
#12620 = ORIENTED_EDGE('',*,*,#12621,.T.);
#12621 = EDGE_CURVE('',#9685,#12622,#12624,.T.);
#12622 = VERTEX_POINT('',#12623);
#12623 = CARTESIAN_POINT('',(-0.32,-7.3,8.38));
#12624 = LINE('',#12625,#12626);
#12625 = CARTESIAN_POINT('',(-0.32,-7.3,-3.));
#12626 = VECTOR('',#12627,1.);
#12627 = DIRECTION('',(0.,0.,1.));
#12628 = ORIENTED_EDGE('',*,*,#12629,.T.);
#12629 = EDGE_CURVE('',#12622,#12598,#12630,.T.);
#12630 = LINE('',#12631,#12632);
#12631 = CARTESIAN_POINT('',(-0.32,-7.3,8.38));
#12632 = VECTOR('',#12633,1.);
#12633 = DIRECTION('',(1.,0.,0.));
#12634 = PLANE('',#12635);
#12635 = AXIS2_PLACEMENT_3D('',#12636,#12637,#12638);
#12636 = CARTESIAN_POINT('',(-0.32,-7.3,-3.));
#12637 = DIRECTION('',(0.,1.,0.));
#12638 = DIRECTION('',(0.,-0.,1.));
#12639 = ADVANCED_FACE('',(#12640),#12651,.F.);
#12640 = FACE_BOUND('',#12641,.F.);
#12641 = EDGE_LOOP('',(#12642,#12643,#12644,#12645));
#12642 = ORIENTED_EDGE('',*,*,#12573,.F.);
#12643 = ORIENTED_EDGE('',*,*,#9684,.T.);
#12644 = ORIENTED_EDGE('',*,*,#12621,.T.);
#12645 = ORIENTED_EDGE('',*,*,#12646,.F.);
#12646 = EDGE_CURVE('',#12574,#12622,#12647,.T.);
#12647 = LINE('',#12648,#12649);
#12648 = CARTESIAN_POINT('',(-0.32,-7.94,8.38));
#12649 = VECTOR('',#12650,1.);
#12650 = DIRECTION('',(0.,1.,0.));
#12651 = PLANE('',#12652);
#12652 = AXIS2_PLACEMENT_3D('',#12653,#12654,#12655);
#12653 = CARTESIAN_POINT('',(-0.32,-7.94,-3.));
#12654 = DIRECTION('',(1.,0.,0.));
#12655 = DIRECTION('',(0.,0.,1.));
#12656 = ADVANCED_FACE('',(#12657),#12682,.T.);
#12657 = FACE_BOUND('',#12658,.T.);
#12658 = EDGE_LOOP('',(#12659,#12667,#12668,#12676));
#12659 = ORIENTED_EDGE('',*,*,#12660,.F.);
#12660 = EDGE_CURVE('',#9709,#12661,#12663,.T.);
#12661 = VERTEX_POINT('',#12662);
#12662 = CARTESIAN_POINT('',(2.86,-7.3,8.38));
#12663 = LINE('',#12664,#12665);
#12664 = CARTESIAN_POINT('',(2.86,-7.3,-3.));
#12665 = VECTOR('',#12666,1.);
#12666 = DIRECTION('',(0.,0.,1.));
#12667 = ORIENTED_EDGE('',*,*,#9708,.T.);
#12668 = ORIENTED_EDGE('',*,*,#12669,.T.);
#12669 = EDGE_CURVE('',#9711,#12670,#12672,.T.);
#12670 = VERTEX_POINT('',#12671);
#12671 = CARTESIAN_POINT('',(2.22,-7.3,8.38));
#12672 = LINE('',#12673,#12674);
#12673 = CARTESIAN_POINT('',(2.22,-7.3,-3.));
#12674 = VECTOR('',#12675,1.);
#12675 = DIRECTION('',(0.,0.,1.));
#12676 = ORIENTED_EDGE('',*,*,#12677,.T.);
#12677 = EDGE_CURVE('',#12670,#12661,#12678,.T.);
#12678 = LINE('',#12679,#12680);
#12679 = CARTESIAN_POINT('',(2.22,-7.3,8.38));
#12680 = VECTOR('',#12681,1.);
#12681 = DIRECTION('',(1.,0.,0.));
#12682 = PLANE('',#12683);
#12683 = AXIS2_PLACEMENT_3D('',#12684,#12685,#12686);
#12684 = CARTESIAN_POINT('',(2.22,-7.3,-3.));
#12685 = DIRECTION('',(0.,1.,0.));
#12686 = DIRECTION('',(0.,-0.,1.));
#12687 = ADVANCED_FACE('',(#12688),#12706,.F.);
#12688 = FACE_BOUND('',#12689,.F.);
#12689 = EDGE_LOOP('',(#12690,#12698,#12699,#12700));
#12690 = ORIENTED_EDGE('',*,*,#12691,.F.);
#12691 = EDGE_CURVE('',#9727,#12692,#12694,.T.);
#12692 = VERTEX_POINT('',#12693);
#12693 = CARTESIAN_POINT('',(2.22,-7.94,8.38));
#12694 = LINE('',#12695,#12696);
#12695 = CARTESIAN_POINT('',(2.22,-7.94,-3.));
#12696 = VECTOR('',#12697,1.);
#12697 = DIRECTION('',(0.,0.,1.));
#12698 = ORIENTED_EDGE('',*,*,#9734,.T.);
#12699 = ORIENTED_EDGE('',*,*,#12669,.T.);
#12700 = ORIENTED_EDGE('',*,*,#12701,.F.);
#12701 = EDGE_CURVE('',#12692,#12670,#12702,.T.);
#12702 = LINE('',#12703,#12704);
#12703 = CARTESIAN_POINT('',(2.22,-7.94,8.38));
#12704 = VECTOR('',#12705,1.);
#12705 = DIRECTION('',(0.,1.,0.));
#12706 = PLANE('',#12707);
#12707 = AXIS2_PLACEMENT_3D('',#12708,#12709,#12710);
#12708 = CARTESIAN_POINT('',(2.22,-7.94,-3.));
#12709 = DIRECTION('',(1.,0.,0.));
#12710 = DIRECTION('',(0.,0.,1.));
#12711 = ADVANCED_FACE('',(#12712),#12730,.F.);
#12712 = FACE_BOUND('',#12713,.F.);
#12713 = EDGE_LOOP('',(#12714,#12722,#12723,#12724));
#12714 = ORIENTED_EDGE('',*,*,#12715,.F.);
#12715 = EDGE_CURVE('',#9719,#12716,#12718,.T.);
#12716 = VERTEX_POINT('',#12717);
#12717 = CARTESIAN_POINT('',(2.86,-7.94,8.38));
#12718 = LINE('',#12719,#12720);
#12719 = CARTESIAN_POINT('',(2.86,-7.94,-3.));
#12720 = VECTOR('',#12721,1.);
#12721 = DIRECTION('',(0.,0.,1.));
#12722 = ORIENTED_EDGE('',*,*,#9726,.T.);
#12723 = ORIENTED_EDGE('',*,*,#12691,.T.);
#12724 = ORIENTED_EDGE('',*,*,#12725,.T.);
#12725 = EDGE_CURVE('',#12692,#12716,#12726,.T.);
#12726 = LINE('',#12727,#12728);
#12727 = CARTESIAN_POINT('',(2.22,-7.94,8.38));
#12728 = VECTOR('',#12729,1.);
#12729 = DIRECTION('',(1.,0.,0.));
#12730 = PLANE('',#12731);
#12731 = AXIS2_PLACEMENT_3D('',#12732,#12733,#12734);
#12732 = CARTESIAN_POINT('',(2.22,-7.94,-3.));
#12733 = DIRECTION('',(0.,1.,0.));
#12734 = DIRECTION('',(0.,-0.,1.));
#12735 = ADVANCED_FACE('',(#12736),#12747,.T.);
#12736 = FACE_BOUND('',#12737,.T.);
#12737 = EDGE_LOOP('',(#12738,#12739,#12740,#12741));
#12738 = ORIENTED_EDGE('',*,*,#12715,.F.);
#12739 = ORIENTED_EDGE('',*,*,#9718,.T.);
#12740 = ORIENTED_EDGE('',*,*,#12660,.T.);
#12741 = ORIENTED_EDGE('',*,*,#12742,.F.);
#12742 = EDGE_CURVE('',#12716,#12661,#12743,.T.);
#12743 = LINE('',#12744,#12745);
#12744 = CARTESIAN_POINT('',(2.86,-7.94,8.38));
#12745 = VECTOR('',#12746,1.);
#12746 = DIRECTION('',(0.,1.,0.));
#12747 = PLANE('',#12748);
#12748 = AXIS2_PLACEMENT_3D('',#12749,#12750,#12751);
#12749 = CARTESIAN_POINT('',(2.86,-7.94,-3.));
#12750 = DIRECTION('',(1.,0.,0.));
#12751 = DIRECTION('',(0.,0.,1.));
#12752 = ADVANCED_FACE('',(#12753),#12778,.T.);
#12753 = FACE_BOUND('',#12754,.T.);
#12754 = EDGE_LOOP('',(#12755,#12763,#12764,#12772));
#12755 = ORIENTED_EDGE('',*,*,#12756,.F.);
#12756 = EDGE_CURVE('',#9743,#12757,#12759,.T.);
#12757 = VERTEX_POINT('',#12758);
#12758 = CARTESIAN_POINT('',(0.32,-0.32,8.38));
#12759 = LINE('',#12760,#12761);
#12760 = CARTESIAN_POINT('',(0.32,-0.32,-3.));
#12761 = VECTOR('',#12762,1.);
#12762 = DIRECTION('',(0.,0.,1.));
#12763 = ORIENTED_EDGE('',*,*,#9742,.T.);
#12764 = ORIENTED_EDGE('',*,*,#12765,.T.);
#12765 = EDGE_CURVE('',#9745,#12766,#12768,.T.);
#12766 = VERTEX_POINT('',#12767);
#12767 = CARTESIAN_POINT('',(0.32,0.32,8.38));
#12768 = LINE('',#12769,#12770);
#12769 = CARTESIAN_POINT('',(0.32,0.32,-3.));
#12770 = VECTOR('',#12771,1.);
#12771 = DIRECTION('',(0.,0.,1.));
#12772 = ORIENTED_EDGE('',*,*,#12773,.F.);
#12773 = EDGE_CURVE('',#12757,#12766,#12774,.T.);
#12774 = LINE('',#12775,#12776);
#12775 = CARTESIAN_POINT('',(0.32,-0.32,8.38));
#12776 = VECTOR('',#12777,1.);
#12777 = DIRECTION('',(0.,1.,0.));
#12778 = PLANE('',#12779);
#12779 = AXIS2_PLACEMENT_3D('',#12780,#12781,#12782);
#12780 = CARTESIAN_POINT('',(0.32,-0.32,-3.));
#12781 = DIRECTION('',(1.,0.,0.));
#12782 = DIRECTION('',(0.,0.,1.));
#12783 = ADVANCED_FACE('',(#12784),#12802,.T.);
#12784 = FACE_BOUND('',#12785,.T.);
#12785 = EDGE_LOOP('',(#12786,#12787,#12788,#12796));
#12786 = ORIENTED_EDGE('',*,*,#12765,.F.);
#12787 = ORIENTED_EDGE('',*,*,#9768,.T.);
#12788 = ORIENTED_EDGE('',*,*,#12789,.T.);
#12789 = EDGE_CURVE('',#9761,#12790,#12792,.T.);
#12790 = VERTEX_POINT('',#12791);
#12791 = CARTESIAN_POINT('',(-0.32,0.32,8.38));
#12792 = LINE('',#12793,#12794);
#12793 = CARTESIAN_POINT('',(-0.32,0.32,-3.));
#12794 = VECTOR('',#12795,1.);
#12795 = DIRECTION('',(0.,0.,1.));
#12796 = ORIENTED_EDGE('',*,*,#12797,.T.);
#12797 = EDGE_CURVE('',#12790,#12766,#12798,.T.);
#12798 = LINE('',#12799,#12800);
#12799 = CARTESIAN_POINT('',(-0.32,0.32,8.38));
#12800 = VECTOR('',#12801,1.);
#12801 = DIRECTION('',(1.,0.,0.));
#12802 = PLANE('',#12803);
#12803 = AXIS2_PLACEMENT_3D('',#12804,#12805,#12806);
#12804 = CARTESIAN_POINT('',(-0.32,0.32,-3.));
#12805 = DIRECTION('',(0.,1.,0.));
#12806 = DIRECTION('',(0.,-0.,1.));
#12807 = ADVANCED_FACE('',(#12808),#12826,.F.);
#12808 = FACE_BOUND('',#12809,.F.);
#12809 = EDGE_LOOP('',(#12810,#12818,#12819,#12820));
#12810 = ORIENTED_EDGE('',*,*,#12811,.F.);
#12811 = EDGE_CURVE('',#9753,#12812,#12814,.T.);
#12812 = VERTEX_POINT('',#12813);
#12813 = CARTESIAN_POINT('',(-0.32,-0.32,8.38));
#12814 = LINE('',#12815,#12816);
#12815 = CARTESIAN_POINT('',(-0.32,-0.32,-3.));
#12816 = VECTOR('',#12817,1.);
#12817 = DIRECTION('',(0.,0.,1.));
#12818 = ORIENTED_EDGE('',*,*,#9760,.T.);
#12819 = ORIENTED_EDGE('',*,*,#12789,.T.);
#12820 = ORIENTED_EDGE('',*,*,#12821,.F.);
#12821 = EDGE_CURVE('',#12812,#12790,#12822,.T.);
#12822 = LINE('',#12823,#12824);
#12823 = CARTESIAN_POINT('',(-0.32,-0.32,8.38));
#12824 = VECTOR('',#12825,1.);
#12825 = DIRECTION('',(0.,1.,0.));
#12826 = PLANE('',#12827);
#12827 = AXIS2_PLACEMENT_3D('',#12828,#12829,#12830);
#12828 = CARTESIAN_POINT('',(-0.32,-0.32,-3.));
#12829 = DIRECTION('',(1.,0.,0.));
#12830 = DIRECTION('',(0.,0.,1.));
#12831 = ADVANCED_FACE('',(#12832),#12843,.F.);
#12832 = FACE_BOUND('',#12833,.F.);
#12833 = EDGE_LOOP('',(#12834,#12835,#12836,#12837));
#12834 = ORIENTED_EDGE('',*,*,#12756,.F.);
#12835 = ORIENTED_EDGE('',*,*,#9752,.T.);
#12836 = ORIENTED_EDGE('',*,*,#12811,.T.);
#12837 = ORIENTED_EDGE('',*,*,#12838,.T.);
#12838 = EDGE_CURVE('',#12812,#12757,#12839,.T.);
#12839 = LINE('',#12840,#12841);
#12840 = CARTESIAN_POINT('',(-0.32,-0.32,8.38));
#12841 = VECTOR('',#12842,1.);
#12842 = DIRECTION('',(1.,0.,0.));
#12843 = PLANE('',#12844);
#12844 = AXIS2_PLACEMENT_3D('',#12845,#12846,#12847);
#12845 = CARTESIAN_POINT('',(-0.32,-0.32,-3.));
#12846 = DIRECTION('',(0.,1.,0.));
#12847 = DIRECTION('',(0.,-0.,1.));
#12848 = ADVANCED_FACE('',(#12849),#12874,.T.);
#12849 = FACE_BOUND('',#12850,.T.);
#12850 = EDGE_LOOP('',(#12851,#12859,#12860,#12868));
#12851 = ORIENTED_EDGE('',*,*,#12852,.F.);
#12852 = EDGE_CURVE('',#9777,#12853,#12855,.T.);
#12853 = VERTEX_POINT('',#12854);
#12854 = CARTESIAN_POINT('',(2.86,-0.32,8.38));
#12855 = LINE('',#12856,#12857);
#12856 = CARTESIAN_POINT('',(2.86,-0.32,-3.));
#12857 = VECTOR('',#12858,1.);
#12858 = DIRECTION('',(0.,0.,1.));
#12859 = ORIENTED_EDGE('',*,*,#9776,.T.);
#12860 = ORIENTED_EDGE('',*,*,#12861,.T.);
#12861 = EDGE_CURVE('',#9779,#12862,#12864,.T.);
#12862 = VERTEX_POINT('',#12863);
#12863 = CARTESIAN_POINT('',(2.86,0.32,8.38));
#12864 = LINE('',#12865,#12866);
#12865 = CARTESIAN_POINT('',(2.86,0.32,-3.));
#12866 = VECTOR('',#12867,1.);
#12867 = DIRECTION('',(0.,0.,1.));
#12868 = ORIENTED_EDGE('',*,*,#12869,.F.);
#12869 = EDGE_CURVE('',#12853,#12862,#12870,.T.);
#12870 = LINE('',#12871,#12872);
#12871 = CARTESIAN_POINT('',(2.86,-0.32,8.38));
#12872 = VECTOR('',#12873,1.);
#12873 = DIRECTION('',(0.,1.,0.));
#12874 = PLANE('',#12875);
#12875 = AXIS2_PLACEMENT_3D('',#12876,#12877,#12878);
#12876 = CARTESIAN_POINT('',(2.86,-0.32,-3.));
#12877 = DIRECTION('',(1.,0.,0.));
#12878 = DIRECTION('',(0.,0.,1.));
#12879 = ADVANCED_FACE('',(#12880),#12898,.T.);
#12880 = FACE_BOUND('',#12881,.T.);
#12881 = EDGE_LOOP('',(#12882,#12883,#12884,#12892));
#12882 = ORIENTED_EDGE('',*,*,#12861,.F.);
#12883 = ORIENTED_EDGE('',*,*,#9802,.T.);
#12884 = ORIENTED_EDGE('',*,*,#12885,.T.);
#12885 = EDGE_CURVE('',#9795,#12886,#12888,.T.);
#12886 = VERTEX_POINT('',#12887);
#12887 = CARTESIAN_POINT('',(2.22,0.32,8.38));
#12888 = LINE('',#12889,#12890);
#12889 = CARTESIAN_POINT('',(2.22,0.32,-3.));
#12890 = VECTOR('',#12891,1.);
#12891 = DIRECTION('',(0.,0.,1.));
#12892 = ORIENTED_EDGE('',*,*,#12893,.T.);
#12893 = EDGE_CURVE('',#12886,#12862,#12894,.T.);
#12894 = LINE('',#12895,#12896);
#12895 = CARTESIAN_POINT('',(2.22,0.32,8.38));
#12896 = VECTOR('',#12897,1.);
#12897 = DIRECTION('',(1.,0.,0.));
#12898 = PLANE('',#12899);
#12899 = AXIS2_PLACEMENT_3D('',#12900,#12901,#12902);
#12900 = CARTESIAN_POINT('',(2.22,0.32,-3.));
#12901 = DIRECTION('',(0.,1.,0.));
#12902 = DIRECTION('',(0.,-0.,1.));
#12903 = ADVANCED_FACE('',(#12904),#12922,.F.);
#12904 = FACE_BOUND('',#12905,.F.);
#12905 = EDGE_LOOP('',(#12906,#12914,#12915,#12916));
#12906 = ORIENTED_EDGE('',*,*,#12907,.F.);
#12907 = EDGE_CURVE('',#9787,#12908,#12910,.T.);
#12908 = VERTEX_POINT('',#12909);
#12909 = CARTESIAN_POINT('',(2.22,-0.32,8.38));
#12910 = LINE('',#12911,#12912);
#12911 = CARTESIAN_POINT('',(2.22,-0.32,-3.));
#12912 = VECTOR('',#12913,1.);
#12913 = DIRECTION('',(0.,0.,1.));
#12914 = ORIENTED_EDGE('',*,*,#9794,.T.);
#12915 = ORIENTED_EDGE('',*,*,#12885,.T.);
#12916 = ORIENTED_EDGE('',*,*,#12917,.F.);
#12917 = EDGE_CURVE('',#12908,#12886,#12918,.T.);
#12918 = LINE('',#12919,#12920);
#12919 = CARTESIAN_POINT('',(2.22,-0.32,8.38));
#12920 = VECTOR('',#12921,1.);
#12921 = DIRECTION('',(0.,1.,0.));
#12922 = PLANE('',#12923);
#12923 = AXIS2_PLACEMENT_3D('',#12924,#12925,#12926);
#12924 = CARTESIAN_POINT('',(2.22,-0.32,-3.));
#12925 = DIRECTION('',(1.,0.,0.));
#12926 = DIRECTION('',(0.,0.,1.));
#12927 = ADVANCED_FACE('',(#12928),#12939,.F.);
#12928 = FACE_BOUND('',#12929,.F.);
#12929 = EDGE_LOOP('',(#12930,#12931,#12932,#12933));
#12930 = ORIENTED_EDGE('',*,*,#12852,.F.);
#12931 = ORIENTED_EDGE('',*,*,#9786,.T.);
#12932 = ORIENTED_EDGE('',*,*,#12907,.T.);
#12933 = ORIENTED_EDGE('',*,*,#12934,.T.);
#12934 = EDGE_CURVE('',#12908,#12853,#12935,.T.);
#12935 = LINE('',#12936,#12937);
#12936 = CARTESIAN_POINT('',(2.22,-0.32,8.38));
#12937 = VECTOR('',#12938,1.);
#12938 = DIRECTION('',(1.,0.,0.));
#12939 = PLANE('',#12940);
#12940 = AXIS2_PLACEMENT_3D('',#12941,#12942,#12943);
#12941 = CARTESIAN_POINT('',(2.22,-0.32,-3.));
#12942 = DIRECTION('',(0.,1.,0.));
#12943 = DIRECTION('',(0.,-0.,1.));
#12944 = ADVANCED_FACE('',(#12945),#12970,.T.);
#12945 = FACE_BOUND('',#12946,.T.);
#12946 = EDGE_LOOP('',(#12947,#12955,#12956,#12964));
#12947 = ORIENTED_EDGE('',*,*,#12948,.F.);
#12948 = EDGE_CURVE('',#9811,#12949,#12951,.T.);
#12949 = VERTEX_POINT('',#12950);
#12950 = CARTESIAN_POINT('',(0.32,-12.38,8.38));
#12951 = LINE('',#12952,#12953);
#12952 = CARTESIAN_POINT('',(0.32,-12.38,-3.));
#12953 = VECTOR('',#12954,1.);
#12954 = DIRECTION('',(0.,0.,1.));
#12955 = ORIENTED_EDGE('',*,*,#9810,.T.);
#12956 = ORIENTED_EDGE('',*,*,#12957,.T.);
#12957 = EDGE_CURVE('',#9813,#12958,#12960,.T.);
#12958 = VERTEX_POINT('',#12959);
#12959 = CARTESIAN_POINT('',(-0.32,-12.38,8.38));
#12960 = LINE('',#12961,#12962);
#12961 = CARTESIAN_POINT('',(-0.32,-12.38,-3.));
#12962 = VECTOR('',#12963,1.);
#12963 = DIRECTION('',(0.,0.,1.));
#12964 = ORIENTED_EDGE('',*,*,#12965,.T.);
#12965 = EDGE_CURVE('',#12958,#12949,#12966,.T.);
#12966 = LINE('',#12967,#12968);
#12967 = CARTESIAN_POINT('',(-0.32,-12.38,8.38));
#12968 = VECTOR('',#12969,1.);
#12969 = DIRECTION('',(1.,0.,0.));
#12970 = PLANE('',#12971);
#12971 = AXIS2_PLACEMENT_3D('',#12972,#12973,#12974);
#12972 = CARTESIAN_POINT('',(-0.32,-12.38,-3.));
#12973 = DIRECTION('',(0.,1.,0.));
#12974 = DIRECTION('',(0.,-0.,1.));
#12975 = ADVANCED_FACE('',(#12976),#12994,.F.);
#12976 = FACE_BOUND('',#12977,.F.);
#12977 = EDGE_LOOP('',(#12978,#12986,#12987,#12988));
#12978 = ORIENTED_EDGE('',*,*,#12979,.F.);
#12979 = EDGE_CURVE('',#9829,#12980,#12982,.T.);
#12980 = VERTEX_POINT('',#12981);
#12981 = CARTESIAN_POINT('',(-0.32,-13.02,8.38));
#12982 = LINE('',#12983,#12984);
#12983 = CARTESIAN_POINT('',(-0.32,-13.02,-3.));
#12984 = VECTOR('',#12985,1.);
#12985 = DIRECTION('',(0.,0.,1.));
#12986 = ORIENTED_EDGE('',*,*,#9836,.T.);
#12987 = ORIENTED_EDGE('',*,*,#12957,.T.);
#12988 = ORIENTED_EDGE('',*,*,#12989,.F.);
#12989 = EDGE_CURVE('',#12980,#12958,#12990,.T.);
#12990 = LINE('',#12991,#12992);
#12991 = CARTESIAN_POINT('',(-0.32,-13.02,8.38));
#12992 = VECTOR('',#12993,1.);
#12993 = DIRECTION('',(0.,1.,0.));
#12994 = PLANE('',#12995);
#12995 = AXIS2_PLACEMENT_3D('',#12996,#12997,#12998);
#12996 = CARTESIAN_POINT('',(-0.32,-13.02,-3.));
#12997 = DIRECTION('',(1.,0.,0.));
#12998 = DIRECTION('',(0.,0.,1.));
#12999 = ADVANCED_FACE('',(#13000),#13018,.F.);
#13000 = FACE_BOUND('',#13001,.F.);
#13001 = EDGE_LOOP('',(#13002,#13010,#13011,#13012));
#13002 = ORIENTED_EDGE('',*,*,#13003,.F.);
#13003 = EDGE_CURVE('',#9821,#13004,#13006,.T.);
#13004 = VERTEX_POINT('',#13005);
#13005 = CARTESIAN_POINT('',(0.32,-13.02,8.38));
#13006 = LINE('',#13007,#13008);
#13007 = CARTESIAN_POINT('',(0.32,-13.02,-3.));
#13008 = VECTOR('',#13009,1.);
#13009 = DIRECTION('',(0.,0.,1.));
#13010 = ORIENTED_EDGE('',*,*,#9828,.T.);
#13011 = ORIENTED_EDGE('',*,*,#12979,.T.);
#13012 = ORIENTED_EDGE('',*,*,#13013,.T.);
#13013 = EDGE_CURVE('',#12980,#13004,#13014,.T.);
#13014 = LINE('',#13015,#13016);
#13015 = CARTESIAN_POINT('',(-0.32,-13.02,8.38));
#13016 = VECTOR('',#13017,1.);
#13017 = DIRECTION('',(1.,0.,0.));
#13018 = PLANE('',#13019);
#13019 = AXIS2_PLACEMENT_3D('',#13020,#13021,#13022);
#13020 = CARTESIAN_POINT('',(-0.32,-13.02,-3.));
#13021 = DIRECTION('',(0.,1.,0.));
#13022 = DIRECTION('',(0.,-0.,1.));
#13023 = ADVANCED_FACE('',(#13024),#13035,.T.);
#13024 = FACE_BOUND('',#13025,.T.);
#13025 = EDGE_LOOP('',(#13026,#13027,#13028,#13029));
#13026 = ORIENTED_EDGE('',*,*,#13003,.F.);
#13027 = ORIENTED_EDGE('',*,*,#9820,.T.);
#13028 = ORIENTED_EDGE('',*,*,#12948,.T.);
#13029 = ORIENTED_EDGE('',*,*,#13030,.F.);
#13030 = EDGE_CURVE('',#13004,#12949,#13031,.T.);
#13031 = LINE('',#13032,#13033);
#13032 = CARTESIAN_POINT('',(0.32,-13.02,8.38));
#13033 = VECTOR('',#13034,1.);
#13034 = DIRECTION('',(0.,1.,0.));
#13035 = PLANE('',#13036);
#13036 = AXIS2_PLACEMENT_3D('',#13037,#13038,#13039);
#13037 = CARTESIAN_POINT('',(0.32,-13.02,-3.));
#13038 = DIRECTION('',(1.,0.,0.));
#13039 = DIRECTION('',(0.,0.,1.));
#13040 = ADVANCED_FACE('',(#13041),#13066,.T.);
#13041 = FACE_BOUND('',#13042,.T.);
#13042 = EDGE_LOOP('',(#13043,#13051,#13052,#13060));
#13043 = ORIENTED_EDGE('',*,*,#13044,.F.);
#13044 = EDGE_CURVE('',#9845,#13045,#13047,.T.);
#13045 = VERTEX_POINT('',#13046);
#13046 = CARTESIAN_POINT('',(2.86,-12.38,8.38));
#13047 = LINE('',#13048,#13049);
#13048 = CARTESIAN_POINT('',(2.86,-12.38,-3.));
#13049 = VECTOR('',#13050,1.);
#13050 = DIRECTION('',(0.,0.,1.));
#13051 = ORIENTED_EDGE('',*,*,#9844,.T.);
#13052 = ORIENTED_EDGE('',*,*,#13053,.T.);
#13053 = EDGE_CURVE('',#9847,#13054,#13056,.T.);
#13054 = VERTEX_POINT('',#13055);
#13055 = CARTESIAN_POINT('',(2.22,-12.38,8.38));
#13056 = LINE('',#13057,#13058);
#13057 = CARTESIAN_POINT('',(2.22,-12.38,-3.));
#13058 = VECTOR('',#13059,1.);
#13059 = DIRECTION('',(0.,0.,1.));
#13060 = ORIENTED_EDGE('',*,*,#13061,.T.);
#13061 = EDGE_CURVE('',#13054,#13045,#13062,.T.);
#13062 = LINE('',#13063,#13064);
#13063 = CARTESIAN_POINT('',(2.22,-12.38,8.38));
#13064 = VECTOR('',#13065,1.);
#13065 = DIRECTION('',(1.,0.,0.));
#13066 = PLANE('',#13067);
#13067 = AXIS2_PLACEMENT_3D('',#13068,#13069,#13070);
#13068 = CARTESIAN_POINT('',(2.22,-12.38,-3.));
#13069 = DIRECTION('',(0.,1.,0.));
#13070 = DIRECTION('',(0.,-0.,1.));
#13071 = ADVANCED_FACE('',(#13072),#13090,.F.);
#13072 = FACE_BOUND('',#13073,.F.);
#13073 = EDGE_LOOP('',(#13074,#13082,#13083,#13084));
#13074 = ORIENTED_EDGE('',*,*,#13075,.F.);
#13075 = EDGE_CURVE('',#9863,#13076,#13078,.T.);
#13076 = VERTEX_POINT('',#13077);
#13077 = CARTESIAN_POINT('',(2.22,-13.02,8.38));
#13078 = LINE('',#13079,#13080);
#13079 = CARTESIAN_POINT('',(2.22,-13.02,-3.));
#13080 = VECTOR('',#13081,1.);
#13081 = DIRECTION('',(0.,0.,1.));
#13082 = ORIENTED_EDGE('',*,*,#9870,.T.);
#13083 = ORIENTED_EDGE('',*,*,#13053,.T.);
#13084 = ORIENTED_EDGE('',*,*,#13085,.F.);
#13085 = EDGE_CURVE('',#13076,#13054,#13086,.T.);
#13086 = LINE('',#13087,#13088);
#13087 = CARTESIAN_POINT('',(2.22,-13.02,8.38));
#13088 = VECTOR('',#13089,1.);
#13089 = DIRECTION('',(0.,1.,0.));
#13090 = PLANE('',#13091);
#13091 = AXIS2_PLACEMENT_3D('',#13092,#13093,#13094);
#13092 = CARTESIAN_POINT('',(2.22,-13.02,-3.));
#13093 = DIRECTION('',(1.,0.,0.));
#13094 = DIRECTION('',(0.,0.,1.));
#13095 = ADVANCED_FACE('',(#13096),#13114,.F.);
#13096 = FACE_BOUND('',#13097,.F.);
#13097 = EDGE_LOOP('',(#13098,#13106,#13107,#13108));
#13098 = ORIENTED_EDGE('',*,*,#13099,.F.);
#13099 = EDGE_CURVE('',#9855,#13100,#13102,.T.);
#13100 = VERTEX_POINT('',#13101);
#13101 = CARTESIAN_POINT('',(2.86,-13.02,8.38));
#13102 = LINE('',#13103,#13104);
#13103 = CARTESIAN_POINT('',(2.86,-13.02,-3.));
#13104 = VECTOR('',#13105,1.);
#13105 = DIRECTION('',(0.,0.,1.));
#13106 = ORIENTED_EDGE('',*,*,#9862,.T.);
#13107 = ORIENTED_EDGE('',*,*,#13075,.T.);
#13108 = ORIENTED_EDGE('',*,*,#13109,.T.);
#13109 = EDGE_CURVE('',#13076,#13100,#13110,.T.);
#13110 = LINE('',#13111,#13112);
#13111 = CARTESIAN_POINT('',(2.22,-13.02,8.38));
#13112 = VECTOR('',#13113,1.);
#13113 = DIRECTION('',(1.,0.,0.));
#13114 = PLANE('',#13115);
#13115 = AXIS2_PLACEMENT_3D('',#13116,#13117,#13118);
#13116 = CARTESIAN_POINT('',(2.22,-13.02,-3.));
#13117 = DIRECTION('',(0.,1.,0.));
#13118 = DIRECTION('',(0.,-0.,1.));
#13119 = ADVANCED_FACE('',(#13120),#13131,.T.);
#13120 = FACE_BOUND('',#13121,.T.);
#13121 = EDGE_LOOP('',(#13122,#13123,#13124,#13125));
#13122 = ORIENTED_EDGE('',*,*,#13099,.F.);
#13123 = ORIENTED_EDGE('',*,*,#9854,.T.);
#13124 = ORIENTED_EDGE('',*,*,#13044,.T.);
#13125 = ORIENTED_EDGE('',*,*,#13126,.F.);
#13126 = EDGE_CURVE('',#13100,#13045,#13127,.T.);
#13127 = LINE('',#13128,#13129);
#13128 = CARTESIAN_POINT('',(2.86,-13.02,8.38));
#13129 = VECTOR('',#13130,1.);
#13130 = DIRECTION('',(0.,1.,0.));
#13131 = PLANE('',#13132);
#13132 = AXIS2_PLACEMENT_3D('',#13133,#13134,#13135);
#13133 = CARTESIAN_POINT('',(2.86,-13.02,-3.));
#13134 = DIRECTION('',(1.,0.,0.));
#13135 = DIRECTION('',(0.,0.,1.));
#13136 = ADVANCED_FACE('',(#13137),#13162,.T.);
#13137 = FACE_BOUND('',#13138,.T.);
#13138 = EDGE_LOOP('',(#13139,#13147,#13148,#13156));
#13139 = ORIENTED_EDGE('',*,*,#13140,.F.);
#13140 = EDGE_CURVE('',#9879,#13141,#13143,.T.);
#13141 = VERTEX_POINT('',#13142);
#13142 = CARTESIAN_POINT('',(0.32,-14.92,8.38));
#13143 = LINE('',#13144,#13145);
#13144 = CARTESIAN_POINT('',(0.32,-14.92,-3.));
#13145 = VECTOR('',#13146,1.);
#13146 = DIRECTION('',(0.,0.,1.));
#13147 = ORIENTED_EDGE('',*,*,#9878,.T.);
#13148 = ORIENTED_EDGE('',*,*,#13149,.T.);
#13149 = EDGE_CURVE('',#9881,#13150,#13152,.T.);
#13150 = VERTEX_POINT('',#13151);
#13151 = CARTESIAN_POINT('',(-0.32,-14.92,8.38));
#13152 = LINE('',#13153,#13154);
#13153 = CARTESIAN_POINT('',(-0.32,-14.92,-3.));
#13154 = VECTOR('',#13155,1.);
#13155 = DIRECTION('',(0.,0.,1.));
#13156 = ORIENTED_EDGE('',*,*,#13157,.T.);
#13157 = EDGE_CURVE('',#13150,#13141,#13158,.T.);
#13158 = LINE('',#13159,#13160);
#13159 = CARTESIAN_POINT('',(-0.32,-14.92,8.38));
#13160 = VECTOR('',#13161,1.);
#13161 = DIRECTION('',(1.,0.,0.));
#13162 = PLANE('',#13163);
#13163 = AXIS2_PLACEMENT_3D('',#13164,#13165,#13166);
#13164 = CARTESIAN_POINT('',(-0.32,-14.92,-3.));
#13165 = DIRECTION('',(0.,1.,0.));
#13166 = DIRECTION('',(0.,-0.,1.));
#13167 = ADVANCED_FACE('',(#13168),#13186,.F.);
#13168 = FACE_BOUND('',#13169,.F.);
#13169 = EDGE_LOOP('',(#13170,#13178,#13179,#13180));
#13170 = ORIENTED_EDGE('',*,*,#13171,.F.);
#13171 = EDGE_CURVE('',#9897,#13172,#13174,.T.);
#13172 = VERTEX_POINT('',#13173);
#13173 = CARTESIAN_POINT('',(-0.32,-15.56,8.38));
#13174 = LINE('',#13175,#13176);
#13175 = CARTESIAN_POINT('',(-0.32,-15.56,-3.));
#13176 = VECTOR('',#13177,1.);
#13177 = DIRECTION('',(0.,0.,1.));
#13178 = ORIENTED_EDGE('',*,*,#9904,.T.);
#13179 = ORIENTED_EDGE('',*,*,#13149,.T.);
#13180 = ORIENTED_EDGE('',*,*,#13181,.F.);
#13181 = EDGE_CURVE('',#13172,#13150,#13182,.T.);
#13182 = LINE('',#13183,#13184);
#13183 = CARTESIAN_POINT('',(-0.32,-15.56,8.38));
#13184 = VECTOR('',#13185,1.);
#13185 = DIRECTION('',(0.,1.,0.));
#13186 = PLANE('',#13187);
#13187 = AXIS2_PLACEMENT_3D('',#13188,#13189,#13190);
#13188 = CARTESIAN_POINT('',(-0.32,-15.56,-3.));
#13189 = DIRECTION('',(1.,0.,0.));
#13190 = DIRECTION('',(0.,0.,1.));
#13191 = ADVANCED_FACE('',(#13192),#13210,.F.);
#13192 = FACE_BOUND('',#13193,.F.);
#13193 = EDGE_LOOP('',(#13194,#13202,#13203,#13204));
#13194 = ORIENTED_EDGE('',*,*,#13195,.F.);
#13195 = EDGE_CURVE('',#9889,#13196,#13198,.T.);
#13196 = VERTEX_POINT('',#13197);
#13197 = CARTESIAN_POINT('',(0.32,-15.56,8.38));
#13198 = LINE('',#13199,#13200);
#13199 = CARTESIAN_POINT('',(0.32,-15.56,-3.));
#13200 = VECTOR('',#13201,1.);
#13201 = DIRECTION('',(0.,0.,1.));
#13202 = ORIENTED_EDGE('',*,*,#9896,.T.);
#13203 = ORIENTED_EDGE('',*,*,#13171,.T.);
#13204 = ORIENTED_EDGE('',*,*,#13205,.T.);
#13205 = EDGE_CURVE('',#13172,#13196,#13206,.T.);
#13206 = LINE('',#13207,#13208);
#13207 = CARTESIAN_POINT('',(-0.32,-15.56,8.38));
#13208 = VECTOR('',#13209,1.);
#13209 = DIRECTION('',(1.,0.,0.));
#13210 = PLANE('',#13211);
#13211 = AXIS2_PLACEMENT_3D('',#13212,#13213,#13214);
#13212 = CARTESIAN_POINT('',(-0.32,-15.56,-3.));
#13213 = DIRECTION('',(0.,1.,0.));
#13214 = DIRECTION('',(0.,-0.,1.));
#13215 = ADVANCED_FACE('',(#13216),#13227,.T.);
#13216 = FACE_BOUND('',#13217,.T.);
#13217 = EDGE_LOOP('',(#13218,#13219,#13220,#13221));
#13218 = ORIENTED_EDGE('',*,*,#13195,.F.);
#13219 = ORIENTED_EDGE('',*,*,#9888,.T.);
#13220 = ORIENTED_EDGE('',*,*,#13140,.T.);
#13221 = ORIENTED_EDGE('',*,*,#13222,.F.);
#13222 = EDGE_CURVE('',#13196,#13141,#13223,.T.);
#13223 = LINE('',#13224,#13225);
#13224 = CARTESIAN_POINT('',(0.32,-15.56,8.38));
#13225 = VECTOR('',#13226,1.);
#13226 = DIRECTION('',(0.,1.,0.));
#13227 = PLANE('',#13228);
#13228 = AXIS2_PLACEMENT_3D('',#13229,#13230,#13231);
#13229 = CARTESIAN_POINT('',(0.32,-15.56,-3.));
#13230 = DIRECTION('',(1.,0.,0.));
#13231 = DIRECTION('',(0.,0.,1.));
#13232 = ADVANCED_FACE('',(#13233),#13258,.T.);
#13233 = FACE_BOUND('',#13234,.T.);
#13234 = EDGE_LOOP('',(#13235,#13243,#13244,#13252));
#13235 = ORIENTED_EDGE('',*,*,#13236,.F.);
#13236 = EDGE_CURVE('',#9913,#13237,#13239,.T.);
#13237 = VERTEX_POINT('',#13238);
#13238 = CARTESIAN_POINT('',(2.86,-15.56,8.38));
#13239 = LINE('',#13240,#13241);
#13240 = CARTESIAN_POINT('',(2.86,-15.56,-3.));
#13241 = VECTOR('',#13242,1.);
#13242 = DIRECTION('',(0.,0.,1.));
#13243 = ORIENTED_EDGE('',*,*,#9912,.T.);
#13244 = ORIENTED_EDGE('',*,*,#13245,.T.);
#13245 = EDGE_CURVE('',#9915,#13246,#13248,.T.);
#13246 = VERTEX_POINT('',#13247);
#13247 = CARTESIAN_POINT('',(2.86,-14.92,8.38));
#13248 = LINE('',#13249,#13250);
#13249 = CARTESIAN_POINT('',(2.86,-14.92,-3.));
#13250 = VECTOR('',#13251,1.);
#13251 = DIRECTION('',(0.,0.,1.));
#13252 = ORIENTED_EDGE('',*,*,#13253,.F.);
#13253 = EDGE_CURVE('',#13237,#13246,#13254,.T.);
#13254 = LINE('',#13255,#13256);
#13255 = CARTESIAN_POINT('',(2.86,-15.56,8.38));
#13256 = VECTOR('',#13257,1.);
#13257 = DIRECTION('',(0.,1.,0.));
#13258 = PLANE('',#13259);
#13259 = AXIS2_PLACEMENT_3D('',#13260,#13261,#13262);
#13260 = CARTESIAN_POINT('',(2.86,-15.56,-3.));
#13261 = DIRECTION('',(1.,0.,0.));
#13262 = DIRECTION('',(0.,0.,1.));
#13263 = ADVANCED_FACE('',(#13264),#13282,.T.);
#13264 = FACE_BOUND('',#13265,.T.);
#13265 = EDGE_LOOP('',(#13266,#13267,#13268,#13276));
#13266 = ORIENTED_EDGE('',*,*,#13245,.F.);
#13267 = ORIENTED_EDGE('',*,*,#9938,.T.);
#13268 = ORIENTED_EDGE('',*,*,#13269,.T.);
#13269 = EDGE_CURVE('',#9931,#13270,#13272,.T.);
#13270 = VERTEX_POINT('',#13271);
#13271 = CARTESIAN_POINT('',(2.22,-14.92,8.38));
#13272 = LINE('',#13273,#13274);
#13273 = CARTESIAN_POINT('',(2.22,-14.92,-3.));
#13274 = VECTOR('',#13275,1.);
#13275 = DIRECTION('',(0.,0.,1.));
#13276 = ORIENTED_EDGE('',*,*,#13277,.T.);
#13277 = EDGE_CURVE('',#13270,#13246,#13278,.T.);
#13278 = LINE('',#13279,#13280);
#13279 = CARTESIAN_POINT('',(2.22,-14.92,8.38));
#13280 = VECTOR('',#13281,1.);
#13281 = DIRECTION('',(1.,0.,0.));
#13282 = PLANE('',#13283);
#13283 = AXIS2_PLACEMENT_3D('',#13284,#13285,#13286);
#13284 = CARTESIAN_POINT('',(2.22,-14.92,-3.));
#13285 = DIRECTION('',(0.,1.,0.));
#13286 = DIRECTION('',(0.,-0.,1.));
#13287 = ADVANCED_FACE('',(#13288),#13306,.F.);
#13288 = FACE_BOUND('',#13289,.F.);
#13289 = EDGE_LOOP('',(#13290,#13298,#13299,#13300));
#13290 = ORIENTED_EDGE('',*,*,#13291,.F.);
#13291 = EDGE_CURVE('',#9923,#13292,#13294,.T.);
#13292 = VERTEX_POINT('',#13293);
#13293 = CARTESIAN_POINT('',(2.22,-15.56,8.38));
#13294 = LINE('',#13295,#13296);
#13295 = CARTESIAN_POINT('',(2.22,-15.56,-3.));
#13296 = VECTOR('',#13297,1.);
#13297 = DIRECTION('',(0.,0.,1.));
#13298 = ORIENTED_EDGE('',*,*,#9930,.T.);
#13299 = ORIENTED_EDGE('',*,*,#13269,.T.);
#13300 = ORIENTED_EDGE('',*,*,#13301,.F.);
#13301 = EDGE_CURVE('',#13292,#13270,#13302,.T.);
#13302 = LINE('',#13303,#13304);
#13303 = CARTESIAN_POINT('',(2.22,-15.56,8.38));
#13304 = VECTOR('',#13305,1.);
#13305 = DIRECTION('',(0.,1.,0.));
#13306 = PLANE('',#13307);
#13307 = AXIS2_PLACEMENT_3D('',#13308,#13309,#13310);
#13308 = CARTESIAN_POINT('',(2.22,-15.56,-3.));
#13309 = DIRECTION('',(1.,0.,0.));
#13310 = DIRECTION('',(0.,0.,1.));
#13311 = ADVANCED_FACE('',(#13312),#13323,.F.);
#13312 = FACE_BOUND('',#13313,.F.);
#13313 = EDGE_LOOP('',(#13314,#13315,#13316,#13317));
#13314 = ORIENTED_EDGE('',*,*,#13236,.F.);
#13315 = ORIENTED_EDGE('',*,*,#9922,.T.);
#13316 = ORIENTED_EDGE('',*,*,#13291,.T.);
#13317 = ORIENTED_EDGE('',*,*,#13318,.T.);
#13318 = EDGE_CURVE('',#13292,#13237,#13319,.T.);
#13319 = LINE('',#13320,#13321);
#13320 = CARTESIAN_POINT('',(2.22,-15.56,8.38));
#13321 = VECTOR('',#13322,1.);
#13322 = DIRECTION('',(1.,0.,0.));
#13323 = PLANE('',#13324);
#13324 = AXIS2_PLACEMENT_3D('',#13325,#13326,#13327);
#13325 = CARTESIAN_POINT('',(2.22,-15.56,-3.));
#13326 = DIRECTION('',(0.,1.,0.));
#13327 = DIRECTION('',(0.,-0.,1.));
#13328 = ADVANCED_FACE('',(#13329),#13354,.F.);
#13329 = FACE_BOUND('',#13330,.F.);
#13330 = EDGE_LOOP('',(#13331,#13339,#13340,#13348));
#13331 = ORIENTED_EDGE('',*,*,#13332,.F.);
#13332 = EDGE_CURVE('',#10645,#13333,#13335,.T.);
#13333 = VERTEX_POINT('',#13334);
#13334 = CARTESIAN_POINT('',(0.16,-2.7,-3.));
#13335 = LINE('',#13336,#13337);
#13336 = CARTESIAN_POINT('',(0.16,-2.7,-3.));
#13337 = VECTOR('',#13338,1.);
#13338 = DIRECTION('',(-0.57735026919,0.57735026919,-0.57735026919));
#13339 = ORIENTED_EDGE('',*,*,#10652,.T.);
#13340 = ORIENTED_EDGE('',*,*,#13341,.T.);
#13341 = EDGE_CURVE('',#10653,#13342,#13344,.T.);
#13342 = VERTEX_POINT('',#13343);
#13343 = CARTESIAN_POINT('',(0.16,-2.38,-3.));
#13344 = LINE('',#13345,#13346);
#13345 = CARTESIAN_POINT('',(5.333333333333E-02,-2.486666666667,
    -3.106666666667));
#13346 = VECTOR('',#13347,1.);
#13347 = DIRECTION('',(-0.57735026919,-0.57735026919,-0.57735026919));
#13348 = ORIENTED_EDGE('',*,*,#13349,.F.);
#13349 = EDGE_CURVE('',#13333,#13342,#13350,.T.);
#13350 = LINE('',#13351,#13352);
#13351 = CARTESIAN_POINT('',(0.16,-2.86,-3.));
#13352 = VECTOR('',#13353,1.);
#13353 = DIRECTION('',(0.,1.,0.));
#13354 = PLANE('',#13355);
#13355 = AXIS2_PLACEMENT_3D('',#13356,#13357,#13358);
#13356 = CARTESIAN_POINT('',(0.24,-2.86,-2.92));
#13357 = DIRECTION('',(-0.707106781187,1.735167508357E-18,0.707106781187
    ));
#13358 = DIRECTION('',(1.226948711654E-18,1.,-1.226948711654E-18));
#13359 = ADVANCED_FACE('',(#13360),#13378,.F.);
#13360 = FACE_BOUND('',#13361,.T.);
#13361 = EDGE_LOOP('',(#13362,#13370,#13371,#13372));
#13362 = ORIENTED_EDGE('',*,*,#13363,.F.);
#13363 = EDGE_CURVE('',#10677,#13364,#13366,.T.);
#13364 = VERTEX_POINT('',#13365);
#13365 = CARTESIAN_POINT('',(-0.16,-2.38,-3.));
#13366 = LINE('',#13367,#13368);
#13367 = CARTESIAN_POINT('',(-0.16,-2.38,-3.));
#13368 = VECTOR('',#13369,1.);
#13369 = DIRECTION('',(0.57735026919,-0.57735026919,-0.57735026919));
#13370 = ORIENTED_EDGE('',*,*,#10676,.T.);
#13371 = ORIENTED_EDGE('',*,*,#13341,.T.);
#13372 = ORIENTED_EDGE('',*,*,#13373,.F.);
#13373 = EDGE_CURVE('',#13364,#13342,#13374,.T.);
#13374 = LINE('',#13375,#13376);
#13375 = CARTESIAN_POINT('',(-0.32,-2.38,-3.));
#13376 = VECTOR('',#13377,1.);
#13377 = DIRECTION('',(1.,0.,0.));
#13378 = PLANE('',#13379);
#13379 = AXIS2_PLACEMENT_3D('',#13380,#13381,#13382);
#13380 = CARTESIAN_POINT('',(-0.32,-2.3,-2.92));
#13381 = DIRECTION('',(-1.735167508357E-18,-0.707106781187,
    0.707106781187));
#13382 = DIRECTION('',(-1.,1.226948711654E-18,-1.226948711654E-18));
#13383 = ADVANCED_FACE('',(#13384),#13402,.T.);
#13384 = FACE_BOUND('',#13385,.T.);
#13385 = EDGE_LOOP('',(#13386,#13394,#13395,#13396));
#13386 = ORIENTED_EDGE('',*,*,#13387,.F.);
#13387 = EDGE_CURVE('',#10700,#13388,#13390,.T.);
#13388 = VERTEX_POINT('',#13389);
#13389 = CARTESIAN_POINT('',(-0.16,-2.7,-3.));
#13390 = LINE('',#13391,#13392);
#13391 = CARTESIAN_POINT('',(-0.266666666667,-2.806666666667,
    -2.893333333333));
#13392 = VECTOR('',#13393,1.);
#13393 = DIRECTION('',(0.57735026919,0.57735026919,-0.57735026919));
#13394 = ORIENTED_EDGE('',*,*,#10707,.T.);
#13395 = ORIENTED_EDGE('',*,*,#13363,.T.);
#13396 = ORIENTED_EDGE('',*,*,#13397,.F.);
#13397 = EDGE_CURVE('',#13388,#13364,#13398,.T.);
#13398 = LINE('',#13399,#13400);
#13399 = CARTESIAN_POINT('',(-0.16,-2.86,-3.));
#13400 = VECTOR('',#13401,1.);
#13401 = DIRECTION('',(0.,1.,0.));
#13402 = PLANE('',#13403);
#13403 = AXIS2_PLACEMENT_3D('',#13404,#13405,#13406);
#13404 = CARTESIAN_POINT('',(-0.24,-2.86,-2.92));
#13405 = DIRECTION('',(-0.707106781187,-1.735167508357E-18,
    -0.707106781187));
#13406 = DIRECTION('',(-1.226948711654E-18,1.,-1.226948711654E-18));
#13407 = ADVANCED_FACE('',(#13408),#13419,.T.);
#13408 = FACE_BOUND('',#13409,.F.);
#13409 = EDGE_LOOP('',(#13410,#13411,#13412,#13413));
#13410 = ORIENTED_EDGE('',*,*,#13387,.F.);
#13411 = ORIENTED_EDGE('',*,*,#10724,.T.);
#13412 = ORIENTED_EDGE('',*,*,#13332,.T.);
#13413 = ORIENTED_EDGE('',*,*,#13414,.F.);
#13414 = EDGE_CURVE('',#13388,#13333,#13415,.T.);
#13415 = LINE('',#13416,#13417);
#13416 = CARTESIAN_POINT('',(-0.32,-2.7,-3.));
#13417 = VECTOR('',#13418,1.);
#13418 = DIRECTION('',(1.,0.,0.));
#13419 = PLANE('',#13420);
#13420 = AXIS2_PLACEMENT_3D('',#13421,#13422,#13423);
#13421 = CARTESIAN_POINT('',(-0.32,-2.78,-2.92));
#13422 = DIRECTION('',(1.735167508357E-18,-0.707106781187,
    -0.707106781187));
#13423 = DIRECTION('',(-1.,-1.226948711654E-18,-1.226948711654E-18));
#13424 = ADVANCED_FACE('',(#13425),#13450,.F.);
#13425 = FACE_BOUND('',#13426,.T.);
#13426 = EDGE_LOOP('',(#13427,#13435,#13436,#13444));
#13427 = ORIENTED_EDGE('',*,*,#13428,.F.);
#13428 = EDGE_CURVE('',#10749,#13429,#13431,.T.);
#13429 = VERTEX_POINT('',#13430);
#13430 = CARTESIAN_POINT('',(2.38,-2.38,-3.));
#13431 = LINE('',#13432,#13433);
#13432 = CARTESIAN_POINT('',(2.38,-2.38,-3.));
#13433 = VECTOR('',#13434,1.);
#13434 = DIRECTION('',(0.57735026919,-0.57735026919,-0.57735026919));
#13435 = ORIENTED_EDGE('',*,*,#10748,.T.);
#13436 = ORIENTED_EDGE('',*,*,#13437,.T.);
#13437 = EDGE_CURVE('',#10741,#13438,#13440,.T.);
#13438 = VERTEX_POINT('',#13439);
#13439 = CARTESIAN_POINT('',(2.7,-2.38,-3.));
#13440 = LINE('',#13441,#13442);
#13441 = CARTESIAN_POINT('',(2.593333333333,-2.486666666667,
    -3.106666666667));
#13442 = VECTOR('',#13443,1.);
#13443 = DIRECTION('',(-0.57735026919,-0.57735026919,-0.57735026919));
#13444 = ORIENTED_EDGE('',*,*,#13445,.F.);
#13445 = EDGE_CURVE('',#13429,#13438,#13446,.T.);
#13446 = LINE('',#13447,#13448);
#13447 = CARTESIAN_POINT('',(2.22,-2.38,-3.));
#13448 = VECTOR('',#13449,1.);
#13449 = DIRECTION('',(1.,0.,0.));
#13450 = PLANE('',#13451);
#13451 = AXIS2_PLACEMENT_3D('',#13452,#13453,#13454);
#13452 = CARTESIAN_POINT('',(2.22,-2.3,-2.92));
#13453 = DIRECTION('',(-1.735167508357E-18,-0.707106781187,
    0.707106781187));
#13454 = DIRECTION('',(-1.,1.226948711654E-18,-1.226948711654E-18));
#13455 = ADVANCED_FACE('',(#13456),#13474,.T.);
#13456 = FACE_BOUND('',#13457,.T.);
#13457 = EDGE_LOOP('',(#13458,#13466,#13467,#13468));
#13458 = ORIENTED_EDGE('',*,*,#13459,.F.);
#13459 = EDGE_CURVE('',#10772,#13460,#13462,.T.);
#13460 = VERTEX_POINT('',#13461);
#13461 = CARTESIAN_POINT('',(2.38,-2.7,-3.));
#13462 = LINE('',#13463,#13464);
#13463 = CARTESIAN_POINT('',(2.273333333333,-2.806666666667,
    -2.893333333333));
#13464 = VECTOR('',#13465,1.);
#13465 = DIRECTION('',(0.57735026919,0.57735026919,-0.57735026919));
#13466 = ORIENTED_EDGE('',*,*,#10779,.T.);
#13467 = ORIENTED_EDGE('',*,*,#13428,.T.);
#13468 = ORIENTED_EDGE('',*,*,#13469,.F.);
#13469 = EDGE_CURVE('',#13460,#13429,#13470,.T.);
#13470 = LINE('',#13471,#13472);
#13471 = CARTESIAN_POINT('',(2.38,-2.86,-3.));
#13472 = VECTOR('',#13473,1.);
#13473 = DIRECTION('',(0.,1.,0.));
#13474 = PLANE('',#13475);
#13475 = AXIS2_PLACEMENT_3D('',#13476,#13477,#13478);
#13476 = CARTESIAN_POINT('',(2.3,-2.86,-2.92));
#13477 = DIRECTION('',(-0.707106781187,-1.735167508357E-18,
    -0.707106781187));
#13478 = DIRECTION('',(-1.226948711654E-18,1.,-1.226948711654E-18));
#13479 = ADVANCED_FACE('',(#13480),#13498,.T.);
#13480 = FACE_BOUND('',#13481,.F.);
#13481 = EDGE_LOOP('',(#13482,#13483,#13484,#13492));
#13482 = ORIENTED_EDGE('',*,*,#13459,.F.);
#13483 = ORIENTED_EDGE('',*,*,#10803,.T.);
#13484 = ORIENTED_EDGE('',*,*,#13485,.T.);
#13485 = EDGE_CURVE('',#10796,#13486,#13488,.T.);
#13486 = VERTEX_POINT('',#13487);
#13487 = CARTESIAN_POINT('',(2.7,-2.7,-3.));
#13488 = LINE('',#13489,#13490);
#13489 = CARTESIAN_POINT('',(2.7,-2.7,-3.));
#13490 = VECTOR('',#13491,1.);
#13491 = DIRECTION('',(-0.57735026919,0.57735026919,-0.57735026919));
#13492 = ORIENTED_EDGE('',*,*,#13493,.F.);
#13493 = EDGE_CURVE('',#13460,#13486,#13494,.T.);
#13494 = LINE('',#13495,#13496);
#13495 = CARTESIAN_POINT('',(2.22,-2.7,-3.));
#13496 = VECTOR('',#13497,1.);
#13497 = DIRECTION('',(1.,0.,0.));
#13498 = PLANE('',#13499);
#13499 = AXIS2_PLACEMENT_3D('',#13500,#13501,#13502);
#13500 = CARTESIAN_POINT('',(2.22,-2.78,-2.92));
#13501 = DIRECTION('',(1.735167508357E-18,-0.707106781187,
    -0.707106781187));
#13502 = DIRECTION('',(-1.,-1.226948711654E-18,-1.226948711654E-18));
#13503 = ADVANCED_FACE('',(#13504),#13515,.F.);
#13504 = FACE_BOUND('',#13505,.F.);
#13505 = EDGE_LOOP('',(#13506,#13507,#13508,#13509));
#13506 = ORIENTED_EDGE('',*,*,#13485,.F.);
#13507 = ORIENTED_EDGE('',*,*,#10820,.T.);
#13508 = ORIENTED_EDGE('',*,*,#13437,.T.);
#13509 = ORIENTED_EDGE('',*,*,#13510,.F.);
#13510 = EDGE_CURVE('',#13486,#13438,#13511,.T.);
#13511 = LINE('',#13512,#13513);
#13512 = CARTESIAN_POINT('',(2.7,-2.86,-3.));
#13513 = VECTOR('',#13514,1.);
#13514 = DIRECTION('',(0.,1.,0.));
#13515 = PLANE('',#13516);
#13516 = AXIS2_PLACEMENT_3D('',#13517,#13518,#13519);
#13517 = CARTESIAN_POINT('',(2.78,-2.86,-2.92));
#13518 = DIRECTION('',(-0.707106781187,1.735167508357E-18,0.707106781187
    ));
#13519 = DIRECTION('',(1.226948711654E-18,1.,-1.226948711654E-18));
#13520 = ADVANCED_FACE('',(#13521),#13546,.F.);
#13521 = FACE_BOUND('',#13522,.T.);
#13522 = EDGE_LOOP('',(#13523,#13531,#13532,#13540));
#13523 = ORIENTED_EDGE('',*,*,#13524,.F.);
#13524 = EDGE_CURVE('',#10845,#13525,#13527,.T.);
#13525 = VERTEX_POINT('',#13526);
#13526 = CARTESIAN_POINT('',(-0.16,-4.92,-3.));
#13527 = LINE('',#13528,#13529);
#13528 = CARTESIAN_POINT('',(-0.16,-4.92,-3.));
#13529 = VECTOR('',#13530,1.);
#13530 = DIRECTION('',(0.57735026919,-0.57735026919,-0.57735026919));
#13531 = ORIENTED_EDGE('',*,*,#10844,.T.);
#13532 = ORIENTED_EDGE('',*,*,#13533,.T.);
#13533 = EDGE_CURVE('',#10837,#13534,#13536,.T.);
#13534 = VERTEX_POINT('',#13535);
#13535 = CARTESIAN_POINT('',(0.16,-4.92,-3.));
#13536 = LINE('',#13537,#13538);
#13537 = CARTESIAN_POINT('',(5.333333333333E-02,-5.026666666667,
    -3.106666666667));
#13538 = VECTOR('',#13539,1.);
#13539 = DIRECTION('',(-0.57735026919,-0.57735026919,-0.57735026919));
#13540 = ORIENTED_EDGE('',*,*,#13541,.F.);
#13541 = EDGE_CURVE('',#13525,#13534,#13542,.T.);
#13542 = LINE('',#13543,#13544);
#13543 = CARTESIAN_POINT('',(-0.32,-4.92,-3.));
#13544 = VECTOR('',#13545,1.);
#13545 = DIRECTION('',(1.,0.,0.));
#13546 = PLANE('',#13547);
#13547 = AXIS2_PLACEMENT_3D('',#13548,#13549,#13550);
#13548 = CARTESIAN_POINT('',(-0.32,-4.84,-2.92));
#13549 = DIRECTION('',(-1.735167508357E-18,-0.707106781187,
    0.707106781187));
#13550 = DIRECTION('',(-1.,1.226948711654E-18,-1.226948711654E-18));
#13551 = ADVANCED_FACE('',(#13552),#13570,.T.);
#13552 = FACE_BOUND('',#13553,.T.);
#13553 = EDGE_LOOP('',(#13554,#13562,#13563,#13564));
#13554 = ORIENTED_EDGE('',*,*,#13555,.F.);
#13555 = EDGE_CURVE('',#10868,#13556,#13558,.T.);
#13556 = VERTEX_POINT('',#13557);
#13557 = CARTESIAN_POINT('',(-0.16,-5.24,-3.));
#13558 = LINE('',#13559,#13560);
#13559 = CARTESIAN_POINT('',(-0.266666666667,-5.346666666667,
    -2.893333333333));
#13560 = VECTOR('',#13561,1.);
#13561 = DIRECTION('',(0.57735026919,0.57735026919,-0.57735026919));
#13562 = ORIENTED_EDGE('',*,*,#10875,.T.);
#13563 = ORIENTED_EDGE('',*,*,#13524,.T.);
#13564 = ORIENTED_EDGE('',*,*,#13565,.F.);
#13565 = EDGE_CURVE('',#13556,#13525,#13566,.T.);
#13566 = LINE('',#13567,#13568);
#13567 = CARTESIAN_POINT('',(-0.16,-5.4,-3.));
#13568 = VECTOR('',#13569,1.);
#13569 = DIRECTION('',(0.,1.,0.));
#13570 = PLANE('',#13571);
#13571 = AXIS2_PLACEMENT_3D('',#13572,#13573,#13574);
#13572 = CARTESIAN_POINT('',(-0.24,-5.4,-2.92));
#13573 = DIRECTION('',(-0.707106781187,-1.735167508357E-18,
    -0.707106781187));
#13574 = DIRECTION('',(-1.226948711654E-18,1.,-1.226948711654E-18));
#13575 = ADVANCED_FACE('',(#13576),#13594,.T.);
#13576 = FACE_BOUND('',#13577,.F.);
#13577 = EDGE_LOOP('',(#13578,#13579,#13580,#13588));
#13578 = ORIENTED_EDGE('',*,*,#13555,.F.);
#13579 = ORIENTED_EDGE('',*,*,#10899,.T.);
#13580 = ORIENTED_EDGE('',*,*,#13581,.T.);
#13581 = EDGE_CURVE('',#10892,#13582,#13584,.T.);
#13582 = VERTEX_POINT('',#13583);
#13583 = CARTESIAN_POINT('',(0.16,-5.24,-3.));
#13584 = LINE('',#13585,#13586);
#13585 = CARTESIAN_POINT('',(0.16,-5.24,-3.));
#13586 = VECTOR('',#13587,1.);
#13587 = DIRECTION('',(-0.57735026919,0.57735026919,-0.57735026919));
#13588 = ORIENTED_EDGE('',*,*,#13589,.F.);
#13589 = EDGE_CURVE('',#13556,#13582,#13590,.T.);
#13590 = LINE('',#13591,#13592);
#13591 = CARTESIAN_POINT('',(-0.32,-5.24,-3.));
#13592 = VECTOR('',#13593,1.);
#13593 = DIRECTION('',(1.,0.,0.));
#13594 = PLANE('',#13595);
#13595 = AXIS2_PLACEMENT_3D('',#13596,#13597,#13598);
#13596 = CARTESIAN_POINT('',(-0.32,-5.32,-2.92));
#13597 = DIRECTION('',(1.735167508357E-18,-0.707106781187,
    -0.707106781187));
#13598 = DIRECTION('',(-1.,-1.226948711654E-18,-1.226948711654E-18));
#13599 = ADVANCED_FACE('',(#13600),#13611,.F.);
#13600 = FACE_BOUND('',#13601,.F.);
#13601 = EDGE_LOOP('',(#13602,#13603,#13604,#13605));
#13602 = ORIENTED_EDGE('',*,*,#13581,.F.);
#13603 = ORIENTED_EDGE('',*,*,#10916,.T.);
#13604 = ORIENTED_EDGE('',*,*,#13533,.T.);
#13605 = ORIENTED_EDGE('',*,*,#13606,.F.);
#13606 = EDGE_CURVE('',#13582,#13534,#13607,.T.);
#13607 = LINE('',#13608,#13609);
#13608 = CARTESIAN_POINT('',(0.16,-5.4,-3.));
#13609 = VECTOR('',#13610,1.);
#13610 = DIRECTION('',(0.,1.,0.));
#13611 = PLANE('',#13612);
#13612 = AXIS2_PLACEMENT_3D('',#13613,#13614,#13615);
#13613 = CARTESIAN_POINT('',(0.24,-5.4,-2.92));
#13614 = DIRECTION('',(-0.707106781187,1.735167508357E-18,0.707106781187
    ));
#13615 = DIRECTION('',(1.226948711654E-18,1.,-1.226948711654E-18));
#13616 = ADVANCED_FACE('',(#13617),#13642,.F.);
#13617 = FACE_BOUND('',#13618,.F.);
#13618 = EDGE_LOOP('',(#13619,#13627,#13628,#13636));
#13619 = ORIENTED_EDGE('',*,*,#13620,.F.);
#13620 = EDGE_CURVE('',#10933,#13621,#13623,.T.);
#13621 = VERTEX_POINT('',#13622);
#13622 = CARTESIAN_POINT('',(2.7,-5.24,-3.));
#13623 = LINE('',#13624,#13625);
#13624 = CARTESIAN_POINT('',(2.7,-5.24,-3.));
#13625 = VECTOR('',#13626,1.);
#13626 = DIRECTION('',(-0.57735026919,0.57735026919,-0.57735026919));
#13627 = ORIENTED_EDGE('',*,*,#10940,.T.);
#13628 = ORIENTED_EDGE('',*,*,#13629,.T.);
#13629 = EDGE_CURVE('',#10941,#13630,#13632,.T.);
#13630 = VERTEX_POINT('',#13631);
#13631 = CARTESIAN_POINT('',(2.7,-4.92,-3.));
#13632 = LINE('',#13633,#13634);
#13633 = CARTESIAN_POINT('',(2.593333333333,-5.026666666667,
    -3.106666666667));
#13634 = VECTOR('',#13635,1.);
#13635 = DIRECTION('',(-0.57735026919,-0.57735026919,-0.57735026919));
#13636 = ORIENTED_EDGE('',*,*,#13637,.F.);
#13637 = EDGE_CURVE('',#13621,#13630,#13638,.T.);
#13638 = LINE('',#13639,#13640);
#13639 = CARTESIAN_POINT('',(2.7,-5.4,-3.));
#13640 = VECTOR('',#13641,1.);
#13641 = DIRECTION('',(0.,1.,0.));
#13642 = PLANE('',#13643);
#13643 = AXIS2_PLACEMENT_3D('',#13644,#13645,#13646);
#13644 = CARTESIAN_POINT('',(2.78,-5.4,-2.92));
#13645 = DIRECTION('',(-0.707106781187,1.735167508357E-18,0.707106781187
    ));
#13646 = DIRECTION('',(1.226948711654E-18,1.,-1.226948711654E-18));
#13647 = ADVANCED_FACE('',(#13648),#13666,.F.);
#13648 = FACE_BOUND('',#13649,.T.);
#13649 = EDGE_LOOP('',(#13650,#13658,#13659,#13660));
#13650 = ORIENTED_EDGE('',*,*,#13651,.F.);
#13651 = EDGE_CURVE('',#10965,#13652,#13654,.T.);
#13652 = VERTEX_POINT('',#13653);
#13653 = CARTESIAN_POINT('',(2.38,-4.92,-3.));
#13654 = LINE('',#13655,#13656);
#13655 = CARTESIAN_POINT('',(2.38,-4.92,-3.));
#13656 = VECTOR('',#13657,1.);
#13657 = DIRECTION('',(0.57735026919,-0.57735026919,-0.57735026919));
#13658 = ORIENTED_EDGE('',*,*,#10964,.T.);
#13659 = ORIENTED_EDGE('',*,*,#13629,.T.);
#13660 = ORIENTED_EDGE('',*,*,#13661,.F.);
#13661 = EDGE_CURVE('',#13652,#13630,#13662,.T.);
#13662 = LINE('',#13663,#13664);
#13663 = CARTESIAN_POINT('',(2.22,-4.92,-3.));
#13664 = VECTOR('',#13665,1.);
#13665 = DIRECTION('',(1.,0.,0.));
#13666 = PLANE('',#13667);
#13667 = AXIS2_PLACEMENT_3D('',#13668,#13669,#13670);
#13668 = CARTESIAN_POINT('',(2.22,-4.84,-2.92));
#13669 = DIRECTION('',(-1.735167508357E-18,-0.707106781187,
    0.707106781187));
#13670 = DIRECTION('',(-1.,1.226948711654E-18,-1.226948711654E-18));
#13671 = ADVANCED_FACE('',(#13672),#13690,.T.);
#13672 = FACE_BOUND('',#13673,.T.);
#13673 = EDGE_LOOP('',(#13674,#13682,#13683,#13684));
#13674 = ORIENTED_EDGE('',*,*,#13675,.F.);
#13675 = EDGE_CURVE('',#10988,#13676,#13678,.T.);
#13676 = VERTEX_POINT('',#13677);
#13677 = CARTESIAN_POINT('',(2.38,-5.24,-3.));
#13678 = LINE('',#13679,#13680);
#13679 = CARTESIAN_POINT('',(2.273333333333,-5.346666666667,
    -2.893333333333));
#13680 = VECTOR('',#13681,1.);
#13681 = DIRECTION('',(0.57735026919,0.57735026919,-0.57735026919));
#13682 = ORIENTED_EDGE('',*,*,#10995,.T.);
#13683 = ORIENTED_EDGE('',*,*,#13651,.T.);
#13684 = ORIENTED_EDGE('',*,*,#13685,.F.);
#13685 = EDGE_CURVE('',#13676,#13652,#13686,.T.);
#13686 = LINE('',#13687,#13688);
#13687 = CARTESIAN_POINT('',(2.38,-5.4,-3.));
#13688 = VECTOR('',#13689,1.);
#13689 = DIRECTION('',(0.,1.,0.));
#13690 = PLANE('',#13691);
#13691 = AXIS2_PLACEMENT_3D('',#13692,#13693,#13694);
#13692 = CARTESIAN_POINT('',(2.3,-5.4,-2.92));
#13693 = DIRECTION('',(-0.707106781187,-1.735167508357E-18,
    -0.707106781187));
#13694 = DIRECTION('',(-1.226948711654E-18,1.,-1.226948711654E-18));
#13695 = ADVANCED_FACE('',(#13696),#13707,.T.);
#13696 = FACE_BOUND('',#13697,.F.);
#13697 = EDGE_LOOP('',(#13698,#13699,#13700,#13701));
#13698 = ORIENTED_EDGE('',*,*,#13675,.F.);
#13699 = ORIENTED_EDGE('',*,*,#11012,.T.);
#13700 = ORIENTED_EDGE('',*,*,#13620,.T.);
#13701 = ORIENTED_EDGE('',*,*,#13702,.F.);
#13702 = EDGE_CURVE('',#13676,#13621,#13703,.T.);
#13703 = LINE('',#13704,#13705);
#13704 = CARTESIAN_POINT('',(2.22,-5.24,-3.));
#13705 = VECTOR('',#13706,1.);
#13706 = DIRECTION('',(1.,0.,0.));
#13707 = PLANE('',#13708);
#13708 = AXIS2_PLACEMENT_3D('',#13709,#13710,#13711);
#13709 = CARTESIAN_POINT('',(2.22,-5.32,-2.92));
#13710 = DIRECTION('',(1.735167508357E-18,-0.707106781187,
    -0.707106781187));
#13711 = DIRECTION('',(-1.,-1.226948711654E-18,-1.226948711654E-18));
#13712 = ADVANCED_FACE('',(#13713),#13738,.F.);
#13713 = FACE_BOUND('',#13714,.T.);
#13714 = EDGE_LOOP('',(#13715,#13723,#13724,#13732));
#13715 = ORIENTED_EDGE('',*,*,#13716,.F.);
#13716 = EDGE_CURVE('',#11037,#13717,#13719,.T.);
#13717 = VERTEX_POINT('',#13718);
#13718 = CARTESIAN_POINT('',(2.38,-10.,-3.));
#13719 = LINE('',#13720,#13721);
#13720 = CARTESIAN_POINT('',(2.38,-10.,-3.));
#13721 = VECTOR('',#13722,1.);
#13722 = DIRECTION('',(0.57735026919,-0.57735026919,-0.57735026919));
#13723 = ORIENTED_EDGE('',*,*,#11036,.T.);
#13724 = ORIENTED_EDGE('',*,*,#13725,.T.);
#13725 = EDGE_CURVE('',#11029,#13726,#13728,.T.);
#13726 = VERTEX_POINT('',#13727);
#13727 = CARTESIAN_POINT('',(2.7,-10.,-3.));
#13728 = LINE('',#13729,#13730);
#13729 = CARTESIAN_POINT('',(2.593333333333,-10.10666666666,
    -3.106666666667));
#13730 = VECTOR('',#13731,1.);
#13731 = DIRECTION('',(-0.57735026919,-0.57735026919,-0.57735026919));
#13732 = ORIENTED_EDGE('',*,*,#13733,.F.);
#13733 = EDGE_CURVE('',#13717,#13726,#13734,.T.);
#13734 = LINE('',#13735,#13736);
#13735 = CARTESIAN_POINT('',(2.22,-10.,-3.));
#13736 = VECTOR('',#13737,1.);
#13737 = DIRECTION('',(1.,0.,0.));
#13738 = PLANE('',#13739);
#13739 = AXIS2_PLACEMENT_3D('',#13740,#13741,#13742);
#13740 = CARTESIAN_POINT('',(2.22,-9.92,-2.92));
#13741 = DIRECTION('',(-1.735167508357E-18,-0.707106781187,
    0.707106781187));
#13742 = DIRECTION('',(-1.,1.226948711654E-18,-1.226948711654E-18));
#13743 = ADVANCED_FACE('',(#13744),#13762,.T.);
#13744 = FACE_BOUND('',#13745,.T.);
#13745 = EDGE_LOOP('',(#13746,#13754,#13755,#13756));
#13746 = ORIENTED_EDGE('',*,*,#13747,.F.);
#13747 = EDGE_CURVE('',#11060,#13748,#13750,.T.);
#13748 = VERTEX_POINT('',#13749);
#13749 = CARTESIAN_POINT('',(2.38,-10.32,-3.));
#13750 = LINE('',#13751,#13752);
#13751 = CARTESIAN_POINT('',(2.273333333333,-10.42666666666,
    -2.893333333333));
#13752 = VECTOR('',#13753,1.);
#13753 = DIRECTION('',(0.57735026919,0.57735026919,-0.57735026919));
#13754 = ORIENTED_EDGE('',*,*,#11067,.T.);
#13755 = ORIENTED_EDGE('',*,*,#13716,.T.);
#13756 = ORIENTED_EDGE('',*,*,#13757,.F.);
#13757 = EDGE_CURVE('',#13748,#13717,#13758,.T.);
#13758 = LINE('',#13759,#13760);
#13759 = CARTESIAN_POINT('',(2.38,-10.48,-3.));
#13760 = VECTOR('',#13761,1.);
#13761 = DIRECTION('',(0.,1.,0.));
#13762 = PLANE('',#13763);
#13763 = AXIS2_PLACEMENT_3D('',#13764,#13765,#13766);
#13764 = CARTESIAN_POINT('',(2.3,-10.48,-2.92));
#13765 = DIRECTION('',(-0.707106781187,-1.735167508357E-18,
    -0.707106781187));
#13766 = DIRECTION('',(-1.226948711654E-18,1.,-1.226948711654E-18));
#13767 = ADVANCED_FACE('',(#13768),#13786,.T.);
#13768 = FACE_BOUND('',#13769,.F.);
#13769 = EDGE_LOOP('',(#13770,#13771,#13772,#13780));
#13770 = ORIENTED_EDGE('',*,*,#13747,.F.);
#13771 = ORIENTED_EDGE('',*,*,#11091,.T.);
#13772 = ORIENTED_EDGE('',*,*,#13773,.T.);
#13773 = EDGE_CURVE('',#11084,#13774,#13776,.T.);
#13774 = VERTEX_POINT('',#13775);
#13775 = CARTESIAN_POINT('',(2.7,-10.32,-3.));
#13776 = LINE('',#13777,#13778);
#13777 = CARTESIAN_POINT('',(2.7,-10.32,-3.));
#13778 = VECTOR('',#13779,1.);
#13779 = DIRECTION('',(-0.57735026919,0.57735026919,-0.57735026919));
#13780 = ORIENTED_EDGE('',*,*,#13781,.F.);
#13781 = EDGE_CURVE('',#13748,#13774,#13782,.T.);
#13782 = LINE('',#13783,#13784);
#13783 = CARTESIAN_POINT('',(2.22,-10.32,-3.));
#13784 = VECTOR('',#13785,1.);
#13785 = DIRECTION('',(1.,0.,0.));
#13786 = PLANE('',#13787);
#13787 = AXIS2_PLACEMENT_3D('',#13788,#13789,#13790);
#13788 = CARTESIAN_POINT('',(2.22,-10.4,-2.92));
#13789 = DIRECTION('',(1.735167508357E-18,-0.707106781187,
    -0.707106781187));
#13790 = DIRECTION('',(-1.,-1.226948711654E-18,-1.226948711654E-18));
#13791 = ADVANCED_FACE('',(#13792),#13803,.F.);
#13792 = FACE_BOUND('',#13793,.F.);
#13793 = EDGE_LOOP('',(#13794,#13795,#13796,#13797));
#13794 = ORIENTED_EDGE('',*,*,#13773,.F.);
#13795 = ORIENTED_EDGE('',*,*,#11108,.T.);
#13796 = ORIENTED_EDGE('',*,*,#13725,.T.);
#13797 = ORIENTED_EDGE('',*,*,#13798,.F.);
#13798 = EDGE_CURVE('',#13774,#13726,#13799,.T.);
#13799 = LINE('',#13800,#13801);
#13800 = CARTESIAN_POINT('',(2.7,-10.48,-3.));
#13801 = VECTOR('',#13802,1.);
#13802 = DIRECTION('',(0.,1.,0.));
#13803 = PLANE('',#13804);
#13804 = AXIS2_PLACEMENT_3D('',#13805,#13806,#13807);
#13805 = CARTESIAN_POINT('',(2.78,-10.48,-2.92));
#13806 = DIRECTION('',(-0.707106781187,1.735167508357E-18,0.707106781187
    ));
#13807 = DIRECTION('',(1.226948711654E-18,1.,-1.226948711654E-18));
#13808 = ADVANCED_FACE('',(#13809),#13834,.T.);
#13809 = FACE_BOUND('',#13810,.F.);
#13810 = EDGE_LOOP('',(#13811,#13819,#13820,#13828));
#13811 = ORIENTED_EDGE('',*,*,#13812,.F.);
#13812 = EDGE_CURVE('',#11133,#13813,#13815,.T.);
#13813 = VERTEX_POINT('',#13814);
#13814 = CARTESIAN_POINT('',(-0.16,-10.32,-3.));
#13815 = LINE('',#13816,#13817);
#13816 = CARTESIAN_POINT('',(-0.266666666667,-10.42666666666,
    -2.893333333333));
#13817 = VECTOR('',#13818,1.);
#13818 = DIRECTION('',(0.57735026919,0.57735026919,-0.57735026919));
#13819 = ORIENTED_EDGE('',*,*,#11132,.T.);
#13820 = ORIENTED_EDGE('',*,*,#13821,.T.);
#13821 = EDGE_CURVE('',#11125,#13822,#13824,.T.);
#13822 = VERTEX_POINT('',#13823);
#13823 = CARTESIAN_POINT('',(0.16,-10.32,-3.));
#13824 = LINE('',#13825,#13826);
#13825 = CARTESIAN_POINT('',(0.16,-10.32,-3.));
#13826 = VECTOR('',#13827,1.);
#13827 = DIRECTION('',(-0.57735026919,0.57735026919,-0.57735026919));
#13828 = ORIENTED_EDGE('',*,*,#13829,.F.);
#13829 = EDGE_CURVE('',#13813,#13822,#13830,.T.);
#13830 = LINE('',#13831,#13832);
#13831 = CARTESIAN_POINT('',(-0.32,-10.32,-3.));
#13832 = VECTOR('',#13833,1.);
#13833 = DIRECTION('',(1.,0.,0.));
#13834 = PLANE('',#13835);
#13835 = AXIS2_PLACEMENT_3D('',#13836,#13837,#13838);
#13836 = CARTESIAN_POINT('',(-0.32,-10.4,-2.92));
#13837 = DIRECTION('',(1.735167508357E-18,-0.707106781187,
    -0.707106781187));
#13838 = DIRECTION('',(-1.,-1.226948711654E-18,-1.226948711654E-18));
#13839 = ADVANCED_FACE('',(#13840),#13858,.F.);
#13840 = FACE_BOUND('',#13841,.F.);
#13841 = EDGE_LOOP('',(#13842,#13843,#13844,#13852));
#13842 = ORIENTED_EDGE('',*,*,#13821,.F.);
#13843 = ORIENTED_EDGE('',*,*,#11156,.T.);
#13844 = ORIENTED_EDGE('',*,*,#13845,.T.);
#13845 = EDGE_CURVE('',#11157,#13846,#13848,.T.);
#13846 = VERTEX_POINT('',#13847);
#13847 = CARTESIAN_POINT('',(0.16,-10.,-3.));
#13848 = LINE('',#13849,#13850);
#13849 = CARTESIAN_POINT('',(5.333333333333E-02,-10.10666666666,
    -3.106666666667));
#13850 = VECTOR('',#13851,1.);
#13851 = DIRECTION('',(-0.57735026919,-0.57735026919,-0.57735026919));
#13852 = ORIENTED_EDGE('',*,*,#13853,.F.);
#13853 = EDGE_CURVE('',#13822,#13846,#13854,.T.);
#13854 = LINE('',#13855,#13856);
#13855 = CARTESIAN_POINT('',(0.16,-10.48,-3.));
#13856 = VECTOR('',#13857,1.);
#13857 = DIRECTION('',(0.,1.,0.));
#13858 = PLANE('',#13859);
#13859 = AXIS2_PLACEMENT_3D('',#13860,#13861,#13862);
#13860 = CARTESIAN_POINT('',(0.24,-10.48,-2.92));
#13861 = DIRECTION('',(-0.707106781187,1.735167508357E-18,0.707106781187
    ));
#13862 = DIRECTION('',(1.226948711654E-18,1.,-1.226948711654E-18));
#13863 = ADVANCED_FACE('',(#13864),#13882,.F.);
#13864 = FACE_BOUND('',#13865,.T.);
#13865 = EDGE_LOOP('',(#13866,#13874,#13875,#13876));
#13866 = ORIENTED_EDGE('',*,*,#13867,.F.);
#13867 = EDGE_CURVE('',#11181,#13868,#13870,.T.);
#13868 = VERTEX_POINT('',#13869);
#13869 = CARTESIAN_POINT('',(-0.16,-10.,-3.));
#13870 = LINE('',#13871,#13872);
#13871 = CARTESIAN_POINT('',(-0.16,-10.,-3.));
#13872 = VECTOR('',#13873,1.);
#13873 = DIRECTION('',(0.57735026919,-0.57735026919,-0.57735026919));
#13874 = ORIENTED_EDGE('',*,*,#11180,.T.);
#13875 = ORIENTED_EDGE('',*,*,#13845,.T.);
#13876 = ORIENTED_EDGE('',*,*,#13877,.F.);
#13877 = EDGE_CURVE('',#13868,#13846,#13878,.T.);
#13878 = LINE('',#13879,#13880);
#13879 = CARTESIAN_POINT('',(-0.32,-10.,-3.));
#13880 = VECTOR('',#13881,1.);
#13881 = DIRECTION('',(1.,0.,0.));
#13882 = PLANE('',#13883);
#13883 = AXIS2_PLACEMENT_3D('',#13884,#13885,#13886);
#13884 = CARTESIAN_POINT('',(-0.32,-9.92,-2.92));
#13885 = DIRECTION('',(-1.735167508357E-18,-0.707106781187,
    0.707106781187));
#13886 = DIRECTION('',(-1.,1.226948711654E-18,-1.226948711654E-18));
#13887 = ADVANCED_FACE('',(#13888),#13899,.T.);
#13888 = FACE_BOUND('',#13889,.T.);
#13889 = EDGE_LOOP('',(#13890,#13891,#13892,#13893));
#13890 = ORIENTED_EDGE('',*,*,#13812,.F.);
#13891 = ORIENTED_EDGE('',*,*,#11204,.T.);
#13892 = ORIENTED_EDGE('',*,*,#13867,.T.);
#13893 = ORIENTED_EDGE('',*,*,#13894,.F.);
#13894 = EDGE_CURVE('',#13813,#13868,#13895,.T.);
#13895 = LINE('',#13896,#13897);
#13896 = CARTESIAN_POINT('',(-0.16,-10.48,-3.));
#13897 = VECTOR('',#13898,1.);
#13898 = DIRECTION('',(0.,1.,0.));
#13899 = PLANE('',#13900);
#13900 = AXIS2_PLACEMENT_3D('',#13901,#13902,#13903);
#13901 = CARTESIAN_POINT('',(-0.24,-10.48,-2.92));
#13902 = DIRECTION('',(-0.707106781187,-1.735167508357E-18,
    -0.707106781187));
#13903 = DIRECTION('',(-1.226948711654E-18,1.,-1.226948711654E-18));
#13904 = ADVANCED_FACE('',(#13905),#13930,.T.);
#13905 = FACE_BOUND('',#13906,.F.);
#13906 = EDGE_LOOP('',(#13907,#13915,#13916,#13924));
#13907 = ORIENTED_EDGE('',*,*,#13908,.F.);
#13908 = EDGE_CURVE('',#11229,#13909,#13911,.T.);
#13909 = VERTEX_POINT('',#13910);
#13910 = CARTESIAN_POINT('',(-0.16,-7.78,-3.));
#13911 = LINE('',#13912,#13913);
#13912 = CARTESIAN_POINT('',(-0.266666666667,-7.886666666667,
    -2.893333333333));
#13913 = VECTOR('',#13914,1.);
#13914 = DIRECTION('',(0.57735026919,0.57735026919,-0.57735026919));
#13915 = ORIENTED_EDGE('',*,*,#11228,.T.);
#13916 = ORIENTED_EDGE('',*,*,#13917,.T.);
#13917 = EDGE_CURVE('',#11221,#13918,#13920,.T.);
#13918 = VERTEX_POINT('',#13919);
#13919 = CARTESIAN_POINT('',(0.16,-7.78,-3.));
#13920 = LINE('',#13921,#13922);
#13921 = CARTESIAN_POINT('',(0.16,-7.78,-3.));
#13922 = VECTOR('',#13923,1.);
#13923 = DIRECTION('',(-0.57735026919,0.57735026919,-0.57735026919));
#13924 = ORIENTED_EDGE('',*,*,#13925,.F.);
#13925 = EDGE_CURVE('',#13909,#13918,#13926,.T.);
#13926 = LINE('',#13927,#13928);
#13927 = CARTESIAN_POINT('',(-0.32,-7.78,-3.));
#13928 = VECTOR('',#13929,1.);
#13929 = DIRECTION('',(1.,0.,0.));
#13930 = PLANE('',#13931);
#13931 = AXIS2_PLACEMENT_3D('',#13932,#13933,#13934);
#13932 = CARTESIAN_POINT('',(-0.32,-7.86,-2.92));
#13933 = DIRECTION('',(1.735167508357E-18,-0.707106781187,
    -0.707106781187));
#13934 = DIRECTION('',(-1.,-1.226948711654E-18,-1.226948711654E-18));
#13935 = ADVANCED_FACE('',(#13936),#13954,.F.);
#13936 = FACE_BOUND('',#13937,.F.);
#13937 = EDGE_LOOP('',(#13938,#13939,#13940,#13948));
#13938 = ORIENTED_EDGE('',*,*,#13917,.F.);
#13939 = ORIENTED_EDGE('',*,*,#11252,.T.);
#13940 = ORIENTED_EDGE('',*,*,#13941,.T.);
#13941 = EDGE_CURVE('',#11253,#13942,#13944,.T.);
#13942 = VERTEX_POINT('',#13943);
#13943 = CARTESIAN_POINT('',(0.16,-7.46,-3.));
#13944 = LINE('',#13945,#13946);
#13945 = CARTESIAN_POINT('',(5.333333333333E-02,-7.566666666667,
    -3.106666666667));
#13946 = VECTOR('',#13947,1.);
#13947 = DIRECTION('',(-0.57735026919,-0.57735026919,-0.57735026919));
#13948 = ORIENTED_EDGE('',*,*,#13949,.F.);
#13949 = EDGE_CURVE('',#13918,#13942,#13950,.T.);
#13950 = LINE('',#13951,#13952);
#13951 = CARTESIAN_POINT('',(0.16,-7.94,-3.));
#13952 = VECTOR('',#13953,1.);
#13953 = DIRECTION('',(0.,1.,0.));
#13954 = PLANE('',#13955);
#13955 = AXIS2_PLACEMENT_3D('',#13956,#13957,#13958);
#13956 = CARTESIAN_POINT('',(0.24,-7.94,-2.92));
#13957 = DIRECTION('',(-0.707106781187,1.735167508357E-18,0.707106781187
    ));
#13958 = DIRECTION('',(1.226948711654E-18,1.,-1.226948711654E-18));
#13959 = ADVANCED_FACE('',(#13960),#13978,.F.);
#13960 = FACE_BOUND('',#13961,.T.);
#13961 = EDGE_LOOP('',(#13962,#13970,#13971,#13972));
#13962 = ORIENTED_EDGE('',*,*,#13963,.F.);
#13963 = EDGE_CURVE('',#11277,#13964,#13966,.T.);
#13964 = VERTEX_POINT('',#13965);
#13965 = CARTESIAN_POINT('',(-0.16,-7.46,-3.));
#13966 = LINE('',#13967,#13968);
#13967 = CARTESIAN_POINT('',(-0.16,-7.46,-3.));
#13968 = VECTOR('',#13969,1.);
#13969 = DIRECTION('',(0.57735026919,-0.57735026919,-0.57735026919));
#13970 = ORIENTED_EDGE('',*,*,#11276,.T.);
#13971 = ORIENTED_EDGE('',*,*,#13941,.T.);
#13972 = ORIENTED_EDGE('',*,*,#13973,.F.);
#13973 = EDGE_CURVE('',#13964,#13942,#13974,.T.);
#13974 = LINE('',#13975,#13976);
#13975 = CARTESIAN_POINT('',(-0.32,-7.46,-3.));
#13976 = VECTOR('',#13977,1.);
#13977 = DIRECTION('',(1.,0.,0.));
#13978 = PLANE('',#13979);
#13979 = AXIS2_PLACEMENT_3D('',#13980,#13981,#13982);
#13980 = CARTESIAN_POINT('',(-0.32,-7.38,-2.92));
#13981 = DIRECTION('',(-1.735167508357E-18,-0.707106781187,
    0.707106781187));
#13982 = DIRECTION('',(-1.,1.226948711654E-18,-1.226948711654E-18));
#13983 = ADVANCED_FACE('',(#13984),#13995,.T.);
#13984 = FACE_BOUND('',#13985,.T.);
#13985 = EDGE_LOOP('',(#13986,#13987,#13988,#13989));
#13986 = ORIENTED_EDGE('',*,*,#13908,.F.);
#13987 = ORIENTED_EDGE('',*,*,#11300,.T.);
#13988 = ORIENTED_EDGE('',*,*,#13963,.T.);
#13989 = ORIENTED_EDGE('',*,*,#13990,.F.);
#13990 = EDGE_CURVE('',#13909,#13964,#13991,.T.);
#13991 = LINE('',#13992,#13993);
#13992 = CARTESIAN_POINT('',(-0.16,-7.94,-3.));
#13993 = VECTOR('',#13994,1.);
#13994 = DIRECTION('',(0.,1.,0.));
#13995 = PLANE('',#13996);
#13996 = AXIS2_PLACEMENT_3D('',#13997,#13998,#13999);
#13997 = CARTESIAN_POINT('',(-0.24,-7.94,-2.92));
#13998 = DIRECTION('',(-0.707106781187,-1.735167508357E-18,
    -0.707106781187));
#13999 = DIRECTION('',(-1.226948711654E-18,1.,-1.226948711654E-18));
#14000 = ADVANCED_FACE('',(#14001),#14026,.F.);
#14001 = FACE_BOUND('',#14002,.T.);
#14002 = EDGE_LOOP('',(#14003,#14011,#14012,#14020));
#14003 = ORIENTED_EDGE('',*,*,#14004,.F.);
#14004 = EDGE_CURVE('',#11325,#14005,#14007,.T.);
#14005 = VERTEX_POINT('',#14006);
#14006 = CARTESIAN_POINT('',(2.38,-7.46,-3.));
#14007 = LINE('',#14008,#14009);
#14008 = CARTESIAN_POINT('',(2.38,-7.46,-3.));
#14009 = VECTOR('',#14010,1.);
#14010 = DIRECTION('',(0.57735026919,-0.57735026919,-0.57735026919));
#14011 = ORIENTED_EDGE('',*,*,#11324,.T.);
#14012 = ORIENTED_EDGE('',*,*,#14013,.T.);
#14013 = EDGE_CURVE('',#11317,#14014,#14016,.T.);
#14014 = VERTEX_POINT('',#14015);
#14015 = CARTESIAN_POINT('',(2.7,-7.46,-3.));
#14016 = LINE('',#14017,#14018);
#14017 = CARTESIAN_POINT('',(2.593333333333,-7.566666666667,
    -3.106666666667));
#14018 = VECTOR('',#14019,1.);
#14019 = DIRECTION('',(-0.57735026919,-0.57735026919,-0.57735026919));
#14020 = ORIENTED_EDGE('',*,*,#14021,.F.);
#14021 = EDGE_CURVE('',#14005,#14014,#14022,.T.);
#14022 = LINE('',#14023,#14024);
#14023 = CARTESIAN_POINT('',(2.22,-7.46,-3.));
#14024 = VECTOR('',#14025,1.);
#14025 = DIRECTION('',(1.,0.,0.));
#14026 = PLANE('',#14027);
#14027 = AXIS2_PLACEMENT_3D('',#14028,#14029,#14030);
#14028 = CARTESIAN_POINT('',(2.22,-7.38,-2.92));
#14029 = DIRECTION('',(-1.735167508357E-18,-0.707106781187,
    0.707106781187));
#14030 = DIRECTION('',(-1.,1.226948711654E-18,-1.226948711654E-18));
#14031 = ADVANCED_FACE('',(#14032),#14050,.T.);
#14032 = FACE_BOUND('',#14033,.T.);
#14033 = EDGE_LOOP('',(#14034,#14042,#14043,#14044));
#14034 = ORIENTED_EDGE('',*,*,#14035,.F.);
#14035 = EDGE_CURVE('',#11348,#14036,#14038,.T.);
#14036 = VERTEX_POINT('',#14037);
#14037 = CARTESIAN_POINT('',(2.38,-7.78,-3.));
#14038 = LINE('',#14039,#14040);
#14039 = CARTESIAN_POINT('',(2.273333333333,-7.886666666667,
    -2.893333333333));
#14040 = VECTOR('',#14041,1.);
#14041 = DIRECTION('',(0.57735026919,0.57735026919,-0.57735026919));
#14042 = ORIENTED_EDGE('',*,*,#11355,.T.);
#14043 = ORIENTED_EDGE('',*,*,#14004,.T.);
#14044 = ORIENTED_EDGE('',*,*,#14045,.F.);
#14045 = EDGE_CURVE('',#14036,#14005,#14046,.T.);
#14046 = LINE('',#14047,#14048);
#14047 = CARTESIAN_POINT('',(2.38,-7.94,-3.));
#14048 = VECTOR('',#14049,1.);
#14049 = DIRECTION('',(0.,1.,0.));
#14050 = PLANE('',#14051);
#14051 = AXIS2_PLACEMENT_3D('',#14052,#14053,#14054);
#14052 = CARTESIAN_POINT('',(2.3,-7.94,-2.92));
#14053 = DIRECTION('',(-0.707106781187,-1.735167508357E-18,
    -0.707106781187));
#14054 = DIRECTION('',(-1.226948711654E-18,1.,-1.226948711654E-18));
#14055 = ADVANCED_FACE('',(#14056),#14074,.T.);
#14056 = FACE_BOUND('',#14057,.F.);
#14057 = EDGE_LOOP('',(#14058,#14059,#14060,#14068));
#14058 = ORIENTED_EDGE('',*,*,#14035,.F.);
#14059 = ORIENTED_EDGE('',*,*,#11379,.T.);
#14060 = ORIENTED_EDGE('',*,*,#14061,.T.);
#14061 = EDGE_CURVE('',#11372,#14062,#14064,.T.);
#14062 = VERTEX_POINT('',#14063);
#14063 = CARTESIAN_POINT('',(2.7,-7.78,-3.));
#14064 = LINE('',#14065,#14066);
#14065 = CARTESIAN_POINT('',(2.7,-7.78,-3.));
#14066 = VECTOR('',#14067,1.);
#14067 = DIRECTION('',(-0.57735026919,0.57735026919,-0.57735026919));
#14068 = ORIENTED_EDGE('',*,*,#14069,.F.);
#14069 = EDGE_CURVE('',#14036,#14062,#14070,.T.);
#14070 = LINE('',#14071,#14072);
#14071 = CARTESIAN_POINT('',(2.22,-7.78,-3.));
#14072 = VECTOR('',#14073,1.);
#14073 = DIRECTION('',(1.,0.,0.));
#14074 = PLANE('',#14075);
#14075 = AXIS2_PLACEMENT_3D('',#14076,#14077,#14078);
#14076 = CARTESIAN_POINT('',(2.22,-7.86,-2.92));
#14077 = DIRECTION('',(1.735167508357E-18,-0.707106781187,
    -0.707106781187));
#14078 = DIRECTION('',(-1.,-1.226948711654E-18,-1.226948711654E-18));
#14079 = ADVANCED_FACE('',(#14080),#14091,.F.);
#14080 = FACE_BOUND('',#14081,.F.);
#14081 = EDGE_LOOP('',(#14082,#14083,#14084,#14085));
#14082 = ORIENTED_EDGE('',*,*,#14061,.F.);
#14083 = ORIENTED_EDGE('',*,*,#11396,.T.);
#14084 = ORIENTED_EDGE('',*,*,#14013,.T.);
#14085 = ORIENTED_EDGE('',*,*,#14086,.F.);
#14086 = EDGE_CURVE('',#14062,#14014,#14087,.T.);
#14087 = LINE('',#14088,#14089);
#14088 = CARTESIAN_POINT('',(2.7,-7.94,-3.));
#14089 = VECTOR('',#14090,1.);
#14090 = DIRECTION('',(0.,1.,0.));
#14091 = PLANE('',#14092);
#14092 = AXIS2_PLACEMENT_3D('',#14093,#14094,#14095);
#14093 = CARTESIAN_POINT('',(2.78,-7.94,-2.92));
#14094 = DIRECTION('',(-0.707106781187,1.735167508357E-18,0.707106781187
    ));
#14095 = DIRECTION('',(1.226948711654E-18,1.,-1.226948711654E-18));
#14096 = ADVANCED_FACE('',(#14097),#14122,.F.);
#14097 = FACE_BOUND('',#14098,.F.);
#14098 = EDGE_LOOP('',(#14099,#14107,#14108,#14116));
#14099 = ORIENTED_EDGE('',*,*,#14100,.F.);
#14100 = EDGE_CURVE('',#11413,#14101,#14103,.T.);
#14101 = VERTEX_POINT('',#14102);
#14102 = CARTESIAN_POINT('',(0.16,-0.16,-3.));
#14103 = LINE('',#14104,#14105);
#14104 = CARTESIAN_POINT('',(0.16,-0.16,-3.));
#14105 = VECTOR('',#14106,1.);
#14106 = DIRECTION('',(-0.57735026919,0.57735026919,-0.57735026919));
#14107 = ORIENTED_EDGE('',*,*,#11420,.T.);
#14108 = ORIENTED_EDGE('',*,*,#14109,.T.);
#14109 = EDGE_CURVE('',#11421,#14110,#14112,.T.);
#14110 = VERTEX_POINT('',#14111);
#14111 = CARTESIAN_POINT('',(0.16,0.16,-3.));
#14112 = LINE('',#14113,#14114);
#14113 = CARTESIAN_POINT('',(5.333333333333E-02,5.333333333333E-02,
    -3.106666666667));
#14114 = VECTOR('',#14115,1.);
#14115 = DIRECTION('',(-0.57735026919,-0.57735026919,-0.57735026919));
#14116 = ORIENTED_EDGE('',*,*,#14117,.F.);
#14117 = EDGE_CURVE('',#14101,#14110,#14118,.T.);
#14118 = LINE('',#14119,#14120);
#14119 = CARTESIAN_POINT('',(0.16,-0.32,-3.));
#14120 = VECTOR('',#14121,1.);
#14121 = DIRECTION('',(0.,1.,0.));
#14122 = PLANE('',#14123);
#14123 = AXIS2_PLACEMENT_3D('',#14124,#14125,#14126);
#14124 = CARTESIAN_POINT('',(0.24,-0.32,-2.92));
#14125 = DIRECTION('',(-0.707106781187,1.735167508357E-18,0.707106781187
    ));
#14126 = DIRECTION('',(1.226948711654E-18,1.,-1.226948711654E-18));
#14127 = ADVANCED_FACE('',(#14128),#14146,.F.);
#14128 = FACE_BOUND('',#14129,.T.);
#14129 = EDGE_LOOP('',(#14130,#14138,#14139,#14140));
#14130 = ORIENTED_EDGE('',*,*,#14131,.F.);
#14131 = EDGE_CURVE('',#11445,#14132,#14134,.T.);
#14132 = VERTEX_POINT('',#14133);
#14133 = CARTESIAN_POINT('',(-0.16,0.16,-3.));
#14134 = LINE('',#14135,#14136);
#14135 = CARTESIAN_POINT('',(-0.16,0.16,-3.));
#14136 = VECTOR('',#14137,1.);
#14137 = DIRECTION('',(0.57735026919,-0.57735026919,-0.57735026919));
#14138 = ORIENTED_EDGE('',*,*,#11444,.T.);
#14139 = ORIENTED_EDGE('',*,*,#14109,.T.);
#14140 = ORIENTED_EDGE('',*,*,#14141,.F.);
#14141 = EDGE_CURVE('',#14132,#14110,#14142,.T.);
#14142 = LINE('',#14143,#14144);
#14143 = CARTESIAN_POINT('',(-0.32,0.16,-3.));
#14144 = VECTOR('',#14145,1.);
#14145 = DIRECTION('',(1.,0.,0.));
#14146 = PLANE('',#14147);
#14147 = AXIS2_PLACEMENT_3D('',#14148,#14149,#14150);
#14148 = CARTESIAN_POINT('',(-0.32,0.24,-2.92));
#14149 = DIRECTION('',(-1.735167508357E-18,-0.707106781187,
    0.707106781187));
#14150 = DIRECTION('',(-1.,1.226948711654E-18,-1.226948711654E-18));
#14151 = ADVANCED_FACE('',(#14152),#14170,.T.);
#14152 = FACE_BOUND('',#14153,.T.);
#14153 = EDGE_LOOP('',(#14154,#14162,#14163,#14164));
#14154 = ORIENTED_EDGE('',*,*,#14155,.F.);
#14155 = EDGE_CURVE('',#11468,#14156,#14158,.T.);
#14156 = VERTEX_POINT('',#14157);
#14157 = CARTESIAN_POINT('',(-0.16,-0.16,-3.));
#14158 = LINE('',#14159,#14160);
#14159 = CARTESIAN_POINT('',(-0.266666666667,-0.266666666667,
    -2.893333333333));
#14160 = VECTOR('',#14161,1.);
#14161 = DIRECTION('',(0.57735026919,0.57735026919,-0.57735026919));
#14162 = ORIENTED_EDGE('',*,*,#11475,.T.);
#14163 = ORIENTED_EDGE('',*,*,#14131,.T.);
#14164 = ORIENTED_EDGE('',*,*,#14165,.F.);
#14165 = EDGE_CURVE('',#14156,#14132,#14166,.T.);
#14166 = LINE('',#14167,#14168);
#14167 = CARTESIAN_POINT('',(-0.16,-0.32,-3.));
#14168 = VECTOR('',#14169,1.);
#14169 = DIRECTION('',(0.,1.,0.));
#14170 = PLANE('',#14171);
#14171 = AXIS2_PLACEMENT_3D('',#14172,#14173,#14174);
#14172 = CARTESIAN_POINT('',(-0.24,-0.32,-2.92));
#14173 = DIRECTION('',(-0.707106781187,-1.735167508357E-18,
    -0.707106781187));
#14174 = DIRECTION('',(-1.226948711654E-18,1.,-1.226948711654E-18));
#14175 = ADVANCED_FACE('',(#14176),#14187,.T.);
#14176 = FACE_BOUND('',#14177,.F.);
#14177 = EDGE_LOOP('',(#14178,#14179,#14180,#14181));
#14178 = ORIENTED_EDGE('',*,*,#14155,.F.);
#14179 = ORIENTED_EDGE('',*,*,#11492,.T.);
#14180 = ORIENTED_EDGE('',*,*,#14100,.T.);
#14181 = ORIENTED_EDGE('',*,*,#14182,.F.);
#14182 = EDGE_CURVE('',#14156,#14101,#14183,.T.);
#14183 = LINE('',#14184,#14185);
#14184 = CARTESIAN_POINT('',(-0.32,-0.16,-3.));
#14185 = VECTOR('',#14186,1.);
#14186 = DIRECTION('',(1.,0.,0.));
#14187 = PLANE('',#14188);
#14188 = AXIS2_PLACEMENT_3D('',#14189,#14190,#14191);
#14189 = CARTESIAN_POINT('',(-0.32,-0.24,-2.92));
#14190 = DIRECTION('',(1.735167508357E-18,-0.707106781187,
    -0.707106781187));
#14191 = DIRECTION('',(-1.,-1.226948711654E-18,-1.226948711654E-18));
#14192 = ADVANCED_FACE('',(#14193),#14218,.F.);
#14193 = FACE_BOUND('',#14194,.F.);
#14194 = EDGE_LOOP('',(#14195,#14203,#14204,#14212));
#14195 = ORIENTED_EDGE('',*,*,#14196,.F.);
#14196 = EDGE_CURVE('',#11509,#14197,#14199,.T.);
#14197 = VERTEX_POINT('',#14198);
#14198 = CARTESIAN_POINT('',(2.7,-0.16,-3.));
#14199 = LINE('',#14200,#14201);
#14200 = CARTESIAN_POINT('',(2.7,-0.16,-3.));
#14201 = VECTOR('',#14202,1.);
#14202 = DIRECTION('',(-0.57735026919,0.57735026919,-0.57735026919));
#14203 = ORIENTED_EDGE('',*,*,#11516,.T.);
#14204 = ORIENTED_EDGE('',*,*,#14205,.T.);
#14205 = EDGE_CURVE('',#11517,#14206,#14208,.T.);
#14206 = VERTEX_POINT('',#14207);
#14207 = CARTESIAN_POINT('',(2.7,0.16,-3.));
#14208 = LINE('',#14209,#14210);
#14209 = CARTESIAN_POINT('',(2.593333333333,5.333333333333E-02,
    -3.106666666667));
#14210 = VECTOR('',#14211,1.);
#14211 = DIRECTION('',(-0.57735026919,-0.57735026919,-0.57735026919));
#14212 = ORIENTED_EDGE('',*,*,#14213,.F.);
#14213 = EDGE_CURVE('',#14197,#14206,#14214,.T.);
#14214 = LINE('',#14215,#14216);
#14215 = CARTESIAN_POINT('',(2.7,-0.32,-3.));
#14216 = VECTOR('',#14217,1.);
#14217 = DIRECTION('',(0.,1.,0.));
#14218 = PLANE('',#14219);
#14219 = AXIS2_PLACEMENT_3D('',#14220,#14221,#14222);
#14220 = CARTESIAN_POINT('',(2.78,-0.32,-2.92));
#14221 = DIRECTION('',(-0.707106781187,1.735167508357E-18,0.707106781187
    ));
#14222 = DIRECTION('',(1.226948711654E-18,1.,-1.226948711654E-18));
#14223 = ADVANCED_FACE('',(#14224),#14242,.F.);
#14224 = FACE_BOUND('',#14225,.T.);
#14225 = EDGE_LOOP('',(#14226,#14234,#14235,#14236));
#14226 = ORIENTED_EDGE('',*,*,#14227,.F.);
#14227 = EDGE_CURVE('',#11541,#14228,#14230,.T.);
#14228 = VERTEX_POINT('',#14229);
#14229 = CARTESIAN_POINT('',(2.38,0.16,-3.));
#14230 = LINE('',#14231,#14232);
#14231 = CARTESIAN_POINT('',(2.38,0.16,-3.));
#14232 = VECTOR('',#14233,1.);
#14233 = DIRECTION('',(0.57735026919,-0.57735026919,-0.57735026919));
#14234 = ORIENTED_EDGE('',*,*,#11540,.T.);
#14235 = ORIENTED_EDGE('',*,*,#14205,.T.);
#14236 = ORIENTED_EDGE('',*,*,#14237,.F.);
#14237 = EDGE_CURVE('',#14228,#14206,#14238,.T.);
#14238 = LINE('',#14239,#14240);
#14239 = CARTESIAN_POINT('',(2.22,0.16,-3.));
#14240 = VECTOR('',#14241,1.);
#14241 = DIRECTION('',(1.,0.,0.));
#14242 = PLANE('',#14243);
#14243 = AXIS2_PLACEMENT_3D('',#14244,#14245,#14246);
#14244 = CARTESIAN_POINT('',(2.22,0.24,-2.92));
#14245 = DIRECTION('',(-1.735167508357E-18,-0.707106781187,
    0.707106781187));
#14246 = DIRECTION('',(-1.,1.226948711654E-18,-1.226948711654E-18));
#14247 = ADVANCED_FACE('',(#14248),#14266,.T.);
#14248 = FACE_BOUND('',#14249,.T.);
#14249 = EDGE_LOOP('',(#14250,#14258,#14259,#14260));
#14250 = ORIENTED_EDGE('',*,*,#14251,.F.);
#14251 = EDGE_CURVE('',#11564,#14252,#14254,.T.);
#14252 = VERTEX_POINT('',#14253);
#14253 = CARTESIAN_POINT('',(2.38,-0.16,-3.));
#14254 = LINE('',#14255,#14256);
#14255 = CARTESIAN_POINT('',(2.273333333333,-0.266666666667,
    -2.893333333333));
#14256 = VECTOR('',#14257,1.);
#14257 = DIRECTION('',(0.57735026919,0.57735026919,-0.57735026919));
#14258 = ORIENTED_EDGE('',*,*,#11571,.T.);
#14259 = ORIENTED_EDGE('',*,*,#14227,.T.);
#14260 = ORIENTED_EDGE('',*,*,#14261,.F.);
#14261 = EDGE_CURVE('',#14252,#14228,#14262,.T.);
#14262 = LINE('',#14263,#14264);
#14263 = CARTESIAN_POINT('',(2.38,-0.32,-3.));
#14264 = VECTOR('',#14265,1.);
#14265 = DIRECTION('',(0.,1.,0.));
#14266 = PLANE('',#14267);
#14267 = AXIS2_PLACEMENT_3D('',#14268,#14269,#14270);
#14268 = CARTESIAN_POINT('',(2.3,-0.32,-2.92));
#14269 = DIRECTION('',(-0.707106781187,-1.735167508357E-18,
    -0.707106781187));
#14270 = DIRECTION('',(-1.226948711654E-18,1.,-1.226948711654E-18));
#14271 = ADVANCED_FACE('',(#14272),#14283,.T.);
#14272 = FACE_BOUND('',#14273,.F.);
#14273 = EDGE_LOOP('',(#14274,#14275,#14276,#14277));
#14274 = ORIENTED_EDGE('',*,*,#14251,.F.);
#14275 = ORIENTED_EDGE('',*,*,#11588,.T.);
#14276 = ORIENTED_EDGE('',*,*,#14196,.T.);
#14277 = ORIENTED_EDGE('',*,*,#14278,.F.);
#14278 = EDGE_CURVE('',#14252,#14197,#14279,.T.);
#14279 = LINE('',#14280,#14281);
#14280 = CARTESIAN_POINT('',(2.22,-0.16,-3.));
#14281 = VECTOR('',#14282,1.);
#14282 = DIRECTION('',(1.,0.,0.));
#14283 = PLANE('',#14284);
#14284 = AXIS2_PLACEMENT_3D('',#14285,#14286,#14287);
#14285 = CARTESIAN_POINT('',(2.22,-0.24,-2.92));
#14286 = DIRECTION('',(1.735167508357E-18,-0.707106781187,
    -0.707106781187));
#14287 = DIRECTION('',(-1.,-1.226948711654E-18,-1.226948711654E-18));
#14288 = ADVANCED_FACE('',(#14289),#14314,.F.);
#14289 = FACE_BOUND('',#14290,.T.);
#14290 = EDGE_LOOP('',(#14291,#14299,#14300,#14308));
#14291 = ORIENTED_EDGE('',*,*,#14292,.F.);
#14292 = EDGE_CURVE('',#11613,#14293,#14295,.T.);
#14293 = VERTEX_POINT('',#14294);
#14294 = CARTESIAN_POINT('',(-0.16,-12.54,-3.));
#14295 = LINE('',#14296,#14297);
#14296 = CARTESIAN_POINT('',(-0.16,-12.54,-3.));
#14297 = VECTOR('',#14298,1.);
#14298 = DIRECTION('',(0.57735026919,-0.57735026919,-0.57735026919));
#14299 = ORIENTED_EDGE('',*,*,#11612,.T.);
#14300 = ORIENTED_EDGE('',*,*,#14301,.T.);
#14301 = EDGE_CURVE('',#11605,#14302,#14304,.T.);
#14302 = VERTEX_POINT('',#14303);
#14303 = CARTESIAN_POINT('',(0.16,-12.54,-3.));
#14304 = LINE('',#14305,#14306);
#14305 = CARTESIAN_POINT('',(5.333333333333E-02,-12.64666666666,
    -3.106666666667));
#14306 = VECTOR('',#14307,1.);
#14307 = DIRECTION('',(-0.57735026919,-0.57735026919,-0.57735026919));
#14308 = ORIENTED_EDGE('',*,*,#14309,.F.);
#14309 = EDGE_CURVE('',#14293,#14302,#14310,.T.);
#14310 = LINE('',#14311,#14312);
#14311 = CARTESIAN_POINT('',(-0.32,-12.54,-3.));
#14312 = VECTOR('',#14313,1.);
#14313 = DIRECTION('',(1.,0.,0.));
#14314 = PLANE('',#14315);
#14315 = AXIS2_PLACEMENT_3D('',#14316,#14317,#14318);
#14316 = CARTESIAN_POINT('',(-0.32,-12.46,-2.92));
#14317 = DIRECTION('',(-1.735167508357E-18,-0.707106781187,
    0.707106781187));
#14318 = DIRECTION('',(-1.,1.226948711654E-18,-1.226948711654E-18));
#14319 = ADVANCED_FACE('',(#14320),#14338,.T.);
#14320 = FACE_BOUND('',#14321,.T.);
#14321 = EDGE_LOOP('',(#14322,#14330,#14331,#14332));
#14322 = ORIENTED_EDGE('',*,*,#14323,.F.);
#14323 = EDGE_CURVE('',#11636,#14324,#14326,.T.);
#14324 = VERTEX_POINT('',#14325);
#14325 = CARTESIAN_POINT('',(-0.16,-12.86,-3.));
#14326 = LINE('',#14327,#14328);
#14327 = CARTESIAN_POINT('',(-0.266666666667,-12.96666666666,
    -2.893333333333));
#14328 = VECTOR('',#14329,1.);
#14329 = DIRECTION('',(0.57735026919,0.57735026919,-0.57735026919));
#14330 = ORIENTED_EDGE('',*,*,#11643,.T.);
#14331 = ORIENTED_EDGE('',*,*,#14292,.T.);
#14332 = ORIENTED_EDGE('',*,*,#14333,.F.);
#14333 = EDGE_CURVE('',#14324,#14293,#14334,.T.);
#14334 = LINE('',#14335,#14336);
#14335 = CARTESIAN_POINT('',(-0.16,-13.02,-3.));
#14336 = VECTOR('',#14337,1.);
#14337 = DIRECTION('',(0.,1.,0.));
#14338 = PLANE('',#14339);
#14339 = AXIS2_PLACEMENT_3D('',#14340,#14341,#14342);
#14340 = CARTESIAN_POINT('',(-0.24,-13.02,-2.92));
#14341 = DIRECTION('',(-0.707106781187,-1.735167508357E-18,
    -0.707106781187));
#14342 = DIRECTION('',(-1.226948711654E-18,1.,-1.226948711654E-18));
#14343 = ADVANCED_FACE('',(#14344),#14362,.T.);
#14344 = FACE_BOUND('',#14345,.F.);
#14345 = EDGE_LOOP('',(#14346,#14347,#14348,#14356));
#14346 = ORIENTED_EDGE('',*,*,#14323,.F.);
#14347 = ORIENTED_EDGE('',*,*,#11667,.T.);
#14348 = ORIENTED_EDGE('',*,*,#14349,.T.);
#14349 = EDGE_CURVE('',#11660,#14350,#14352,.T.);
#14350 = VERTEX_POINT('',#14351);
#14351 = CARTESIAN_POINT('',(0.16,-12.86,-3.));
#14352 = LINE('',#14353,#14354);
#14353 = CARTESIAN_POINT('',(0.16,-12.86,-3.));
#14354 = VECTOR('',#14355,1.);
#14355 = DIRECTION('',(-0.57735026919,0.57735026919,-0.57735026919));
#14356 = ORIENTED_EDGE('',*,*,#14357,.F.);
#14357 = EDGE_CURVE('',#14324,#14350,#14358,.T.);
#14358 = LINE('',#14359,#14360);
#14359 = CARTESIAN_POINT('',(-0.32,-12.86,-3.));
#14360 = VECTOR('',#14361,1.);
#14361 = DIRECTION('',(1.,0.,0.));
#14362 = PLANE('',#14363);
#14363 = AXIS2_PLACEMENT_3D('',#14364,#14365,#14366);
#14364 = CARTESIAN_POINT('',(-0.32,-12.94,-2.92));
#14365 = DIRECTION('',(1.735167508357E-18,-0.707106781187,
    -0.707106781187));
#14366 = DIRECTION('',(-1.,-1.226948711654E-18,-1.226948711654E-18));
#14367 = ADVANCED_FACE('',(#14368),#14379,.F.);
#14368 = FACE_BOUND('',#14369,.F.);
#14369 = EDGE_LOOP('',(#14370,#14371,#14372,#14373));
#14370 = ORIENTED_EDGE('',*,*,#14349,.F.);
#14371 = ORIENTED_EDGE('',*,*,#11684,.T.);
#14372 = ORIENTED_EDGE('',*,*,#14301,.T.);
#14373 = ORIENTED_EDGE('',*,*,#14374,.F.);
#14374 = EDGE_CURVE('',#14350,#14302,#14375,.T.);
#14375 = LINE('',#14376,#14377);
#14376 = CARTESIAN_POINT('',(0.16,-13.02,-3.));
#14377 = VECTOR('',#14378,1.);
#14378 = DIRECTION('',(0.,1.,0.));
#14379 = PLANE('',#14380);
#14380 = AXIS2_PLACEMENT_3D('',#14381,#14382,#14383);
#14381 = CARTESIAN_POINT('',(0.24,-13.02,-2.92));
#14382 = DIRECTION('',(-0.707106781187,1.735167508357E-18,0.707106781187
    ));
#14383 = DIRECTION('',(1.226948711654E-18,1.,-1.226948711654E-18));
#14384 = ADVANCED_FACE('',(#14385),#14410,.F.);
#14385 = FACE_BOUND('',#14386,.T.);
#14386 = EDGE_LOOP('',(#14387,#14395,#14396,#14404));
#14387 = ORIENTED_EDGE('',*,*,#14388,.F.);
#14388 = EDGE_CURVE('',#11709,#14389,#14391,.T.);
#14389 = VERTEX_POINT('',#14390);
#14390 = CARTESIAN_POINT('',(2.38,-12.54,-3.));
#14391 = LINE('',#14392,#14393);
#14392 = CARTESIAN_POINT('',(2.38,-12.54,-3.));
#14393 = VECTOR('',#14394,1.);
#14394 = DIRECTION('',(0.57735026919,-0.57735026919,-0.57735026919));
#14395 = ORIENTED_EDGE('',*,*,#11708,.T.);
#14396 = ORIENTED_EDGE('',*,*,#14397,.T.);
#14397 = EDGE_CURVE('',#11701,#14398,#14400,.T.);
#14398 = VERTEX_POINT('',#14399);
#14399 = CARTESIAN_POINT('',(2.7,-12.54,-3.));
#14400 = LINE('',#14401,#14402);
#14401 = CARTESIAN_POINT('',(2.593333333333,-12.64666666666,
    -3.106666666667));
#14402 = VECTOR('',#14403,1.);
#14403 = DIRECTION('',(-0.57735026919,-0.57735026919,-0.57735026919));
#14404 = ORIENTED_EDGE('',*,*,#14405,.F.);
#14405 = EDGE_CURVE('',#14389,#14398,#14406,.T.);
#14406 = LINE('',#14407,#14408);
#14407 = CARTESIAN_POINT('',(2.22,-12.54,-3.));
#14408 = VECTOR('',#14409,1.);
#14409 = DIRECTION('',(1.,0.,0.));
#14410 = PLANE('',#14411);
#14411 = AXIS2_PLACEMENT_3D('',#14412,#14413,#14414);
#14412 = CARTESIAN_POINT('',(2.22,-12.46,-2.92));
#14413 = DIRECTION('',(-1.735167508357E-18,-0.707106781187,
    0.707106781187));
#14414 = DIRECTION('',(-1.,1.226948711654E-18,-1.226948711654E-18));
#14415 = ADVANCED_FACE('',(#14416),#14434,.T.);
#14416 = FACE_BOUND('',#14417,.T.);
#14417 = EDGE_LOOP('',(#14418,#14426,#14427,#14428));
#14418 = ORIENTED_EDGE('',*,*,#14419,.F.);
#14419 = EDGE_CURVE('',#11732,#14420,#14422,.T.);
#14420 = VERTEX_POINT('',#14421);
#14421 = CARTESIAN_POINT('',(2.38,-12.86,-3.));
#14422 = LINE('',#14423,#14424);
#14423 = CARTESIAN_POINT('',(2.273333333333,-12.96666666666,
    -2.893333333333));
#14424 = VECTOR('',#14425,1.);
#14425 = DIRECTION('',(0.57735026919,0.57735026919,-0.57735026919));
#14426 = ORIENTED_EDGE('',*,*,#11739,.T.);
#14427 = ORIENTED_EDGE('',*,*,#14388,.T.);
#14428 = ORIENTED_EDGE('',*,*,#14429,.F.);
#14429 = EDGE_CURVE('',#14420,#14389,#14430,.T.);
#14430 = LINE('',#14431,#14432);
#14431 = CARTESIAN_POINT('',(2.38,-13.02,-3.));
#14432 = VECTOR('',#14433,1.);
#14433 = DIRECTION('',(0.,1.,0.));
#14434 = PLANE('',#14435);
#14435 = AXIS2_PLACEMENT_3D('',#14436,#14437,#14438);
#14436 = CARTESIAN_POINT('',(2.3,-13.02,-2.92));
#14437 = DIRECTION('',(-0.707106781187,-1.735167508357E-18,
    -0.707106781187));
#14438 = DIRECTION('',(-1.226948711654E-18,1.,-1.226948711654E-18));
#14439 = ADVANCED_FACE('',(#14440),#14458,.T.);
#14440 = FACE_BOUND('',#14441,.F.);
#14441 = EDGE_LOOP('',(#14442,#14443,#14444,#14452));
#14442 = ORIENTED_EDGE('',*,*,#14419,.F.);
#14443 = ORIENTED_EDGE('',*,*,#11763,.T.);
#14444 = ORIENTED_EDGE('',*,*,#14445,.T.);
#14445 = EDGE_CURVE('',#11756,#14446,#14448,.T.);
#14446 = VERTEX_POINT('',#14447);
#14447 = CARTESIAN_POINT('',(2.7,-12.86,-3.));
#14448 = LINE('',#14449,#14450);
#14449 = CARTESIAN_POINT('',(2.7,-12.86,-3.));
#14450 = VECTOR('',#14451,1.);
#14451 = DIRECTION('',(-0.57735026919,0.57735026919,-0.57735026919));
#14452 = ORIENTED_EDGE('',*,*,#14453,.F.);
#14453 = EDGE_CURVE('',#14420,#14446,#14454,.T.);
#14454 = LINE('',#14455,#14456);
#14455 = CARTESIAN_POINT('',(2.22,-12.86,-3.));
#14456 = VECTOR('',#14457,1.);
#14457 = DIRECTION('',(1.,0.,0.));
#14458 = PLANE('',#14459);
#14459 = AXIS2_PLACEMENT_3D('',#14460,#14461,#14462);
#14460 = CARTESIAN_POINT('',(2.22,-12.94,-2.92));
#14461 = DIRECTION('',(1.735167508357E-18,-0.707106781187,
    -0.707106781187));
#14462 = DIRECTION('',(-1.,-1.226948711654E-18,-1.226948711654E-18));
#14463 = ADVANCED_FACE('',(#14464),#14475,.F.);
#14464 = FACE_BOUND('',#14465,.F.);
#14465 = EDGE_LOOP('',(#14466,#14467,#14468,#14469));
#14466 = ORIENTED_EDGE('',*,*,#14445,.F.);
#14467 = ORIENTED_EDGE('',*,*,#11780,.T.);
#14468 = ORIENTED_EDGE('',*,*,#14397,.T.);
#14469 = ORIENTED_EDGE('',*,*,#14470,.F.);
#14470 = EDGE_CURVE('',#14446,#14398,#14471,.T.);
#14471 = LINE('',#14472,#14473);
#14472 = CARTESIAN_POINT('',(2.7,-13.02,-3.));
#14473 = VECTOR('',#14474,1.);
#14474 = DIRECTION('',(0.,1.,0.));
#14475 = PLANE('',#14476);
#14476 = AXIS2_PLACEMENT_3D('',#14477,#14478,#14479);
#14477 = CARTESIAN_POINT('',(2.78,-13.02,-2.92));
#14478 = DIRECTION('',(-0.707106781187,1.735167508357E-18,0.707106781187
    ));
#14479 = DIRECTION('',(1.226948711654E-18,1.,-1.226948711654E-18));
#14480 = ADVANCED_FACE('',(#14481),#14506,.F.);
#14481 = FACE_BOUND('',#14482,.T.);
#14482 = EDGE_LOOP('',(#14483,#14491,#14492,#14500));
#14483 = ORIENTED_EDGE('',*,*,#14484,.F.);
#14484 = EDGE_CURVE('',#11805,#14485,#14487,.T.);
#14485 = VERTEX_POINT('',#14486);
#14486 = CARTESIAN_POINT('',(-0.16,-15.08,-3.));
#14487 = LINE('',#14488,#14489);
#14488 = CARTESIAN_POINT('',(-0.16,-15.08,-3.));
#14489 = VECTOR('',#14490,1.);
#14490 = DIRECTION('',(0.57735026919,-0.57735026919,-0.57735026919));
#14491 = ORIENTED_EDGE('',*,*,#11804,.T.);
#14492 = ORIENTED_EDGE('',*,*,#14493,.T.);
#14493 = EDGE_CURVE('',#11797,#14494,#14496,.T.);
#14494 = VERTEX_POINT('',#14495);
#14495 = CARTESIAN_POINT('',(0.16,-15.08,-3.));
#14496 = LINE('',#14497,#14498);
#14497 = CARTESIAN_POINT('',(5.333333333333E-02,-15.18666666666,
    -3.106666666667));
#14498 = VECTOR('',#14499,1.);
#14499 = DIRECTION('',(-0.57735026919,-0.57735026919,-0.57735026919));
#14500 = ORIENTED_EDGE('',*,*,#14501,.F.);
#14501 = EDGE_CURVE('',#14485,#14494,#14502,.T.);
#14502 = LINE('',#14503,#14504);
#14503 = CARTESIAN_POINT('',(-0.32,-15.08,-3.));
#14504 = VECTOR('',#14505,1.);
#14505 = DIRECTION('',(1.,0.,0.));
#14506 = PLANE('',#14507);
#14507 = AXIS2_PLACEMENT_3D('',#14508,#14509,#14510);
#14508 = CARTESIAN_POINT('',(-0.32,-15.,-2.92));
#14509 = DIRECTION('',(-1.735167508357E-18,-0.707106781187,
    0.707106781187));
#14510 = DIRECTION('',(-1.,1.226948711654E-18,-1.226948711654E-18));
#14511 = ADVANCED_FACE('',(#14512),#14530,.T.);
#14512 = FACE_BOUND('',#14513,.T.);
#14513 = EDGE_LOOP('',(#14514,#14522,#14523,#14524));
#14514 = ORIENTED_EDGE('',*,*,#14515,.F.);
#14515 = EDGE_CURVE('',#11828,#14516,#14518,.T.);
#14516 = VERTEX_POINT('',#14517);
#14517 = CARTESIAN_POINT('',(-0.16,-15.4,-3.));
#14518 = LINE('',#14519,#14520);
#14519 = CARTESIAN_POINT('',(-0.266666666667,-15.50666666666,
    -2.893333333333));
#14520 = VECTOR('',#14521,1.);
#14521 = DIRECTION('',(0.57735026919,0.57735026919,-0.57735026919));
#14522 = ORIENTED_EDGE('',*,*,#11835,.T.);
#14523 = ORIENTED_EDGE('',*,*,#14484,.T.);
#14524 = ORIENTED_EDGE('',*,*,#14525,.F.);
#14525 = EDGE_CURVE('',#14516,#14485,#14526,.T.);
#14526 = LINE('',#14527,#14528);
#14527 = CARTESIAN_POINT('',(-0.16,-15.56,-3.));
#14528 = VECTOR('',#14529,1.);
#14529 = DIRECTION('',(0.,1.,0.));
#14530 = PLANE('',#14531);
#14531 = AXIS2_PLACEMENT_3D('',#14532,#14533,#14534);
#14532 = CARTESIAN_POINT('',(-0.24,-15.56,-2.92));
#14533 = DIRECTION('',(-0.707106781187,-1.735167508357E-18,
    -0.707106781187));
#14534 = DIRECTION('',(-1.226948711654E-18,1.,-1.226948711654E-18));
#14535 = ADVANCED_FACE('',(#14536),#14554,.T.);
#14536 = FACE_BOUND('',#14537,.F.);
#14537 = EDGE_LOOP('',(#14538,#14539,#14540,#14548));
#14538 = ORIENTED_EDGE('',*,*,#14515,.F.);
#14539 = ORIENTED_EDGE('',*,*,#11859,.T.);
#14540 = ORIENTED_EDGE('',*,*,#14541,.T.);
#14541 = EDGE_CURVE('',#11852,#14542,#14544,.T.);
#14542 = VERTEX_POINT('',#14543);
#14543 = CARTESIAN_POINT('',(0.16,-15.4,-3.));
#14544 = LINE('',#14545,#14546);
#14545 = CARTESIAN_POINT('',(0.16,-15.4,-3.));
#14546 = VECTOR('',#14547,1.);
#14547 = DIRECTION('',(-0.57735026919,0.57735026919,-0.57735026919));
#14548 = ORIENTED_EDGE('',*,*,#14549,.F.);
#14549 = EDGE_CURVE('',#14516,#14542,#14550,.T.);
#14550 = LINE('',#14551,#14552);
#14551 = CARTESIAN_POINT('',(-0.32,-15.4,-3.));
#14552 = VECTOR('',#14553,1.);
#14553 = DIRECTION('',(1.,0.,0.));
#14554 = PLANE('',#14555);
#14555 = AXIS2_PLACEMENT_3D('',#14556,#14557,#14558);
#14556 = CARTESIAN_POINT('',(-0.32,-15.48,-2.92));
#14557 = DIRECTION('',(1.735167508357E-18,-0.707106781187,
    -0.707106781187));
#14558 = DIRECTION('',(-1.,-1.226948711654E-18,-1.226948711654E-18));
#14559 = ADVANCED_FACE('',(#14560),#14571,.F.);
#14560 = FACE_BOUND('',#14561,.F.);
#14561 = EDGE_LOOP('',(#14562,#14563,#14564,#14565));
#14562 = ORIENTED_EDGE('',*,*,#14541,.F.);
#14563 = ORIENTED_EDGE('',*,*,#11876,.T.);
#14564 = ORIENTED_EDGE('',*,*,#14493,.T.);
#14565 = ORIENTED_EDGE('',*,*,#14566,.F.);
#14566 = EDGE_CURVE('',#14542,#14494,#14567,.T.);
#14567 = LINE('',#14568,#14569);
#14568 = CARTESIAN_POINT('',(0.16,-15.56,-3.));
#14569 = VECTOR('',#14570,1.);
#14570 = DIRECTION('',(0.,1.,0.));
#14571 = PLANE('',#14572);
#14572 = AXIS2_PLACEMENT_3D('',#14573,#14574,#14575);
#14573 = CARTESIAN_POINT('',(0.24,-15.56,-2.92));
#14574 = DIRECTION('',(-0.707106781187,1.735167508357E-18,0.707106781187
    ));
#14575 = DIRECTION('',(1.226948711654E-18,1.,-1.226948711654E-18));
#14576 = ADVANCED_FACE('',(#14577),#14602,.F.);
#14577 = FACE_BOUND('',#14578,.F.);
#14578 = EDGE_LOOP('',(#14579,#14587,#14588,#14596));
#14579 = ORIENTED_EDGE('',*,*,#14580,.F.);
#14580 = EDGE_CURVE('',#11893,#14581,#14583,.T.);
#14581 = VERTEX_POINT('',#14582);
#14582 = CARTESIAN_POINT('',(2.7,-15.4,-3.));
#14583 = LINE('',#14584,#14585);
#14584 = CARTESIAN_POINT('',(2.7,-15.4,-3.));
#14585 = VECTOR('',#14586,1.);
#14586 = DIRECTION('',(-0.57735026919,0.57735026919,-0.57735026919));
#14587 = ORIENTED_EDGE('',*,*,#11900,.T.);
#14588 = ORIENTED_EDGE('',*,*,#14589,.T.);
#14589 = EDGE_CURVE('',#11901,#14590,#14592,.T.);
#14590 = VERTEX_POINT('',#14591);
#14591 = CARTESIAN_POINT('',(2.7,-15.08,-3.));
#14592 = LINE('',#14593,#14594);
#14593 = CARTESIAN_POINT('',(2.593333333333,-15.18666666666,
    -3.106666666667));
#14594 = VECTOR('',#14595,1.);
#14595 = DIRECTION('',(-0.57735026919,-0.57735026919,-0.57735026919));
#14596 = ORIENTED_EDGE('',*,*,#14597,.F.);
#14597 = EDGE_CURVE('',#14581,#14590,#14598,.T.);
#14598 = LINE('',#14599,#14600);
#14599 = CARTESIAN_POINT('',(2.7,-15.56,-3.));
#14600 = VECTOR('',#14601,1.);
#14601 = DIRECTION('',(0.,1.,0.));
#14602 = PLANE('',#14603);
#14603 = AXIS2_PLACEMENT_3D('',#14604,#14605,#14606);
#14604 = CARTESIAN_POINT('',(2.78,-15.56,-2.92));
#14605 = DIRECTION('',(-0.707106781187,1.735167508357E-18,0.707106781187
    ));
#14606 = DIRECTION('',(1.226948711654E-18,1.,-1.226948711654E-18));
#14607 = ADVANCED_FACE('',(#14608),#14626,.F.);
#14608 = FACE_BOUND('',#14609,.T.);
#14609 = EDGE_LOOP('',(#14610,#14618,#14619,#14620));
#14610 = ORIENTED_EDGE('',*,*,#14611,.F.);
#14611 = EDGE_CURVE('',#11925,#14612,#14614,.T.);
#14612 = VERTEX_POINT('',#14613);
#14613 = CARTESIAN_POINT('',(2.38,-15.08,-3.));
#14614 = LINE('',#14615,#14616);
#14615 = CARTESIAN_POINT('',(2.38,-15.08,-3.));
#14616 = VECTOR('',#14617,1.);
#14617 = DIRECTION('',(0.57735026919,-0.57735026919,-0.57735026919));
#14618 = ORIENTED_EDGE('',*,*,#11924,.T.);
#14619 = ORIENTED_EDGE('',*,*,#14589,.T.);
#14620 = ORIENTED_EDGE('',*,*,#14621,.F.);
#14621 = EDGE_CURVE('',#14612,#14590,#14622,.T.);
#14622 = LINE('',#14623,#14624);
#14623 = CARTESIAN_POINT('',(2.22,-15.08,-3.));
#14624 = VECTOR('',#14625,1.);
#14625 = DIRECTION('',(1.,0.,0.));
#14626 = PLANE('',#14627);
#14627 = AXIS2_PLACEMENT_3D('',#14628,#14629,#14630);
#14628 = CARTESIAN_POINT('',(2.22,-15.,-2.92));
#14629 = DIRECTION('',(-1.735167508357E-18,-0.707106781187,
    0.707106781187));
#14630 = DIRECTION('',(-1.,1.226948711654E-18,-1.226948711654E-18));
#14631 = ADVANCED_FACE('',(#14632),#14650,.T.);
#14632 = FACE_BOUND('',#14633,.T.);
#14633 = EDGE_LOOP('',(#14634,#14642,#14643,#14644));
#14634 = ORIENTED_EDGE('',*,*,#14635,.F.);
#14635 = EDGE_CURVE('',#11948,#14636,#14638,.T.);
#14636 = VERTEX_POINT('',#14637);
#14637 = CARTESIAN_POINT('',(2.38,-15.4,-3.));
#14638 = LINE('',#14639,#14640);
#14639 = CARTESIAN_POINT('',(2.273333333333,-15.50666666666,
    -2.893333333333));
#14640 = VECTOR('',#14641,1.);
#14641 = DIRECTION('',(0.57735026919,0.57735026919,-0.57735026919));
#14642 = ORIENTED_EDGE('',*,*,#11955,.T.);
#14643 = ORIENTED_EDGE('',*,*,#14611,.T.);
#14644 = ORIENTED_EDGE('',*,*,#14645,.F.);
#14645 = EDGE_CURVE('',#14636,#14612,#14646,.T.);
#14646 = LINE('',#14647,#14648);
#14647 = CARTESIAN_POINT('',(2.38,-15.56,-3.));
#14648 = VECTOR('',#14649,1.);
#14649 = DIRECTION('',(0.,1.,0.));
#14650 = PLANE('',#14651);
#14651 = AXIS2_PLACEMENT_3D('',#14652,#14653,#14654);
#14652 = CARTESIAN_POINT('',(2.3,-15.56,-2.92));
#14653 = DIRECTION('',(-0.707106781187,-1.735167508357E-18,
    -0.707106781187));
#14654 = DIRECTION('',(-1.226948711654E-18,1.,-1.226948711654E-18));
#14655 = ADVANCED_FACE('',(#14656),#14667,.T.);
#14656 = FACE_BOUND('',#14657,.F.);
#14657 = EDGE_LOOP('',(#14658,#14659,#14660,#14661));
#14658 = ORIENTED_EDGE('',*,*,#14635,.F.);
#14659 = ORIENTED_EDGE('',*,*,#11972,.T.);
#14660 = ORIENTED_EDGE('',*,*,#14580,.T.);
#14661 = ORIENTED_EDGE('',*,*,#14662,.F.);
#14662 = EDGE_CURVE('',#14636,#14581,#14663,.T.);
#14663 = LINE('',#14664,#14665);
#14664 = CARTESIAN_POINT('',(2.22,-15.4,-3.));
#14665 = VECTOR('',#14666,1.);
#14666 = DIRECTION('',(1.,0.,0.));
#14667 = PLANE('',#14668);
#14668 = AXIS2_PLACEMENT_3D('',#14669,#14670,#14671);
#14669 = CARTESIAN_POINT('',(2.22,-15.48,-2.92));
#14670 = DIRECTION('',(1.735167508357E-18,-0.707106781187,
    -0.707106781187));
#14671 = DIRECTION('',(-1.,-1.226948711654E-18,-1.226948711654E-18));
#14672 = ADVANCED_FACE('',(#14673),#14698,.T.);
#14673 = FACE_BOUND('',#14674,.T.);
#14674 = EDGE_LOOP('',(#14675,#14683,#14684,#14692));
#14675 = ORIENTED_EDGE('',*,*,#14676,.F.);
#14676 = EDGE_CURVE('',#11989,#14677,#14679,.T.);
#14677 = VERTEX_POINT('',#14678);
#14678 = CARTESIAN_POINT('',(0.16,-2.7,8.54));
#14679 = LINE('',#14680,#14681);
#14680 = CARTESIAN_POINT('',(0.16,-2.7,8.54));
#14681 = VECTOR('',#14682,1.);
#14682 = DIRECTION('',(-0.57735026919,0.57735026919,0.57735026919));
#14683 = ORIENTED_EDGE('',*,*,#12005,.T.);
#14684 = ORIENTED_EDGE('',*,*,#14685,.T.);
#14685 = EDGE_CURVE('',#11998,#14686,#14688,.T.);
#14686 = VERTEX_POINT('',#14687);
#14687 = CARTESIAN_POINT('',(0.16,-2.38,8.54));
#14688 = LINE('',#14689,#14690);
#14689 = CARTESIAN_POINT('',(5.333333333333E-02,-2.486666666667,
    8.646666666667));
#14690 = VECTOR('',#14691,1.);
#14691 = DIRECTION('',(-0.57735026919,-0.57735026919,0.57735026919));
#14692 = ORIENTED_EDGE('',*,*,#14693,.F.);
#14693 = EDGE_CURVE('',#14677,#14686,#14694,.T.);
#14694 = LINE('',#14695,#14696);
#14695 = CARTESIAN_POINT('',(0.16,-2.86,8.54));
#14696 = VECTOR('',#14697,1.);
#14697 = DIRECTION('',(0.,1.,0.));
#14698 = PLANE('',#14699);
#14699 = AXIS2_PLACEMENT_3D('',#14700,#14701,#14702);
#14700 = CARTESIAN_POINT('',(0.24,-2.86,8.46));
#14701 = DIRECTION('',(0.707106781187,-1.735167508357E-18,0.707106781187
    ));
#14702 = DIRECTION('',(1.226948711654E-18,1.,1.226948711654E-18));
#14703 = ADVANCED_FACE('',(#14704),#14722,.T.);
#14704 = FACE_BOUND('',#14705,.F.);
#14705 = EDGE_LOOP('',(#14706,#14714,#14715,#14716));
#14706 = ORIENTED_EDGE('',*,*,#14707,.F.);
#14707 = EDGE_CURVE('',#12022,#14708,#14710,.T.);
#14708 = VERTEX_POINT('',#14709);
#14709 = CARTESIAN_POINT('',(-0.16,-2.38,8.54));
#14710 = LINE('',#14711,#14712);
#14711 = CARTESIAN_POINT('',(-0.16,-2.38,8.54));
#14712 = VECTOR('',#14713,1.);
#14713 = DIRECTION('',(0.57735026919,-0.57735026919,0.57735026919));
#14714 = ORIENTED_EDGE('',*,*,#12029,.T.);
#14715 = ORIENTED_EDGE('',*,*,#14685,.T.);
#14716 = ORIENTED_EDGE('',*,*,#14717,.F.);
#14717 = EDGE_CURVE('',#14708,#14686,#14718,.T.);
#14718 = LINE('',#14719,#14720);
#14719 = CARTESIAN_POINT('',(-0.32,-2.38,8.54));
#14720 = VECTOR('',#14721,1.);
#14721 = DIRECTION('',(1.,0.,0.));
#14722 = PLANE('',#14723);
#14723 = AXIS2_PLACEMENT_3D('',#14724,#14725,#14726);
#14724 = CARTESIAN_POINT('',(-0.32,-2.3,8.46));
#14725 = DIRECTION('',(1.735167508357E-18,0.707106781187,0.707106781187)
  );
#14726 = DIRECTION('',(-1.,1.226948711654E-18,1.226948711654E-18));
#14727 = ADVANCED_FACE('',(#14728),#14746,.F.);
#14728 = FACE_BOUND('',#14729,.F.);
#14729 = EDGE_LOOP('',(#14730,#14738,#14739,#14740));
#14730 = ORIENTED_EDGE('',*,*,#14731,.F.);
#14731 = EDGE_CURVE('',#12044,#14732,#14734,.T.);
#14732 = VERTEX_POINT('',#14733);
#14733 = CARTESIAN_POINT('',(-0.16,-2.7,8.54));
#14734 = LINE('',#14735,#14736);
#14735 = CARTESIAN_POINT('',(-0.266666666667,-2.806666666667,
    8.433333333333));
#14736 = VECTOR('',#14737,1.);
#14737 = DIRECTION('',(0.57735026919,0.57735026919,0.57735026919));
#14738 = ORIENTED_EDGE('',*,*,#12053,.T.);
#14739 = ORIENTED_EDGE('',*,*,#14707,.T.);
#14740 = ORIENTED_EDGE('',*,*,#14741,.F.);
#14741 = EDGE_CURVE('',#14732,#14708,#14742,.T.);
#14742 = LINE('',#14743,#14744);
#14743 = CARTESIAN_POINT('',(-0.16,-2.86,8.54));
#14744 = VECTOR('',#14745,1.);
#14745 = DIRECTION('',(0.,1.,0.));
#14746 = PLANE('',#14747);
#14747 = AXIS2_PLACEMENT_3D('',#14748,#14749,#14750);
#14748 = CARTESIAN_POINT('',(-0.24,-2.86,8.46));
#14749 = DIRECTION('',(0.707106781187,1.735167508357E-18,-0.707106781187
    ));
#14750 = DIRECTION('',(-1.226948711654E-18,1.,1.226948711654E-18));
#14751 = ADVANCED_FACE('',(#14752),#14763,.F.);
#14752 = FACE_BOUND('',#14753,.T.);
#14753 = EDGE_LOOP('',(#14754,#14755,#14756,#14757));
#14754 = ORIENTED_EDGE('',*,*,#14731,.F.);
#14755 = ORIENTED_EDGE('',*,*,#12070,.T.);
#14756 = ORIENTED_EDGE('',*,*,#14676,.T.);
#14757 = ORIENTED_EDGE('',*,*,#14758,.F.);
#14758 = EDGE_CURVE('',#14732,#14677,#14759,.T.);
#14759 = LINE('',#14760,#14761);
#14760 = CARTESIAN_POINT('',(-0.32,-2.7,8.54));
#14761 = VECTOR('',#14762,1.);
#14762 = DIRECTION('',(1.,0.,0.));
#14763 = PLANE('',#14764);
#14764 = AXIS2_PLACEMENT_3D('',#14765,#14766,#14767);
#14765 = CARTESIAN_POINT('',(-0.32,-2.78,8.46));
#14766 = DIRECTION('',(-1.735167508357E-18,0.707106781187,
    -0.707106781187));
#14767 = DIRECTION('',(-1.,-1.226948711654E-18,1.226948711654E-18));
#14768 = ADVANCED_FACE('',(#14769),#14794,.T.);
#14769 = FACE_BOUND('',#14770,.F.);
#14770 = EDGE_LOOP('',(#14771,#14779,#14780,#14788));
#14771 = ORIENTED_EDGE('',*,*,#14772,.F.);
#14772 = EDGE_CURVE('',#12094,#14773,#14775,.T.);
#14773 = VERTEX_POINT('',#14774);
#14774 = CARTESIAN_POINT('',(2.38,-2.38,8.54));
#14775 = LINE('',#14776,#14777);
#14776 = CARTESIAN_POINT('',(2.38,-2.38,8.54));
#14777 = VECTOR('',#14778,1.);
#14778 = DIRECTION('',(0.57735026919,-0.57735026919,0.57735026919));
#14779 = ORIENTED_EDGE('',*,*,#12101,.T.);
#14780 = ORIENTED_EDGE('',*,*,#14781,.T.);
#14781 = EDGE_CURVE('',#12085,#14782,#14784,.T.);
#14782 = VERTEX_POINT('',#14783);
#14783 = CARTESIAN_POINT('',(2.7,-2.38,8.54));
#14784 = LINE('',#14785,#14786);
#14785 = CARTESIAN_POINT('',(2.593333333333,-2.486666666667,
    8.646666666667));
#14786 = VECTOR('',#14787,1.);
#14787 = DIRECTION('',(-0.57735026919,-0.57735026919,0.57735026919));
#14788 = ORIENTED_EDGE('',*,*,#14789,.F.);
#14789 = EDGE_CURVE('',#14773,#14782,#14790,.T.);
#14790 = LINE('',#14791,#14792);
#14791 = CARTESIAN_POINT('',(2.22,-2.38,8.54));
#14792 = VECTOR('',#14793,1.);
#14793 = DIRECTION('',(1.,0.,0.));
#14794 = PLANE('',#14795);
#14795 = AXIS2_PLACEMENT_3D('',#14796,#14797,#14798);
#14796 = CARTESIAN_POINT('',(2.22,-2.3,8.46));
#14797 = DIRECTION('',(1.735167508357E-18,0.707106781187,0.707106781187)
  );
#14798 = DIRECTION('',(-1.,1.226948711654E-18,1.226948711654E-18));
#14799 = ADVANCED_FACE('',(#14800),#14818,.F.);
#14800 = FACE_BOUND('',#14801,.F.);
#14801 = EDGE_LOOP('',(#14802,#14810,#14811,#14812));
#14802 = ORIENTED_EDGE('',*,*,#14803,.F.);
#14803 = EDGE_CURVE('',#12116,#14804,#14806,.T.);
#14804 = VERTEX_POINT('',#14805);
#14805 = CARTESIAN_POINT('',(2.38,-2.7,8.54));
#14806 = LINE('',#14807,#14808);
#14807 = CARTESIAN_POINT('',(2.273333333333,-2.806666666667,
    8.433333333333));
#14808 = VECTOR('',#14809,1.);
#14809 = DIRECTION('',(0.57735026919,0.57735026919,0.57735026919));
#14810 = ORIENTED_EDGE('',*,*,#12125,.T.);
#14811 = ORIENTED_EDGE('',*,*,#14772,.T.);
#14812 = ORIENTED_EDGE('',*,*,#14813,.F.);
#14813 = EDGE_CURVE('',#14804,#14773,#14814,.T.);
#14814 = LINE('',#14815,#14816);
#14815 = CARTESIAN_POINT('',(2.38,-2.86,8.54));
#14816 = VECTOR('',#14817,1.);
#14817 = DIRECTION('',(0.,1.,0.));
#14818 = PLANE('',#14819);
#14819 = AXIS2_PLACEMENT_3D('',#14820,#14821,#14822);
#14820 = CARTESIAN_POINT('',(2.3,-2.86,8.46));
#14821 = DIRECTION('',(0.707106781187,1.735167508357E-18,-0.707106781187
    ));
#14822 = DIRECTION('',(-1.226948711654E-18,1.,1.226948711654E-18));
#14823 = ADVANCED_FACE('',(#14824),#14842,.F.);
#14824 = FACE_BOUND('',#14825,.T.);
#14825 = EDGE_LOOP('',(#14826,#14827,#14828,#14836));
#14826 = ORIENTED_EDGE('',*,*,#14803,.F.);
#14827 = ORIENTED_EDGE('',*,*,#12149,.T.);
#14828 = ORIENTED_EDGE('',*,*,#14829,.T.);
#14829 = EDGE_CURVE('',#12140,#14830,#14832,.T.);
#14830 = VERTEX_POINT('',#14831);
#14831 = CARTESIAN_POINT('',(2.7,-2.7,8.54));
#14832 = LINE('',#14833,#14834);
#14833 = CARTESIAN_POINT('',(2.7,-2.7,8.54));
#14834 = VECTOR('',#14835,1.);
#14835 = DIRECTION('',(-0.57735026919,0.57735026919,0.57735026919));
#14836 = ORIENTED_EDGE('',*,*,#14837,.F.);
#14837 = EDGE_CURVE('',#14804,#14830,#14838,.T.);
#14838 = LINE('',#14839,#14840);
#14839 = CARTESIAN_POINT('',(2.22,-2.7,8.54));
#14840 = VECTOR('',#14841,1.);
#14841 = DIRECTION('',(1.,0.,0.));
#14842 = PLANE('',#14843);
#14843 = AXIS2_PLACEMENT_3D('',#14844,#14845,#14846);
#14844 = CARTESIAN_POINT('',(2.22,-2.78,8.46));
#14845 = DIRECTION('',(-1.735167508357E-18,0.707106781187,
    -0.707106781187));
#14846 = DIRECTION('',(-1.,-1.226948711654E-18,1.226948711654E-18));
#14847 = ADVANCED_FACE('',(#14848),#14859,.T.);
#14848 = FACE_BOUND('',#14849,.T.);
#14849 = EDGE_LOOP('',(#14850,#14851,#14852,#14853));
#14850 = ORIENTED_EDGE('',*,*,#14829,.F.);
#14851 = ORIENTED_EDGE('',*,*,#12166,.T.);
#14852 = ORIENTED_EDGE('',*,*,#14781,.T.);
#14853 = ORIENTED_EDGE('',*,*,#14854,.F.);
#14854 = EDGE_CURVE('',#14830,#14782,#14855,.T.);
#14855 = LINE('',#14856,#14857);
#14856 = CARTESIAN_POINT('',(2.7,-2.86,8.54));
#14857 = VECTOR('',#14858,1.);
#14858 = DIRECTION('',(0.,1.,0.));
#14859 = PLANE('',#14860);
#14860 = AXIS2_PLACEMENT_3D('',#14861,#14862,#14863);
#14861 = CARTESIAN_POINT('',(2.78,-2.86,8.46));
#14862 = DIRECTION('',(0.707106781187,-1.735167508357E-18,0.707106781187
    ));
#14863 = DIRECTION('',(1.226948711654E-18,1.,1.226948711654E-18));
#14864 = ADVANCED_FACE('',(#14865),#14890,.T.);
#14865 = FACE_BOUND('',#14866,.F.);
#14866 = EDGE_LOOP('',(#14867,#14875,#14876,#14884));
#14867 = ORIENTED_EDGE('',*,*,#14868,.F.);
#14868 = EDGE_CURVE('',#12190,#14869,#14871,.T.);
#14869 = VERTEX_POINT('',#14870);
#14870 = CARTESIAN_POINT('',(-0.16,-4.92,8.54));
#14871 = LINE('',#14872,#14873);
#14872 = CARTESIAN_POINT('',(-0.16,-4.92,8.54));
#14873 = VECTOR('',#14874,1.);
#14874 = DIRECTION('',(0.57735026919,-0.57735026919,0.57735026919));
#14875 = ORIENTED_EDGE('',*,*,#12197,.T.);
#14876 = ORIENTED_EDGE('',*,*,#14877,.T.);
#14877 = EDGE_CURVE('',#12181,#14878,#14880,.T.);
#14878 = VERTEX_POINT('',#14879);
#14879 = CARTESIAN_POINT('',(0.16,-4.92,8.54));
#14880 = LINE('',#14881,#14882);
#14881 = CARTESIAN_POINT('',(5.333333333333E-02,-5.026666666667,
    8.646666666667));
#14882 = VECTOR('',#14883,1.);
#14883 = DIRECTION('',(-0.57735026919,-0.57735026919,0.57735026919));
#14884 = ORIENTED_EDGE('',*,*,#14885,.F.);
#14885 = EDGE_CURVE('',#14869,#14878,#14886,.T.);
#14886 = LINE('',#14887,#14888);
#14887 = CARTESIAN_POINT('',(-0.32,-4.92,8.54));
#14888 = VECTOR('',#14889,1.);
#14889 = DIRECTION('',(1.,0.,0.));
#14890 = PLANE('',#14891);
#14891 = AXIS2_PLACEMENT_3D('',#14892,#14893,#14894);
#14892 = CARTESIAN_POINT('',(-0.32,-4.84,8.46));
#14893 = DIRECTION('',(1.735167508357E-18,0.707106781187,0.707106781187)
  );
#14894 = DIRECTION('',(-1.,1.226948711654E-18,1.226948711654E-18));
#14895 = ADVANCED_FACE('',(#14896),#14914,.F.);
#14896 = FACE_BOUND('',#14897,.F.);
#14897 = EDGE_LOOP('',(#14898,#14906,#14907,#14908));
#14898 = ORIENTED_EDGE('',*,*,#14899,.F.);
#14899 = EDGE_CURVE('',#12212,#14900,#14902,.T.);
#14900 = VERTEX_POINT('',#14901);
#14901 = CARTESIAN_POINT('',(-0.16,-5.24,8.54));
#14902 = LINE('',#14903,#14904);
#14903 = CARTESIAN_POINT('',(-0.266666666667,-5.346666666667,
    8.433333333333));
#14904 = VECTOR('',#14905,1.);
#14905 = DIRECTION('',(0.57735026919,0.57735026919,0.57735026919));
#14906 = ORIENTED_EDGE('',*,*,#12221,.T.);
#14907 = ORIENTED_EDGE('',*,*,#14868,.T.);
#14908 = ORIENTED_EDGE('',*,*,#14909,.F.);
#14909 = EDGE_CURVE('',#14900,#14869,#14910,.T.);
#14910 = LINE('',#14911,#14912);
#14911 = CARTESIAN_POINT('',(-0.16,-5.4,8.54));
#14912 = VECTOR('',#14913,1.);
#14913 = DIRECTION('',(0.,1.,0.));
#14914 = PLANE('',#14915);
#14915 = AXIS2_PLACEMENT_3D('',#14916,#14917,#14918);
#14916 = CARTESIAN_POINT('',(-0.24,-5.4,8.46));
#14917 = DIRECTION('',(0.707106781187,1.735167508357E-18,-0.707106781187
    ));
#14918 = DIRECTION('',(-1.226948711654E-18,1.,1.226948711654E-18));
#14919 = ADVANCED_FACE('',(#14920),#14938,.F.);
#14920 = FACE_BOUND('',#14921,.T.);
#14921 = EDGE_LOOP('',(#14922,#14923,#14924,#14932));
#14922 = ORIENTED_EDGE('',*,*,#14899,.F.);
#14923 = ORIENTED_EDGE('',*,*,#12245,.T.);
#14924 = ORIENTED_EDGE('',*,*,#14925,.T.);
#14925 = EDGE_CURVE('',#12236,#14926,#14928,.T.);
#14926 = VERTEX_POINT('',#14927);
#14927 = CARTESIAN_POINT('',(0.16,-5.24,8.54));
#14928 = LINE('',#14929,#14930);
#14929 = CARTESIAN_POINT('',(0.16,-5.24,8.54));
#14930 = VECTOR('',#14931,1.);
#14931 = DIRECTION('',(-0.57735026919,0.57735026919,0.57735026919));
#14932 = ORIENTED_EDGE('',*,*,#14933,.F.);
#14933 = EDGE_CURVE('',#14900,#14926,#14934,.T.);
#14934 = LINE('',#14935,#14936);
#14935 = CARTESIAN_POINT('',(-0.32,-5.24,8.54));
#14936 = VECTOR('',#14937,1.);
#14937 = DIRECTION('',(1.,0.,0.));
#14938 = PLANE('',#14939);
#14939 = AXIS2_PLACEMENT_3D('',#14940,#14941,#14942);
#14940 = CARTESIAN_POINT('',(-0.32,-5.32,8.46));
#14941 = DIRECTION('',(-1.735167508357E-18,0.707106781187,
    -0.707106781187));
#14942 = DIRECTION('',(-1.,-1.226948711654E-18,1.226948711654E-18));
#14943 = ADVANCED_FACE('',(#14944),#14955,.T.);
#14944 = FACE_BOUND('',#14945,.T.);
#14945 = EDGE_LOOP('',(#14946,#14947,#14948,#14949));
#14946 = ORIENTED_EDGE('',*,*,#14925,.F.);
#14947 = ORIENTED_EDGE('',*,*,#12262,.T.);
#14948 = ORIENTED_EDGE('',*,*,#14877,.T.);
#14949 = ORIENTED_EDGE('',*,*,#14950,.F.);
#14950 = EDGE_CURVE('',#14926,#14878,#14951,.T.);
#14951 = LINE('',#14952,#14953);
#14952 = CARTESIAN_POINT('',(0.16,-5.4,8.54));
#14953 = VECTOR('',#14954,1.);
#14954 = DIRECTION('',(0.,1.,0.));
#14955 = PLANE('',#14956);
#14956 = AXIS2_PLACEMENT_3D('',#14957,#14958,#14959);
#14957 = CARTESIAN_POINT('',(0.24,-5.4,8.46));
#14958 = DIRECTION('',(0.707106781187,-1.735167508357E-18,0.707106781187
    ));
#14959 = DIRECTION('',(1.226948711654E-18,1.,1.226948711654E-18));
#14960 = ADVANCED_FACE('',(#14961),#14986,.T.);
#14961 = FACE_BOUND('',#14962,.T.);
#14962 = EDGE_LOOP('',(#14963,#14971,#14972,#14980));
#14963 = ORIENTED_EDGE('',*,*,#14964,.F.);
#14964 = EDGE_CURVE('',#12277,#14965,#14967,.T.);
#14965 = VERTEX_POINT('',#14966);
#14966 = CARTESIAN_POINT('',(2.7,-5.24,8.54));
#14967 = LINE('',#14968,#14969);
#14968 = CARTESIAN_POINT('',(2.7,-5.24,8.54));
#14969 = VECTOR('',#14970,1.);
#14970 = DIRECTION('',(-0.57735026919,0.57735026919,0.57735026919));
#14971 = ORIENTED_EDGE('',*,*,#12293,.T.);
#14972 = ORIENTED_EDGE('',*,*,#14973,.T.);
#14973 = EDGE_CURVE('',#12286,#14974,#14976,.T.);
#14974 = VERTEX_POINT('',#14975);
#14975 = CARTESIAN_POINT('',(2.7,-4.92,8.54));
#14976 = LINE('',#14977,#14978);
#14977 = CARTESIAN_POINT('',(2.593333333333,-5.026666666667,
    8.646666666667));
#14978 = VECTOR('',#14979,1.);
#14979 = DIRECTION('',(-0.57735026919,-0.57735026919,0.57735026919));
#14980 = ORIENTED_EDGE('',*,*,#14981,.F.);
#14981 = EDGE_CURVE('',#14965,#14974,#14982,.T.);
#14982 = LINE('',#14983,#14984);
#14983 = CARTESIAN_POINT('',(2.7,-5.4,8.54));
#14984 = VECTOR('',#14985,1.);
#14985 = DIRECTION('',(0.,1.,0.));
#14986 = PLANE('',#14987);
#14987 = AXIS2_PLACEMENT_3D('',#14988,#14989,#14990);
#14988 = CARTESIAN_POINT('',(2.78,-5.4,8.46));
#14989 = DIRECTION('',(0.707106781187,-1.735167508357E-18,0.707106781187
    ));
#14990 = DIRECTION('',(1.226948711654E-18,1.,1.226948711654E-18));
#14991 = ADVANCED_FACE('',(#14992),#15010,.T.);
#14992 = FACE_BOUND('',#14993,.F.);
#14993 = EDGE_LOOP('',(#14994,#15002,#15003,#15004));
#14994 = ORIENTED_EDGE('',*,*,#14995,.F.);
#14995 = EDGE_CURVE('',#12310,#14996,#14998,.T.);
#14996 = VERTEX_POINT('',#14997);
#14997 = CARTESIAN_POINT('',(2.38,-4.92,8.54));
#14998 = LINE('',#14999,#15000);
#14999 = CARTESIAN_POINT('',(2.38,-4.92,8.54));
#15000 = VECTOR('',#15001,1.);
#15001 = DIRECTION('',(0.57735026919,-0.57735026919,0.57735026919));
#15002 = ORIENTED_EDGE('',*,*,#12317,.T.);
#15003 = ORIENTED_EDGE('',*,*,#14973,.T.);
#15004 = ORIENTED_EDGE('',*,*,#15005,.F.);
#15005 = EDGE_CURVE('',#14996,#14974,#15006,.T.);
#15006 = LINE('',#15007,#15008);
#15007 = CARTESIAN_POINT('',(2.22,-4.92,8.54));
#15008 = VECTOR('',#15009,1.);
#15009 = DIRECTION('',(1.,0.,0.));
#15010 = PLANE('',#15011);
#15011 = AXIS2_PLACEMENT_3D('',#15012,#15013,#15014);
#15012 = CARTESIAN_POINT('',(2.22,-4.84,8.46));
#15013 = DIRECTION('',(1.735167508357E-18,0.707106781187,0.707106781187)
  );
#15014 = DIRECTION('',(-1.,1.226948711654E-18,1.226948711654E-18));
#15015 = ADVANCED_FACE('',(#15016),#15034,.F.);
#15016 = FACE_BOUND('',#15017,.F.);
#15017 = EDGE_LOOP('',(#15018,#15026,#15027,#15028));
#15018 = ORIENTED_EDGE('',*,*,#15019,.F.);
#15019 = EDGE_CURVE('',#12332,#15020,#15022,.T.);
#15020 = VERTEX_POINT('',#15021);
#15021 = CARTESIAN_POINT('',(2.38,-5.24,8.54));
#15022 = LINE('',#15023,#15024);
#15023 = CARTESIAN_POINT('',(2.273333333333,-5.346666666667,
    8.433333333333));
#15024 = VECTOR('',#15025,1.);
#15025 = DIRECTION('',(0.57735026919,0.57735026919,0.57735026919));
#15026 = ORIENTED_EDGE('',*,*,#12341,.T.);
#15027 = ORIENTED_EDGE('',*,*,#14995,.T.);
#15028 = ORIENTED_EDGE('',*,*,#15029,.F.);
#15029 = EDGE_CURVE('',#15020,#14996,#15030,.T.);
#15030 = LINE('',#15031,#15032);
#15031 = CARTESIAN_POINT('',(2.38,-5.4,8.54));
#15032 = VECTOR('',#15033,1.);
#15033 = DIRECTION('',(0.,1.,0.));
#15034 = PLANE('',#15035);
#15035 = AXIS2_PLACEMENT_3D('',#15036,#15037,#15038);
#15036 = CARTESIAN_POINT('',(2.3,-5.4,8.46));
#15037 = DIRECTION('',(0.707106781187,1.735167508357E-18,-0.707106781187
    ));
#15038 = DIRECTION('',(-1.226948711654E-18,1.,1.226948711654E-18));
#15039 = ADVANCED_FACE('',(#15040),#15051,.F.);
#15040 = FACE_BOUND('',#15041,.T.);
#15041 = EDGE_LOOP('',(#15042,#15043,#15044,#15045));
#15042 = ORIENTED_EDGE('',*,*,#15019,.F.);
#15043 = ORIENTED_EDGE('',*,*,#12358,.T.);
#15044 = ORIENTED_EDGE('',*,*,#14964,.T.);
#15045 = ORIENTED_EDGE('',*,*,#15046,.F.);
#15046 = EDGE_CURVE('',#15020,#14965,#15047,.T.);
#15047 = LINE('',#15048,#15049);
#15048 = CARTESIAN_POINT('',(2.22,-5.24,8.54));
#15049 = VECTOR('',#15050,1.);
#15050 = DIRECTION('',(1.,0.,0.));
#15051 = PLANE('',#15052);
#15052 = AXIS2_PLACEMENT_3D('',#15053,#15054,#15055);
#15053 = CARTESIAN_POINT('',(2.22,-5.32,8.46));
#15054 = DIRECTION('',(-1.735167508357E-18,0.707106781187,
    -0.707106781187));
#15055 = DIRECTION('',(-1.,-1.226948711654E-18,1.226948711654E-18));
#15056 = ADVANCED_FACE('',(#15057),#15082,.T.);
#15057 = FACE_BOUND('',#15058,.F.);
#15058 = EDGE_LOOP('',(#15059,#15067,#15068,#15076));
#15059 = ORIENTED_EDGE('',*,*,#15060,.F.);
#15060 = EDGE_CURVE('',#12382,#15061,#15063,.T.);
#15061 = VERTEX_POINT('',#15062);
#15062 = CARTESIAN_POINT('',(2.38,-10.,8.54));
#15063 = LINE('',#15064,#15065);
#15064 = CARTESIAN_POINT('',(2.38,-10.,8.54));
#15065 = VECTOR('',#15066,1.);
#15066 = DIRECTION('',(0.57735026919,-0.57735026919,0.57735026919));
#15067 = ORIENTED_EDGE('',*,*,#12389,.T.);
#15068 = ORIENTED_EDGE('',*,*,#15069,.T.);
#15069 = EDGE_CURVE('',#12373,#15070,#15072,.T.);
#15070 = VERTEX_POINT('',#15071);
#15071 = CARTESIAN_POINT('',(2.7,-10.,8.54));
#15072 = LINE('',#15073,#15074);
#15073 = CARTESIAN_POINT('',(2.593333333333,-10.10666666666,
    8.646666666667));
#15074 = VECTOR('',#15075,1.);
#15075 = DIRECTION('',(-0.57735026919,-0.57735026919,0.57735026919));
#15076 = ORIENTED_EDGE('',*,*,#15077,.F.);
#15077 = EDGE_CURVE('',#15061,#15070,#15078,.T.);
#15078 = LINE('',#15079,#15080);
#15079 = CARTESIAN_POINT('',(2.22,-10.,8.54));
#15080 = VECTOR('',#15081,1.);
#15081 = DIRECTION('',(1.,0.,0.));
#15082 = PLANE('',#15083);
#15083 = AXIS2_PLACEMENT_3D('',#15084,#15085,#15086);
#15084 = CARTESIAN_POINT('',(2.22,-9.92,8.46));
#15085 = DIRECTION('',(1.735167508357E-18,0.707106781187,0.707106781187)
  );
#15086 = DIRECTION('',(-1.,1.226948711654E-18,1.226948711654E-18));
#15087 = ADVANCED_FACE('',(#15088),#15106,.F.);
#15088 = FACE_BOUND('',#15089,.F.);
#15089 = EDGE_LOOP('',(#15090,#15098,#15099,#15100));
#15090 = ORIENTED_EDGE('',*,*,#15091,.F.);
#15091 = EDGE_CURVE('',#12404,#15092,#15094,.T.);
#15092 = VERTEX_POINT('',#15093);
#15093 = CARTESIAN_POINT('',(2.38,-10.32,8.54));
#15094 = LINE('',#15095,#15096);
#15095 = CARTESIAN_POINT('',(2.273333333333,-10.42666666666,
    8.433333333333));
#15096 = VECTOR('',#15097,1.);
#15097 = DIRECTION('',(0.57735026919,0.57735026919,0.57735026919));
#15098 = ORIENTED_EDGE('',*,*,#12413,.T.);
#15099 = ORIENTED_EDGE('',*,*,#15060,.T.);
#15100 = ORIENTED_EDGE('',*,*,#15101,.F.);
#15101 = EDGE_CURVE('',#15092,#15061,#15102,.T.);
#15102 = LINE('',#15103,#15104);
#15103 = CARTESIAN_POINT('',(2.38,-10.48,8.54));
#15104 = VECTOR('',#15105,1.);
#15105 = DIRECTION('',(0.,1.,0.));
#15106 = PLANE('',#15107);
#15107 = AXIS2_PLACEMENT_3D('',#15108,#15109,#15110);
#15108 = CARTESIAN_POINT('',(2.3,-10.48,8.46));
#15109 = DIRECTION('',(0.707106781187,1.735167508357E-18,-0.707106781187
    ));
#15110 = DIRECTION('',(-1.226948711654E-18,1.,1.226948711654E-18));
#15111 = ADVANCED_FACE('',(#15112),#15130,.F.);
#15112 = FACE_BOUND('',#15113,.T.);
#15113 = EDGE_LOOP('',(#15114,#15115,#15116,#15124));
#15114 = ORIENTED_EDGE('',*,*,#15091,.F.);
#15115 = ORIENTED_EDGE('',*,*,#12437,.T.);
#15116 = ORIENTED_EDGE('',*,*,#15117,.T.);
#15117 = EDGE_CURVE('',#12428,#15118,#15120,.T.);
#15118 = VERTEX_POINT('',#15119);
#15119 = CARTESIAN_POINT('',(2.7,-10.32,8.54));
#15120 = LINE('',#15121,#15122);
#15121 = CARTESIAN_POINT('',(2.7,-10.32,8.54));
#15122 = VECTOR('',#15123,1.);
#15123 = DIRECTION('',(-0.57735026919,0.57735026919,0.57735026919));
#15124 = ORIENTED_EDGE('',*,*,#15125,.F.);
#15125 = EDGE_CURVE('',#15092,#15118,#15126,.T.);
#15126 = LINE('',#15127,#15128);
#15127 = CARTESIAN_POINT('',(2.22,-10.32,8.54));
#15128 = VECTOR('',#15129,1.);
#15129 = DIRECTION('',(1.,0.,0.));
#15130 = PLANE('',#15131);
#15131 = AXIS2_PLACEMENT_3D('',#15132,#15133,#15134);
#15132 = CARTESIAN_POINT('',(2.22,-10.4,8.46));
#15133 = DIRECTION('',(-1.735167508357E-18,0.707106781187,
    -0.707106781187));
#15134 = DIRECTION('',(-1.,-1.226948711654E-18,1.226948711654E-18));
#15135 = ADVANCED_FACE('',(#15136),#15147,.T.);
#15136 = FACE_BOUND('',#15137,.T.);
#15137 = EDGE_LOOP('',(#15138,#15139,#15140,#15141));
#15138 = ORIENTED_EDGE('',*,*,#15117,.F.);
#15139 = ORIENTED_EDGE('',*,*,#12454,.T.);
#15140 = ORIENTED_EDGE('',*,*,#15069,.T.);
#15141 = ORIENTED_EDGE('',*,*,#15142,.F.);
#15142 = EDGE_CURVE('',#15118,#15070,#15143,.T.);
#15143 = LINE('',#15144,#15145);
#15144 = CARTESIAN_POINT('',(2.7,-10.48,8.54));
#15145 = VECTOR('',#15146,1.);
#15146 = DIRECTION('',(0.,1.,0.));
#15147 = PLANE('',#15148);
#15148 = AXIS2_PLACEMENT_3D('',#15149,#15150,#15151);
#15149 = CARTESIAN_POINT('',(2.78,-10.48,8.46));
#15150 = DIRECTION('',(0.707106781187,-1.735167508357E-18,0.707106781187
    ));
#15151 = DIRECTION('',(1.226948711654E-18,1.,1.226948711654E-18));
#15152 = ADVANCED_FACE('',(#15153),#15178,.F.);
#15153 = FACE_BOUND('',#15154,.T.);
#15154 = EDGE_LOOP('',(#15155,#15163,#15164,#15172));
#15155 = ORIENTED_EDGE('',*,*,#15156,.F.);
#15156 = EDGE_CURVE('',#12478,#15157,#15159,.T.);
#15157 = VERTEX_POINT('',#15158);
#15158 = CARTESIAN_POINT('',(-0.16,-10.32,8.54));
#15159 = LINE('',#15160,#15161);
#15160 = CARTESIAN_POINT('',(-0.266666666667,-10.42666666666,
    8.433333333333));
#15161 = VECTOR('',#15162,1.);
#15162 = DIRECTION('',(0.57735026919,0.57735026919,0.57735026919));
#15163 = ORIENTED_EDGE('',*,*,#12485,.T.);
#15164 = ORIENTED_EDGE('',*,*,#15165,.T.);
#15165 = EDGE_CURVE('',#12469,#15166,#15168,.T.);
#15166 = VERTEX_POINT('',#15167);
#15167 = CARTESIAN_POINT('',(0.16,-10.32,8.54));
#15168 = LINE('',#15169,#15170);
#15169 = CARTESIAN_POINT('',(0.16,-10.32,8.54));
#15170 = VECTOR('',#15171,1.);
#15171 = DIRECTION('',(-0.57735026919,0.57735026919,0.57735026919));
#15172 = ORIENTED_EDGE('',*,*,#15173,.F.);
#15173 = EDGE_CURVE('',#15157,#15166,#15174,.T.);
#15174 = LINE('',#15175,#15176);
#15175 = CARTESIAN_POINT('',(-0.32,-10.32,8.54));
#15176 = VECTOR('',#15177,1.);
#15177 = DIRECTION('',(1.,0.,0.));
#15178 = PLANE('',#15179);
#15179 = AXIS2_PLACEMENT_3D('',#15180,#15181,#15182);
#15180 = CARTESIAN_POINT('',(-0.32,-10.4,8.46));
#15181 = DIRECTION('',(-1.735167508357E-18,0.707106781187,
    -0.707106781187));
#15182 = DIRECTION('',(-1.,-1.226948711654E-18,1.226948711654E-18));
#15183 = ADVANCED_FACE('',(#15184),#15202,.T.);
#15184 = FACE_BOUND('',#15185,.T.);
#15185 = EDGE_LOOP('',(#15186,#15187,#15188,#15196));
#15186 = ORIENTED_EDGE('',*,*,#15165,.F.);
#15187 = ORIENTED_EDGE('',*,*,#12509,.T.);
#15188 = ORIENTED_EDGE('',*,*,#15189,.T.);
#15189 = EDGE_CURVE('',#12502,#15190,#15192,.T.);
#15190 = VERTEX_POINT('',#15191);
#15191 = CARTESIAN_POINT('',(0.16,-10.,8.54));
#15192 = LINE('',#15193,#15194);
#15193 = CARTESIAN_POINT('',(5.333333333333E-02,-10.10666666666,
    8.646666666667));
#15194 = VECTOR('',#15195,1.);
#15195 = DIRECTION('',(-0.57735026919,-0.57735026919,0.57735026919));
#15196 = ORIENTED_EDGE('',*,*,#15197,.F.);
#15197 = EDGE_CURVE('',#15166,#15190,#15198,.T.);
#15198 = LINE('',#15199,#15200);
#15199 = CARTESIAN_POINT('',(0.16,-10.48,8.54));
#15200 = VECTOR('',#15201,1.);
#15201 = DIRECTION('',(0.,1.,0.));
#15202 = PLANE('',#15203);
#15203 = AXIS2_PLACEMENT_3D('',#15204,#15205,#15206);
#15204 = CARTESIAN_POINT('',(0.24,-10.48,8.46));
#15205 = DIRECTION('',(0.707106781187,-1.735167508357E-18,0.707106781187
    ));
#15206 = DIRECTION('',(1.226948711654E-18,1.,1.226948711654E-18));
#15207 = ADVANCED_FACE('',(#15208),#15226,.T.);
#15208 = FACE_BOUND('',#15209,.F.);
#15209 = EDGE_LOOP('',(#15210,#15218,#15219,#15220));
#15210 = ORIENTED_EDGE('',*,*,#15211,.F.);
#15211 = EDGE_CURVE('',#12526,#15212,#15214,.T.);
#15212 = VERTEX_POINT('',#15213);
#15213 = CARTESIAN_POINT('',(-0.16,-10.,8.54));
#15214 = LINE('',#15215,#15216);
#15215 = CARTESIAN_POINT('',(-0.16,-10.,8.54));
#15216 = VECTOR('',#15217,1.);
#15217 = DIRECTION('',(0.57735026919,-0.57735026919,0.57735026919));
#15218 = ORIENTED_EDGE('',*,*,#12533,.T.);
#15219 = ORIENTED_EDGE('',*,*,#15189,.T.);
#15220 = ORIENTED_EDGE('',*,*,#15221,.F.);
#15221 = EDGE_CURVE('',#15212,#15190,#15222,.T.);
#15222 = LINE('',#15223,#15224);
#15223 = CARTESIAN_POINT('',(-0.32,-10.,8.54));
#15224 = VECTOR('',#15225,1.);
#15225 = DIRECTION('',(1.,0.,0.));
#15226 = PLANE('',#15227);
#15227 = AXIS2_PLACEMENT_3D('',#15228,#15229,#15230);
#15228 = CARTESIAN_POINT('',(-0.32,-9.92,8.46));
#15229 = DIRECTION('',(1.735167508357E-18,0.707106781187,0.707106781187)
  );
#15230 = DIRECTION('',(-1.,1.226948711654E-18,1.226948711654E-18));
#15231 = ADVANCED_FACE('',(#15232),#15243,.F.);
#15232 = FACE_BOUND('',#15233,.F.);
#15233 = EDGE_LOOP('',(#15234,#15235,#15236,#15237));
#15234 = ORIENTED_EDGE('',*,*,#15156,.F.);
#15235 = ORIENTED_EDGE('',*,*,#12550,.T.);
#15236 = ORIENTED_EDGE('',*,*,#15211,.T.);
#15237 = ORIENTED_EDGE('',*,*,#15238,.F.);
#15238 = EDGE_CURVE('',#15157,#15212,#15239,.T.);
#15239 = LINE('',#15240,#15241);
#15240 = CARTESIAN_POINT('',(-0.16,-10.48,8.54));
#15241 = VECTOR('',#15242,1.);
#15242 = DIRECTION('',(0.,1.,0.));
#15243 = PLANE('',#15244);
#15244 = AXIS2_PLACEMENT_3D('',#15245,#15246,#15247);
#15245 = CARTESIAN_POINT('',(-0.24,-10.48,8.46));
#15246 = DIRECTION('',(0.707106781187,1.735167508357E-18,-0.707106781187
    ));
#15247 = DIRECTION('',(-1.226948711654E-18,1.,1.226948711654E-18));
#15248 = ADVANCED_FACE('',(#15249),#15274,.F.);
#15249 = FACE_BOUND('',#15250,.T.);
#15250 = EDGE_LOOP('',(#15251,#15259,#15260,#15268));
#15251 = ORIENTED_EDGE('',*,*,#15252,.F.);
#15252 = EDGE_CURVE('',#12574,#15253,#15255,.T.);
#15253 = VERTEX_POINT('',#15254);
#15254 = CARTESIAN_POINT('',(-0.16,-7.78,8.54));
#15255 = LINE('',#15256,#15257);
#15256 = CARTESIAN_POINT('',(-0.266666666667,-7.886666666667,
    8.433333333333));
#15257 = VECTOR('',#15258,1.);
#15258 = DIRECTION('',(0.57735026919,0.57735026919,0.57735026919));
#15259 = ORIENTED_EDGE('',*,*,#12581,.T.);
#15260 = ORIENTED_EDGE('',*,*,#15261,.T.);
#15261 = EDGE_CURVE('',#12565,#15262,#15264,.T.);
#15262 = VERTEX_POINT('',#15263);
#15263 = CARTESIAN_POINT('',(0.16,-7.78,8.54));
#15264 = LINE('',#15265,#15266);
#15265 = CARTESIAN_POINT('',(0.16,-7.78,8.54));
#15266 = VECTOR('',#15267,1.);
#15267 = DIRECTION('',(-0.57735026919,0.57735026919,0.57735026919));
#15268 = ORIENTED_EDGE('',*,*,#15269,.F.);
#15269 = EDGE_CURVE('',#15253,#15262,#15270,.T.);
#15270 = LINE('',#15271,#15272);
#15271 = CARTESIAN_POINT('',(-0.32,-7.78,8.54));
#15272 = VECTOR('',#15273,1.);
#15273 = DIRECTION('',(1.,0.,0.));
#15274 = PLANE('',#15275);
#15275 = AXIS2_PLACEMENT_3D('',#15276,#15277,#15278);
#15276 = CARTESIAN_POINT('',(-0.32,-7.86,8.46));
#15277 = DIRECTION('',(-1.735167508357E-18,0.707106781187,
    -0.707106781187));
#15278 = DIRECTION('',(-1.,-1.226948711654E-18,1.226948711654E-18));
#15279 = ADVANCED_FACE('',(#15280),#15298,.T.);
#15280 = FACE_BOUND('',#15281,.T.);
#15281 = EDGE_LOOP('',(#15282,#15283,#15284,#15292));
#15282 = ORIENTED_EDGE('',*,*,#15261,.F.);
#15283 = ORIENTED_EDGE('',*,*,#12605,.T.);
#15284 = ORIENTED_EDGE('',*,*,#15285,.T.);
#15285 = EDGE_CURVE('',#12598,#15286,#15288,.T.);
#15286 = VERTEX_POINT('',#15287);
#15287 = CARTESIAN_POINT('',(0.16,-7.46,8.54));
#15288 = LINE('',#15289,#15290);
#15289 = CARTESIAN_POINT('',(5.333333333333E-02,-7.566666666667,
    8.646666666667));
#15290 = VECTOR('',#15291,1.);
#15291 = DIRECTION('',(-0.57735026919,-0.57735026919,0.57735026919));
#15292 = ORIENTED_EDGE('',*,*,#15293,.F.);
#15293 = EDGE_CURVE('',#15262,#15286,#15294,.T.);
#15294 = LINE('',#15295,#15296);
#15295 = CARTESIAN_POINT('',(0.16,-7.94,8.54));
#15296 = VECTOR('',#15297,1.);
#15297 = DIRECTION('',(0.,1.,0.));
#15298 = PLANE('',#15299);
#15299 = AXIS2_PLACEMENT_3D('',#15300,#15301,#15302);
#15300 = CARTESIAN_POINT('',(0.24,-7.94,8.46));
#15301 = DIRECTION('',(0.707106781187,-1.735167508357E-18,0.707106781187
    ));
#15302 = DIRECTION('',(1.226948711654E-18,1.,1.226948711654E-18));
#15303 = ADVANCED_FACE('',(#15304),#15322,.T.);
#15304 = FACE_BOUND('',#15305,.F.);
#15305 = EDGE_LOOP('',(#15306,#15314,#15315,#15316));
#15306 = ORIENTED_EDGE('',*,*,#15307,.F.);
#15307 = EDGE_CURVE('',#12622,#15308,#15310,.T.);
#15308 = VERTEX_POINT('',#15309);
#15309 = CARTESIAN_POINT('',(-0.16,-7.46,8.54));
#15310 = LINE('',#15311,#15312);
#15311 = CARTESIAN_POINT('',(-0.16,-7.46,8.54));
#15312 = VECTOR('',#15313,1.);
#15313 = DIRECTION('',(0.57735026919,-0.57735026919,0.57735026919));
#15314 = ORIENTED_EDGE('',*,*,#12629,.T.);
#15315 = ORIENTED_EDGE('',*,*,#15285,.T.);
#15316 = ORIENTED_EDGE('',*,*,#15317,.F.);
#15317 = EDGE_CURVE('',#15308,#15286,#15318,.T.);
#15318 = LINE('',#15319,#15320);
#15319 = CARTESIAN_POINT('',(-0.32,-7.46,8.54));
#15320 = VECTOR('',#15321,1.);
#15321 = DIRECTION('',(1.,0.,0.));
#15322 = PLANE('',#15323);
#15323 = AXIS2_PLACEMENT_3D('',#15324,#15325,#15326);
#15324 = CARTESIAN_POINT('',(-0.32,-7.38,8.46));
#15325 = DIRECTION('',(1.735167508357E-18,0.707106781187,0.707106781187)
  );
#15326 = DIRECTION('',(-1.,1.226948711654E-18,1.226948711654E-18));
#15327 = ADVANCED_FACE('',(#15328),#15339,.F.);
#15328 = FACE_BOUND('',#15329,.F.);
#15329 = EDGE_LOOP('',(#15330,#15331,#15332,#15333));
#15330 = ORIENTED_EDGE('',*,*,#15252,.F.);
#15331 = ORIENTED_EDGE('',*,*,#12646,.T.);
#15332 = ORIENTED_EDGE('',*,*,#15307,.T.);
#15333 = ORIENTED_EDGE('',*,*,#15334,.F.);
#15334 = EDGE_CURVE('',#15253,#15308,#15335,.T.);
#15335 = LINE('',#15336,#15337);
#15336 = CARTESIAN_POINT('',(-0.16,-7.94,8.54));
#15337 = VECTOR('',#15338,1.);
#15338 = DIRECTION('',(0.,1.,0.));
#15339 = PLANE('',#15340);
#15340 = AXIS2_PLACEMENT_3D('',#15341,#15342,#15343);
#15341 = CARTESIAN_POINT('',(-0.24,-7.94,8.46));
#15342 = DIRECTION('',(0.707106781187,1.735167508357E-18,-0.707106781187
    ));
#15343 = DIRECTION('',(-1.226948711654E-18,1.,1.226948711654E-18));
#15344 = ADVANCED_FACE('',(#15345),#15370,.T.);
#15345 = FACE_BOUND('',#15346,.F.);
#15346 = EDGE_LOOP('',(#15347,#15355,#15356,#15364));
#15347 = ORIENTED_EDGE('',*,*,#15348,.F.);
#15348 = EDGE_CURVE('',#12670,#15349,#15351,.T.);
#15349 = VERTEX_POINT('',#15350);
#15350 = CARTESIAN_POINT('',(2.38,-7.46,8.54));
#15351 = LINE('',#15352,#15353);
#15352 = CARTESIAN_POINT('',(2.38,-7.46,8.54));
#15353 = VECTOR('',#15354,1.);
#15354 = DIRECTION('',(0.57735026919,-0.57735026919,0.57735026919));
#15355 = ORIENTED_EDGE('',*,*,#12677,.T.);
#15356 = ORIENTED_EDGE('',*,*,#15357,.T.);
#15357 = EDGE_CURVE('',#12661,#15358,#15360,.T.);
#15358 = VERTEX_POINT('',#15359);
#15359 = CARTESIAN_POINT('',(2.7,-7.46,8.54));
#15360 = LINE('',#15361,#15362);
#15361 = CARTESIAN_POINT('',(2.593333333333,-7.566666666667,
    8.646666666667));
#15362 = VECTOR('',#15363,1.);
#15363 = DIRECTION('',(-0.57735026919,-0.57735026919,0.57735026919));
#15364 = ORIENTED_EDGE('',*,*,#15365,.F.);
#15365 = EDGE_CURVE('',#15349,#15358,#15366,.T.);
#15366 = LINE('',#15367,#15368);
#15367 = CARTESIAN_POINT('',(2.22,-7.46,8.54));
#15368 = VECTOR('',#15369,1.);
#15369 = DIRECTION('',(1.,0.,0.));
#15370 = PLANE('',#15371);
#15371 = AXIS2_PLACEMENT_3D('',#15372,#15373,#15374);
#15372 = CARTESIAN_POINT('',(2.22,-7.38,8.46));
#15373 = DIRECTION('',(1.735167508357E-18,0.707106781187,0.707106781187)
  );
#15374 = DIRECTION('',(-1.,1.226948711654E-18,1.226948711654E-18));
#15375 = ADVANCED_FACE('',(#15376),#15394,.F.);
#15376 = FACE_BOUND('',#15377,.F.);
#15377 = EDGE_LOOP('',(#15378,#15386,#15387,#15388));
#15378 = ORIENTED_EDGE('',*,*,#15379,.F.);
#15379 = EDGE_CURVE('',#12692,#15380,#15382,.T.);
#15380 = VERTEX_POINT('',#15381);
#15381 = CARTESIAN_POINT('',(2.38,-7.78,8.54));
#15382 = LINE('',#15383,#15384);
#15383 = CARTESIAN_POINT('',(2.273333333333,-7.886666666667,
    8.433333333333));
#15384 = VECTOR('',#15385,1.);
#15385 = DIRECTION('',(0.57735026919,0.57735026919,0.57735026919));
#15386 = ORIENTED_EDGE('',*,*,#12701,.T.);
#15387 = ORIENTED_EDGE('',*,*,#15348,.T.);
#15388 = ORIENTED_EDGE('',*,*,#15389,.F.);
#15389 = EDGE_CURVE('',#15380,#15349,#15390,.T.);
#15390 = LINE('',#15391,#15392);
#15391 = CARTESIAN_POINT('',(2.38,-7.94,8.54));
#15392 = VECTOR('',#15393,1.);
#15393 = DIRECTION('',(0.,1.,0.));
#15394 = PLANE('',#15395);
#15395 = AXIS2_PLACEMENT_3D('',#15396,#15397,#15398);
#15396 = CARTESIAN_POINT('',(2.3,-7.94,8.46));
#15397 = DIRECTION('',(0.707106781187,1.735167508357E-18,-0.707106781187
    ));
#15398 = DIRECTION('',(-1.226948711654E-18,1.,1.226948711654E-18));
#15399 = ADVANCED_FACE('',(#15400),#15418,.F.);
#15400 = FACE_BOUND('',#15401,.T.);
#15401 = EDGE_LOOP('',(#15402,#15403,#15404,#15412));
#15402 = ORIENTED_EDGE('',*,*,#15379,.F.);
#15403 = ORIENTED_EDGE('',*,*,#12725,.T.);
#15404 = ORIENTED_EDGE('',*,*,#15405,.T.);
#15405 = EDGE_CURVE('',#12716,#15406,#15408,.T.);
#15406 = VERTEX_POINT('',#15407);
#15407 = CARTESIAN_POINT('',(2.7,-7.78,8.54));
#15408 = LINE('',#15409,#15410);
#15409 = CARTESIAN_POINT('',(2.7,-7.78,8.54));
#15410 = VECTOR('',#15411,1.);
#15411 = DIRECTION('',(-0.57735026919,0.57735026919,0.57735026919));
#15412 = ORIENTED_EDGE('',*,*,#15413,.F.);
#15413 = EDGE_CURVE('',#15380,#15406,#15414,.T.);
#15414 = LINE('',#15415,#15416);
#15415 = CARTESIAN_POINT('',(2.22,-7.78,8.54));
#15416 = VECTOR('',#15417,1.);
#15417 = DIRECTION('',(1.,0.,0.));
#15418 = PLANE('',#15419);
#15419 = AXIS2_PLACEMENT_3D('',#15420,#15421,#15422);
#15420 = CARTESIAN_POINT('',(2.22,-7.86,8.46));
#15421 = DIRECTION('',(-1.735167508357E-18,0.707106781187,
    -0.707106781187));
#15422 = DIRECTION('',(-1.,-1.226948711654E-18,1.226948711654E-18));
#15423 = ADVANCED_FACE('',(#15424),#15435,.T.);
#15424 = FACE_BOUND('',#15425,.T.);
#15425 = EDGE_LOOP('',(#15426,#15427,#15428,#15429));
#15426 = ORIENTED_EDGE('',*,*,#15405,.F.);
#15427 = ORIENTED_EDGE('',*,*,#12742,.T.);
#15428 = ORIENTED_EDGE('',*,*,#15357,.T.);
#15429 = ORIENTED_EDGE('',*,*,#15430,.F.);
#15430 = EDGE_CURVE('',#15406,#15358,#15431,.T.);
#15431 = LINE('',#15432,#15433);
#15432 = CARTESIAN_POINT('',(2.7,-7.94,8.54));
#15433 = VECTOR('',#15434,1.);
#15434 = DIRECTION('',(0.,1.,0.));
#15435 = PLANE('',#15436);
#15436 = AXIS2_PLACEMENT_3D('',#15437,#15438,#15439);
#15437 = CARTESIAN_POINT('',(2.78,-7.94,8.46));
#15438 = DIRECTION('',(0.707106781187,-1.735167508357E-18,0.707106781187
    ));
#15439 = DIRECTION('',(1.226948711654E-18,1.,1.226948711654E-18));
#15440 = ADVANCED_FACE('',(#15441),#15466,.T.);
#15441 = FACE_BOUND('',#15442,.T.);
#15442 = EDGE_LOOP('',(#15443,#15451,#15452,#15460));
#15443 = ORIENTED_EDGE('',*,*,#15444,.F.);
#15444 = EDGE_CURVE('',#12757,#15445,#15447,.T.);
#15445 = VERTEX_POINT('',#15446);
#15446 = CARTESIAN_POINT('',(0.16,-0.16,8.54));
#15447 = LINE('',#15448,#15449);
#15448 = CARTESIAN_POINT('',(0.16,-0.16,8.54));
#15449 = VECTOR('',#15450,1.);
#15450 = DIRECTION('',(-0.57735026919,0.57735026919,0.57735026919));
#15451 = ORIENTED_EDGE('',*,*,#12773,.T.);
#15452 = ORIENTED_EDGE('',*,*,#15453,.T.);
#15453 = EDGE_CURVE('',#12766,#15454,#15456,.T.);
#15454 = VERTEX_POINT('',#15455);
#15455 = CARTESIAN_POINT('',(0.16,0.16,8.54));
#15456 = LINE('',#15457,#15458);
#15457 = CARTESIAN_POINT('',(5.333333333333E-02,5.333333333333E-02,
    8.646666666667));
#15458 = VECTOR('',#15459,1.);
#15459 = DIRECTION('',(-0.57735026919,-0.57735026919,0.57735026919));
#15460 = ORIENTED_EDGE('',*,*,#15461,.F.);
#15461 = EDGE_CURVE('',#15445,#15454,#15462,.T.);
#15462 = LINE('',#15463,#15464);
#15463 = CARTESIAN_POINT('',(0.16,-0.32,8.54));
#15464 = VECTOR('',#15465,1.);
#15465 = DIRECTION('',(0.,1.,0.));
#15466 = PLANE('',#15467);
#15467 = AXIS2_PLACEMENT_3D('',#15468,#15469,#15470);
#15468 = CARTESIAN_POINT('',(0.24,-0.32,8.46));
#15469 = DIRECTION('',(0.707106781187,-1.735167508357E-18,0.707106781187
    ));
#15470 = DIRECTION('',(1.226948711654E-18,1.,1.226948711654E-18));
#15471 = ADVANCED_FACE('',(#15472),#15490,.T.);
#15472 = FACE_BOUND('',#15473,.F.);
#15473 = EDGE_LOOP('',(#15474,#15482,#15483,#15484));
#15474 = ORIENTED_EDGE('',*,*,#15475,.F.);
#15475 = EDGE_CURVE('',#12790,#15476,#15478,.T.);
#15476 = VERTEX_POINT('',#15477);
#15477 = CARTESIAN_POINT('',(-0.16,0.16,8.54));
#15478 = LINE('',#15479,#15480);
#15479 = CARTESIAN_POINT('',(-0.16,0.16,8.54));
#15480 = VECTOR('',#15481,1.);
#15481 = DIRECTION('',(0.57735026919,-0.57735026919,0.57735026919));
#15482 = ORIENTED_EDGE('',*,*,#12797,.T.);
#15483 = ORIENTED_EDGE('',*,*,#15453,.T.);
#15484 = ORIENTED_EDGE('',*,*,#15485,.F.);
#15485 = EDGE_CURVE('',#15476,#15454,#15486,.T.);
#15486 = LINE('',#15487,#15488);
#15487 = CARTESIAN_POINT('',(-0.32,0.16,8.54));
#15488 = VECTOR('',#15489,1.);
#15489 = DIRECTION('',(1.,0.,0.));
#15490 = PLANE('',#15491);
#15491 = AXIS2_PLACEMENT_3D('',#15492,#15493,#15494);
#15492 = CARTESIAN_POINT('',(-0.32,0.24,8.46));
#15493 = DIRECTION('',(1.735167508357E-18,0.707106781187,0.707106781187)
  );
#15494 = DIRECTION('',(-1.,1.226948711654E-18,1.226948711654E-18));
#15495 = ADVANCED_FACE('',(#15496),#15514,.F.);
#15496 = FACE_BOUND('',#15497,.F.);
#15497 = EDGE_LOOP('',(#15498,#15506,#15507,#15508));
#15498 = ORIENTED_EDGE('',*,*,#15499,.F.);
#15499 = EDGE_CURVE('',#12812,#15500,#15502,.T.);
#15500 = VERTEX_POINT('',#15501);
#15501 = CARTESIAN_POINT('',(-0.16,-0.16,8.54));
#15502 = LINE('',#15503,#15504);
#15503 = CARTESIAN_POINT('',(-0.266666666667,-0.266666666667,
    8.433333333333));
#15504 = VECTOR('',#15505,1.);
#15505 = DIRECTION('',(0.57735026919,0.57735026919,0.57735026919));
#15506 = ORIENTED_EDGE('',*,*,#12821,.T.);
#15507 = ORIENTED_EDGE('',*,*,#15475,.T.);
#15508 = ORIENTED_EDGE('',*,*,#15509,.F.);
#15509 = EDGE_CURVE('',#15500,#15476,#15510,.T.);
#15510 = LINE('',#15511,#15512);
#15511 = CARTESIAN_POINT('',(-0.16,-0.32,8.54));
#15512 = VECTOR('',#15513,1.);
#15513 = DIRECTION('',(0.,1.,0.));
#15514 = PLANE('',#15515);
#15515 = AXIS2_PLACEMENT_3D('',#15516,#15517,#15518);
#15516 = CARTESIAN_POINT('',(-0.24,-0.32,8.46));
#15517 = DIRECTION('',(0.707106781187,1.735167508357E-18,-0.707106781187
    ));
#15518 = DIRECTION('',(-1.226948711654E-18,1.,1.226948711654E-18));
#15519 = ADVANCED_FACE('',(#15520),#15531,.F.);
#15520 = FACE_BOUND('',#15521,.T.);
#15521 = EDGE_LOOP('',(#15522,#15523,#15524,#15525));
#15522 = ORIENTED_EDGE('',*,*,#15499,.F.);
#15523 = ORIENTED_EDGE('',*,*,#12838,.T.);
#15524 = ORIENTED_EDGE('',*,*,#15444,.T.);
#15525 = ORIENTED_EDGE('',*,*,#15526,.F.);
#15526 = EDGE_CURVE('',#15500,#15445,#15527,.T.);
#15527 = LINE('',#15528,#15529);
#15528 = CARTESIAN_POINT('',(-0.32,-0.16,8.54));
#15529 = VECTOR('',#15530,1.);
#15530 = DIRECTION('',(1.,0.,0.));
#15531 = PLANE('',#15532);
#15532 = AXIS2_PLACEMENT_3D('',#15533,#15534,#15535);
#15533 = CARTESIAN_POINT('',(-0.32,-0.24,8.46));
#15534 = DIRECTION('',(-1.735167508357E-18,0.707106781187,
    -0.707106781187));
#15535 = DIRECTION('',(-1.,-1.226948711654E-18,1.226948711654E-18));
#15536 = ADVANCED_FACE('',(#15537),#15562,.T.);
#15537 = FACE_BOUND('',#15538,.T.);
#15538 = EDGE_LOOP('',(#15539,#15547,#15548,#15556));
#15539 = ORIENTED_EDGE('',*,*,#15540,.F.);
#15540 = EDGE_CURVE('',#12853,#15541,#15543,.T.);
#15541 = VERTEX_POINT('',#15542);
#15542 = CARTESIAN_POINT('',(2.7,-0.16,8.54));
#15543 = LINE('',#15544,#15545);
#15544 = CARTESIAN_POINT('',(2.7,-0.16,8.54));
#15545 = VECTOR('',#15546,1.);
#15546 = DIRECTION('',(-0.57735026919,0.57735026919,0.57735026919));
#15547 = ORIENTED_EDGE('',*,*,#12869,.T.);
#15548 = ORIENTED_EDGE('',*,*,#15549,.T.);
#15549 = EDGE_CURVE('',#12862,#15550,#15552,.T.);
#15550 = VERTEX_POINT('',#15551);
#15551 = CARTESIAN_POINT('',(2.7,0.16,8.54));
#15552 = LINE('',#15553,#15554);
#15553 = CARTESIAN_POINT('',(2.593333333333,5.333333333333E-02,
    8.646666666667));
#15554 = VECTOR('',#15555,1.);
#15555 = DIRECTION('',(-0.57735026919,-0.57735026919,0.57735026919));
#15556 = ORIENTED_EDGE('',*,*,#15557,.F.);
#15557 = EDGE_CURVE('',#15541,#15550,#15558,.T.);
#15558 = LINE('',#15559,#15560);
#15559 = CARTESIAN_POINT('',(2.7,-0.32,8.54));
#15560 = VECTOR('',#15561,1.);
#15561 = DIRECTION('',(0.,1.,0.));
#15562 = PLANE('',#15563);
#15563 = AXIS2_PLACEMENT_3D('',#15564,#15565,#15566);
#15564 = CARTESIAN_POINT('',(2.78,-0.32,8.46));
#15565 = DIRECTION('',(0.707106781187,-1.735167508357E-18,0.707106781187
    ));
#15566 = DIRECTION('',(1.226948711654E-18,1.,1.226948711654E-18));
#15567 = ADVANCED_FACE('',(#15568),#15586,.T.);
#15568 = FACE_BOUND('',#15569,.F.);
#15569 = EDGE_LOOP('',(#15570,#15578,#15579,#15580));
#15570 = ORIENTED_EDGE('',*,*,#15571,.F.);
#15571 = EDGE_CURVE('',#12886,#15572,#15574,.T.);
#15572 = VERTEX_POINT('',#15573);
#15573 = CARTESIAN_POINT('',(2.38,0.16,8.54));
#15574 = LINE('',#15575,#15576);
#15575 = CARTESIAN_POINT('',(2.38,0.16,8.54));
#15576 = VECTOR('',#15577,1.);
#15577 = DIRECTION('',(0.57735026919,-0.57735026919,0.57735026919));
#15578 = ORIENTED_EDGE('',*,*,#12893,.T.);
#15579 = ORIENTED_EDGE('',*,*,#15549,.T.);
#15580 = ORIENTED_EDGE('',*,*,#15581,.F.);
#15581 = EDGE_CURVE('',#15572,#15550,#15582,.T.);
#15582 = LINE('',#15583,#15584);
#15583 = CARTESIAN_POINT('',(2.22,0.16,8.54));
#15584 = VECTOR('',#15585,1.);
#15585 = DIRECTION('',(1.,0.,0.));
#15586 = PLANE('',#15587);
#15587 = AXIS2_PLACEMENT_3D('',#15588,#15589,#15590);
#15588 = CARTESIAN_POINT('',(2.22,0.24,8.46));
#15589 = DIRECTION('',(1.735167508357E-18,0.707106781187,0.707106781187)
  );
#15590 = DIRECTION('',(-1.,1.226948711654E-18,1.226948711654E-18));
#15591 = ADVANCED_FACE('',(#15592),#15610,.F.);
#15592 = FACE_BOUND('',#15593,.F.);
#15593 = EDGE_LOOP('',(#15594,#15602,#15603,#15604));
#15594 = ORIENTED_EDGE('',*,*,#15595,.F.);
#15595 = EDGE_CURVE('',#12908,#15596,#15598,.T.);
#15596 = VERTEX_POINT('',#15597);
#15597 = CARTESIAN_POINT('',(2.38,-0.16,8.54));
#15598 = LINE('',#15599,#15600);
#15599 = CARTESIAN_POINT('',(2.273333333333,-0.266666666667,
    8.433333333333));
#15600 = VECTOR('',#15601,1.);
#15601 = DIRECTION('',(0.57735026919,0.57735026919,0.57735026919));
#15602 = ORIENTED_EDGE('',*,*,#12917,.T.);
#15603 = ORIENTED_EDGE('',*,*,#15571,.T.);
#15604 = ORIENTED_EDGE('',*,*,#15605,.F.);
#15605 = EDGE_CURVE('',#15596,#15572,#15606,.T.);
#15606 = LINE('',#15607,#15608);
#15607 = CARTESIAN_POINT('',(2.38,-0.32,8.54));
#15608 = VECTOR('',#15609,1.);
#15609 = DIRECTION('',(0.,1.,0.));
#15610 = PLANE('',#15611);
#15611 = AXIS2_PLACEMENT_3D('',#15612,#15613,#15614);
#15612 = CARTESIAN_POINT('',(2.3,-0.32,8.46));
#15613 = DIRECTION('',(0.707106781187,1.735167508357E-18,-0.707106781187
    ));
#15614 = DIRECTION('',(-1.226948711654E-18,1.,1.226948711654E-18));
#15615 = ADVANCED_FACE('',(#15616),#15627,.F.);
#15616 = FACE_BOUND('',#15617,.T.);
#15617 = EDGE_LOOP('',(#15618,#15619,#15620,#15621));
#15618 = ORIENTED_EDGE('',*,*,#15595,.F.);
#15619 = ORIENTED_EDGE('',*,*,#12934,.T.);
#15620 = ORIENTED_EDGE('',*,*,#15540,.T.);
#15621 = ORIENTED_EDGE('',*,*,#15622,.F.);
#15622 = EDGE_CURVE('',#15596,#15541,#15623,.T.);
#15623 = LINE('',#15624,#15625);
#15624 = CARTESIAN_POINT('',(2.22,-0.16,8.54));
#15625 = VECTOR('',#15626,1.);
#15626 = DIRECTION('',(1.,0.,0.));
#15627 = PLANE('',#15628);
#15628 = AXIS2_PLACEMENT_3D('',#15629,#15630,#15631);
#15629 = CARTESIAN_POINT('',(2.22,-0.24,8.46));
#15630 = DIRECTION('',(-1.735167508357E-18,0.707106781187,
    -0.707106781187));
#15631 = DIRECTION('',(-1.,-1.226948711654E-18,1.226948711654E-18));
#15632 = ADVANCED_FACE('',(#15633),#15658,.T.);
#15633 = FACE_BOUND('',#15634,.F.);
#15634 = EDGE_LOOP('',(#15635,#15643,#15644,#15652));
#15635 = ORIENTED_EDGE('',*,*,#15636,.F.);
#15636 = EDGE_CURVE('',#12958,#15637,#15639,.T.);
#15637 = VERTEX_POINT('',#15638);
#15638 = CARTESIAN_POINT('',(-0.16,-12.54,8.54));
#15639 = LINE('',#15640,#15641);
#15640 = CARTESIAN_POINT('',(-0.16,-12.54,8.54));
#15641 = VECTOR('',#15642,1.);
#15642 = DIRECTION('',(0.57735026919,-0.57735026919,0.57735026919));
#15643 = ORIENTED_EDGE('',*,*,#12965,.T.);
#15644 = ORIENTED_EDGE('',*,*,#15645,.T.);
#15645 = EDGE_CURVE('',#12949,#15646,#15648,.T.);
#15646 = VERTEX_POINT('',#15647);
#15647 = CARTESIAN_POINT('',(0.16,-12.54,8.54));
#15648 = LINE('',#15649,#15650);
#15649 = CARTESIAN_POINT('',(5.333333333333E-02,-12.64666666666,
    8.646666666667));
#15650 = VECTOR('',#15651,1.);
#15651 = DIRECTION('',(-0.57735026919,-0.57735026919,0.57735026919));
#15652 = ORIENTED_EDGE('',*,*,#15653,.F.);
#15653 = EDGE_CURVE('',#15637,#15646,#15654,.T.);
#15654 = LINE('',#15655,#15656);
#15655 = CARTESIAN_POINT('',(-0.32,-12.54,8.54));
#15656 = VECTOR('',#15657,1.);
#15657 = DIRECTION('',(1.,0.,0.));
#15658 = PLANE('',#15659);
#15659 = AXIS2_PLACEMENT_3D('',#15660,#15661,#15662);
#15660 = CARTESIAN_POINT('',(-0.32,-12.46,8.46));
#15661 = DIRECTION('',(1.735167508357E-18,0.707106781187,0.707106781187)
  );
#15662 = DIRECTION('',(-1.,1.226948711654E-18,1.226948711654E-18));
#15663 = ADVANCED_FACE('',(#15664),#15682,.F.);
#15664 = FACE_BOUND('',#15665,.F.);
#15665 = EDGE_LOOP('',(#15666,#15674,#15675,#15676));
#15666 = ORIENTED_EDGE('',*,*,#15667,.F.);
#15667 = EDGE_CURVE('',#12980,#15668,#15670,.T.);
#15668 = VERTEX_POINT('',#15669);
#15669 = CARTESIAN_POINT('',(-0.16,-12.86,8.54));
#15670 = LINE('',#15671,#15672);
#15671 = CARTESIAN_POINT('',(-0.266666666667,-12.96666666666,
    8.433333333333));
#15672 = VECTOR('',#15673,1.);
#15673 = DIRECTION('',(0.57735026919,0.57735026919,0.57735026919));
#15674 = ORIENTED_EDGE('',*,*,#12989,.T.);
#15675 = ORIENTED_EDGE('',*,*,#15636,.T.);
#15676 = ORIENTED_EDGE('',*,*,#15677,.F.);
#15677 = EDGE_CURVE('',#15668,#15637,#15678,.T.);
#15678 = LINE('',#15679,#15680);
#15679 = CARTESIAN_POINT('',(-0.16,-13.02,8.54));
#15680 = VECTOR('',#15681,1.);
#15681 = DIRECTION('',(0.,1.,0.));
#15682 = PLANE('',#15683);
#15683 = AXIS2_PLACEMENT_3D('',#15684,#15685,#15686);
#15684 = CARTESIAN_POINT('',(-0.24,-13.02,8.46));
#15685 = DIRECTION('',(0.707106781187,1.735167508357E-18,-0.707106781187
    ));
#15686 = DIRECTION('',(-1.226948711654E-18,1.,1.226948711654E-18));
#15687 = ADVANCED_FACE('',(#15688),#15706,.F.);
#15688 = FACE_BOUND('',#15689,.T.);
#15689 = EDGE_LOOP('',(#15690,#15691,#15692,#15700));
#15690 = ORIENTED_EDGE('',*,*,#15667,.F.);
#15691 = ORIENTED_EDGE('',*,*,#13013,.T.);
#15692 = ORIENTED_EDGE('',*,*,#15693,.T.);
#15693 = EDGE_CURVE('',#13004,#15694,#15696,.T.);
#15694 = VERTEX_POINT('',#15695);
#15695 = CARTESIAN_POINT('',(0.16,-12.86,8.54));
#15696 = LINE('',#15697,#15698);
#15697 = CARTESIAN_POINT('',(0.16,-12.86,8.54));
#15698 = VECTOR('',#15699,1.);
#15699 = DIRECTION('',(-0.57735026919,0.57735026919,0.57735026919));
#15700 = ORIENTED_EDGE('',*,*,#15701,.F.);
#15701 = EDGE_CURVE('',#15668,#15694,#15702,.T.);
#15702 = LINE('',#15703,#15704);
#15703 = CARTESIAN_POINT('',(-0.32,-12.86,8.54));
#15704 = VECTOR('',#15705,1.);
#15705 = DIRECTION('',(1.,0.,0.));
#15706 = PLANE('',#15707);
#15707 = AXIS2_PLACEMENT_3D('',#15708,#15709,#15710);
#15708 = CARTESIAN_POINT('',(-0.32,-12.94,8.46));
#15709 = DIRECTION('',(-1.735167508357E-18,0.707106781187,
    -0.707106781187));
#15710 = DIRECTION('',(-1.,-1.226948711654E-18,1.226948711654E-18));
#15711 = ADVANCED_FACE('',(#15712),#15723,.T.);
#15712 = FACE_BOUND('',#15713,.T.);
#15713 = EDGE_LOOP('',(#15714,#15715,#15716,#15717));
#15714 = ORIENTED_EDGE('',*,*,#15693,.F.);
#15715 = ORIENTED_EDGE('',*,*,#13030,.T.);
#15716 = ORIENTED_EDGE('',*,*,#15645,.T.);
#15717 = ORIENTED_EDGE('',*,*,#15718,.F.);
#15718 = EDGE_CURVE('',#15694,#15646,#15719,.T.);
#15719 = LINE('',#15720,#15721);
#15720 = CARTESIAN_POINT('',(0.16,-13.02,8.54));
#15721 = VECTOR('',#15722,1.);
#15722 = DIRECTION('',(0.,1.,0.));
#15723 = PLANE('',#15724);
#15724 = AXIS2_PLACEMENT_3D('',#15725,#15726,#15727);
#15725 = CARTESIAN_POINT('',(0.24,-13.02,8.46));
#15726 = DIRECTION('',(0.707106781187,-1.735167508357E-18,0.707106781187
    ));
#15727 = DIRECTION('',(1.226948711654E-18,1.,1.226948711654E-18));
#15728 = ADVANCED_FACE('',(#15729),#15754,.T.);
#15729 = FACE_BOUND('',#15730,.F.);
#15730 = EDGE_LOOP('',(#15731,#15739,#15740,#15748));
#15731 = ORIENTED_EDGE('',*,*,#15732,.F.);
#15732 = EDGE_CURVE('',#13054,#15733,#15735,.T.);
#15733 = VERTEX_POINT('',#15734);
#15734 = CARTESIAN_POINT('',(2.38,-12.54,8.54));
#15735 = LINE('',#15736,#15737);
#15736 = CARTESIAN_POINT('',(2.38,-12.54,8.54));
#15737 = VECTOR('',#15738,1.);
#15738 = DIRECTION('',(0.57735026919,-0.57735026919,0.57735026919));
#15739 = ORIENTED_EDGE('',*,*,#13061,.T.);
#15740 = ORIENTED_EDGE('',*,*,#15741,.T.);
#15741 = EDGE_CURVE('',#13045,#15742,#15744,.T.);
#15742 = VERTEX_POINT('',#15743);
#15743 = CARTESIAN_POINT('',(2.7,-12.54,8.54));
#15744 = LINE('',#15745,#15746);
#15745 = CARTESIAN_POINT('',(2.593333333333,-12.64666666666,
    8.646666666667));
#15746 = VECTOR('',#15747,1.);
#15747 = DIRECTION('',(-0.57735026919,-0.57735026919,0.57735026919));
#15748 = ORIENTED_EDGE('',*,*,#15749,.F.);
#15749 = EDGE_CURVE('',#15733,#15742,#15750,.T.);
#15750 = LINE('',#15751,#15752);
#15751 = CARTESIAN_POINT('',(2.22,-12.54,8.54));
#15752 = VECTOR('',#15753,1.);
#15753 = DIRECTION('',(1.,0.,0.));
#15754 = PLANE('',#15755);
#15755 = AXIS2_PLACEMENT_3D('',#15756,#15757,#15758);
#15756 = CARTESIAN_POINT('',(2.22,-12.46,8.46));
#15757 = DIRECTION('',(1.735167508357E-18,0.707106781187,0.707106781187)
  );
#15758 = DIRECTION('',(-1.,1.226948711654E-18,1.226948711654E-18));
#15759 = ADVANCED_FACE('',(#15760),#15778,.F.);
#15760 = FACE_BOUND('',#15761,.F.);
#15761 = EDGE_LOOP('',(#15762,#15770,#15771,#15772));
#15762 = ORIENTED_EDGE('',*,*,#15763,.F.);
#15763 = EDGE_CURVE('',#13076,#15764,#15766,.T.);
#15764 = VERTEX_POINT('',#15765);
#15765 = CARTESIAN_POINT('',(2.38,-12.86,8.54));
#15766 = LINE('',#15767,#15768);
#15767 = CARTESIAN_POINT('',(2.273333333333,-12.96666666666,
    8.433333333333));
#15768 = VECTOR('',#15769,1.);
#15769 = DIRECTION('',(0.57735026919,0.57735026919,0.57735026919));
#15770 = ORIENTED_EDGE('',*,*,#13085,.T.);
#15771 = ORIENTED_EDGE('',*,*,#15732,.T.);
#15772 = ORIENTED_EDGE('',*,*,#15773,.F.);
#15773 = EDGE_CURVE('',#15764,#15733,#15774,.T.);
#15774 = LINE('',#15775,#15776);
#15775 = CARTESIAN_POINT('',(2.38,-13.02,8.54));
#15776 = VECTOR('',#15777,1.);
#15777 = DIRECTION('',(0.,1.,0.));
#15778 = PLANE('',#15779);
#15779 = AXIS2_PLACEMENT_3D('',#15780,#15781,#15782);
#15780 = CARTESIAN_POINT('',(2.3,-13.02,8.46));
#15781 = DIRECTION('',(0.707106781187,1.735167508357E-18,-0.707106781187
    ));
#15782 = DIRECTION('',(-1.226948711654E-18,1.,1.226948711654E-18));
#15783 = ADVANCED_FACE('',(#15784),#15802,.F.);
#15784 = FACE_BOUND('',#15785,.T.);
#15785 = EDGE_LOOP('',(#15786,#15787,#15788,#15796));
#15786 = ORIENTED_EDGE('',*,*,#15763,.F.);
#15787 = ORIENTED_EDGE('',*,*,#13109,.T.);
#15788 = ORIENTED_EDGE('',*,*,#15789,.T.);
#15789 = EDGE_CURVE('',#13100,#15790,#15792,.T.);
#15790 = VERTEX_POINT('',#15791);
#15791 = CARTESIAN_POINT('',(2.7,-12.86,8.54));
#15792 = LINE('',#15793,#15794);
#15793 = CARTESIAN_POINT('',(2.7,-12.86,8.54));
#15794 = VECTOR('',#15795,1.);
#15795 = DIRECTION('',(-0.57735026919,0.57735026919,0.57735026919));
#15796 = ORIENTED_EDGE('',*,*,#15797,.F.);
#15797 = EDGE_CURVE('',#15764,#15790,#15798,.T.);
#15798 = LINE('',#15799,#15800);
#15799 = CARTESIAN_POINT('',(2.22,-12.86,8.54));
#15800 = VECTOR('',#15801,1.);
#15801 = DIRECTION('',(1.,0.,0.));
#15802 = PLANE('',#15803);
#15803 = AXIS2_PLACEMENT_3D('',#15804,#15805,#15806);
#15804 = CARTESIAN_POINT('',(2.22,-12.94,8.46));
#15805 = DIRECTION('',(-1.735167508357E-18,0.707106781187,
    -0.707106781187));
#15806 = DIRECTION('',(-1.,-1.226948711654E-18,1.226948711654E-18));
#15807 = ADVANCED_FACE('',(#15808),#15819,.T.);
#15808 = FACE_BOUND('',#15809,.T.);
#15809 = EDGE_LOOP('',(#15810,#15811,#15812,#15813));
#15810 = ORIENTED_EDGE('',*,*,#15789,.F.);
#15811 = ORIENTED_EDGE('',*,*,#13126,.T.);
#15812 = ORIENTED_EDGE('',*,*,#15741,.T.);
#15813 = ORIENTED_EDGE('',*,*,#15814,.F.);
#15814 = EDGE_CURVE('',#15790,#15742,#15815,.T.);
#15815 = LINE('',#15816,#15817);
#15816 = CARTESIAN_POINT('',(2.7,-13.02,8.54));
#15817 = VECTOR('',#15818,1.);
#15818 = DIRECTION('',(0.,1.,0.));
#15819 = PLANE('',#15820);
#15820 = AXIS2_PLACEMENT_3D('',#15821,#15822,#15823);
#15821 = CARTESIAN_POINT('',(2.78,-13.02,8.46));
#15822 = DIRECTION('',(0.707106781187,-1.735167508357E-18,0.707106781187
    ));
#15823 = DIRECTION('',(1.226948711654E-18,1.,1.226948711654E-18));
#15824 = ADVANCED_FACE('',(#15825),#15850,.T.);
#15825 = FACE_BOUND('',#15826,.F.);
#15826 = EDGE_LOOP('',(#15827,#15835,#15836,#15844));
#15827 = ORIENTED_EDGE('',*,*,#15828,.F.);
#15828 = EDGE_CURVE('',#13150,#15829,#15831,.T.);
#15829 = VERTEX_POINT('',#15830);
#15830 = CARTESIAN_POINT('',(-0.16,-15.08,8.54));
#15831 = LINE('',#15832,#15833);
#15832 = CARTESIAN_POINT('',(-0.16,-15.08,8.54));
#15833 = VECTOR('',#15834,1.);
#15834 = DIRECTION('',(0.57735026919,-0.57735026919,0.57735026919));
#15835 = ORIENTED_EDGE('',*,*,#13157,.T.);
#15836 = ORIENTED_EDGE('',*,*,#15837,.T.);
#15837 = EDGE_CURVE('',#13141,#15838,#15840,.T.);
#15838 = VERTEX_POINT('',#15839);
#15839 = CARTESIAN_POINT('',(0.16,-15.08,8.54));
#15840 = LINE('',#15841,#15842);
#15841 = CARTESIAN_POINT('',(5.333333333333E-02,-15.18666666666,
    8.646666666667));
#15842 = VECTOR('',#15843,1.);
#15843 = DIRECTION('',(-0.57735026919,-0.57735026919,0.57735026919));
#15844 = ORIENTED_EDGE('',*,*,#15845,.F.);
#15845 = EDGE_CURVE('',#15829,#15838,#15846,.T.);
#15846 = LINE('',#15847,#15848);
#15847 = CARTESIAN_POINT('',(-0.32,-15.08,8.54));
#15848 = VECTOR('',#15849,1.);
#15849 = DIRECTION('',(1.,0.,0.));
#15850 = PLANE('',#15851);
#15851 = AXIS2_PLACEMENT_3D('',#15852,#15853,#15854);
#15852 = CARTESIAN_POINT('',(-0.32,-15.,8.46));
#15853 = DIRECTION('',(1.735167508357E-18,0.707106781187,0.707106781187)
  );
#15854 = DIRECTION('',(-1.,1.226948711654E-18,1.226948711654E-18));
#15855 = ADVANCED_FACE('',(#15856),#15874,.F.);
#15856 = FACE_BOUND('',#15857,.F.);
#15857 = EDGE_LOOP('',(#15858,#15866,#15867,#15868));
#15858 = ORIENTED_EDGE('',*,*,#15859,.F.);
#15859 = EDGE_CURVE('',#13172,#15860,#15862,.T.);
#15860 = VERTEX_POINT('',#15861);
#15861 = CARTESIAN_POINT('',(-0.16,-15.4,8.54));
#15862 = LINE('',#15863,#15864);
#15863 = CARTESIAN_POINT('',(-0.266666666667,-15.50666666666,
    8.433333333333));
#15864 = VECTOR('',#15865,1.);
#15865 = DIRECTION('',(0.57735026919,0.57735026919,0.57735026919));
#15866 = ORIENTED_EDGE('',*,*,#13181,.T.);
#15867 = ORIENTED_EDGE('',*,*,#15828,.T.);
#15868 = ORIENTED_EDGE('',*,*,#15869,.F.);
#15869 = EDGE_CURVE('',#15860,#15829,#15870,.T.);
#15870 = LINE('',#15871,#15872);
#15871 = CARTESIAN_POINT('',(-0.16,-15.56,8.54));
#15872 = VECTOR('',#15873,1.);
#15873 = DIRECTION('',(0.,1.,0.));
#15874 = PLANE('',#15875);
#15875 = AXIS2_PLACEMENT_3D('',#15876,#15877,#15878);
#15876 = CARTESIAN_POINT('',(-0.24,-15.56,8.46));
#15877 = DIRECTION('',(0.707106781187,1.735167508357E-18,-0.707106781187
    ));
#15878 = DIRECTION('',(-1.226948711654E-18,1.,1.226948711654E-18));
#15879 = ADVANCED_FACE('',(#15880),#15898,.F.);
#15880 = FACE_BOUND('',#15881,.T.);
#15881 = EDGE_LOOP('',(#15882,#15883,#15884,#15892));
#15882 = ORIENTED_EDGE('',*,*,#15859,.F.);
#15883 = ORIENTED_EDGE('',*,*,#13205,.T.);
#15884 = ORIENTED_EDGE('',*,*,#15885,.T.);
#15885 = EDGE_CURVE('',#13196,#15886,#15888,.T.);
#15886 = VERTEX_POINT('',#15887);
#15887 = CARTESIAN_POINT('',(0.16,-15.4,8.54));
#15888 = LINE('',#15889,#15890);
#15889 = CARTESIAN_POINT('',(0.16,-15.4,8.54));
#15890 = VECTOR('',#15891,1.);
#15891 = DIRECTION('',(-0.57735026919,0.57735026919,0.57735026919));
#15892 = ORIENTED_EDGE('',*,*,#15893,.F.);
#15893 = EDGE_CURVE('',#15860,#15886,#15894,.T.);
#15894 = LINE('',#15895,#15896);
#15895 = CARTESIAN_POINT('',(-0.32,-15.4,8.54));
#15896 = VECTOR('',#15897,1.);
#15897 = DIRECTION('',(1.,0.,0.));
#15898 = PLANE('',#15899);
#15899 = AXIS2_PLACEMENT_3D('',#15900,#15901,#15902);
#15900 = CARTESIAN_POINT('',(-0.32,-15.48,8.46));
#15901 = DIRECTION('',(-1.735167508357E-18,0.707106781187,
    -0.707106781187));
#15902 = DIRECTION('',(-1.,-1.226948711654E-18,1.226948711654E-18));
#15903 = ADVANCED_FACE('',(#15904),#15915,.T.);
#15904 = FACE_BOUND('',#15905,.T.);
#15905 = EDGE_LOOP('',(#15906,#15907,#15908,#15909));
#15906 = ORIENTED_EDGE('',*,*,#15885,.F.);
#15907 = ORIENTED_EDGE('',*,*,#13222,.T.);
#15908 = ORIENTED_EDGE('',*,*,#15837,.T.);
#15909 = ORIENTED_EDGE('',*,*,#15910,.F.);
#15910 = EDGE_CURVE('',#15886,#15838,#15911,.T.);
#15911 = LINE('',#15912,#15913);
#15912 = CARTESIAN_POINT('',(0.16,-15.56,8.54));
#15913 = VECTOR('',#15914,1.);
#15914 = DIRECTION('',(0.,1.,0.));
#15915 = PLANE('',#15916);
#15916 = AXIS2_PLACEMENT_3D('',#15917,#15918,#15919);
#15917 = CARTESIAN_POINT('',(0.24,-15.56,8.46));
#15918 = DIRECTION('',(0.707106781187,-1.735167508357E-18,0.707106781187
    ));
#15919 = DIRECTION('',(1.226948711654E-18,1.,1.226948711654E-18));
#15920 = ADVANCED_FACE('',(#15921),#15946,.T.);
#15921 = FACE_BOUND('',#15922,.T.);
#15922 = EDGE_LOOP('',(#15923,#15931,#15932,#15940));
#15923 = ORIENTED_EDGE('',*,*,#15924,.F.);
#15924 = EDGE_CURVE('',#13237,#15925,#15927,.T.);
#15925 = VERTEX_POINT('',#15926);
#15926 = CARTESIAN_POINT('',(2.7,-15.4,8.54));
#15927 = LINE('',#15928,#15929);
#15928 = CARTESIAN_POINT('',(2.7,-15.4,8.54));
#15929 = VECTOR('',#15930,1.);
#15930 = DIRECTION('',(-0.57735026919,0.57735026919,0.57735026919));
#15931 = ORIENTED_EDGE('',*,*,#13253,.T.);
#15932 = ORIENTED_EDGE('',*,*,#15933,.T.);
#15933 = EDGE_CURVE('',#13246,#15934,#15936,.T.);
#15934 = VERTEX_POINT('',#15935);
#15935 = CARTESIAN_POINT('',(2.7,-15.08,8.54));
#15936 = LINE('',#15937,#15938);
#15937 = CARTESIAN_POINT('',(2.593333333333,-15.18666666666,
    8.646666666667));
#15938 = VECTOR('',#15939,1.);
#15939 = DIRECTION('',(-0.57735026919,-0.57735026919,0.57735026919));
#15940 = ORIENTED_EDGE('',*,*,#15941,.F.);
#15941 = EDGE_CURVE('',#15925,#15934,#15942,.T.);
#15942 = LINE('',#15943,#15944);
#15943 = CARTESIAN_POINT('',(2.7,-15.56,8.54));
#15944 = VECTOR('',#15945,1.);
#15945 = DIRECTION('',(0.,1.,0.));
#15946 = PLANE('',#15947);
#15947 = AXIS2_PLACEMENT_3D('',#15948,#15949,#15950);
#15948 = CARTESIAN_POINT('',(2.78,-15.56,8.46));
#15949 = DIRECTION('',(0.707106781187,-1.735167508357E-18,0.707106781187
    ));
#15950 = DIRECTION('',(1.226948711654E-18,1.,1.226948711654E-18));
#15951 = ADVANCED_FACE('',(#15952),#15970,.T.);
#15952 = FACE_BOUND('',#15953,.F.);
#15953 = EDGE_LOOP('',(#15954,#15962,#15963,#15964));
#15954 = ORIENTED_EDGE('',*,*,#15955,.F.);
#15955 = EDGE_CURVE('',#13270,#15956,#15958,.T.);
#15956 = VERTEX_POINT('',#15957);
#15957 = CARTESIAN_POINT('',(2.38,-15.08,8.54));
#15958 = LINE('',#15959,#15960);
#15959 = CARTESIAN_POINT('',(2.38,-15.08,8.54));
#15960 = VECTOR('',#15961,1.);
#15961 = DIRECTION('',(0.57735026919,-0.57735026919,0.57735026919));
#15962 = ORIENTED_EDGE('',*,*,#13277,.T.);
#15963 = ORIENTED_EDGE('',*,*,#15933,.T.);
#15964 = ORIENTED_EDGE('',*,*,#15965,.F.);
#15965 = EDGE_CURVE('',#15956,#15934,#15966,.T.);
#15966 = LINE('',#15967,#15968);
#15967 = CARTESIAN_POINT('',(2.22,-15.08,8.54));
#15968 = VECTOR('',#15969,1.);
#15969 = DIRECTION('',(1.,0.,0.));
#15970 = PLANE('',#15971);
#15971 = AXIS2_PLACEMENT_3D('',#15972,#15973,#15974);
#15972 = CARTESIAN_POINT('',(2.22,-15.,8.46));
#15973 = DIRECTION('',(1.735167508357E-18,0.707106781187,0.707106781187)
  );
#15974 = DIRECTION('',(-1.,1.226948711654E-18,1.226948711654E-18));
#15975 = ADVANCED_FACE('',(#15976),#15994,.F.);
#15976 = FACE_BOUND('',#15977,.F.);
#15977 = EDGE_LOOP('',(#15978,#15986,#15987,#15988));
#15978 = ORIENTED_EDGE('',*,*,#15979,.F.);
#15979 = EDGE_CURVE('',#13292,#15980,#15982,.T.);
#15980 = VERTEX_POINT('',#15981);
#15981 = CARTESIAN_POINT('',(2.38,-15.4,8.54));
#15982 = LINE('',#15983,#15984);
#15983 = CARTESIAN_POINT('',(2.273333333333,-15.50666666666,
    8.433333333333));
#15984 = VECTOR('',#15985,1.);
#15985 = DIRECTION('',(0.57735026919,0.57735026919,0.57735026919));
#15986 = ORIENTED_EDGE('',*,*,#13301,.T.);
#15987 = ORIENTED_EDGE('',*,*,#15955,.T.);
#15988 = ORIENTED_EDGE('',*,*,#15989,.F.);
#15989 = EDGE_CURVE('',#15980,#15956,#15990,.T.);
#15990 = LINE('',#15991,#15992);
#15991 = CARTESIAN_POINT('',(2.38,-15.56,8.54));
#15992 = VECTOR('',#15993,1.);
#15993 = DIRECTION('',(0.,1.,0.));
#15994 = PLANE('',#15995);
#15995 = AXIS2_PLACEMENT_3D('',#15996,#15997,#15998);
#15996 = CARTESIAN_POINT('',(2.3,-15.56,8.46));
#15997 = DIRECTION('',(0.707106781187,1.735167508357E-18,-0.707106781187
    ));
#15998 = DIRECTION('',(-1.226948711654E-18,1.,1.226948711654E-18));
#15999 = ADVANCED_FACE('',(#16000),#16011,.F.);
#16000 = FACE_BOUND('',#16001,.T.);
#16001 = EDGE_LOOP('',(#16002,#16003,#16004,#16005));
#16002 = ORIENTED_EDGE('',*,*,#15979,.F.);
#16003 = ORIENTED_EDGE('',*,*,#13318,.T.);
#16004 = ORIENTED_EDGE('',*,*,#15924,.T.);
#16005 = ORIENTED_EDGE('',*,*,#16006,.F.);
#16006 = EDGE_CURVE('',#15980,#15925,#16007,.T.);
#16007 = LINE('',#16008,#16009);
#16008 = CARTESIAN_POINT('',(2.22,-15.4,8.54));
#16009 = VECTOR('',#16010,1.);
#16010 = DIRECTION('',(1.,0.,0.));
#16011 = PLANE('',#16012);
#16012 = AXIS2_PLACEMENT_3D('',#16013,#16014,#16015);
#16013 = CARTESIAN_POINT('',(2.22,-15.48,8.46));
#16014 = DIRECTION('',(-1.735167508357E-18,0.707106781187,
    -0.707106781187));
#16015 = DIRECTION('',(-1.,-1.226948711654E-18,1.226948711654E-18));
#16016 = ADVANCED_FACE('',(#16017),#16023,.F.);
#16017 = FACE_BOUND('',#16018,.F.);
#16018 = EDGE_LOOP('',(#16019,#16020,#16021,#16022));
#16019 = ORIENTED_EDGE('',*,*,#13397,.F.);
#16020 = ORIENTED_EDGE('',*,*,#13414,.T.);
#16021 = ORIENTED_EDGE('',*,*,#13349,.T.);
#16022 = ORIENTED_EDGE('',*,*,#13373,.F.);
#16023 = PLANE('',#16024);
#16024 = AXIS2_PLACEMENT_3D('',#16025,#16026,#16027);
#16025 = CARTESIAN_POINT('',(-0.32,-2.86,-3.));
#16026 = DIRECTION('',(0.,0.,1.));
#16027 = DIRECTION('',(1.,0.,-0.));
#16028 = ADVANCED_FACE('',(#16029),#16035,.F.);
#16029 = FACE_BOUND('',#16030,.F.);
#16030 = EDGE_LOOP('',(#16031,#16032,#16033,#16034));
#16031 = ORIENTED_EDGE('',*,*,#13469,.F.);
#16032 = ORIENTED_EDGE('',*,*,#13493,.T.);
#16033 = ORIENTED_EDGE('',*,*,#13510,.T.);
#16034 = ORIENTED_EDGE('',*,*,#13445,.F.);
#16035 = PLANE('',#16036);
#16036 = AXIS2_PLACEMENT_3D('',#16037,#16038,#16039);
#16037 = CARTESIAN_POINT('',(2.22,-2.86,-3.));
#16038 = DIRECTION('',(0.,0.,1.));
#16039 = DIRECTION('',(1.,0.,-0.));
#16040 = ADVANCED_FACE('',(#16041),#16047,.F.);
#16041 = FACE_BOUND('',#16042,.F.);
#16042 = EDGE_LOOP('',(#16043,#16044,#16045,#16046));
#16043 = ORIENTED_EDGE('',*,*,#13565,.F.);
#16044 = ORIENTED_EDGE('',*,*,#13589,.T.);
#16045 = ORIENTED_EDGE('',*,*,#13606,.T.);
#16046 = ORIENTED_EDGE('',*,*,#13541,.F.);
#16047 = PLANE('',#16048);
#16048 = AXIS2_PLACEMENT_3D('',#16049,#16050,#16051);
#16049 = CARTESIAN_POINT('',(-0.32,-5.4,-3.));
#16050 = DIRECTION('',(0.,0.,1.));
#16051 = DIRECTION('',(1.,0.,-0.));
#16052 = ADVANCED_FACE('',(#16053),#16059,.F.);
#16053 = FACE_BOUND('',#16054,.F.);
#16054 = EDGE_LOOP('',(#16055,#16056,#16057,#16058));
#16055 = ORIENTED_EDGE('',*,*,#13685,.F.);
#16056 = ORIENTED_EDGE('',*,*,#13702,.T.);
#16057 = ORIENTED_EDGE('',*,*,#13637,.T.);
#16058 = ORIENTED_EDGE('',*,*,#13661,.F.);
#16059 = PLANE('',#16060);
#16060 = AXIS2_PLACEMENT_3D('',#16061,#16062,#16063);
#16061 = CARTESIAN_POINT('',(2.22,-5.4,-3.));
#16062 = DIRECTION('',(0.,0.,1.));
#16063 = DIRECTION('',(1.,0.,-0.));
#16064 = ADVANCED_FACE('',(#16065),#16071,.F.);
#16065 = FACE_BOUND('',#16066,.F.);
#16066 = EDGE_LOOP('',(#16067,#16068,#16069,#16070));
#16067 = ORIENTED_EDGE('',*,*,#13757,.F.);
#16068 = ORIENTED_EDGE('',*,*,#13781,.T.);
#16069 = ORIENTED_EDGE('',*,*,#13798,.T.);
#16070 = ORIENTED_EDGE('',*,*,#13733,.F.);
#16071 = PLANE('',#16072);
#16072 = AXIS2_PLACEMENT_3D('',#16073,#16074,#16075);
#16073 = CARTESIAN_POINT('',(2.22,-10.48,-3.));
#16074 = DIRECTION('',(0.,0.,1.));
#16075 = DIRECTION('',(1.,0.,-0.));
#16076 = ADVANCED_FACE('',(#16077),#16083,.F.);
#16077 = FACE_BOUND('',#16078,.F.);
#16078 = EDGE_LOOP('',(#16079,#16080,#16081,#16082));
#16079 = ORIENTED_EDGE('',*,*,#13894,.F.);
#16080 = ORIENTED_EDGE('',*,*,#13829,.T.);
#16081 = ORIENTED_EDGE('',*,*,#13853,.T.);
#16082 = ORIENTED_EDGE('',*,*,#13877,.F.);
#16083 = PLANE('',#16084);
#16084 = AXIS2_PLACEMENT_3D('',#16085,#16086,#16087);
#16085 = CARTESIAN_POINT('',(-0.32,-10.48,-3.));
#16086 = DIRECTION('',(0.,0.,1.));
#16087 = DIRECTION('',(1.,0.,-0.));
#16088 = ADVANCED_FACE('',(#16089),#16095,.F.);
#16089 = FACE_BOUND('',#16090,.F.);
#16090 = EDGE_LOOP('',(#16091,#16092,#16093,#16094));
#16091 = ORIENTED_EDGE('',*,*,#13990,.F.);
#16092 = ORIENTED_EDGE('',*,*,#13925,.T.);
#16093 = ORIENTED_EDGE('',*,*,#13949,.T.);
#16094 = ORIENTED_EDGE('',*,*,#13973,.F.);
#16095 = PLANE('',#16096);
#16096 = AXIS2_PLACEMENT_3D('',#16097,#16098,#16099);
#16097 = CARTESIAN_POINT('',(-0.32,-7.94,-3.));
#16098 = DIRECTION('',(0.,0.,1.));
#16099 = DIRECTION('',(1.,0.,-0.));
#16100 = ADVANCED_FACE('',(#16101),#16107,.F.);
#16101 = FACE_BOUND('',#16102,.F.);
#16102 = EDGE_LOOP('',(#16103,#16104,#16105,#16106));
#16103 = ORIENTED_EDGE('',*,*,#14045,.F.);
#16104 = ORIENTED_EDGE('',*,*,#14069,.T.);
#16105 = ORIENTED_EDGE('',*,*,#14086,.T.);
#16106 = ORIENTED_EDGE('',*,*,#14021,.F.);
#16107 = PLANE('',#16108);
#16108 = AXIS2_PLACEMENT_3D('',#16109,#16110,#16111);
#16109 = CARTESIAN_POINT('',(2.22,-7.94,-3.));
#16110 = DIRECTION('',(0.,0.,1.));
#16111 = DIRECTION('',(1.,0.,-0.));
#16112 = ADVANCED_FACE('',(#16113),#16119,.F.);
#16113 = FACE_BOUND('',#16114,.F.);
#16114 = EDGE_LOOP('',(#16115,#16116,#16117,#16118));
#16115 = ORIENTED_EDGE('',*,*,#14165,.F.);
#16116 = ORIENTED_EDGE('',*,*,#14182,.T.);
#16117 = ORIENTED_EDGE('',*,*,#14117,.T.);
#16118 = ORIENTED_EDGE('',*,*,#14141,.F.);
#16119 = PLANE('',#16120);
#16120 = AXIS2_PLACEMENT_3D('',#16121,#16122,#16123);
#16121 = CARTESIAN_POINT('',(-0.32,-0.32,-3.));
#16122 = DIRECTION('',(0.,0.,1.));
#16123 = DIRECTION('',(1.,0.,-0.));
#16124 = ADVANCED_FACE('',(#16125),#16131,.F.);
#16125 = FACE_BOUND('',#16126,.F.);
#16126 = EDGE_LOOP('',(#16127,#16128,#16129,#16130));
#16127 = ORIENTED_EDGE('',*,*,#14261,.F.);
#16128 = ORIENTED_EDGE('',*,*,#14278,.T.);
#16129 = ORIENTED_EDGE('',*,*,#14213,.T.);
#16130 = ORIENTED_EDGE('',*,*,#14237,.F.);
#16131 = PLANE('',#16132);
#16132 = AXIS2_PLACEMENT_3D('',#16133,#16134,#16135);
#16133 = CARTESIAN_POINT('',(2.22,-0.32,-3.));
#16134 = DIRECTION('',(0.,0.,1.));
#16135 = DIRECTION('',(1.,0.,-0.));
#16136 = ADVANCED_FACE('',(#16137),#16143,.F.);
#16137 = FACE_BOUND('',#16138,.F.);
#16138 = EDGE_LOOP('',(#16139,#16140,#16141,#16142));
#16139 = ORIENTED_EDGE('',*,*,#14333,.F.);
#16140 = ORIENTED_EDGE('',*,*,#14357,.T.);
#16141 = ORIENTED_EDGE('',*,*,#14374,.T.);
#16142 = ORIENTED_EDGE('',*,*,#14309,.F.);
#16143 = PLANE('',#16144);
#16144 = AXIS2_PLACEMENT_3D('',#16145,#16146,#16147);
#16145 = CARTESIAN_POINT('',(-0.32,-13.02,-3.));
#16146 = DIRECTION('',(0.,0.,1.));
#16147 = DIRECTION('',(1.,0.,-0.));
#16148 = ADVANCED_FACE('',(#16149),#16155,.F.);
#16149 = FACE_BOUND('',#16150,.F.);
#16150 = EDGE_LOOP('',(#16151,#16152,#16153,#16154));
#16151 = ORIENTED_EDGE('',*,*,#14429,.F.);
#16152 = ORIENTED_EDGE('',*,*,#14453,.T.);
#16153 = ORIENTED_EDGE('',*,*,#14470,.T.);
#16154 = ORIENTED_EDGE('',*,*,#14405,.F.);
#16155 = PLANE('',#16156);
#16156 = AXIS2_PLACEMENT_3D('',#16157,#16158,#16159);
#16157 = CARTESIAN_POINT('',(2.22,-13.02,-3.));
#16158 = DIRECTION('',(0.,0.,1.));
#16159 = DIRECTION('',(1.,0.,-0.));
#16160 = ADVANCED_FACE('',(#16161),#16167,.F.);
#16161 = FACE_BOUND('',#16162,.F.);
#16162 = EDGE_LOOP('',(#16163,#16164,#16165,#16166));
#16163 = ORIENTED_EDGE('',*,*,#14525,.F.);
#16164 = ORIENTED_EDGE('',*,*,#14549,.T.);
#16165 = ORIENTED_EDGE('',*,*,#14566,.T.);
#16166 = ORIENTED_EDGE('',*,*,#14501,.F.);
#16167 = PLANE('',#16168);
#16168 = AXIS2_PLACEMENT_3D('',#16169,#16170,#16171);
#16169 = CARTESIAN_POINT('',(-0.32,-15.56,-3.));
#16170 = DIRECTION('',(0.,0.,1.));
#16171 = DIRECTION('',(1.,0.,-0.));
#16172 = ADVANCED_FACE('',(#16173),#16179,.F.);
#16173 = FACE_BOUND('',#16174,.F.);
#16174 = EDGE_LOOP('',(#16175,#16176,#16177,#16178));
#16175 = ORIENTED_EDGE('',*,*,#14645,.F.);
#16176 = ORIENTED_EDGE('',*,*,#14662,.T.);
#16177 = ORIENTED_EDGE('',*,*,#14597,.T.);
#16178 = ORIENTED_EDGE('',*,*,#14621,.F.);
#16179 = PLANE('',#16180);
#16180 = AXIS2_PLACEMENT_3D('',#16181,#16182,#16183);
#16181 = CARTESIAN_POINT('',(2.22,-15.56,-3.));
#16182 = DIRECTION('',(0.,0.,1.));
#16183 = DIRECTION('',(1.,0.,-0.));
#16184 = ADVANCED_FACE('',(#16185),#16191,.T.);
#16185 = FACE_BOUND('',#16186,.T.);
#16186 = EDGE_LOOP('',(#16187,#16188,#16189,#16190));
#16187 = ORIENTED_EDGE('',*,*,#14693,.T.);
#16188 = ORIENTED_EDGE('',*,*,#14717,.F.);
#16189 = ORIENTED_EDGE('',*,*,#14741,.F.);
#16190 = ORIENTED_EDGE('',*,*,#14758,.T.);
#16191 = PLANE('',#16192);
#16192 = AXIS2_PLACEMENT_3D('',#16193,#16194,#16195);
#16193 = CARTESIAN_POINT('',(-0.32,-2.86,8.54));
#16194 = DIRECTION('',(0.,0.,1.));
#16195 = DIRECTION('',(1.,0.,-0.));
#16196 = ADVANCED_FACE('',(#16197),#16203,.T.);
#16197 = FACE_BOUND('',#16198,.T.);
#16198 = EDGE_LOOP('',(#16199,#16200,#16201,#16202));
#16199 = ORIENTED_EDGE('',*,*,#14854,.T.);
#16200 = ORIENTED_EDGE('',*,*,#14789,.F.);
#16201 = ORIENTED_EDGE('',*,*,#14813,.F.);
#16202 = ORIENTED_EDGE('',*,*,#14837,.T.);
#16203 = PLANE('',#16204);
#16204 = AXIS2_PLACEMENT_3D('',#16205,#16206,#16207);
#16205 = CARTESIAN_POINT('',(2.22,-2.86,8.54));
#16206 = DIRECTION('',(0.,0.,1.));
#16207 = DIRECTION('',(1.,0.,-0.));
#16208 = ADVANCED_FACE('',(#16209),#16215,.T.);
#16209 = FACE_BOUND('',#16210,.T.);
#16210 = EDGE_LOOP('',(#16211,#16212,#16213,#16214));
#16211 = ORIENTED_EDGE('',*,*,#14950,.T.);
#16212 = ORIENTED_EDGE('',*,*,#14885,.F.);
#16213 = ORIENTED_EDGE('',*,*,#14909,.F.);
#16214 = ORIENTED_EDGE('',*,*,#14933,.T.);
#16215 = PLANE('',#16216);
#16216 = AXIS2_PLACEMENT_3D('',#16217,#16218,#16219);
#16217 = CARTESIAN_POINT('',(-0.32,-5.4,8.54));
#16218 = DIRECTION('',(0.,0.,1.));
#16219 = DIRECTION('',(1.,0.,-0.));
#16220 = ADVANCED_FACE('',(#16221),#16227,.T.);
#16221 = FACE_BOUND('',#16222,.T.);
#16222 = EDGE_LOOP('',(#16223,#16224,#16225,#16226));
#16223 = ORIENTED_EDGE('',*,*,#14981,.T.);
#16224 = ORIENTED_EDGE('',*,*,#15005,.F.);
#16225 = ORIENTED_EDGE('',*,*,#15029,.F.);
#16226 = ORIENTED_EDGE('',*,*,#15046,.T.);
#16227 = PLANE('',#16228);
#16228 = AXIS2_PLACEMENT_3D('',#16229,#16230,#16231);
#16229 = CARTESIAN_POINT('',(2.22,-5.4,8.54));
#16230 = DIRECTION('',(0.,0.,1.));
#16231 = DIRECTION('',(1.,0.,-0.));
#16232 = ADVANCED_FACE('',(#16233),#16239,.T.);
#16233 = FACE_BOUND('',#16234,.T.);
#16234 = EDGE_LOOP('',(#16235,#16236,#16237,#16238));
#16235 = ORIENTED_EDGE('',*,*,#15142,.T.);
#16236 = ORIENTED_EDGE('',*,*,#15077,.F.);
#16237 = ORIENTED_EDGE('',*,*,#15101,.F.);
#16238 = ORIENTED_EDGE('',*,*,#15125,.T.);
#16239 = PLANE('',#16240);
#16240 = AXIS2_PLACEMENT_3D('',#16241,#16242,#16243);
#16241 = CARTESIAN_POINT('',(2.22,-10.48,8.54));
#16242 = DIRECTION('',(0.,0.,1.));
#16243 = DIRECTION('',(1.,0.,-0.));
#16244 = ADVANCED_FACE('',(#16245),#16251,.T.);
#16245 = FACE_BOUND('',#16246,.T.);
#16246 = EDGE_LOOP('',(#16247,#16248,#16249,#16250));
#16247 = ORIENTED_EDGE('',*,*,#15197,.T.);
#16248 = ORIENTED_EDGE('',*,*,#15221,.F.);
#16249 = ORIENTED_EDGE('',*,*,#15238,.F.);
#16250 = ORIENTED_EDGE('',*,*,#15173,.T.);
#16251 = PLANE('',#16252);
#16252 = AXIS2_PLACEMENT_3D('',#16253,#16254,#16255);
#16253 = CARTESIAN_POINT('',(-0.32,-10.48,8.54));
#16254 = DIRECTION('',(0.,0.,1.));
#16255 = DIRECTION('',(1.,0.,-0.));
#16256 = ADVANCED_FACE('',(#16257),#16263,.T.);
#16257 = FACE_BOUND('',#16258,.T.);
#16258 = EDGE_LOOP('',(#16259,#16260,#16261,#16262));
#16259 = ORIENTED_EDGE('',*,*,#15293,.T.);
#16260 = ORIENTED_EDGE('',*,*,#15317,.F.);
#16261 = ORIENTED_EDGE('',*,*,#15334,.F.);
#16262 = ORIENTED_EDGE('',*,*,#15269,.T.);
#16263 = PLANE('',#16264);
#16264 = AXIS2_PLACEMENT_3D('',#16265,#16266,#16267);
#16265 = CARTESIAN_POINT('',(-0.32,-7.94,8.54));
#16266 = DIRECTION('',(0.,0.,1.));
#16267 = DIRECTION('',(1.,0.,-0.));
#16268 = ADVANCED_FACE('',(#16269),#16275,.T.);
#16269 = FACE_BOUND('',#16270,.T.);
#16270 = EDGE_LOOP('',(#16271,#16272,#16273,#16274));
#16271 = ORIENTED_EDGE('',*,*,#15430,.T.);
#16272 = ORIENTED_EDGE('',*,*,#15365,.F.);
#16273 = ORIENTED_EDGE('',*,*,#15389,.F.);
#16274 = ORIENTED_EDGE('',*,*,#15413,.T.);
#16275 = PLANE('',#16276);
#16276 = AXIS2_PLACEMENT_3D('',#16277,#16278,#16279);
#16277 = CARTESIAN_POINT('',(2.22,-7.94,8.54));
#16278 = DIRECTION('',(0.,0.,1.));
#16279 = DIRECTION('',(1.,0.,-0.));
#16280 = ADVANCED_FACE('',(#16281),#16287,.T.);
#16281 = FACE_BOUND('',#16282,.T.);
#16282 = EDGE_LOOP('',(#16283,#16284,#16285,#16286));
#16283 = ORIENTED_EDGE('',*,*,#15461,.T.);
#16284 = ORIENTED_EDGE('',*,*,#15485,.F.);
#16285 = ORIENTED_EDGE('',*,*,#15509,.F.);
#16286 = ORIENTED_EDGE('',*,*,#15526,.T.);
#16287 = PLANE('',#16288);
#16288 = AXIS2_PLACEMENT_3D('',#16289,#16290,#16291);
#16289 = CARTESIAN_POINT('',(-0.32,-0.32,8.54));
#16290 = DIRECTION('',(0.,0.,1.));
#16291 = DIRECTION('',(1.,0.,-0.));
#16292 = ADVANCED_FACE('',(#16293),#16299,.T.);
#16293 = FACE_BOUND('',#16294,.T.);
#16294 = EDGE_LOOP('',(#16295,#16296,#16297,#16298));
#16295 = ORIENTED_EDGE('',*,*,#15557,.T.);
#16296 = ORIENTED_EDGE('',*,*,#15581,.F.);
#16297 = ORIENTED_EDGE('',*,*,#15605,.F.);
#16298 = ORIENTED_EDGE('',*,*,#15622,.T.);
#16299 = PLANE('',#16300);
#16300 = AXIS2_PLACEMENT_3D('',#16301,#16302,#16303);
#16301 = CARTESIAN_POINT('',(2.22,-0.32,8.54));
#16302 = DIRECTION('',(0.,0.,1.));
#16303 = DIRECTION('',(1.,0.,-0.));
#16304 = ADVANCED_FACE('',(#16305),#16311,.T.);
#16305 = FACE_BOUND('',#16306,.T.);
#16306 = EDGE_LOOP('',(#16307,#16308,#16309,#16310));
#16307 = ORIENTED_EDGE('',*,*,#15718,.T.);
#16308 = ORIENTED_EDGE('',*,*,#15653,.F.);
#16309 = ORIENTED_EDGE('',*,*,#15677,.F.);
#16310 = ORIENTED_EDGE('',*,*,#15701,.T.);
#16311 = PLANE('',#16312);
#16312 = AXIS2_PLACEMENT_3D('',#16313,#16314,#16315);
#16313 = CARTESIAN_POINT('',(-0.32,-13.02,8.54));
#16314 = DIRECTION('',(0.,0.,1.));
#16315 = DIRECTION('',(1.,0.,-0.));
#16316 = ADVANCED_FACE('',(#16317),#16323,.T.);
#16317 = FACE_BOUND('',#16318,.T.);
#16318 = EDGE_LOOP('',(#16319,#16320,#16321,#16322));
#16319 = ORIENTED_EDGE('',*,*,#15814,.T.);
#16320 = ORIENTED_EDGE('',*,*,#15749,.F.);
#16321 = ORIENTED_EDGE('',*,*,#15773,.F.);
#16322 = ORIENTED_EDGE('',*,*,#15797,.T.);
#16323 = PLANE('',#16324);
#16324 = AXIS2_PLACEMENT_3D('',#16325,#16326,#16327);
#16325 = CARTESIAN_POINT('',(2.22,-13.02,8.54));
#16326 = DIRECTION('',(0.,0.,1.));
#16327 = DIRECTION('',(1.,0.,-0.));
#16328 = ADVANCED_FACE('',(#16329),#16335,.T.);
#16329 = FACE_BOUND('',#16330,.T.);
#16330 = EDGE_LOOP('',(#16331,#16332,#16333,#16334));
#16331 = ORIENTED_EDGE('',*,*,#15910,.T.);
#16332 = ORIENTED_EDGE('',*,*,#15845,.F.);
#16333 = ORIENTED_EDGE('',*,*,#15869,.F.);
#16334 = ORIENTED_EDGE('',*,*,#15893,.T.);
#16335 = PLANE('',#16336);
#16336 = AXIS2_PLACEMENT_3D('',#16337,#16338,#16339);
#16337 = CARTESIAN_POINT('',(-0.32,-15.56,8.54));
#16338 = DIRECTION('',(0.,0.,1.));
#16339 = DIRECTION('',(1.,0.,-0.));
#16340 = ADVANCED_FACE('',(#16341),#16347,.T.);
#16341 = FACE_BOUND('',#16342,.T.);
#16342 = EDGE_LOOP('',(#16343,#16344,#16345,#16346));
#16343 = ORIENTED_EDGE('',*,*,#15941,.T.);
#16344 = ORIENTED_EDGE('',*,*,#15965,.F.);
#16345 = ORIENTED_EDGE('',*,*,#15989,.F.);
#16346 = ORIENTED_EDGE('',*,*,#16006,.T.);
#16347 = PLANE('',#16348);
#16348 = AXIS2_PLACEMENT_3D('',#16349,#16350,#16351);
#16349 = CARTESIAN_POINT('',(2.22,-15.56,8.54));
#16350 = DIRECTION('',(0.,0.,1.));
#16351 = DIRECTION('',(1.,0.,-0.));
#16352 = ( GEOMETRIC_REPRESENTATION_CONTEXT(3) 
GLOBAL_UNCERTAINTY_ASSIGNED_CONTEXT((#16356)) 
GLOBAL_UNIT_ASSIGNED_CONTEXT((#16353,#16354,#16355)) 
REPRESENTATION_CONTEXT('Context #1',
  '3D Context with UNIT and UNCERTAINTY') );
#16353 = ( LENGTH_UNIT() NAMED_UNIT(*) SI_UNIT(.MILLI.,.METRE.) );
#16354 = ( NAMED_UNIT(*) PLANE_ANGLE_UNIT() SI_UNIT($,.RADIAN.) );
#16355 = ( NAMED_UNIT(*) SI_UNIT($,.STERADIAN.) SOLID_ANGLE_UNIT() );
#16356 = UNCERTAINTY_MEASURE_WITH_UNIT(LENGTH_MEASURE(1.E-07),#16353,
  'distance_accuracy_value','confusion accuracy');
#16357 = CONTEXT_DEPENDENT_SHAPE_REPRESENTATION(#16358,#16360);
#16358 = ( REPRESENTATION_RELATIONSHIP('','',#8217,#10) 
REPRESENTATION_RELATIONSHIP_WITH_TRANSFORMATION(#16359) 
SHAPE_REPRESENTATION_RELATIONSHIP() );
#16359 = ITEM_DEFINED_TRANSFORMATION('','',#11,#27);
#16360 = PRODUCT_DEFINITION_SHAPE('Placement','Placement of an item',
  #16361);
#16361 = NEXT_ASSEMBLY_USAGE_OCCURRENCE('4','J102','',#5,#8212,$);
#16362 = PRODUCT_RELATED_PRODUCT_CATEGORY('part',$,(#8214));
#16363 = SHAPE_DEFINITION_REPRESENTATION(#16364,#16370);
#16364 = PRODUCT_DEFINITION_SHAPE('','',#16365);
#16365 = PRODUCT_DEFINITION('design','',#16366,#16369);
#16366 = PRODUCT_DEFINITION_FORMATION('','',#16367);
#16367 = PRODUCT('AS5047P_DevKit_PCB','AS5047P_DevKit_PCB','',(#16368));
#16368 = PRODUCT_CONTEXT('',#2,'mechanical');
#16369 = PRODUCT_DEFINITION_CONTEXT('part definition',#2,'design');
#16370 = ADVANCED_BREP_SHAPE_REPRESENTATION('',(#11,#16371),#18767);
#16371 = MANIFOLD_SOLID_BREP('',#16372);
#16372 = CLOSED_SHELL('',(#16373,#16415,#16446,#16477,#17123,#17769,
    #17786,#17803,#17820,#17837,#17849,#17866,#17883,#17900,#17917,
    #17934,#17951,#17968,#17985,#18002,#18019,#18036,#18053,#18070,
    #18087,#18104,#18121,#18138,#18155,#18172,#18189,#18206,#18223,
    #18240,#18257,#18274,#18291,#18308,#18325,#18342,#18359,#18376,
    #18393,#18410,#18427,#18444,#18461,#18478,#18495,#18512,#18529,
    #18546,#18563,#18580,#18597,#18614,#18631,#18648,#18665,#18682,
    #18699,#18716,#18733,#18750));
#16373 = ADVANCED_FACE('',(#16374),#16410,.T.);
#16374 = FACE_BOUND('',#16375,.T.);
#16375 = EDGE_LOOP('',(#16376,#16386,#16395,#16403));
#16376 = ORIENTED_EDGE('',*,*,#16377,.T.);
#16377 = EDGE_CURVE('',#16378,#16380,#16382,.T.);
#16378 = VERTEX_POINT('',#16379);
#16379 = CARTESIAN_POINT('',(145.8406,-71.187553,0.));
#16380 = VERTEX_POINT('',#16381);
#16381 = CARTESIAN_POINT('',(145.8406,-71.187553,1.5234));
#16382 = LINE('',#16383,#16384);
#16383 = CARTESIAN_POINT('',(145.8406,-71.187553,0.));
#16384 = VECTOR('',#16385,1.);
#16385 = DIRECTION('',(0.,0.,1.));
#16386 = ORIENTED_EDGE('',*,*,#16387,.T.);
#16387 = EDGE_CURVE('',#16380,#16388,#16390,.T.);
#16388 = VERTEX_POINT('',#16389);
#16389 = CARTESIAN_POINT('',(148.99,-74.336985,1.5234));
#16390 = CIRCLE('',#16391,3.149431058232);
#16391 = AXIS2_PLACEMENT_3D('',#16392,#16393,#16394);
#16392 = CARTESIAN_POINT('',(145.84056894176,-74.33698405807,1.5234));
#16393 = DIRECTION('',(0.,0.,-1.));
#16394 = DIRECTION('',(9.861537318129E-06,0.999999999951,0.));
#16395 = ORIENTED_EDGE('',*,*,#16396,.F.);
#16396 = EDGE_CURVE('',#16397,#16388,#16399,.T.);
#16397 = VERTEX_POINT('',#16398);
#16398 = CARTESIAN_POINT('',(148.99,-74.336985,0.));
#16399 = LINE('',#16400,#16401);
#16400 = CARTESIAN_POINT('',(148.99,-74.336985,0.));
#16401 = VECTOR('',#16402,1.);
#16402 = DIRECTION('',(0.,0.,1.));
#16403 = ORIENTED_EDGE('',*,*,#16404,.F.);
#16404 = EDGE_CURVE('',#16378,#16397,#16405,.T.);
#16405 = CIRCLE('',#16406,3.149431058232);
#16406 = AXIS2_PLACEMENT_3D('',#16407,#16408,#16409);
#16407 = CARTESIAN_POINT('',(145.84056894176,-74.33698405807,0.));
#16408 = DIRECTION('',(0.,0.,-1.));
#16409 = DIRECTION('',(9.861537318129E-06,0.999999999951,0.));
#16410 = CYLINDRICAL_SURFACE('',#16411,3.149431058232);
#16411 = AXIS2_PLACEMENT_3D('',#16412,#16413,#16414);
#16412 = CARTESIAN_POINT('',(145.84056894176,-74.33698405807,0.));
#16413 = DIRECTION('',(0.,0.,-1.));
#16414 = DIRECTION('',(9.861537318129E-06,0.999999999951,0.));
#16415 = ADVANCED_FACE('',(#16416),#16441,.T.);
#16416 = FACE_BOUND('',#16417,.T.);
#16417 = EDGE_LOOP('',(#16418,#16428,#16434,#16435));
#16418 = ORIENTED_EDGE('',*,*,#16419,.T.);
#16419 = EDGE_CURVE('',#16420,#16422,#16424,.T.);
#16420 = VERTEX_POINT('',#16421);
#16421 = CARTESIAN_POINT('',(130.139432,-71.19,0.));
#16422 = VERTEX_POINT('',#16423);
#16423 = CARTESIAN_POINT('',(130.139432,-71.19,1.5234));
#16424 = LINE('',#16425,#16426);
#16425 = CARTESIAN_POINT('',(130.139432,-71.19,0.));
#16426 = VECTOR('',#16427,1.);
#16427 = DIRECTION('',(0.,0.,1.));
#16428 = ORIENTED_EDGE('',*,*,#16429,.T.);
#16429 = EDGE_CURVE('',#16422,#16380,#16430,.T.);
#16430 = LINE('',#16431,#16432);
#16431 = CARTESIAN_POINT('',(130.139432,-71.19,1.5234));
#16432 = VECTOR('',#16433,1.);
#16433 = DIRECTION('',(0.999999987856,1.558482764012E-04,0.));
#16434 = ORIENTED_EDGE('',*,*,#16377,.F.);
#16435 = ORIENTED_EDGE('',*,*,#16436,.F.);
#16436 = EDGE_CURVE('',#16420,#16378,#16437,.T.);
#16437 = LINE('',#16438,#16439);
#16438 = CARTESIAN_POINT('',(130.139432,-71.19,0.));
#16439 = VECTOR('',#16440,1.);
#16440 = DIRECTION('',(0.999999987856,1.558482764012E-04,0.));
#16441 = PLANE('',#16442);
#16442 = AXIS2_PLACEMENT_3D('',#16443,#16444,#16445);
#16443 = CARTESIAN_POINT('',(130.139432,-71.19,0.));
#16444 = DIRECTION('',(-1.558482764012E-04,0.999999987856,0.));
#16445 = DIRECTION('',(0.999999987856,1.558482764012E-04,0.));
#16446 = ADVANCED_FACE('',(#16447),#16472,.T.);
#16447 = FACE_BOUND('',#16448,.T.);
#16448 = EDGE_LOOP('',(#16449,#16450,#16458,#16466));
#16449 = ORIENTED_EDGE('',*,*,#16396,.T.);
#16450 = ORIENTED_EDGE('',*,*,#16451,.T.);
#16451 = EDGE_CURVE('',#16388,#16452,#16454,.T.);
#16452 = VERTEX_POINT('',#16453);
#16453 = CARTESIAN_POINT('',(148.99,-100.04,1.5234));
#16454 = LINE('',#16455,#16456);
#16455 = CARTESIAN_POINT('',(148.99,-74.336985,1.5234));
#16456 = VECTOR('',#16457,1.);
#16457 = DIRECTION('',(0.,-1.,0.));
#16458 = ORIENTED_EDGE('',*,*,#16459,.F.);
#16459 = EDGE_CURVE('',#16460,#16452,#16462,.T.);
#16460 = VERTEX_POINT('',#16461);
#16461 = CARTESIAN_POINT('',(148.99,-100.04,0.));
#16462 = LINE('',#16463,#16464);
#16463 = CARTESIAN_POINT('',(148.99,-100.04,0.));
#16464 = VECTOR('',#16465,1.);
#16465 = DIRECTION('',(0.,0.,1.));
#16466 = ORIENTED_EDGE('',*,*,#16467,.F.);
#16467 = EDGE_CURVE('',#16397,#16460,#16468,.T.);
#16468 = LINE('',#16469,#16470);
#16469 = CARTESIAN_POINT('',(148.99,-74.336985,0.));
#16470 = VECTOR('',#16471,1.);
#16471 = DIRECTION('',(0.,-1.,0.));
#16472 = PLANE('',#16473);
#16473 = AXIS2_PLACEMENT_3D('',#16474,#16475,#16476);
#16474 = CARTESIAN_POINT('',(148.99,-74.336985,0.));
#16475 = DIRECTION('',(1.,0.,-0.));
#16476 = DIRECTION('',(0.,-1.,0.));
#16477 = ADVANCED_FACE('',(#16478,#16524,#16535,#16546,#16557,#16568,
    #16579,#16590,#16601,#16612,#16623,#16634,#16645,#16656,#16667,
    #16678,#16689,#16700,#16711,#16722,#16733,#16744,#16755,#16766,
    #16777,#16788,#16799,#16810,#16821,#16832,#16843,#16854,#16865,
    #16876,#16887,#16898,#16909,#16920,#16931,#16942,#16953,#16964,
    #16975,#16986,#16997,#17008,#17019,#17030,#17041,#17052,#17063,
    #17074,#17085,#17096,#17107),#17118,.F.);
#16478 = FACE_BOUND('',#16479,.F.);
#16479 = EDGE_LOOP('',(#16480,#16481,#16482,#16491,#16499,#16508,#16516,
    #16523));
#16480 = ORIENTED_EDGE('',*,*,#16404,.F.);
#16481 = ORIENTED_EDGE('',*,*,#16436,.F.);
#16482 = ORIENTED_EDGE('',*,*,#16483,.F.);
#16483 = EDGE_CURVE('',#16484,#16420,#16486,.T.);
#16484 = VERTEX_POINT('',#16485);
#16485 = CARTESIAN_POINT('',(126.99,-74.339432,0.));
#16486 = CIRCLE('',#16487,3.149431057971);
#16487 = AXIS2_PLACEMENT_3D('',#16488,#16489,#16490);
#16488 = CARTESIAN_POINT('',(130.13943105797,-74.33943105797,0.));
#16489 = DIRECTION('',(0.,0.,-1.));
#16490 = DIRECTION('',(-1.,-2.991109322896E-07,-0.));
#16491 = ORIENTED_EDGE('',*,*,#16492,.F.);
#16492 = EDGE_CURVE('',#16493,#16484,#16495,.T.);
#16493 = VERTEX_POINT('',#16494);
#16494 = CARTESIAN_POINT('',(126.99,-100.04,0.));
#16495 = LINE('',#16496,#16497);
#16496 = CARTESIAN_POINT('',(126.99,-100.04,0.));
#16497 = VECTOR('',#16498,1.);
#16498 = DIRECTION('',(0.,1.,0.));
#16499 = ORIENTED_EDGE('',*,*,#16500,.F.);
#16500 = EDGE_CURVE('',#16501,#16493,#16503,.T.);
#16501 = VERTEX_POINT('',#16502);
#16502 = CARTESIAN_POINT('',(130.139432,-103.189431,0.));
#16503 = CIRCLE('',#16504,3.149429350866);
#16504 = AXIS2_PLACEMENT_3D('',#16505,#16506,#16507);
#16505 = CARTESIAN_POINT('',(130.13942935086,-100.0400016491,0.));
#16506 = DIRECTION('',(0.,0.,-1.));
#16507 = DIRECTION('',(8.411474336151E-07,-1.,0.));
#16508 = ORIENTED_EDGE('',*,*,#16509,.F.);
#16509 = EDGE_CURVE('',#16510,#16501,#16512,.T.);
#16510 = VERTEX_POINT('',#16511);
#16511 = CARTESIAN_POINT('',(145.840568,-103.189432,0.));
#16512 = LINE('',#16513,#16514);
#16513 = CARTESIAN_POINT('',(145.840568,-103.189432,0.));
#16514 = VECTOR('',#16515,1.);
#16515 = DIRECTION('',(-1.,6.368965898233E-08,0.));
#16516 = ORIENTED_EDGE('',*,*,#16517,.F.);
#16517 = EDGE_CURVE('',#16460,#16510,#16518,.T.);
#16518 = CIRCLE('',#16519,3.149431057971);
#16519 = AXIS2_PLACEMENT_3D('',#16520,#16521,#16522);
#16520 = CARTESIAN_POINT('',(145.84056894202,-100.040000942,0.));
#16521 = DIRECTION('',(0.,0.,-1.));
#16522 = DIRECTION('',(1.,2.991109368018E-07,0.));
#16523 = ORIENTED_EDGE('',*,*,#16467,.F.);
#16524 = FACE_BOUND('',#16525,.F.);
#16525 = EDGE_LOOP('',(#16526));
#16526 = ORIENTED_EDGE('',*,*,#16527,.T.);
#16527 = EDGE_CURVE('',#16528,#16528,#16530,.T.);
#16528 = VERTEX_POINT('',#16529);
#16529 = CARTESIAN_POINT('',(128.664175,-101.765825,0.));
#16530 = CIRCLE('',#16531,0.25);
#16531 = AXIS2_PLACEMENT_3D('',#16532,#16533,#16534);
#16532 = CARTESIAN_POINT('',(128.664175,-101.515825,0.));
#16533 = DIRECTION('',(-0.,0.,-1.));
#16534 = DIRECTION('',(-0.,-1.,0.));
#16535 = FACE_BOUND('',#16536,.F.);
#16536 = EDGE_LOOP('',(#16537));
#16537 = ORIENTED_EDGE('',*,*,#16538,.T.);
#16538 = EDGE_CURVE('',#16539,#16539,#16541,.T.);
#16539 = VERTEX_POINT('',#16540);
#16540 = CARTESIAN_POINT('',(129.99,-102.315,0.));
#16541 = CIRCLE('',#16542,0.25);
#16542 = AXIS2_PLACEMENT_3D('',#16543,#16544,#16545);
#16543 = CARTESIAN_POINT('',(129.99,-102.065,0.));
#16544 = DIRECTION('',(-0.,0.,-1.));
#16545 = DIRECTION('',(-0.,-1.,0.));
#16546 = FACE_BOUND('',#16547,.F.);
#16547 = EDGE_LOOP('',(#16548));
#16548 = ORIENTED_EDGE('',*,*,#16549,.T.);
#16549 = EDGE_CURVE('',#16550,#16550,#16552,.T.);
#16550 = VERTEX_POINT('',#16551);
#16551 = CARTESIAN_POINT('',(128.115,-100.44,0.));
#16552 = CIRCLE('',#16553,0.25);
#16553 = AXIS2_PLACEMENT_3D('',#16554,#16555,#16556);
#16554 = CARTESIAN_POINT('',(128.115,-100.19,0.));
#16555 = DIRECTION('',(-0.,0.,-1.));
#16556 = DIRECTION('',(-0.,-1.,0.));
#16557 = FACE_BOUND('',#16558,.F.);
#16558 = EDGE_LOOP('',(#16559));
#16559 = ORIENTED_EDGE('',*,*,#16560,.T.);
#16560 = EDGE_CURVE('',#16561,#16561,#16563,.T.);
#16561 = VERTEX_POINT('',#16562);
#16562 = CARTESIAN_POINT('',(128.664175,-99.114175,0.));
#16563 = CIRCLE('',#16564,0.25);
#16564 = AXIS2_PLACEMENT_3D('',#16565,#16566,#16567);
#16565 = CARTESIAN_POINT('',(128.664175,-98.864175,0.));
#16566 = DIRECTION('',(-0.,0.,-1.));
#16567 = DIRECTION('',(-0.,-1.,0.));
#16568 = FACE_BOUND('',#16569,.F.);
#16569 = EDGE_LOOP('',(#16570));
#16570 = ORIENTED_EDGE('',*,*,#16571,.T.);
#16571 = EDGE_CURVE('',#16572,#16572,#16574,.T.);
#16572 = VERTEX_POINT('',#16573);
#16573 = CARTESIAN_POINT('',(129.99,-101.44,0.));
#16574 = CIRCLE('',#16575,1.25);
#16575 = AXIS2_PLACEMENT_3D('',#16576,#16577,#16578);
#16576 = CARTESIAN_POINT('',(129.99,-100.19,0.));
#16577 = DIRECTION('',(-0.,0.,-1.));
#16578 = DIRECTION('',(-0.,-1.,0.));
#16579 = FACE_BOUND('',#16580,.F.);
#16580 = EDGE_LOOP('',(#16581));
#16581 = ORIENTED_EDGE('',*,*,#16582,.T.);
#16582 = EDGE_CURVE('',#16583,#16583,#16585,.T.);
#16583 = VERTEX_POINT('',#16584);
#16584 = CARTESIAN_POINT('',(131.315825,-101.765825,0.));
#16585 = CIRCLE('',#16586,0.25);
#16586 = AXIS2_PLACEMENT_3D('',#16587,#16588,#16589);
#16587 = CARTESIAN_POINT('',(131.315825,-101.515825,0.));
#16588 = DIRECTION('',(-0.,0.,-1.));
#16589 = DIRECTION('',(-0.,-1.,0.));
#16590 = FACE_BOUND('',#16591,.F.);
#16591 = EDGE_LOOP('',(#16592));
#16592 = ORIENTED_EDGE('',*,*,#16593,.T.);
#16593 = EDGE_CURVE('',#16594,#16594,#16596,.T.);
#16594 = VERTEX_POINT('',#16595);
#16595 = CARTESIAN_POINT('',(131.315825,-99.114175,0.));
#16596 = CIRCLE('',#16597,0.25);
#16597 = AXIS2_PLACEMENT_3D('',#16598,#16599,#16600);
#16598 = CARTESIAN_POINT('',(131.315825,-98.864175,0.));
#16599 = DIRECTION('',(-0.,0.,-1.));
#16600 = DIRECTION('',(-0.,-1.,0.));
#16601 = FACE_BOUND('',#16602,.F.);
#16602 = EDGE_LOOP('',(#16603));
#16603 = ORIENTED_EDGE('',*,*,#16604,.T.);
#16604 = EDGE_CURVE('',#16605,#16605,#16607,.T.);
#16605 = VERTEX_POINT('',#16606);
#16606 = CARTESIAN_POINT('',(131.865,-100.44,0.));
#16607 = CIRCLE('',#16608,0.25);
#16608 = AXIS2_PLACEMENT_3D('',#16609,#16610,#16611);
#16609 = CARTESIAN_POINT('',(131.865,-100.19,0.));
#16610 = DIRECTION('',(-0.,0.,-1.));
#16611 = DIRECTION('',(-0.,-1.,0.));
#16612 = FACE_BOUND('',#16613,.F.);
#16613 = EDGE_LOOP('',(#16614));
#16614 = ORIENTED_EDGE('',*,*,#16615,.T.);
#16615 = EDGE_CURVE('',#16616,#16616,#16618,.T.);
#16616 = VERTEX_POINT('',#16617);
#16617 = CARTESIAN_POINT('',(129.99,-98.565,0.));
#16618 = CIRCLE('',#16619,0.25);
#16619 = AXIS2_PLACEMENT_3D('',#16620,#16621,#16622);
#16620 = CARTESIAN_POINT('',(129.99,-98.315,0.));
#16621 = DIRECTION('',(-0.,0.,-1.));
#16622 = DIRECTION('',(-0.,-1.,0.));
#16623 = FACE_BOUND('',#16624,.F.);
#16624 = EDGE_LOOP('',(#16625));
#16625 = ORIENTED_EDGE('',*,*,#16626,.T.);
#16626 = EDGE_CURVE('',#16627,#16627,#16629,.T.);
#16627 = VERTEX_POINT('',#16628);
#16628 = CARTESIAN_POINT('',(128.59,-96.836,0.));
#16629 = CIRCLE('',#16630,0.576);
#16630 = AXIS2_PLACEMENT_3D('',#16631,#16632,#16633);
#16631 = CARTESIAN_POINT('',(128.59,-96.26,0.));
#16632 = DIRECTION('',(-0.,0.,-1.));
#16633 = DIRECTION('',(-0.,-1.,0.));
#16634 = FACE_BOUND('',#16635,.F.);
#16635 = EDGE_LOOP('',(#16636));
#16636 = ORIENTED_EDGE('',*,*,#16637,.T.);
#16637 = EDGE_CURVE('',#16638,#16638,#16640,.T.);
#16638 = VERTEX_POINT('',#16639);
#16639 = CARTESIAN_POINT('',(141.98,-101.646,0.));
#16640 = CIRCLE('',#16641,0.576);
#16641 = AXIS2_PLACEMENT_3D('',#16642,#16643,#16644);
#16642 = CARTESIAN_POINT('',(141.98,-101.07,0.));
#16643 = DIRECTION('',(-0.,0.,-1.));
#16644 = DIRECTION('',(-4.93432455389E-14,-1.,0.));
#16645 = FACE_BOUND('',#16646,.F.);
#16646 = EDGE_LOOP('',(#16647));
#16647 = ORIENTED_EDGE('',*,*,#16648,.T.);
#16648 = EDGE_CURVE('',#16649,#16649,#16651,.T.);
#16649 = VERTEX_POINT('',#16650);
#16650 = CARTESIAN_POINT('',(144.664175,-101.765825,0.));
#16651 = CIRCLE('',#16652,0.25);
#16652 = AXIS2_PLACEMENT_3D('',#16653,#16654,#16655);
#16653 = CARTESIAN_POINT('',(144.664175,-101.515825,0.));
#16654 = DIRECTION('',(-0.,0.,-1.));
#16655 = DIRECTION('',(-0.,-1.,0.));
#16656 = FACE_BOUND('',#16657,.F.);
#16657 = EDGE_LOOP('',(#16658));
#16658 = ORIENTED_EDGE('',*,*,#16659,.T.);
#16659 = EDGE_CURVE('',#16660,#16660,#16662,.T.);
#16660 = VERTEX_POINT('',#16661);
#16661 = CARTESIAN_POINT('',(144.115,-100.44,0.));
#16662 = CIRCLE('',#16663,0.25);
#16663 = AXIS2_PLACEMENT_3D('',#16664,#16665,#16666);
#16664 = CARTESIAN_POINT('',(144.115,-100.19,0.));
#16665 = DIRECTION('',(-0.,0.,-1.));
#16666 = DIRECTION('',(-0.,-1.,0.));
#16667 = FACE_BOUND('',#16668,.F.);
#16668 = EDGE_LOOP('',(#16669));
#16669 = ORIENTED_EDGE('',*,*,#16670,.T.);
#16670 = EDGE_CURVE('',#16671,#16671,#16673,.T.);
#16671 = VERTEX_POINT('',#16672);
#16672 = CARTESIAN_POINT('',(144.664175,-99.114175,0.));
#16673 = CIRCLE('',#16674,0.25);
#16674 = AXIS2_PLACEMENT_3D('',#16675,#16676,#16677);
#16675 = CARTESIAN_POINT('',(144.664175,-98.864175,0.));
#16676 = DIRECTION('',(-0.,0.,-1.));
#16677 = DIRECTION('',(-0.,-1.,0.));
#16678 = FACE_BOUND('',#16679,.F.);
#16679 = EDGE_LOOP('',(#16680));
#16680 = ORIENTED_EDGE('',*,*,#16681,.T.);
#16681 = EDGE_CURVE('',#16682,#16682,#16684,.T.);
#16682 = VERTEX_POINT('',#16683);
#16683 = CARTESIAN_POINT('',(145.99,-102.315,0.));
#16684 = CIRCLE('',#16685,0.25);
#16685 = AXIS2_PLACEMENT_3D('',#16686,#16687,#16688);
#16686 = CARTESIAN_POINT('',(145.99,-102.065,0.));
#16687 = DIRECTION('',(-0.,0.,-1.));
#16688 = DIRECTION('',(-0.,-1.,0.));
#16689 = FACE_BOUND('',#16690,.F.);
#16690 = EDGE_LOOP('',(#16691));
#16691 = ORIENTED_EDGE('',*,*,#16692,.T.);
#16692 = EDGE_CURVE('',#16693,#16693,#16695,.T.);
#16693 = VERTEX_POINT('',#16694);
#16694 = CARTESIAN_POINT('',(147.315825,-101.765825,0.));
#16695 = CIRCLE('',#16696,0.25);
#16696 = AXIS2_PLACEMENT_3D('',#16697,#16698,#16699);
#16697 = CARTESIAN_POINT('',(147.315825,-101.515825,0.));
#16698 = DIRECTION('',(-0.,0.,-1.));
#16699 = DIRECTION('',(-0.,-1.,0.));
#16700 = FACE_BOUND('',#16701,.F.);
#16701 = EDGE_LOOP('',(#16702));
#16702 = ORIENTED_EDGE('',*,*,#16703,.T.);
#16703 = EDGE_CURVE('',#16704,#16704,#16706,.T.);
#16704 = VERTEX_POINT('',#16705);
#16705 = CARTESIAN_POINT('',(145.99,-101.44,0.));
#16706 = CIRCLE('',#16707,1.25);
#16707 = AXIS2_PLACEMENT_3D('',#16708,#16709,#16710);
#16708 = CARTESIAN_POINT('',(145.99,-100.19,0.));
#16709 = DIRECTION('',(-0.,0.,-1.));
#16710 = DIRECTION('',(-0.,-1.,0.));
#16711 = FACE_BOUND('',#16712,.F.);
#16712 = EDGE_LOOP('',(#16713));
#16713 = ORIENTED_EDGE('',*,*,#16714,.T.);
#16714 = EDGE_CURVE('',#16715,#16715,#16717,.T.);
#16715 = VERTEX_POINT('',#16716);
#16716 = CARTESIAN_POINT('',(147.865,-100.44,0.));
#16717 = CIRCLE('',#16718,0.25);
#16718 = AXIS2_PLACEMENT_3D('',#16719,#16720,#16721);
#16719 = CARTESIAN_POINT('',(147.865,-100.19,0.));
#16720 = DIRECTION('',(-0.,0.,-1.));
#16721 = DIRECTION('',(-0.,-1.,0.));
#16722 = FACE_BOUND('',#16723,.F.);
#16723 = EDGE_LOOP('',(#16724));
#16724 = ORIENTED_EDGE('',*,*,#16725,.T.);
#16725 = EDGE_CURVE('',#16726,#16726,#16728,.T.);
#16726 = VERTEX_POINT('',#16727);
#16727 = CARTESIAN_POINT('',(147.315825,-99.114175,0.));
#16728 = CIRCLE('',#16729,0.25);
#16729 = AXIS2_PLACEMENT_3D('',#16730,#16731,#16732);
#16730 = CARTESIAN_POINT('',(147.315825,-98.864175,0.));
#16731 = DIRECTION('',(-0.,0.,-1.));
#16732 = DIRECTION('',(-0.,-1.,0.));
#16733 = FACE_BOUND('',#16734,.F.);
#16734 = EDGE_LOOP('',(#16735));
#16735 = ORIENTED_EDGE('',*,*,#16736,.T.);
#16736 = EDGE_CURVE('',#16737,#16737,#16739,.T.);
#16737 = VERTEX_POINT('',#16738);
#16738 = CARTESIAN_POINT('',(144.725,-95.31,0.));
#16739 = CIRCLE('',#16740,0.5);
#16740 = AXIS2_PLACEMENT_3D('',#16741,#16742,#16743);
#16741 = CARTESIAN_POINT('',(144.725,-94.81,0.));
#16742 = DIRECTION('',(-0.,0.,-1.));
#16743 = DIRECTION('',(-0.,-1.,0.));
#16744 = FACE_BOUND('',#16745,.F.);
#16745 = EDGE_LOOP('',(#16746));
#16746 = ORIENTED_EDGE('',*,*,#16747,.T.);
#16747 = EDGE_CURVE('',#16748,#16748,#16750,.T.);
#16748 = VERTEX_POINT('',#16749);
#16749 = CARTESIAN_POINT('',(145.99,-98.565,0.));
#16750 = CIRCLE('',#16751,0.25);
#16751 = AXIS2_PLACEMENT_3D('',#16752,#16753,#16754);
#16752 = CARTESIAN_POINT('',(145.99,-98.315,0.));
#16753 = DIRECTION('',(-0.,0.,-1.));
#16754 = DIRECTION('',(-0.,-1.,0.));
#16755 = FACE_BOUND('',#16756,.F.);
#16756 = EDGE_LOOP('',(#16757));
#16757 = ORIENTED_EDGE('',*,*,#16758,.T.);
#16758 = EDGE_CURVE('',#16759,#16759,#16761,.T.);
#16759 = VERTEX_POINT('',#16760);
#16760 = CARTESIAN_POINT('',(147.265,-95.31,0.));
#16761 = CIRCLE('',#16762,0.5);
#16762 = AXIS2_PLACEMENT_3D('',#16763,#16764,#16765);
#16763 = CARTESIAN_POINT('',(147.265,-94.81,0.));
#16764 = DIRECTION('',(-0.,0.,-1.));
#16765 = DIRECTION('',(-0.,-1.,0.));
#16766 = FACE_BOUND('',#16767,.F.);
#16767 = EDGE_LOOP('',(#16768));
#16768 = ORIENTED_EDGE('',*,*,#16769,.T.);
#16769 = EDGE_CURVE('',#16770,#16770,#16772,.T.);
#16770 = VERTEX_POINT('',#16771);
#16771 = CARTESIAN_POINT('',(144.725,-92.77,0.));
#16772 = CIRCLE('',#16773,0.5);
#16773 = AXIS2_PLACEMENT_3D('',#16774,#16775,#16776);
#16774 = CARTESIAN_POINT('',(144.725,-92.27,0.));
#16775 = DIRECTION('',(-0.,0.,-1.));
#16776 = DIRECTION('',(-0.,-1.,0.));
#16777 = FACE_BOUND('',#16778,.F.);
#16778 = EDGE_LOOP('',(#16779));
#16779 = ORIENTED_EDGE('',*,*,#16780,.T.);
#16780 = EDGE_CURVE('',#16781,#16781,#16783,.T.);
#16781 = VERTEX_POINT('',#16782);
#16782 = CARTESIAN_POINT('',(147.265,-92.77,0.));
#16783 = CIRCLE('',#16784,0.5);
#16784 = AXIS2_PLACEMENT_3D('',#16785,#16786,#16787);
#16785 = CARTESIAN_POINT('',(147.265,-92.27,0.));
#16786 = DIRECTION('',(-0.,0.,-1.));
#16787 = DIRECTION('',(-0.,-1.,0.));
#16788 = FACE_BOUND('',#16789,.F.);
#16789 = EDGE_LOOP('',(#16790));
#16790 = ORIENTED_EDGE('',*,*,#16791,.T.);
#16791 = EDGE_CURVE('',#16792,#16792,#16794,.T.);
#16792 = VERTEX_POINT('',#16793);
#16793 = CARTESIAN_POINT('',(144.725,-90.23,0.));
#16794 = CIRCLE('',#16795,0.5);
#16795 = AXIS2_PLACEMENT_3D('',#16796,#16797,#16798);
#16796 = CARTESIAN_POINT('',(144.725,-89.73,0.));
#16797 = DIRECTION('',(-0.,0.,-1.));
#16798 = DIRECTION('',(-0.,-1.,0.));
#16799 = FACE_BOUND('',#16800,.F.);
#16800 = EDGE_LOOP('',(#16801));
#16801 = ORIENTED_EDGE('',*,*,#16802,.T.);
#16802 = EDGE_CURVE('',#16803,#16803,#16805,.T.);
#16803 = VERTEX_POINT('',#16804);
#16804 = CARTESIAN_POINT('',(147.265,-90.23,0.));
#16805 = CIRCLE('',#16806,0.5);
#16806 = AXIS2_PLACEMENT_3D('',#16807,#16808,#16809);
#16807 = CARTESIAN_POINT('',(147.265,-89.73,0.));
#16808 = DIRECTION('',(-0.,0.,-1.));
#16809 = DIRECTION('',(-0.,-1.,0.));
#16810 = FACE_BOUND('',#16811,.F.);
#16811 = EDGE_LOOP('',(#16812));
#16812 = ORIENTED_EDGE('',*,*,#16813,.T.);
#16813 = EDGE_CURVE('',#16814,#16814,#16816,.T.);
#16814 = VERTEX_POINT('',#16815);
#16815 = CARTESIAN_POINT('',(130.91,-80.826,0.));
#16816 = CIRCLE('',#16817,0.576);
#16817 = AXIS2_PLACEMENT_3D('',#16818,#16819,#16820);
#16818 = CARTESIAN_POINT('',(130.91,-80.25,0.));
#16819 = DIRECTION('',(-0.,0.,-1.));
#16820 = DIRECTION('',(-0.,-1.,0.));
#16821 = FACE_BOUND('',#16822,.F.);
#16822 = EDGE_LOOP('',(#16823));
#16823 = ORIENTED_EDGE('',*,*,#16824,.T.);
#16824 = EDGE_CURVE('',#16825,#16825,#16827,.T.);
#16825 = VERTEX_POINT('',#16826);
#16826 = CARTESIAN_POINT('',(129.99,-76.315,0.));
#16827 = CIRCLE('',#16828,0.25);
#16828 = AXIS2_PLACEMENT_3D('',#16829,#16830,#16831);
#16829 = CARTESIAN_POINT('',(129.99,-76.065,0.));
#16830 = DIRECTION('',(-0.,0.,-1.));
#16831 = DIRECTION('',(-0.,-1.,0.));
#16832 = FACE_BOUND('',#16833,.F.);
#16833 = EDGE_LOOP('',(#16834));
#16834 = ORIENTED_EDGE('',*,*,#16835,.T.);
#16835 = EDGE_CURVE('',#16836,#16836,#16838,.T.);
#16836 = VERTEX_POINT('',#16837);
#16837 = CARTESIAN_POINT('',(128.664175,-75.765825,0.));
#16838 = CIRCLE('',#16839,0.25);
#16839 = AXIS2_PLACEMENT_3D('',#16840,#16841,#16842);
#16840 = CARTESIAN_POINT('',(128.664175,-75.515825,0.));
#16841 = DIRECTION('',(-0.,0.,-1.));
#16842 = DIRECTION('',(-0.,-1.,0.));
#16843 = FACE_BOUND('',#16844,.F.);
#16844 = EDGE_LOOP('',(#16845));
#16845 = ORIENTED_EDGE('',*,*,#16846,.T.);
#16846 = EDGE_CURVE('',#16847,#16847,#16849,.T.);
#16847 = VERTEX_POINT('',#16848);
#16848 = CARTESIAN_POINT('',(128.115,-74.44,0.));
#16849 = CIRCLE('',#16850,0.25);
#16850 = AXIS2_PLACEMENT_3D('',#16851,#16852,#16853);
#16851 = CARTESIAN_POINT('',(128.115,-74.19,0.));
#16852 = DIRECTION('',(-0.,0.,-1.));
#16853 = DIRECTION('',(-0.,-1.,0.));
#16854 = FACE_BOUND('',#16855,.F.);
#16855 = EDGE_LOOP('',(#16856));
#16856 = ORIENTED_EDGE('',*,*,#16857,.T.);
#16857 = EDGE_CURVE('',#16858,#16858,#16860,.T.);
#16858 = VERTEX_POINT('',#16859);
#16859 = CARTESIAN_POINT('',(129.99,-75.44,0.));
#16860 = CIRCLE('',#16861,1.25);
#16861 = AXIS2_PLACEMENT_3D('',#16862,#16863,#16864);
#16862 = CARTESIAN_POINT('',(129.99,-74.19,0.));
#16863 = DIRECTION('',(-0.,0.,-1.));
#16864 = DIRECTION('',(-0.,-1.,0.));
#16865 = FACE_BOUND('',#16866,.F.);
#16866 = EDGE_LOOP('',(#16867));
#16867 = ORIENTED_EDGE('',*,*,#16868,.T.);
#16868 = EDGE_CURVE('',#16869,#16869,#16871,.T.);
#16869 = VERTEX_POINT('',#16870);
#16870 = CARTESIAN_POINT('',(128.664175,-73.114175,0.));
#16871 = CIRCLE('',#16872,0.25);
#16872 = AXIS2_PLACEMENT_3D('',#16873,#16874,#16875);
#16873 = CARTESIAN_POINT('',(128.664175,-72.864175,0.));
#16874 = DIRECTION('',(-0.,0.,-1.));
#16875 = DIRECTION('',(-0.,-1.,0.));
#16876 = FACE_BOUND('',#16877,.F.);
#16877 = EDGE_LOOP('',(#16878));
#16878 = ORIENTED_EDGE('',*,*,#16879,.T.);
#16879 = EDGE_CURVE('',#16880,#16880,#16882,.T.);
#16880 = VERTEX_POINT('',#16881);
#16881 = CARTESIAN_POINT('',(129.99,-72.565,0.));
#16882 = CIRCLE('',#16883,0.25);
#16883 = AXIS2_PLACEMENT_3D('',#16884,#16885,#16886);
#16884 = CARTESIAN_POINT('',(129.99,-72.315,0.));
#16885 = DIRECTION('',(-0.,0.,-1.));
#16886 = DIRECTION('',(-0.,-1.,0.));
#16887 = FACE_BOUND('',#16888,.F.);
#16888 = EDGE_LOOP('',(#16889));
#16889 = ORIENTED_EDGE('',*,*,#16890,.T.);
#16890 = EDGE_CURVE('',#16891,#16891,#16893,.T.);
#16891 = VERTEX_POINT('',#16892);
#16892 = CARTESIAN_POINT('',(131.315825,-75.765825,0.));
#16893 = CIRCLE('',#16894,0.25);
#16894 = AXIS2_PLACEMENT_3D('',#16895,#16896,#16897);
#16895 = CARTESIAN_POINT('',(131.315825,-75.515825,0.));
#16896 = DIRECTION('',(-0.,0.,-1.));
#16897 = DIRECTION('',(-0.,-1.,0.));
#16898 = FACE_BOUND('',#16899,.F.);
#16899 = EDGE_LOOP('',(#16900));
#16900 = ORIENTED_EDGE('',*,*,#16901,.T.);
#16901 = EDGE_CURVE('',#16902,#16902,#16904,.T.);
#16902 = VERTEX_POINT('',#16903);
#16903 = CARTESIAN_POINT('',(131.865,-74.44,0.));
#16904 = CIRCLE('',#16905,0.25);
#16905 = AXIS2_PLACEMENT_3D('',#16906,#16907,#16908);
#16906 = CARTESIAN_POINT('',(131.865,-74.19,0.));
#16907 = DIRECTION('',(-0.,0.,-1.));
#16908 = DIRECTION('',(-0.,-1.,0.));
#16909 = FACE_BOUND('',#16910,.F.);
#16910 = EDGE_LOOP('',(#16911));
#16911 = ORIENTED_EDGE('',*,*,#16912,.T.);
#16912 = EDGE_CURVE('',#16913,#16913,#16915,.T.);
#16913 = VERTEX_POINT('',#16914);
#16914 = CARTESIAN_POINT('',(131.315825,-73.114175,0.));
#16915 = CIRCLE('',#16916,0.25);
#16916 = AXIS2_PLACEMENT_3D('',#16917,#16918,#16919);
#16917 = CARTESIAN_POINT('',(131.315825,-72.864175,0.));
#16918 = DIRECTION('',(-0.,0.,-1.));
#16919 = DIRECTION('',(-0.,-1.,0.));
#16920 = FACE_BOUND('',#16921,.F.);
#16921 = EDGE_LOOP('',(#16922));
#16922 = ORIENTED_EDGE('',*,*,#16923,.T.);
#16923 = EDGE_CURVE('',#16924,#16924,#16926,.T.);
#16924 = VERTEX_POINT('',#16925);
#16925 = CARTESIAN_POINT('',(144.725,-87.69,0.));
#16926 = CIRCLE('',#16927,0.5);
#16927 = AXIS2_PLACEMENT_3D('',#16928,#16929,#16930);
#16928 = CARTESIAN_POINT('',(144.725,-87.19,0.));
#16929 = DIRECTION('',(-0.,0.,-1.));
#16930 = DIRECTION('',(-0.,-1.,0.));
#16931 = FACE_BOUND('',#16932,.F.);
#16932 = EDGE_LOOP('',(#16933));
#16933 = ORIENTED_EDGE('',*,*,#16934,.T.);
#16934 = EDGE_CURVE('',#16935,#16935,#16937,.T.);
#16935 = VERTEX_POINT('',#16936);
#16936 = CARTESIAN_POINT('',(144.725,-85.15,0.));
#16937 = CIRCLE('',#16938,0.5);
#16938 = AXIS2_PLACEMENT_3D('',#16939,#16940,#16941);
#16939 = CARTESIAN_POINT('',(144.725,-84.65,0.));
#16940 = DIRECTION('',(-0.,0.,-1.));
#16941 = DIRECTION('',(-0.,-1.,0.));
#16942 = FACE_BOUND('',#16943,.F.);
#16943 = EDGE_LOOP('',(#16944));
#16944 = ORIENTED_EDGE('',*,*,#16945,.T.);
#16945 = EDGE_CURVE('',#16946,#16946,#16948,.T.);
#16946 = VERTEX_POINT('',#16947);
#16947 = CARTESIAN_POINT('',(147.265,-87.69,0.));
#16948 = CIRCLE('',#16949,0.5);
#16949 = AXIS2_PLACEMENT_3D('',#16950,#16951,#16952);
#16950 = CARTESIAN_POINT('',(147.265,-87.19,0.));
#16951 = DIRECTION('',(-0.,0.,-1.));
#16952 = DIRECTION('',(-0.,-1.,0.));
#16953 = FACE_BOUND('',#16954,.F.);
#16954 = EDGE_LOOP('',(#16955));
#16955 = ORIENTED_EDGE('',*,*,#16956,.T.);
#16956 = EDGE_CURVE('',#16957,#16957,#16959,.T.);
#16957 = VERTEX_POINT('',#16958);
#16958 = CARTESIAN_POINT('',(147.265,-85.15,0.));
#16959 = CIRCLE('',#16960,0.5);
#16960 = AXIS2_PLACEMENT_3D('',#16961,#16962,#16963);
#16961 = CARTESIAN_POINT('',(147.265,-84.65,0.));
#16962 = DIRECTION('',(-0.,0.,-1.));
#16963 = DIRECTION('',(-0.,-1.,0.));
#16964 = FACE_BOUND('',#16965,.F.);
#16965 = EDGE_LOOP('',(#16966));
#16966 = ORIENTED_EDGE('',*,*,#16967,.T.);
#16967 = EDGE_CURVE('',#16968,#16968,#16970,.T.);
#16968 = VERTEX_POINT('',#16969);
#16969 = CARTESIAN_POINT('',(144.725,-82.61,0.));
#16970 = CIRCLE('',#16971,0.5);
#16971 = AXIS2_PLACEMENT_3D('',#16972,#16973,#16974);
#16972 = CARTESIAN_POINT('',(144.725,-82.11,0.));
#16973 = DIRECTION('',(-0.,0.,-1.));
#16974 = DIRECTION('',(-0.,-1.,0.));
#16975 = FACE_BOUND('',#16976,.F.);
#16976 = EDGE_LOOP('',(#16977));
#16977 = ORIENTED_EDGE('',*,*,#16978,.T.);
#16978 = EDGE_CURVE('',#16979,#16979,#16981,.T.);
#16979 = VERTEX_POINT('',#16980);
#16980 = CARTESIAN_POINT('',(147.265,-82.61,0.));
#16981 = CIRCLE('',#16982,0.5);
#16982 = AXIS2_PLACEMENT_3D('',#16983,#16984,#16985);
#16983 = CARTESIAN_POINT('',(147.265,-82.11,0.));
#16984 = DIRECTION('',(-0.,0.,-1.));
#16985 = DIRECTION('',(-0.,-1.,0.));
#16986 = FACE_BOUND('',#16987,.F.);
#16987 = EDGE_LOOP('',(#16988));
#16988 = ORIENTED_EDGE('',*,*,#16989,.T.);
#16989 = EDGE_CURVE('',#16990,#16990,#16992,.T.);
#16990 = VERTEX_POINT('',#16991);
#16991 = CARTESIAN_POINT('',(141.9,-76.056,0.));
#16992 = CIRCLE('',#16993,0.576);
#16993 = AXIS2_PLACEMENT_3D('',#16994,#16995,#16996);
#16994 = CARTESIAN_POINT('',(141.9,-75.48,0.));
#16995 = DIRECTION('',(-0.,0.,-1.));
#16996 = DIRECTION('',(-0.,-1.,0.));
#16997 = FACE_BOUND('',#16998,.F.);
#16998 = EDGE_LOOP('',(#16999));
#16999 = ORIENTED_EDGE('',*,*,#17000,.T.);
#17000 = EDGE_CURVE('',#17001,#17001,#17003,.T.);
#17001 = VERTEX_POINT('',#17002);
#17002 = CARTESIAN_POINT('',(144.725,-80.07,0.));
#17003 = CIRCLE('',#17004,0.5);
#17004 = AXIS2_PLACEMENT_3D('',#17005,#17006,#17007);
#17005 = CARTESIAN_POINT('',(144.725,-79.57,0.));
#17006 = DIRECTION('',(-0.,0.,-1.));
#17007 = DIRECTION('',(-0.,-1.,0.));
#17008 = FACE_BOUND('',#17009,.F.);
#17009 = EDGE_LOOP('',(#17010));
#17010 = ORIENTED_EDGE('',*,*,#17011,.T.);
#17011 = EDGE_CURVE('',#17012,#17012,#17014,.T.);
#17012 = VERTEX_POINT('',#17013);
#17013 = CARTESIAN_POINT('',(147.265,-80.07,0.));
#17014 = CIRCLE('',#17015,0.5);
#17015 = AXIS2_PLACEMENT_3D('',#17016,#17017,#17018);
#17016 = CARTESIAN_POINT('',(147.265,-79.57,0.));
#17017 = DIRECTION('',(-0.,0.,-1.));
#17018 = DIRECTION('',(-0.,-1.,0.));
#17019 = FACE_BOUND('',#17020,.F.);
#17020 = EDGE_LOOP('',(#17021));
#17021 = ORIENTED_EDGE('',*,*,#17022,.T.);
#17022 = EDGE_CURVE('',#17023,#17023,#17025,.T.);
#17023 = VERTEX_POINT('',#17024);
#17024 = CARTESIAN_POINT('',(145.99,-76.315,0.));
#17025 = CIRCLE('',#17026,0.25);
#17026 = AXIS2_PLACEMENT_3D('',#17027,#17028,#17029);
#17027 = CARTESIAN_POINT('',(145.99,-76.065,0.));
#17028 = DIRECTION('',(-0.,0.,-1.));
#17029 = DIRECTION('',(-0.,-1.,0.));
#17030 = FACE_BOUND('',#17031,.F.);
#17031 = EDGE_LOOP('',(#17032));
#17032 = ORIENTED_EDGE('',*,*,#17033,.T.);
#17033 = EDGE_CURVE('',#17034,#17034,#17036,.T.);
#17034 = VERTEX_POINT('',#17035);
#17035 = CARTESIAN_POINT('',(144.115,-74.44,0.));
#17036 = CIRCLE('',#17037,0.25);
#17037 = AXIS2_PLACEMENT_3D('',#17038,#17039,#17040);
#17038 = CARTESIAN_POINT('',(144.115,-74.19,0.));
#17039 = DIRECTION('',(-0.,0.,-1.));
#17040 = DIRECTION('',(-0.,-1.,0.));
#17041 = FACE_BOUND('',#17042,.F.);
#17042 = EDGE_LOOP('',(#17043));
#17043 = ORIENTED_EDGE('',*,*,#17044,.T.);
#17044 = EDGE_CURVE('',#17045,#17045,#17047,.T.);
#17045 = VERTEX_POINT('',#17046);
#17046 = CARTESIAN_POINT('',(144.664175,-75.765825,0.));
#17047 = CIRCLE('',#17048,0.25);
#17048 = AXIS2_PLACEMENT_3D('',#17049,#17050,#17051);
#17049 = CARTESIAN_POINT('',(144.664175,-75.515825,0.));
#17050 = DIRECTION('',(-0.,0.,-1.));
#17051 = DIRECTION('',(-0.,-1.,0.));
#17052 = FACE_BOUND('',#17053,.F.);
#17053 = EDGE_LOOP('',(#17054));
#17054 = ORIENTED_EDGE('',*,*,#17055,.T.);
#17055 = EDGE_CURVE('',#17056,#17056,#17058,.T.);
#17056 = VERTEX_POINT('',#17057);
#17057 = CARTESIAN_POINT('',(144.664175,-73.114175,0.));
#17058 = CIRCLE('',#17059,0.25);
#17059 = AXIS2_PLACEMENT_3D('',#17060,#17061,#17062);
#17060 = CARTESIAN_POINT('',(144.664175,-72.864175,0.));
#17061 = DIRECTION('',(-0.,0.,-1.));
#17062 = DIRECTION('',(-0.,-1.,0.));
#17063 = FACE_BOUND('',#17064,.F.);
#17064 = EDGE_LOOP('',(#17065));
#17065 = ORIENTED_EDGE('',*,*,#17066,.T.);
#17066 = EDGE_CURVE('',#17067,#17067,#17069,.T.);
#17067 = VERTEX_POINT('',#17068);
#17068 = CARTESIAN_POINT('',(145.99,-75.44,0.));
#17069 = CIRCLE('',#17070,1.25);
#17070 = AXIS2_PLACEMENT_3D('',#17071,#17072,#17073);
#17071 = CARTESIAN_POINT('',(145.99,-74.19,0.));
#17072 = DIRECTION('',(-0.,0.,-1.));
#17073 = DIRECTION('',(-0.,-1.,0.));
#17074 = FACE_BOUND('',#17075,.F.);
#17075 = EDGE_LOOP('',(#17076));
#17076 = ORIENTED_EDGE('',*,*,#17077,.T.);
#17077 = EDGE_CURVE('',#17078,#17078,#17080,.T.);
#17078 = VERTEX_POINT('',#17079);
#17079 = CARTESIAN_POINT('',(147.315825,-75.765825,0.));
#17080 = CIRCLE('',#17081,0.25);
#17081 = AXIS2_PLACEMENT_3D('',#17082,#17083,#17084);
#17082 = CARTESIAN_POINT('',(147.315825,-75.515825,0.));
#17083 = DIRECTION('',(-0.,0.,-1.));
#17084 = DIRECTION('',(-0.,-1.,0.));
#17085 = FACE_BOUND('',#17086,.F.);
#17086 = EDGE_LOOP('',(#17087));
#17087 = ORIENTED_EDGE('',*,*,#17088,.T.);
#17088 = EDGE_CURVE('',#17089,#17089,#17091,.T.);
#17089 = VERTEX_POINT('',#17090);
#17090 = CARTESIAN_POINT('',(147.865,-74.44,0.));
#17091 = CIRCLE('',#17092,0.25);
#17092 = AXIS2_PLACEMENT_3D('',#17093,#17094,#17095);
#17093 = CARTESIAN_POINT('',(147.865,-74.19,0.));
#17094 = DIRECTION('',(-0.,0.,-1.));
#17095 = DIRECTION('',(-0.,-1.,0.));
#17096 = FACE_BOUND('',#17097,.F.);
#17097 = EDGE_LOOP('',(#17098));
#17098 = ORIENTED_EDGE('',*,*,#17099,.T.);
#17099 = EDGE_CURVE('',#17100,#17100,#17102,.T.);
#17100 = VERTEX_POINT('',#17101);
#17101 = CARTESIAN_POINT('',(145.99,-72.565,0.));
#17102 = CIRCLE('',#17103,0.25);
#17103 = AXIS2_PLACEMENT_3D('',#17104,#17105,#17106);
#17104 = CARTESIAN_POINT('',(145.99,-72.315,0.));
#17105 = DIRECTION('',(-0.,0.,-1.));
#17106 = DIRECTION('',(-0.,-1.,0.));
#17107 = FACE_BOUND('',#17108,.F.);
#17108 = EDGE_LOOP('',(#17109));
#17109 = ORIENTED_EDGE('',*,*,#17110,.T.);
#17110 = EDGE_CURVE('',#17111,#17111,#17113,.T.);
#17111 = VERTEX_POINT('',#17112);
#17112 = CARTESIAN_POINT('',(147.315825,-73.114175,0.));
#17113 = CIRCLE('',#17114,0.25);
#17114 = AXIS2_PLACEMENT_3D('',#17115,#17116,#17117);
#17115 = CARTESIAN_POINT('',(147.315825,-72.864175,0.));
#17116 = DIRECTION('',(-0.,0.,-1.));
#17117 = DIRECTION('',(-0.,-1.,0.));
#17118 = PLANE('',#17119);
#17119 = AXIS2_PLACEMENT_3D('',#17120,#17121,#17122);
#17120 = CARTESIAN_POINT('',(0.,0.,0.));
#17121 = DIRECTION('',(0.,0.,1.));
#17122 = DIRECTION('',(1.,0.,-0.));
#17123 = ADVANCED_FACE('',(#17124,#17170,#17181,#17192,#17203,#17214,
    #17225,#17236,#17247,#17258,#17269,#17280,#17291,#17302,#17313,
    #17324,#17335,#17346,#17357,#17368,#17379,#17390,#17401,#17412,
    #17423,#17434,#17445,#17456,#17467,#17478,#17489,#17500,#17511,
    #17522,#17533,#17544,#17555,#17566,#17577,#17588,#17599,#17610,
    #17621,#17632,#17643,#17654,#17665,#17676,#17687,#17698,#17709,
    #17720,#17731,#17742,#17753),#17764,.T.);
#17124 = FACE_BOUND('',#17125,.T.);
#17125 = EDGE_LOOP('',(#17126,#17127,#17128,#17137,#17145,#17154,#17162,
    #17169));
#17126 = ORIENTED_EDGE('',*,*,#16387,.F.);
#17127 = ORIENTED_EDGE('',*,*,#16429,.F.);
#17128 = ORIENTED_EDGE('',*,*,#17129,.F.);
#17129 = EDGE_CURVE('',#17130,#16422,#17132,.T.);
#17130 = VERTEX_POINT('',#17131);
#17131 = CARTESIAN_POINT('',(126.99,-74.339432,1.5234));
#17132 = CIRCLE('',#17133,3.149431057971);
#17133 = AXIS2_PLACEMENT_3D('',#17134,#17135,#17136);
#17134 = CARTESIAN_POINT('',(130.13943105797,-74.33943105797,1.5234));
#17135 = DIRECTION('',(0.,0.,-1.));
#17136 = DIRECTION('',(-1.,-2.991109322896E-07,-0.));
#17137 = ORIENTED_EDGE('',*,*,#17138,.F.);
#17138 = EDGE_CURVE('',#17139,#17130,#17141,.T.);
#17139 = VERTEX_POINT('',#17140);
#17140 = CARTESIAN_POINT('',(126.99,-100.04,1.5234));
#17141 = LINE('',#17142,#17143);
#17142 = CARTESIAN_POINT('',(126.99,-100.04,1.5234));
#17143 = VECTOR('',#17144,1.);
#17144 = DIRECTION('',(0.,1.,0.));
#17145 = ORIENTED_EDGE('',*,*,#17146,.F.);
#17146 = EDGE_CURVE('',#17147,#17139,#17149,.T.);
#17147 = VERTEX_POINT('',#17148);
#17148 = CARTESIAN_POINT('',(130.139432,-103.189431,1.5234));
#17149 = CIRCLE('',#17150,3.149429350866);
#17150 = AXIS2_PLACEMENT_3D('',#17151,#17152,#17153);
#17151 = CARTESIAN_POINT('',(130.13942935086,-100.0400016491,1.5234));
#17152 = DIRECTION('',(0.,0.,-1.));
#17153 = DIRECTION('',(8.411474336151E-07,-1.,0.));
#17154 = ORIENTED_EDGE('',*,*,#17155,.F.);
#17155 = EDGE_CURVE('',#17156,#17147,#17158,.T.);
#17156 = VERTEX_POINT('',#17157);
#17157 = CARTESIAN_POINT('',(145.840568,-103.189432,1.5234));
#17158 = LINE('',#17159,#17160);
#17159 = CARTESIAN_POINT('',(145.840568,-103.189432,1.5234));
#17160 = VECTOR('',#17161,1.);
#17161 = DIRECTION('',(-1.,6.368965898233E-08,0.));
#17162 = ORIENTED_EDGE('',*,*,#17163,.F.);
#17163 = EDGE_CURVE('',#16452,#17156,#17164,.T.);
#17164 = CIRCLE('',#17165,3.149431057971);
#17165 = AXIS2_PLACEMENT_3D('',#17166,#17167,#17168);
#17166 = CARTESIAN_POINT('',(145.84056894202,-100.040000942,1.5234));
#17167 = DIRECTION('',(0.,0.,-1.));
#17168 = DIRECTION('',(1.,2.991109368018E-07,0.));
#17169 = ORIENTED_EDGE('',*,*,#16451,.F.);
#17170 = FACE_BOUND('',#17171,.T.);
#17171 = EDGE_LOOP('',(#17172));
#17172 = ORIENTED_EDGE('',*,*,#17173,.T.);
#17173 = EDGE_CURVE('',#17174,#17174,#17176,.T.);
#17174 = VERTEX_POINT('',#17175);
#17175 = CARTESIAN_POINT('',(128.664175,-101.765825,1.5234));
#17176 = CIRCLE('',#17177,0.25);
#17177 = AXIS2_PLACEMENT_3D('',#17178,#17179,#17180);
#17178 = CARTESIAN_POINT('',(128.664175,-101.515825,1.5234));
#17179 = DIRECTION('',(-0.,0.,-1.));
#17180 = DIRECTION('',(-0.,-1.,0.));
#17181 = FACE_BOUND('',#17182,.T.);
#17182 = EDGE_LOOP('',(#17183));
#17183 = ORIENTED_EDGE('',*,*,#17184,.T.);
#17184 = EDGE_CURVE('',#17185,#17185,#17187,.T.);
#17185 = VERTEX_POINT('',#17186);
#17186 = CARTESIAN_POINT('',(129.99,-102.315,1.5234));
#17187 = CIRCLE('',#17188,0.25);
#17188 = AXIS2_PLACEMENT_3D('',#17189,#17190,#17191);
#17189 = CARTESIAN_POINT('',(129.99,-102.065,1.5234));
#17190 = DIRECTION('',(-0.,0.,-1.));
#17191 = DIRECTION('',(-0.,-1.,0.));
#17192 = FACE_BOUND('',#17193,.T.);
#17193 = EDGE_LOOP('',(#17194));
#17194 = ORIENTED_EDGE('',*,*,#17195,.T.);
#17195 = EDGE_CURVE('',#17196,#17196,#17198,.T.);
#17196 = VERTEX_POINT('',#17197);
#17197 = CARTESIAN_POINT('',(128.115,-100.44,1.5234));
#17198 = CIRCLE('',#17199,0.25);
#17199 = AXIS2_PLACEMENT_3D('',#17200,#17201,#17202);
#17200 = CARTESIAN_POINT('',(128.115,-100.19,1.5234));
#17201 = DIRECTION('',(-0.,0.,-1.));
#17202 = DIRECTION('',(-0.,-1.,0.));
#17203 = FACE_BOUND('',#17204,.T.);
#17204 = EDGE_LOOP('',(#17205));
#17205 = ORIENTED_EDGE('',*,*,#17206,.T.);
#17206 = EDGE_CURVE('',#17207,#17207,#17209,.T.);
#17207 = VERTEX_POINT('',#17208);
#17208 = CARTESIAN_POINT('',(128.664175,-99.114175,1.5234));
#17209 = CIRCLE('',#17210,0.25);
#17210 = AXIS2_PLACEMENT_3D('',#17211,#17212,#17213);
#17211 = CARTESIAN_POINT('',(128.664175,-98.864175,1.5234));
#17212 = DIRECTION('',(-0.,0.,-1.));
#17213 = DIRECTION('',(-0.,-1.,0.));
#17214 = FACE_BOUND('',#17215,.T.);
#17215 = EDGE_LOOP('',(#17216));
#17216 = ORIENTED_EDGE('',*,*,#17217,.T.);
#17217 = EDGE_CURVE('',#17218,#17218,#17220,.T.);
#17218 = VERTEX_POINT('',#17219);
#17219 = CARTESIAN_POINT('',(129.99,-101.44,1.5234));
#17220 = CIRCLE('',#17221,1.25);
#17221 = AXIS2_PLACEMENT_3D('',#17222,#17223,#17224);
#17222 = CARTESIAN_POINT('',(129.99,-100.19,1.5234));
#17223 = DIRECTION('',(-0.,0.,-1.));
#17224 = DIRECTION('',(-0.,-1.,0.));
#17225 = FACE_BOUND('',#17226,.T.);
#17226 = EDGE_LOOP('',(#17227));
#17227 = ORIENTED_EDGE('',*,*,#17228,.T.);
#17228 = EDGE_CURVE('',#17229,#17229,#17231,.T.);
#17229 = VERTEX_POINT('',#17230);
#17230 = CARTESIAN_POINT('',(131.315825,-101.765825,1.5234));
#17231 = CIRCLE('',#17232,0.25);
#17232 = AXIS2_PLACEMENT_3D('',#17233,#17234,#17235);
#17233 = CARTESIAN_POINT('',(131.315825,-101.515825,1.5234));
#17234 = DIRECTION('',(-0.,0.,-1.));
#17235 = DIRECTION('',(-0.,-1.,0.));
#17236 = FACE_BOUND('',#17237,.T.);
#17237 = EDGE_LOOP('',(#17238));
#17238 = ORIENTED_EDGE('',*,*,#17239,.T.);
#17239 = EDGE_CURVE('',#17240,#17240,#17242,.T.);
#17240 = VERTEX_POINT('',#17241);
#17241 = CARTESIAN_POINT('',(131.315825,-99.114175,1.5234));
#17242 = CIRCLE('',#17243,0.25);
#17243 = AXIS2_PLACEMENT_3D('',#17244,#17245,#17246);
#17244 = CARTESIAN_POINT('',(131.315825,-98.864175,1.5234));
#17245 = DIRECTION('',(-0.,0.,-1.));
#17246 = DIRECTION('',(-0.,-1.,0.));
#17247 = FACE_BOUND('',#17248,.T.);
#17248 = EDGE_LOOP('',(#17249));
#17249 = ORIENTED_EDGE('',*,*,#17250,.T.);
#17250 = EDGE_CURVE('',#17251,#17251,#17253,.T.);
#17251 = VERTEX_POINT('',#17252);
#17252 = CARTESIAN_POINT('',(131.865,-100.44,1.5234));
#17253 = CIRCLE('',#17254,0.25);
#17254 = AXIS2_PLACEMENT_3D('',#17255,#17256,#17257);
#17255 = CARTESIAN_POINT('',(131.865,-100.19,1.5234));
#17256 = DIRECTION('',(-0.,0.,-1.));
#17257 = DIRECTION('',(-0.,-1.,0.));
#17258 = FACE_BOUND('',#17259,.T.);
#17259 = EDGE_LOOP('',(#17260));
#17260 = ORIENTED_EDGE('',*,*,#17261,.T.);
#17261 = EDGE_CURVE('',#17262,#17262,#17264,.T.);
#17262 = VERTEX_POINT('',#17263);
#17263 = CARTESIAN_POINT('',(129.99,-98.565,1.5234));
#17264 = CIRCLE('',#17265,0.25);
#17265 = AXIS2_PLACEMENT_3D('',#17266,#17267,#17268);
#17266 = CARTESIAN_POINT('',(129.99,-98.315,1.5234));
#17267 = DIRECTION('',(-0.,0.,-1.));
#17268 = DIRECTION('',(-0.,-1.,0.));
#17269 = FACE_BOUND('',#17270,.T.);
#17270 = EDGE_LOOP('',(#17271));
#17271 = ORIENTED_EDGE('',*,*,#17272,.T.);
#17272 = EDGE_CURVE('',#17273,#17273,#17275,.T.);
#17273 = VERTEX_POINT('',#17274);
#17274 = CARTESIAN_POINT('',(128.59,-96.836,1.5234));
#17275 = CIRCLE('',#17276,0.576);
#17276 = AXIS2_PLACEMENT_3D('',#17277,#17278,#17279);
#17277 = CARTESIAN_POINT('',(128.59,-96.26,1.5234));
#17278 = DIRECTION('',(-0.,0.,-1.));
#17279 = DIRECTION('',(-0.,-1.,0.));
#17280 = FACE_BOUND('',#17281,.T.);
#17281 = EDGE_LOOP('',(#17282));
#17282 = ORIENTED_EDGE('',*,*,#17283,.T.);
#17283 = EDGE_CURVE('',#17284,#17284,#17286,.T.);
#17284 = VERTEX_POINT('',#17285);
#17285 = CARTESIAN_POINT('',(141.98,-101.646,1.5234));
#17286 = CIRCLE('',#17287,0.576);
#17287 = AXIS2_PLACEMENT_3D('',#17288,#17289,#17290);
#17288 = CARTESIAN_POINT('',(141.98,-101.07,1.5234));
#17289 = DIRECTION('',(-0.,0.,-1.));
#17290 = DIRECTION('',(-4.93432455389E-14,-1.,0.));
#17291 = FACE_BOUND('',#17292,.T.);
#17292 = EDGE_LOOP('',(#17293));
#17293 = ORIENTED_EDGE('',*,*,#17294,.T.);
#17294 = EDGE_CURVE('',#17295,#17295,#17297,.T.);
#17295 = VERTEX_POINT('',#17296);
#17296 = CARTESIAN_POINT('',(144.664175,-101.765825,1.5234));
#17297 = CIRCLE('',#17298,0.25);
#17298 = AXIS2_PLACEMENT_3D('',#17299,#17300,#17301);
#17299 = CARTESIAN_POINT('',(144.664175,-101.515825,1.5234));
#17300 = DIRECTION('',(-0.,0.,-1.));
#17301 = DIRECTION('',(-0.,-1.,0.));
#17302 = FACE_BOUND('',#17303,.T.);
#17303 = EDGE_LOOP('',(#17304));
#17304 = ORIENTED_EDGE('',*,*,#17305,.T.);
#17305 = EDGE_CURVE('',#17306,#17306,#17308,.T.);
#17306 = VERTEX_POINT('',#17307);
#17307 = CARTESIAN_POINT('',(144.115,-100.44,1.5234));
#17308 = CIRCLE('',#17309,0.25);
#17309 = AXIS2_PLACEMENT_3D('',#17310,#17311,#17312);
#17310 = CARTESIAN_POINT('',(144.115,-100.19,1.5234));
#17311 = DIRECTION('',(-0.,0.,-1.));
#17312 = DIRECTION('',(-0.,-1.,0.));
#17313 = FACE_BOUND('',#17314,.T.);
#17314 = EDGE_LOOP('',(#17315));
#17315 = ORIENTED_EDGE('',*,*,#17316,.T.);
#17316 = EDGE_CURVE('',#17317,#17317,#17319,.T.);
#17317 = VERTEX_POINT('',#17318);
#17318 = CARTESIAN_POINT('',(144.664175,-99.114175,1.5234));
#17319 = CIRCLE('',#17320,0.25);
#17320 = AXIS2_PLACEMENT_3D('',#17321,#17322,#17323);
#17321 = CARTESIAN_POINT('',(144.664175,-98.864175,1.5234));
#17322 = DIRECTION('',(-0.,0.,-1.));
#17323 = DIRECTION('',(-0.,-1.,0.));
#17324 = FACE_BOUND('',#17325,.T.);
#17325 = EDGE_LOOP('',(#17326));
#17326 = ORIENTED_EDGE('',*,*,#17327,.T.);
#17327 = EDGE_CURVE('',#17328,#17328,#17330,.T.);
#17328 = VERTEX_POINT('',#17329);
#17329 = CARTESIAN_POINT('',(145.99,-102.315,1.5234));
#17330 = CIRCLE('',#17331,0.25);
#17331 = AXIS2_PLACEMENT_3D('',#17332,#17333,#17334);
#17332 = CARTESIAN_POINT('',(145.99,-102.065,1.5234));
#17333 = DIRECTION('',(-0.,0.,-1.));
#17334 = DIRECTION('',(-0.,-1.,0.));
#17335 = FACE_BOUND('',#17336,.T.);
#17336 = EDGE_LOOP('',(#17337));
#17337 = ORIENTED_EDGE('',*,*,#17338,.T.);
#17338 = EDGE_CURVE('',#17339,#17339,#17341,.T.);
#17339 = VERTEX_POINT('',#17340);
#17340 = CARTESIAN_POINT('',(147.315825,-101.765825,1.5234));
#17341 = CIRCLE('',#17342,0.25);
#17342 = AXIS2_PLACEMENT_3D('',#17343,#17344,#17345);
#17343 = CARTESIAN_POINT('',(147.315825,-101.515825,1.5234));
#17344 = DIRECTION('',(-0.,0.,-1.));
#17345 = DIRECTION('',(-0.,-1.,0.));
#17346 = FACE_BOUND('',#17347,.T.);
#17347 = EDGE_LOOP('',(#17348));
#17348 = ORIENTED_EDGE('',*,*,#17349,.T.);
#17349 = EDGE_CURVE('',#17350,#17350,#17352,.T.);
#17350 = VERTEX_POINT('',#17351);
#17351 = CARTESIAN_POINT('',(145.99,-101.44,1.5234));
#17352 = CIRCLE('',#17353,1.25);
#17353 = AXIS2_PLACEMENT_3D('',#17354,#17355,#17356);
#17354 = CARTESIAN_POINT('',(145.99,-100.19,1.5234));
#17355 = DIRECTION('',(-0.,0.,-1.));
#17356 = DIRECTION('',(-0.,-1.,0.));
#17357 = FACE_BOUND('',#17358,.T.);
#17358 = EDGE_LOOP('',(#17359));
#17359 = ORIENTED_EDGE('',*,*,#17360,.T.);
#17360 = EDGE_CURVE('',#17361,#17361,#17363,.T.);
#17361 = VERTEX_POINT('',#17362);
#17362 = CARTESIAN_POINT('',(147.865,-100.44,1.5234));
#17363 = CIRCLE('',#17364,0.25);
#17364 = AXIS2_PLACEMENT_3D('',#17365,#17366,#17367);
#17365 = CARTESIAN_POINT('',(147.865,-100.19,1.5234));
#17366 = DIRECTION('',(-0.,0.,-1.));
#17367 = DIRECTION('',(-0.,-1.,0.));
#17368 = FACE_BOUND('',#17369,.T.);
#17369 = EDGE_LOOP('',(#17370));
#17370 = ORIENTED_EDGE('',*,*,#17371,.T.);
#17371 = EDGE_CURVE('',#17372,#17372,#17374,.T.);
#17372 = VERTEX_POINT('',#17373);
#17373 = CARTESIAN_POINT('',(147.315825,-99.114175,1.5234));
#17374 = CIRCLE('',#17375,0.25);
#17375 = AXIS2_PLACEMENT_3D('',#17376,#17377,#17378);
#17376 = CARTESIAN_POINT('',(147.315825,-98.864175,1.5234));
#17377 = DIRECTION('',(-0.,0.,-1.));
#17378 = DIRECTION('',(-0.,-1.,0.));
#17379 = FACE_BOUND('',#17380,.T.);
#17380 = EDGE_LOOP('',(#17381));
#17381 = ORIENTED_EDGE('',*,*,#17382,.T.);
#17382 = EDGE_CURVE('',#17383,#17383,#17385,.T.);
#17383 = VERTEX_POINT('',#17384);
#17384 = CARTESIAN_POINT('',(144.725,-95.31,1.5234));
#17385 = CIRCLE('',#17386,0.5);
#17386 = AXIS2_PLACEMENT_3D('',#17387,#17388,#17389);
#17387 = CARTESIAN_POINT('',(144.725,-94.81,1.5234));
#17388 = DIRECTION('',(-0.,0.,-1.));
#17389 = DIRECTION('',(-0.,-1.,0.));
#17390 = FACE_BOUND('',#17391,.T.);
#17391 = EDGE_LOOP('',(#17392));
#17392 = ORIENTED_EDGE('',*,*,#17393,.T.);
#17393 = EDGE_CURVE('',#17394,#17394,#17396,.T.);
#17394 = VERTEX_POINT('',#17395);
#17395 = CARTESIAN_POINT('',(145.99,-98.565,1.5234));
#17396 = CIRCLE('',#17397,0.25);
#17397 = AXIS2_PLACEMENT_3D('',#17398,#17399,#17400);
#17398 = CARTESIAN_POINT('',(145.99,-98.315,1.5234));
#17399 = DIRECTION('',(-0.,0.,-1.));
#17400 = DIRECTION('',(-0.,-1.,0.));
#17401 = FACE_BOUND('',#17402,.T.);
#17402 = EDGE_LOOP('',(#17403));
#17403 = ORIENTED_EDGE('',*,*,#17404,.T.);
#17404 = EDGE_CURVE('',#17405,#17405,#17407,.T.);
#17405 = VERTEX_POINT('',#17406);
#17406 = CARTESIAN_POINT('',(147.265,-95.31,1.5234));
#17407 = CIRCLE('',#17408,0.5);
#17408 = AXIS2_PLACEMENT_3D('',#17409,#17410,#17411);
#17409 = CARTESIAN_POINT('',(147.265,-94.81,1.5234));
#17410 = DIRECTION('',(-0.,0.,-1.));
#17411 = DIRECTION('',(-0.,-1.,0.));
#17412 = FACE_BOUND('',#17413,.T.);
#17413 = EDGE_LOOP('',(#17414));
#17414 = ORIENTED_EDGE('',*,*,#17415,.T.);
#17415 = EDGE_CURVE('',#17416,#17416,#17418,.T.);
#17416 = VERTEX_POINT('',#17417);
#17417 = CARTESIAN_POINT('',(144.725,-92.77,1.5234));
#17418 = CIRCLE('',#17419,0.5);
#17419 = AXIS2_PLACEMENT_3D('',#17420,#17421,#17422);
#17420 = CARTESIAN_POINT('',(144.725,-92.27,1.5234));
#17421 = DIRECTION('',(-0.,0.,-1.));
#17422 = DIRECTION('',(-0.,-1.,0.));
#17423 = FACE_BOUND('',#17424,.T.);
#17424 = EDGE_LOOP('',(#17425));
#17425 = ORIENTED_EDGE('',*,*,#17426,.T.);
#17426 = EDGE_CURVE('',#17427,#17427,#17429,.T.);
#17427 = VERTEX_POINT('',#17428);
#17428 = CARTESIAN_POINT('',(147.265,-92.77,1.5234));
#17429 = CIRCLE('',#17430,0.5);
#17430 = AXIS2_PLACEMENT_3D('',#17431,#17432,#17433);
#17431 = CARTESIAN_POINT('',(147.265,-92.27,1.5234));
#17432 = DIRECTION('',(-0.,0.,-1.));
#17433 = DIRECTION('',(-0.,-1.,0.));
#17434 = FACE_BOUND('',#17435,.T.);
#17435 = EDGE_LOOP('',(#17436));
#17436 = ORIENTED_EDGE('',*,*,#17437,.T.);
#17437 = EDGE_CURVE('',#17438,#17438,#17440,.T.);
#17438 = VERTEX_POINT('',#17439);
#17439 = CARTESIAN_POINT('',(144.725,-90.23,1.5234));
#17440 = CIRCLE('',#17441,0.5);
#17441 = AXIS2_PLACEMENT_3D('',#17442,#17443,#17444);
#17442 = CARTESIAN_POINT('',(144.725,-89.73,1.5234));
#17443 = DIRECTION('',(-0.,0.,-1.));
#17444 = DIRECTION('',(-0.,-1.,0.));
#17445 = FACE_BOUND('',#17446,.T.);
#17446 = EDGE_LOOP('',(#17447));
#17447 = ORIENTED_EDGE('',*,*,#17448,.T.);
#17448 = EDGE_CURVE('',#17449,#17449,#17451,.T.);
#17449 = VERTEX_POINT('',#17450);
#17450 = CARTESIAN_POINT('',(147.265,-90.23,1.5234));
#17451 = CIRCLE('',#17452,0.5);
#17452 = AXIS2_PLACEMENT_3D('',#17453,#17454,#17455);
#17453 = CARTESIAN_POINT('',(147.265,-89.73,1.5234));
#17454 = DIRECTION('',(-0.,0.,-1.));
#17455 = DIRECTION('',(-0.,-1.,0.));
#17456 = FACE_BOUND('',#17457,.T.);
#17457 = EDGE_LOOP('',(#17458));
#17458 = ORIENTED_EDGE('',*,*,#17459,.T.);
#17459 = EDGE_CURVE('',#17460,#17460,#17462,.T.);
#17460 = VERTEX_POINT('',#17461);
#17461 = CARTESIAN_POINT('',(130.91,-80.826,1.5234));
#17462 = CIRCLE('',#17463,0.576);
#17463 = AXIS2_PLACEMENT_3D('',#17464,#17465,#17466);
#17464 = CARTESIAN_POINT('',(130.91,-80.25,1.5234));
#17465 = DIRECTION('',(-0.,0.,-1.));
#17466 = DIRECTION('',(-0.,-1.,0.));
#17467 = FACE_BOUND('',#17468,.T.);
#17468 = EDGE_LOOP('',(#17469));
#17469 = ORIENTED_EDGE('',*,*,#17470,.T.);
#17470 = EDGE_CURVE('',#17471,#17471,#17473,.T.);
#17471 = VERTEX_POINT('',#17472);
#17472 = CARTESIAN_POINT('',(129.99,-76.315,1.5234));
#17473 = CIRCLE('',#17474,0.25);
#17474 = AXIS2_PLACEMENT_3D('',#17475,#17476,#17477);
#17475 = CARTESIAN_POINT('',(129.99,-76.065,1.5234));
#17476 = DIRECTION('',(-0.,0.,-1.));
#17477 = DIRECTION('',(-0.,-1.,0.));
#17478 = FACE_BOUND('',#17479,.T.);
#17479 = EDGE_LOOP('',(#17480));
#17480 = ORIENTED_EDGE('',*,*,#17481,.T.);
#17481 = EDGE_CURVE('',#17482,#17482,#17484,.T.);
#17482 = VERTEX_POINT('',#17483);
#17483 = CARTESIAN_POINT('',(128.664175,-75.765825,1.5234));
#17484 = CIRCLE('',#17485,0.25);
#17485 = AXIS2_PLACEMENT_3D('',#17486,#17487,#17488);
#17486 = CARTESIAN_POINT('',(128.664175,-75.515825,1.5234));
#17487 = DIRECTION('',(-0.,0.,-1.));
#17488 = DIRECTION('',(-0.,-1.,0.));
#17489 = FACE_BOUND('',#17490,.T.);
#17490 = EDGE_LOOP('',(#17491));
#17491 = ORIENTED_EDGE('',*,*,#17492,.T.);
#17492 = EDGE_CURVE('',#17493,#17493,#17495,.T.);
#17493 = VERTEX_POINT('',#17494);
#17494 = CARTESIAN_POINT('',(128.115,-74.44,1.5234));
#17495 = CIRCLE('',#17496,0.25);
#17496 = AXIS2_PLACEMENT_3D('',#17497,#17498,#17499);
#17497 = CARTESIAN_POINT('',(128.115,-74.19,1.5234));
#17498 = DIRECTION('',(-0.,0.,-1.));
#17499 = DIRECTION('',(-0.,-1.,0.));
#17500 = FACE_BOUND('',#17501,.T.);
#17501 = EDGE_LOOP('',(#17502));
#17502 = ORIENTED_EDGE('',*,*,#17503,.T.);
#17503 = EDGE_CURVE('',#17504,#17504,#17506,.T.);
#17504 = VERTEX_POINT('',#17505);
#17505 = CARTESIAN_POINT('',(129.99,-75.44,1.5234));
#17506 = CIRCLE('',#17507,1.25);
#17507 = AXIS2_PLACEMENT_3D('',#17508,#17509,#17510);
#17508 = CARTESIAN_POINT('',(129.99,-74.19,1.5234));
#17509 = DIRECTION('',(-0.,0.,-1.));
#17510 = DIRECTION('',(-0.,-1.,0.));
#17511 = FACE_BOUND('',#17512,.T.);
#17512 = EDGE_LOOP('',(#17513));
#17513 = ORIENTED_EDGE('',*,*,#17514,.T.);
#17514 = EDGE_CURVE('',#17515,#17515,#17517,.T.);
#17515 = VERTEX_POINT('',#17516);
#17516 = CARTESIAN_POINT('',(128.664175,-73.114175,1.5234));
#17517 = CIRCLE('',#17518,0.25);
#17518 = AXIS2_PLACEMENT_3D('',#17519,#17520,#17521);
#17519 = CARTESIAN_POINT('',(128.664175,-72.864175,1.5234));
#17520 = DIRECTION('',(-0.,0.,-1.));
#17521 = DIRECTION('',(-0.,-1.,0.));
#17522 = FACE_BOUND('',#17523,.T.);
#17523 = EDGE_LOOP('',(#17524));
#17524 = ORIENTED_EDGE('',*,*,#17525,.T.);
#17525 = EDGE_CURVE('',#17526,#17526,#17528,.T.);
#17526 = VERTEX_POINT('',#17527);
#17527 = CARTESIAN_POINT('',(129.99,-72.565,1.5234));
#17528 = CIRCLE('',#17529,0.25);
#17529 = AXIS2_PLACEMENT_3D('',#17530,#17531,#17532);
#17530 = CARTESIAN_POINT('',(129.99,-72.315,1.5234));
#17531 = DIRECTION('',(-0.,0.,-1.));
#17532 = DIRECTION('',(-0.,-1.,0.));
#17533 = FACE_BOUND('',#17534,.T.);
#17534 = EDGE_LOOP('',(#17535));
#17535 = ORIENTED_EDGE('',*,*,#17536,.T.);
#17536 = EDGE_CURVE('',#17537,#17537,#17539,.T.);
#17537 = VERTEX_POINT('',#17538);
#17538 = CARTESIAN_POINT('',(131.315825,-75.765825,1.5234));
#17539 = CIRCLE('',#17540,0.25);
#17540 = AXIS2_PLACEMENT_3D('',#17541,#17542,#17543);
#17541 = CARTESIAN_POINT('',(131.315825,-75.515825,1.5234));
#17542 = DIRECTION('',(-0.,0.,-1.));
#17543 = DIRECTION('',(-0.,-1.,0.));
#17544 = FACE_BOUND('',#17545,.T.);
#17545 = EDGE_LOOP('',(#17546));
#17546 = ORIENTED_EDGE('',*,*,#17547,.T.);
#17547 = EDGE_CURVE('',#17548,#17548,#17550,.T.);
#17548 = VERTEX_POINT('',#17549);
#17549 = CARTESIAN_POINT('',(131.865,-74.44,1.5234));
#17550 = CIRCLE('',#17551,0.25);
#17551 = AXIS2_PLACEMENT_3D('',#17552,#17553,#17554);
#17552 = CARTESIAN_POINT('',(131.865,-74.19,1.5234));
#17553 = DIRECTION('',(-0.,0.,-1.));
#17554 = DIRECTION('',(-0.,-1.,0.));
#17555 = FACE_BOUND('',#17556,.T.);
#17556 = EDGE_LOOP('',(#17557));
#17557 = ORIENTED_EDGE('',*,*,#17558,.T.);
#17558 = EDGE_CURVE('',#17559,#17559,#17561,.T.);
#17559 = VERTEX_POINT('',#17560);
#17560 = CARTESIAN_POINT('',(131.315825,-73.114175,1.5234));
#17561 = CIRCLE('',#17562,0.25);
#17562 = AXIS2_PLACEMENT_3D('',#17563,#17564,#17565);
#17563 = CARTESIAN_POINT('',(131.315825,-72.864175,1.5234));
#17564 = DIRECTION('',(-0.,0.,-1.));
#17565 = DIRECTION('',(-0.,-1.,0.));
#17566 = FACE_BOUND('',#17567,.T.);
#17567 = EDGE_LOOP('',(#17568));
#17568 = ORIENTED_EDGE('',*,*,#17569,.T.);
#17569 = EDGE_CURVE('',#17570,#17570,#17572,.T.);
#17570 = VERTEX_POINT('',#17571);
#17571 = CARTESIAN_POINT('',(144.725,-87.69,1.5234));
#17572 = CIRCLE('',#17573,0.5);
#17573 = AXIS2_PLACEMENT_3D('',#17574,#17575,#17576);
#17574 = CARTESIAN_POINT('',(144.725,-87.19,1.5234));
#17575 = DIRECTION('',(-0.,0.,-1.));
#17576 = DIRECTION('',(-0.,-1.,0.));
#17577 = FACE_BOUND('',#17578,.T.);
#17578 = EDGE_LOOP('',(#17579));
#17579 = ORIENTED_EDGE('',*,*,#17580,.T.);
#17580 = EDGE_CURVE('',#17581,#17581,#17583,.T.);
#17581 = VERTEX_POINT('',#17582);
#17582 = CARTESIAN_POINT('',(144.725,-85.15,1.5234));
#17583 = CIRCLE('',#17584,0.5);
#17584 = AXIS2_PLACEMENT_3D('',#17585,#17586,#17587);
#17585 = CARTESIAN_POINT('',(144.725,-84.65,1.5234));
#17586 = DIRECTION('',(-0.,0.,-1.));
#17587 = DIRECTION('',(-0.,-1.,0.));
#17588 = FACE_BOUND('',#17589,.T.);
#17589 = EDGE_LOOP('',(#17590));
#17590 = ORIENTED_EDGE('',*,*,#17591,.T.);
#17591 = EDGE_CURVE('',#17592,#17592,#17594,.T.);
#17592 = VERTEX_POINT('',#17593);
#17593 = CARTESIAN_POINT('',(147.265,-87.69,1.5234));
#17594 = CIRCLE('',#17595,0.5);
#17595 = AXIS2_PLACEMENT_3D('',#17596,#17597,#17598);
#17596 = CARTESIAN_POINT('',(147.265,-87.19,1.5234));
#17597 = DIRECTION('',(-0.,0.,-1.));
#17598 = DIRECTION('',(-0.,-1.,0.));
#17599 = FACE_BOUND('',#17600,.T.);
#17600 = EDGE_LOOP('',(#17601));
#17601 = ORIENTED_EDGE('',*,*,#17602,.T.);
#17602 = EDGE_CURVE('',#17603,#17603,#17605,.T.);
#17603 = VERTEX_POINT('',#17604);
#17604 = CARTESIAN_POINT('',(147.265,-85.15,1.5234));
#17605 = CIRCLE('',#17606,0.5);
#17606 = AXIS2_PLACEMENT_3D('',#17607,#17608,#17609);
#17607 = CARTESIAN_POINT('',(147.265,-84.65,1.5234));
#17608 = DIRECTION('',(-0.,0.,-1.));
#17609 = DIRECTION('',(-0.,-1.,0.));
#17610 = FACE_BOUND('',#17611,.T.);
#17611 = EDGE_LOOP('',(#17612));
#17612 = ORIENTED_EDGE('',*,*,#17613,.T.);
#17613 = EDGE_CURVE('',#17614,#17614,#17616,.T.);
#17614 = VERTEX_POINT('',#17615);
#17615 = CARTESIAN_POINT('',(144.725,-82.61,1.5234));
#17616 = CIRCLE('',#17617,0.5);
#17617 = AXIS2_PLACEMENT_3D('',#17618,#17619,#17620);
#17618 = CARTESIAN_POINT('',(144.725,-82.11,1.5234));
#17619 = DIRECTION('',(-0.,0.,-1.));
#17620 = DIRECTION('',(-0.,-1.,0.));
#17621 = FACE_BOUND('',#17622,.T.);
#17622 = EDGE_LOOP('',(#17623));
#17623 = ORIENTED_EDGE('',*,*,#17624,.T.);
#17624 = EDGE_CURVE('',#17625,#17625,#17627,.T.);
#17625 = VERTEX_POINT('',#17626);
#17626 = CARTESIAN_POINT('',(147.265,-82.61,1.5234));
#17627 = CIRCLE('',#17628,0.5);
#17628 = AXIS2_PLACEMENT_3D('',#17629,#17630,#17631);
#17629 = CARTESIAN_POINT('',(147.265,-82.11,1.5234));
#17630 = DIRECTION('',(-0.,0.,-1.));
#17631 = DIRECTION('',(-0.,-1.,0.));
#17632 = FACE_BOUND('',#17633,.T.);
#17633 = EDGE_LOOP('',(#17634));
#17634 = ORIENTED_EDGE('',*,*,#17635,.T.);
#17635 = EDGE_CURVE('',#17636,#17636,#17638,.T.);
#17636 = VERTEX_POINT('',#17637);
#17637 = CARTESIAN_POINT('',(141.9,-76.056,1.5234));
#17638 = CIRCLE('',#17639,0.576);
#17639 = AXIS2_PLACEMENT_3D('',#17640,#17641,#17642);
#17640 = CARTESIAN_POINT('',(141.9,-75.48,1.5234));
#17641 = DIRECTION('',(-0.,0.,-1.));
#17642 = DIRECTION('',(-0.,-1.,0.));
#17643 = FACE_BOUND('',#17644,.T.);
#17644 = EDGE_LOOP('',(#17645));
#17645 = ORIENTED_EDGE('',*,*,#17646,.T.);
#17646 = EDGE_CURVE('',#17647,#17647,#17649,.T.);
#17647 = VERTEX_POINT('',#17648);
#17648 = CARTESIAN_POINT('',(144.725,-80.07,1.5234));
#17649 = CIRCLE('',#17650,0.5);
#17650 = AXIS2_PLACEMENT_3D('',#17651,#17652,#17653);
#17651 = CARTESIAN_POINT('',(144.725,-79.57,1.5234));
#17652 = DIRECTION('',(-0.,0.,-1.));
#17653 = DIRECTION('',(-0.,-1.,0.));
#17654 = FACE_BOUND('',#17655,.T.);
#17655 = EDGE_LOOP('',(#17656));
#17656 = ORIENTED_EDGE('',*,*,#17657,.T.);
#17657 = EDGE_CURVE('',#17658,#17658,#17660,.T.);
#17658 = VERTEX_POINT('',#17659);
#17659 = CARTESIAN_POINT('',(147.265,-80.07,1.5234));
#17660 = CIRCLE('',#17661,0.5);
#17661 = AXIS2_PLACEMENT_3D('',#17662,#17663,#17664);
#17662 = CARTESIAN_POINT('',(147.265,-79.57,1.5234));
#17663 = DIRECTION('',(-0.,0.,-1.));
#17664 = DIRECTION('',(-0.,-1.,0.));
#17665 = FACE_BOUND('',#17666,.T.);
#17666 = EDGE_LOOP('',(#17667));
#17667 = ORIENTED_EDGE('',*,*,#17668,.T.);
#17668 = EDGE_CURVE('',#17669,#17669,#17671,.T.);
#17669 = VERTEX_POINT('',#17670);
#17670 = CARTESIAN_POINT('',(145.99,-76.315,1.5234));
#17671 = CIRCLE('',#17672,0.25);
#17672 = AXIS2_PLACEMENT_3D('',#17673,#17674,#17675);
#17673 = CARTESIAN_POINT('',(145.99,-76.065,1.5234));
#17674 = DIRECTION('',(-0.,0.,-1.));
#17675 = DIRECTION('',(-0.,-1.,0.));
#17676 = FACE_BOUND('',#17677,.T.);
#17677 = EDGE_LOOP('',(#17678));
#17678 = ORIENTED_EDGE('',*,*,#17679,.T.);
#17679 = EDGE_CURVE('',#17680,#17680,#17682,.T.);
#17680 = VERTEX_POINT('',#17681);
#17681 = CARTESIAN_POINT('',(144.115,-74.44,1.5234));
#17682 = CIRCLE('',#17683,0.25);
#17683 = AXIS2_PLACEMENT_3D('',#17684,#17685,#17686);
#17684 = CARTESIAN_POINT('',(144.115,-74.19,1.5234));
#17685 = DIRECTION('',(-0.,0.,-1.));
#17686 = DIRECTION('',(-0.,-1.,0.));
#17687 = FACE_BOUND('',#17688,.T.);
#17688 = EDGE_LOOP('',(#17689));
#17689 = ORIENTED_EDGE('',*,*,#17690,.T.);
#17690 = EDGE_CURVE('',#17691,#17691,#17693,.T.);
#17691 = VERTEX_POINT('',#17692);
#17692 = CARTESIAN_POINT('',(144.664175,-75.765825,1.5234));
#17693 = CIRCLE('',#17694,0.25);
#17694 = AXIS2_PLACEMENT_3D('',#17695,#17696,#17697);
#17695 = CARTESIAN_POINT('',(144.664175,-75.515825,1.5234));
#17696 = DIRECTION('',(-0.,0.,-1.));
#17697 = DIRECTION('',(-0.,-1.,0.));
#17698 = FACE_BOUND('',#17699,.T.);
#17699 = EDGE_LOOP('',(#17700));
#17700 = ORIENTED_EDGE('',*,*,#17701,.T.);
#17701 = EDGE_CURVE('',#17702,#17702,#17704,.T.);
#17702 = VERTEX_POINT('',#17703);
#17703 = CARTESIAN_POINT('',(144.664175,-73.114175,1.5234));
#17704 = CIRCLE('',#17705,0.25);
#17705 = AXIS2_PLACEMENT_3D('',#17706,#17707,#17708);
#17706 = CARTESIAN_POINT('',(144.664175,-72.864175,1.5234));
#17707 = DIRECTION('',(-0.,0.,-1.));
#17708 = DIRECTION('',(-0.,-1.,0.));
#17709 = FACE_BOUND('',#17710,.T.);
#17710 = EDGE_LOOP('',(#17711));
#17711 = ORIENTED_EDGE('',*,*,#17712,.T.);
#17712 = EDGE_CURVE('',#17713,#17713,#17715,.T.);
#17713 = VERTEX_POINT('',#17714);
#17714 = CARTESIAN_POINT('',(145.99,-75.44,1.5234));
#17715 = CIRCLE('',#17716,1.25);
#17716 = AXIS2_PLACEMENT_3D('',#17717,#17718,#17719);
#17717 = CARTESIAN_POINT('',(145.99,-74.19,1.5234));
#17718 = DIRECTION('',(-0.,0.,-1.));
#17719 = DIRECTION('',(-0.,-1.,0.));
#17720 = FACE_BOUND('',#17721,.T.);
#17721 = EDGE_LOOP('',(#17722));
#17722 = ORIENTED_EDGE('',*,*,#17723,.T.);
#17723 = EDGE_CURVE('',#17724,#17724,#17726,.T.);
#17724 = VERTEX_POINT('',#17725);
#17725 = CARTESIAN_POINT('',(147.315825,-75.765825,1.5234));
#17726 = CIRCLE('',#17727,0.25);
#17727 = AXIS2_PLACEMENT_3D('',#17728,#17729,#17730);
#17728 = CARTESIAN_POINT('',(147.315825,-75.515825,1.5234));
#17729 = DIRECTION('',(-0.,0.,-1.));
#17730 = DIRECTION('',(-0.,-1.,0.));
#17731 = FACE_BOUND('',#17732,.T.);
#17732 = EDGE_LOOP('',(#17733));
#17733 = ORIENTED_EDGE('',*,*,#17734,.T.);
#17734 = EDGE_CURVE('',#17735,#17735,#17737,.T.);
#17735 = VERTEX_POINT('',#17736);
#17736 = CARTESIAN_POINT('',(147.865,-74.44,1.5234));
#17737 = CIRCLE('',#17738,0.25);
#17738 = AXIS2_PLACEMENT_3D('',#17739,#17740,#17741);
#17739 = CARTESIAN_POINT('',(147.865,-74.19,1.5234));
#17740 = DIRECTION('',(-0.,0.,-1.));
#17741 = DIRECTION('',(-0.,-1.,0.));
#17742 = FACE_BOUND('',#17743,.T.);
#17743 = EDGE_LOOP('',(#17744));
#17744 = ORIENTED_EDGE('',*,*,#17745,.T.);
#17745 = EDGE_CURVE('',#17746,#17746,#17748,.T.);
#17746 = VERTEX_POINT('',#17747);
#17747 = CARTESIAN_POINT('',(145.99,-72.565,1.5234));
#17748 = CIRCLE('',#17749,0.25);
#17749 = AXIS2_PLACEMENT_3D('',#17750,#17751,#17752);
#17750 = CARTESIAN_POINT('',(145.99,-72.315,1.5234));
#17751 = DIRECTION('',(-0.,0.,-1.));
#17752 = DIRECTION('',(-0.,-1.,0.));
#17753 = FACE_BOUND('',#17754,.T.);
#17754 = EDGE_LOOP('',(#17755));
#17755 = ORIENTED_EDGE('',*,*,#17756,.T.);
#17756 = EDGE_CURVE('',#17757,#17757,#17759,.T.);
#17757 = VERTEX_POINT('',#17758);
#17758 = CARTESIAN_POINT('',(147.315825,-73.114175,1.5234));
#17759 = CIRCLE('',#17760,0.25);
#17760 = AXIS2_PLACEMENT_3D('',#17761,#17762,#17763);
#17761 = CARTESIAN_POINT('',(147.315825,-72.864175,1.5234));
#17762 = DIRECTION('',(-0.,0.,-1.));
#17763 = DIRECTION('',(-0.,-1.,0.));
#17764 = PLANE('',#17765);
#17765 = AXIS2_PLACEMENT_3D('',#17766,#17767,#17768);
#17766 = CARTESIAN_POINT('',(0.,0.,1.5234));
#17767 = DIRECTION('',(0.,0.,1.));
#17768 = DIRECTION('',(1.,0.,-0.));
#17769 = ADVANCED_FACE('',(#17770),#17781,.T.);
#17770 = FACE_BOUND('',#17771,.T.);
#17771 = EDGE_LOOP('',(#17772,#17778,#17779,#17780));
#17772 = ORIENTED_EDGE('',*,*,#17773,.T.);
#17773 = EDGE_CURVE('',#16484,#17130,#17774,.T.);
#17774 = LINE('',#17775,#17776);
#17775 = CARTESIAN_POINT('',(126.99,-74.339432,0.));
#17776 = VECTOR('',#17777,1.);
#17777 = DIRECTION('',(0.,0.,1.));
#17778 = ORIENTED_EDGE('',*,*,#17129,.T.);
#17779 = ORIENTED_EDGE('',*,*,#16419,.F.);
#17780 = ORIENTED_EDGE('',*,*,#16483,.F.);
#17781 = CYLINDRICAL_SURFACE('',#17782,3.149431057971);
#17782 = AXIS2_PLACEMENT_3D('',#17783,#17784,#17785);
#17783 = CARTESIAN_POINT('',(130.13943105797,-74.33943105797,0.));
#17784 = DIRECTION('',(0.,0.,-1.));
#17785 = DIRECTION('',(-1.,-2.991109322896E-07,-0.));
#17786 = ADVANCED_FACE('',(#17787),#17798,.T.);
#17787 = FACE_BOUND('',#17788,.T.);
#17788 = EDGE_LOOP('',(#17789,#17790,#17791,#17797));
#17789 = ORIENTED_EDGE('',*,*,#16459,.T.);
#17790 = ORIENTED_EDGE('',*,*,#17163,.T.);
#17791 = ORIENTED_EDGE('',*,*,#17792,.F.);
#17792 = EDGE_CURVE('',#16510,#17156,#17793,.T.);
#17793 = LINE('',#17794,#17795);
#17794 = CARTESIAN_POINT('',(145.840568,-103.189432,0.));
#17795 = VECTOR('',#17796,1.);
#17796 = DIRECTION('',(0.,0.,1.));
#17797 = ORIENTED_EDGE('',*,*,#16517,.F.);
#17798 = CYLINDRICAL_SURFACE('',#17799,3.149431057971);
#17799 = AXIS2_PLACEMENT_3D('',#17800,#17801,#17802);
#17800 = CARTESIAN_POINT('',(145.84056894202,-100.040000942,0.));
#17801 = DIRECTION('',(0.,0.,-1.));
#17802 = DIRECTION('',(1.,2.991109368018E-07,0.));
#17803 = ADVANCED_FACE('',(#17804),#17815,.T.);
#17804 = FACE_BOUND('',#17805,.T.);
#17805 = EDGE_LOOP('',(#17806,#17812,#17813,#17814));
#17806 = ORIENTED_EDGE('',*,*,#17807,.T.);
#17807 = EDGE_CURVE('',#16493,#17139,#17808,.T.);
#17808 = LINE('',#17809,#17810);
#17809 = CARTESIAN_POINT('',(126.99,-100.04,0.));
#17810 = VECTOR('',#17811,1.);
#17811 = DIRECTION('',(0.,0.,1.));
#17812 = ORIENTED_EDGE('',*,*,#17138,.T.);
#17813 = ORIENTED_EDGE('',*,*,#17773,.F.);
#17814 = ORIENTED_EDGE('',*,*,#16492,.F.);
#17815 = PLANE('',#17816);
#17816 = AXIS2_PLACEMENT_3D('',#17817,#17818,#17819);
#17817 = CARTESIAN_POINT('',(126.99,-100.04,0.));
#17818 = DIRECTION('',(-1.,0.,0.));
#17819 = DIRECTION('',(0.,1.,0.));
#17820 = ADVANCED_FACE('',(#17821),#17832,.T.);
#17821 = FACE_BOUND('',#17822,.T.);
#17822 = EDGE_LOOP('',(#17823,#17824,#17825,#17831));
#17823 = ORIENTED_EDGE('',*,*,#17792,.T.);
#17824 = ORIENTED_EDGE('',*,*,#17155,.T.);
#17825 = ORIENTED_EDGE('',*,*,#17826,.F.);
#17826 = EDGE_CURVE('',#16501,#17147,#17827,.T.);
#17827 = LINE('',#17828,#17829);
#17828 = CARTESIAN_POINT('',(130.139432,-103.189431,0.));
#17829 = VECTOR('',#17830,1.);
#17830 = DIRECTION('',(0.,0.,1.));
#17831 = ORIENTED_EDGE('',*,*,#16509,.F.);
#17832 = PLANE('',#17833);
#17833 = AXIS2_PLACEMENT_3D('',#17834,#17835,#17836);
#17834 = CARTESIAN_POINT('',(145.840568,-103.189432,0.));
#17835 = DIRECTION('',(-6.368965898233E-08,-1.,0.));
#17836 = DIRECTION('',(-1.,6.368965898233E-08,0.));
#17837 = ADVANCED_FACE('',(#17838),#17844,.T.);
#17838 = FACE_BOUND('',#17839,.T.);
#17839 = EDGE_LOOP('',(#17840,#17841,#17842,#17843));
#17840 = ORIENTED_EDGE('',*,*,#17826,.T.);
#17841 = ORIENTED_EDGE('',*,*,#17146,.T.);
#17842 = ORIENTED_EDGE('',*,*,#17807,.F.);
#17843 = ORIENTED_EDGE('',*,*,#16500,.F.);
#17844 = CYLINDRICAL_SURFACE('',#17845,3.149429350866);
#17845 = AXIS2_PLACEMENT_3D('',#17846,#17847,#17848);
#17846 = CARTESIAN_POINT('',(130.13942935086,-100.0400016491,0.));
#17847 = DIRECTION('',(0.,0.,-1.));
#17848 = DIRECTION('',(8.411474336151E-07,-1.,0.));
#17849 = ADVANCED_FACE('',(#17850),#17861,.F.);
#17850 = FACE_BOUND('',#17851,.T.);
#17851 = EDGE_LOOP('',(#17852,#17853,#17859,#17860));
#17852 = ORIENTED_EDGE('',*,*,#16527,.T.);
#17853 = ORIENTED_EDGE('',*,*,#17854,.T.);
#17854 = EDGE_CURVE('',#16528,#17174,#17855,.T.);
#17855 = LINE('',#17856,#17857);
#17856 = CARTESIAN_POINT('',(128.664175,-101.765825,-4.6E-02));
#17857 = VECTOR('',#17858,1.);
#17858 = DIRECTION('',(0.,0.,1.));
#17859 = ORIENTED_EDGE('',*,*,#17173,.F.);
#17860 = ORIENTED_EDGE('',*,*,#17854,.F.);
#17861 = CYLINDRICAL_SURFACE('',#17862,0.25);
#17862 = AXIS2_PLACEMENT_3D('',#17863,#17864,#17865);
#17863 = CARTESIAN_POINT('',(128.664175,-101.515825,-4.6E-02));
#17864 = DIRECTION('',(-0.,-0.,-1.));
#17865 = DIRECTION('',(-0.,-1.,0.));
#17866 = ADVANCED_FACE('',(#17867),#17878,.F.);
#17867 = FACE_BOUND('',#17868,.T.);
#17868 = EDGE_LOOP('',(#17869,#17870,#17876,#17877));
#17869 = ORIENTED_EDGE('',*,*,#16538,.T.);
#17870 = ORIENTED_EDGE('',*,*,#17871,.T.);
#17871 = EDGE_CURVE('',#16539,#17185,#17872,.T.);
#17872 = LINE('',#17873,#17874);
#17873 = CARTESIAN_POINT('',(129.99,-102.315,-4.6E-02));
#17874 = VECTOR('',#17875,1.);
#17875 = DIRECTION('',(0.,0.,1.));
#17876 = ORIENTED_EDGE('',*,*,#17184,.F.);
#17877 = ORIENTED_EDGE('',*,*,#17871,.F.);
#17878 = CYLINDRICAL_SURFACE('',#17879,0.25);
#17879 = AXIS2_PLACEMENT_3D('',#17880,#17881,#17882);
#17880 = CARTESIAN_POINT('',(129.99,-102.065,-4.6E-02));
#17881 = DIRECTION('',(-0.,-0.,-1.));
#17882 = DIRECTION('',(-0.,-1.,0.));
#17883 = ADVANCED_FACE('',(#17884),#17895,.F.);
#17884 = FACE_BOUND('',#17885,.T.);
#17885 = EDGE_LOOP('',(#17886,#17887,#17893,#17894));
#17886 = ORIENTED_EDGE('',*,*,#16549,.T.);
#17887 = ORIENTED_EDGE('',*,*,#17888,.T.);
#17888 = EDGE_CURVE('',#16550,#17196,#17889,.T.);
#17889 = LINE('',#17890,#17891);
#17890 = CARTESIAN_POINT('',(128.115,-100.44,-4.6E-02));
#17891 = VECTOR('',#17892,1.);
#17892 = DIRECTION('',(0.,0.,1.));
#17893 = ORIENTED_EDGE('',*,*,#17195,.F.);
#17894 = ORIENTED_EDGE('',*,*,#17888,.F.);
#17895 = CYLINDRICAL_SURFACE('',#17896,0.25);
#17896 = AXIS2_PLACEMENT_3D('',#17897,#17898,#17899);
#17897 = CARTESIAN_POINT('',(128.115,-100.19,-4.6E-02));
#17898 = DIRECTION('',(-0.,-0.,-1.));
#17899 = DIRECTION('',(-0.,-1.,0.));
#17900 = ADVANCED_FACE('',(#17901),#17912,.F.);
#17901 = FACE_BOUND('',#17902,.T.);
#17902 = EDGE_LOOP('',(#17903,#17904,#17910,#17911));
#17903 = ORIENTED_EDGE('',*,*,#16560,.T.);
#17904 = ORIENTED_EDGE('',*,*,#17905,.T.);
#17905 = EDGE_CURVE('',#16561,#17207,#17906,.T.);
#17906 = LINE('',#17907,#17908);
#17907 = CARTESIAN_POINT('',(128.664175,-99.114175,-4.6E-02));
#17908 = VECTOR('',#17909,1.);
#17909 = DIRECTION('',(0.,0.,1.));
#17910 = ORIENTED_EDGE('',*,*,#17206,.F.);
#17911 = ORIENTED_EDGE('',*,*,#17905,.F.);
#17912 = CYLINDRICAL_SURFACE('',#17913,0.25);
#17913 = AXIS2_PLACEMENT_3D('',#17914,#17915,#17916);
#17914 = CARTESIAN_POINT('',(128.664175,-98.864175,-4.6E-02));
#17915 = DIRECTION('',(-0.,-0.,-1.));
#17916 = DIRECTION('',(-0.,-1.,0.));
#17917 = ADVANCED_FACE('',(#17918),#17929,.F.);
#17918 = FACE_BOUND('',#17919,.T.);
#17919 = EDGE_LOOP('',(#17920,#17921,#17927,#17928));
#17920 = ORIENTED_EDGE('',*,*,#16571,.T.);
#17921 = ORIENTED_EDGE('',*,*,#17922,.T.);
#17922 = EDGE_CURVE('',#16572,#17218,#17923,.T.);
#17923 = LINE('',#17924,#17925);
#17924 = CARTESIAN_POINT('',(129.99,-101.44,-4.6E-02));
#17925 = VECTOR('',#17926,1.);
#17926 = DIRECTION('',(0.,0.,1.));
#17927 = ORIENTED_EDGE('',*,*,#17217,.F.);
#17928 = ORIENTED_EDGE('',*,*,#17922,.F.);
#17929 = CYLINDRICAL_SURFACE('',#17930,1.25);
#17930 = AXIS2_PLACEMENT_3D('',#17931,#17932,#17933);
#17931 = CARTESIAN_POINT('',(129.99,-100.19,-4.6E-02));
#17932 = DIRECTION('',(-0.,-0.,-1.));
#17933 = DIRECTION('',(-0.,-1.,0.));
#17934 = ADVANCED_FACE('',(#17935),#17946,.F.);
#17935 = FACE_BOUND('',#17936,.T.);
#17936 = EDGE_LOOP('',(#17937,#17938,#17944,#17945));
#17937 = ORIENTED_EDGE('',*,*,#16582,.T.);
#17938 = ORIENTED_EDGE('',*,*,#17939,.T.);
#17939 = EDGE_CURVE('',#16583,#17229,#17940,.T.);
#17940 = LINE('',#17941,#17942);
#17941 = CARTESIAN_POINT('',(131.315825,-101.765825,-4.6E-02));
#17942 = VECTOR('',#17943,1.);
#17943 = DIRECTION('',(0.,0.,1.));
#17944 = ORIENTED_EDGE('',*,*,#17228,.F.);
#17945 = ORIENTED_EDGE('',*,*,#17939,.F.);
#17946 = CYLINDRICAL_SURFACE('',#17947,0.25);
#17947 = AXIS2_PLACEMENT_3D('',#17948,#17949,#17950);
#17948 = CARTESIAN_POINT('',(131.315825,-101.515825,-4.6E-02));
#17949 = DIRECTION('',(-0.,-0.,-1.));
#17950 = DIRECTION('',(-0.,-1.,0.));
#17951 = ADVANCED_FACE('',(#17952),#17963,.F.);
#17952 = FACE_BOUND('',#17953,.T.);
#17953 = EDGE_LOOP('',(#17954,#17955,#17961,#17962));
#17954 = ORIENTED_EDGE('',*,*,#16593,.T.);
#17955 = ORIENTED_EDGE('',*,*,#17956,.T.);
#17956 = EDGE_CURVE('',#16594,#17240,#17957,.T.);
#17957 = LINE('',#17958,#17959);
#17958 = CARTESIAN_POINT('',(131.315825,-99.114175,-4.6E-02));
#17959 = VECTOR('',#17960,1.);
#17960 = DIRECTION('',(0.,0.,1.));
#17961 = ORIENTED_EDGE('',*,*,#17239,.F.);
#17962 = ORIENTED_EDGE('',*,*,#17956,.F.);
#17963 = CYLINDRICAL_SURFACE('',#17964,0.25);
#17964 = AXIS2_PLACEMENT_3D('',#17965,#17966,#17967);
#17965 = CARTESIAN_POINT('',(131.315825,-98.864175,-4.6E-02));
#17966 = DIRECTION('',(-0.,-0.,-1.));
#17967 = DIRECTION('',(-0.,-1.,0.));
#17968 = ADVANCED_FACE('',(#17969),#17980,.F.);
#17969 = FACE_BOUND('',#17970,.T.);
#17970 = EDGE_LOOP('',(#17971,#17972,#17978,#17979));
#17971 = ORIENTED_EDGE('',*,*,#16604,.T.);
#17972 = ORIENTED_EDGE('',*,*,#17973,.T.);
#17973 = EDGE_CURVE('',#16605,#17251,#17974,.T.);
#17974 = LINE('',#17975,#17976);
#17975 = CARTESIAN_POINT('',(131.865,-100.44,-4.6E-02));
#17976 = VECTOR('',#17977,1.);
#17977 = DIRECTION('',(0.,0.,1.));
#17978 = ORIENTED_EDGE('',*,*,#17250,.F.);
#17979 = ORIENTED_EDGE('',*,*,#17973,.F.);
#17980 = CYLINDRICAL_SURFACE('',#17981,0.25);
#17981 = AXIS2_PLACEMENT_3D('',#17982,#17983,#17984);
#17982 = CARTESIAN_POINT('',(131.865,-100.19,-4.6E-02));
#17983 = DIRECTION('',(-0.,-0.,-1.));
#17984 = DIRECTION('',(-0.,-1.,0.));
#17985 = ADVANCED_FACE('',(#17986),#17997,.F.);
#17986 = FACE_BOUND('',#17987,.T.);
#17987 = EDGE_LOOP('',(#17988,#17989,#17995,#17996));
#17988 = ORIENTED_EDGE('',*,*,#16615,.T.);
#17989 = ORIENTED_EDGE('',*,*,#17990,.T.);
#17990 = EDGE_CURVE('',#16616,#17262,#17991,.T.);
#17991 = LINE('',#17992,#17993);
#17992 = CARTESIAN_POINT('',(129.99,-98.565,-4.6E-02));
#17993 = VECTOR('',#17994,1.);
#17994 = DIRECTION('',(0.,0.,1.));
#17995 = ORIENTED_EDGE('',*,*,#17261,.F.);
#17996 = ORIENTED_EDGE('',*,*,#17990,.F.);
#17997 = CYLINDRICAL_SURFACE('',#17998,0.25);
#17998 = AXIS2_PLACEMENT_3D('',#17999,#18000,#18001);
#17999 = CARTESIAN_POINT('',(129.99,-98.315,-4.6E-02));
#18000 = DIRECTION('',(-0.,-0.,-1.));
#18001 = DIRECTION('',(-0.,-1.,0.));
#18002 = ADVANCED_FACE('',(#18003),#18014,.F.);
#18003 = FACE_BOUND('',#18004,.T.);
#18004 = EDGE_LOOP('',(#18005,#18006,#18012,#18013));
#18005 = ORIENTED_EDGE('',*,*,#16626,.T.);
#18006 = ORIENTED_EDGE('',*,*,#18007,.T.);
#18007 = EDGE_CURVE('',#16627,#17273,#18008,.T.);
#18008 = LINE('',#18009,#18010);
#18009 = CARTESIAN_POINT('',(128.59,-96.836,-4.6E-02));
#18010 = VECTOR('',#18011,1.);
#18011 = DIRECTION('',(0.,0.,1.));
#18012 = ORIENTED_EDGE('',*,*,#17272,.F.);
#18013 = ORIENTED_EDGE('',*,*,#18007,.F.);
#18014 = CYLINDRICAL_SURFACE('',#18015,0.576);
#18015 = AXIS2_PLACEMENT_3D('',#18016,#18017,#18018);
#18016 = CARTESIAN_POINT('',(128.59,-96.26,-4.6E-02));
#18017 = DIRECTION('',(-0.,-0.,-1.));
#18018 = DIRECTION('',(-0.,-1.,0.));
#18019 = ADVANCED_FACE('',(#18020),#18031,.F.);
#18020 = FACE_BOUND('',#18021,.T.);
#18021 = EDGE_LOOP('',(#18022,#18023,#18029,#18030));
#18022 = ORIENTED_EDGE('',*,*,#16637,.T.);
#18023 = ORIENTED_EDGE('',*,*,#18024,.T.);
#18024 = EDGE_CURVE('',#16638,#17284,#18025,.T.);
#18025 = LINE('',#18026,#18027);
#18026 = CARTESIAN_POINT('',(141.98,-101.646,-4.6E-02));
#18027 = VECTOR('',#18028,1.);
#18028 = DIRECTION('',(0.,0.,1.));
#18029 = ORIENTED_EDGE('',*,*,#17283,.F.);
#18030 = ORIENTED_EDGE('',*,*,#18024,.F.);
#18031 = CYLINDRICAL_SURFACE('',#18032,0.576);
#18032 = AXIS2_PLACEMENT_3D('',#18033,#18034,#18035);
#18033 = CARTESIAN_POINT('',(141.98,-101.07,-4.6E-02));
#18034 = DIRECTION('',(-0.,-0.,-1.));
#18035 = DIRECTION('',(-4.93432455389E-14,-1.,0.));
#18036 = ADVANCED_FACE('',(#18037),#18048,.F.);
#18037 = FACE_BOUND('',#18038,.T.);
#18038 = EDGE_LOOP('',(#18039,#18040,#18046,#18047));
#18039 = ORIENTED_EDGE('',*,*,#16648,.T.);
#18040 = ORIENTED_EDGE('',*,*,#18041,.T.);
#18041 = EDGE_CURVE('',#16649,#17295,#18042,.T.);
#18042 = LINE('',#18043,#18044);
#18043 = CARTESIAN_POINT('',(144.664175,-101.765825,-4.6E-02));
#18044 = VECTOR('',#18045,1.);
#18045 = DIRECTION('',(0.,0.,1.));
#18046 = ORIENTED_EDGE('',*,*,#17294,.F.);
#18047 = ORIENTED_EDGE('',*,*,#18041,.F.);
#18048 = CYLINDRICAL_SURFACE('',#18049,0.25);
#18049 = AXIS2_PLACEMENT_3D('',#18050,#18051,#18052);
#18050 = CARTESIAN_POINT('',(144.664175,-101.515825,-4.6E-02));
#18051 = DIRECTION('',(-0.,-0.,-1.));
#18052 = DIRECTION('',(-0.,-1.,0.));
#18053 = ADVANCED_FACE('',(#18054),#18065,.F.);
#18054 = FACE_BOUND('',#18055,.T.);
#18055 = EDGE_LOOP('',(#18056,#18057,#18063,#18064));
#18056 = ORIENTED_EDGE('',*,*,#16659,.T.);
#18057 = ORIENTED_EDGE('',*,*,#18058,.T.);
#18058 = EDGE_CURVE('',#16660,#17306,#18059,.T.);
#18059 = LINE('',#18060,#18061);
#18060 = CARTESIAN_POINT('',(144.115,-100.44,-4.6E-02));
#18061 = VECTOR('',#18062,1.);
#18062 = DIRECTION('',(0.,0.,1.));
#18063 = ORIENTED_EDGE('',*,*,#17305,.F.);
#18064 = ORIENTED_EDGE('',*,*,#18058,.F.);
#18065 = CYLINDRICAL_SURFACE('',#18066,0.25);
#18066 = AXIS2_PLACEMENT_3D('',#18067,#18068,#18069);
#18067 = CARTESIAN_POINT('',(144.115,-100.19,-4.6E-02));
#18068 = DIRECTION('',(-0.,-0.,-1.));
#18069 = DIRECTION('',(-0.,-1.,0.));
#18070 = ADVANCED_FACE('',(#18071),#18082,.F.);
#18071 = FACE_BOUND('',#18072,.T.);
#18072 = EDGE_LOOP('',(#18073,#18074,#18080,#18081));
#18073 = ORIENTED_EDGE('',*,*,#16670,.T.);
#18074 = ORIENTED_EDGE('',*,*,#18075,.T.);
#18075 = EDGE_CURVE('',#16671,#17317,#18076,.T.);
#18076 = LINE('',#18077,#18078);
#18077 = CARTESIAN_POINT('',(144.664175,-99.114175,-4.6E-02));
#18078 = VECTOR('',#18079,1.);
#18079 = DIRECTION('',(0.,0.,1.));
#18080 = ORIENTED_EDGE('',*,*,#17316,.F.);
#18081 = ORIENTED_EDGE('',*,*,#18075,.F.);
#18082 = CYLINDRICAL_SURFACE('',#18083,0.25);
#18083 = AXIS2_PLACEMENT_3D('',#18084,#18085,#18086);
#18084 = CARTESIAN_POINT('',(144.664175,-98.864175,-4.6E-02));
#18085 = DIRECTION('',(-0.,-0.,-1.));
#18086 = DIRECTION('',(-0.,-1.,0.));
#18087 = ADVANCED_FACE('',(#18088),#18099,.F.);
#18088 = FACE_BOUND('',#18089,.T.);
#18089 = EDGE_LOOP('',(#18090,#18091,#18097,#18098));
#18090 = ORIENTED_EDGE('',*,*,#16681,.T.);
#18091 = ORIENTED_EDGE('',*,*,#18092,.T.);
#18092 = EDGE_CURVE('',#16682,#17328,#18093,.T.);
#18093 = LINE('',#18094,#18095);
#18094 = CARTESIAN_POINT('',(145.99,-102.315,-4.6E-02));
#18095 = VECTOR('',#18096,1.);
#18096 = DIRECTION('',(0.,0.,1.));
#18097 = ORIENTED_EDGE('',*,*,#17327,.F.);
#18098 = ORIENTED_EDGE('',*,*,#18092,.F.);
#18099 = CYLINDRICAL_SURFACE('',#18100,0.25);
#18100 = AXIS2_PLACEMENT_3D('',#18101,#18102,#18103);
#18101 = CARTESIAN_POINT('',(145.99,-102.065,-4.6E-02));
#18102 = DIRECTION('',(-0.,-0.,-1.));
#18103 = DIRECTION('',(-0.,-1.,0.));
#18104 = ADVANCED_FACE('',(#18105),#18116,.F.);
#18105 = FACE_BOUND('',#18106,.T.);
#18106 = EDGE_LOOP('',(#18107,#18108,#18114,#18115));
#18107 = ORIENTED_EDGE('',*,*,#16692,.T.);
#18108 = ORIENTED_EDGE('',*,*,#18109,.T.);
#18109 = EDGE_CURVE('',#16693,#17339,#18110,.T.);
#18110 = LINE('',#18111,#18112);
#18111 = CARTESIAN_POINT('',(147.315825,-101.765825,-4.6E-02));
#18112 = VECTOR('',#18113,1.);
#18113 = DIRECTION('',(0.,0.,1.));
#18114 = ORIENTED_EDGE('',*,*,#17338,.F.);
#18115 = ORIENTED_EDGE('',*,*,#18109,.F.);
#18116 = CYLINDRICAL_SURFACE('',#18117,0.25);
#18117 = AXIS2_PLACEMENT_3D('',#18118,#18119,#18120);
#18118 = CARTESIAN_POINT('',(147.315825,-101.515825,-4.6E-02));
#18119 = DIRECTION('',(-0.,-0.,-1.));
#18120 = DIRECTION('',(-0.,-1.,0.));
#18121 = ADVANCED_FACE('',(#18122),#18133,.F.);
#18122 = FACE_BOUND('',#18123,.T.);
#18123 = EDGE_LOOP('',(#18124,#18125,#18131,#18132));
#18124 = ORIENTED_EDGE('',*,*,#16703,.T.);
#18125 = ORIENTED_EDGE('',*,*,#18126,.T.);
#18126 = EDGE_CURVE('',#16704,#17350,#18127,.T.);
#18127 = LINE('',#18128,#18129);
#18128 = CARTESIAN_POINT('',(145.99,-101.44,-4.6E-02));
#18129 = VECTOR('',#18130,1.);
#18130 = DIRECTION('',(0.,0.,1.));
#18131 = ORIENTED_EDGE('',*,*,#17349,.F.);
#18132 = ORIENTED_EDGE('',*,*,#18126,.F.);
#18133 = CYLINDRICAL_SURFACE('',#18134,1.25);
#18134 = AXIS2_PLACEMENT_3D('',#18135,#18136,#18137);
#18135 = CARTESIAN_POINT('',(145.99,-100.19,-4.6E-02));
#18136 = DIRECTION('',(-0.,-0.,-1.));
#18137 = DIRECTION('',(-0.,-1.,0.));
#18138 = ADVANCED_FACE('',(#18139),#18150,.F.);
#18139 = FACE_BOUND('',#18140,.T.);
#18140 = EDGE_LOOP('',(#18141,#18142,#18148,#18149));
#18141 = ORIENTED_EDGE('',*,*,#16714,.T.);
#18142 = ORIENTED_EDGE('',*,*,#18143,.T.);
#18143 = EDGE_CURVE('',#16715,#17361,#18144,.T.);
#18144 = LINE('',#18145,#18146);
#18145 = CARTESIAN_POINT('',(147.865,-100.44,-4.6E-02));
#18146 = VECTOR('',#18147,1.);
#18147 = DIRECTION('',(0.,0.,1.));
#18148 = ORIENTED_EDGE('',*,*,#17360,.F.);
#18149 = ORIENTED_EDGE('',*,*,#18143,.F.);
#18150 = CYLINDRICAL_SURFACE('',#18151,0.25);
#18151 = AXIS2_PLACEMENT_3D('',#18152,#18153,#18154);
#18152 = CARTESIAN_POINT('',(147.865,-100.19,-4.6E-02));
#18153 = DIRECTION('',(-0.,-0.,-1.));
#18154 = DIRECTION('',(-0.,-1.,0.));
#18155 = ADVANCED_FACE('',(#18156),#18167,.F.);
#18156 = FACE_BOUND('',#18157,.T.);
#18157 = EDGE_LOOP('',(#18158,#18159,#18165,#18166));
#18158 = ORIENTED_EDGE('',*,*,#16725,.T.);
#18159 = ORIENTED_EDGE('',*,*,#18160,.T.);
#18160 = EDGE_CURVE('',#16726,#17372,#18161,.T.);
#18161 = LINE('',#18162,#18163);
#18162 = CARTESIAN_POINT('',(147.315825,-99.114175,-4.6E-02));
#18163 = VECTOR('',#18164,1.);
#18164 = DIRECTION('',(0.,0.,1.));
#18165 = ORIENTED_EDGE('',*,*,#17371,.F.);
#18166 = ORIENTED_EDGE('',*,*,#18160,.F.);
#18167 = CYLINDRICAL_SURFACE('',#18168,0.25);
#18168 = AXIS2_PLACEMENT_3D('',#18169,#18170,#18171);
#18169 = CARTESIAN_POINT('',(147.315825,-98.864175,-4.6E-02));
#18170 = DIRECTION('',(-0.,-0.,-1.));
#18171 = DIRECTION('',(-0.,-1.,0.));
#18172 = ADVANCED_FACE('',(#18173),#18184,.F.);
#18173 = FACE_BOUND('',#18174,.T.);
#18174 = EDGE_LOOP('',(#18175,#18176,#18182,#18183));
#18175 = ORIENTED_EDGE('',*,*,#16736,.T.);
#18176 = ORIENTED_EDGE('',*,*,#18177,.T.);
#18177 = EDGE_CURVE('',#16737,#17383,#18178,.T.);
#18178 = LINE('',#18179,#18180);
#18179 = CARTESIAN_POINT('',(144.725,-95.31,-4.6E-02));
#18180 = VECTOR('',#18181,1.);
#18181 = DIRECTION('',(0.,0.,1.));
#18182 = ORIENTED_EDGE('',*,*,#17382,.F.);
#18183 = ORIENTED_EDGE('',*,*,#18177,.F.);
#18184 = CYLINDRICAL_SURFACE('',#18185,0.5);
#18185 = AXIS2_PLACEMENT_3D('',#18186,#18187,#18188);
#18186 = CARTESIAN_POINT('',(144.725,-94.81,-4.6E-02));
#18187 = DIRECTION('',(-0.,-0.,-1.));
#18188 = DIRECTION('',(-0.,-1.,0.));
#18189 = ADVANCED_FACE('',(#18190),#18201,.F.);
#18190 = FACE_BOUND('',#18191,.T.);
#18191 = EDGE_LOOP('',(#18192,#18193,#18199,#18200));
#18192 = ORIENTED_EDGE('',*,*,#16747,.T.);
#18193 = ORIENTED_EDGE('',*,*,#18194,.T.);
#18194 = EDGE_CURVE('',#16748,#17394,#18195,.T.);
#18195 = LINE('',#18196,#18197);
#18196 = CARTESIAN_POINT('',(145.99,-98.565,-4.6E-02));
#18197 = VECTOR('',#18198,1.);
#18198 = DIRECTION('',(0.,0.,1.));
#18199 = ORIENTED_EDGE('',*,*,#17393,.F.);
#18200 = ORIENTED_EDGE('',*,*,#18194,.F.);
#18201 = CYLINDRICAL_SURFACE('',#18202,0.25);
#18202 = AXIS2_PLACEMENT_3D('',#18203,#18204,#18205);
#18203 = CARTESIAN_POINT('',(145.99,-98.315,-4.6E-02));
#18204 = DIRECTION('',(-0.,-0.,-1.));
#18205 = DIRECTION('',(-0.,-1.,0.));
#18206 = ADVANCED_FACE('',(#18207),#18218,.F.);
#18207 = FACE_BOUND('',#18208,.T.);
#18208 = EDGE_LOOP('',(#18209,#18210,#18216,#18217));
#18209 = ORIENTED_EDGE('',*,*,#16758,.T.);
#18210 = ORIENTED_EDGE('',*,*,#18211,.T.);
#18211 = EDGE_CURVE('',#16759,#17405,#18212,.T.);
#18212 = LINE('',#18213,#18214);
#18213 = CARTESIAN_POINT('',(147.265,-95.31,-4.6E-02));
#18214 = VECTOR('',#18215,1.);
#18215 = DIRECTION('',(0.,0.,1.));
#18216 = ORIENTED_EDGE('',*,*,#17404,.F.);
#18217 = ORIENTED_EDGE('',*,*,#18211,.F.);
#18218 = CYLINDRICAL_SURFACE('',#18219,0.5);
#18219 = AXIS2_PLACEMENT_3D('',#18220,#18221,#18222);
#18220 = CARTESIAN_POINT('',(147.265,-94.81,-4.6E-02));
#18221 = DIRECTION('',(-0.,-0.,-1.));
#18222 = DIRECTION('',(-0.,-1.,0.));
#18223 = ADVANCED_FACE('',(#18224),#18235,.F.);
#18224 = FACE_BOUND('',#18225,.T.);
#18225 = EDGE_LOOP('',(#18226,#18227,#18233,#18234));
#18226 = ORIENTED_EDGE('',*,*,#16769,.T.);
#18227 = ORIENTED_EDGE('',*,*,#18228,.T.);
#18228 = EDGE_CURVE('',#16770,#17416,#18229,.T.);
#18229 = LINE('',#18230,#18231);
#18230 = CARTESIAN_POINT('',(144.725,-92.77,-4.6E-02));
#18231 = VECTOR('',#18232,1.);
#18232 = DIRECTION('',(0.,0.,1.));
#18233 = ORIENTED_EDGE('',*,*,#17415,.F.);
#18234 = ORIENTED_EDGE('',*,*,#18228,.F.);
#18235 = CYLINDRICAL_SURFACE('',#18236,0.5);
#18236 = AXIS2_PLACEMENT_3D('',#18237,#18238,#18239);
#18237 = CARTESIAN_POINT('',(144.725,-92.27,-4.6E-02));
#18238 = DIRECTION('',(-0.,-0.,-1.));
#18239 = DIRECTION('',(-0.,-1.,0.));
#18240 = ADVANCED_FACE('',(#18241),#18252,.F.);
#18241 = FACE_BOUND('',#18242,.T.);
#18242 = EDGE_LOOP('',(#18243,#18244,#18250,#18251));
#18243 = ORIENTED_EDGE('',*,*,#16780,.T.);
#18244 = ORIENTED_EDGE('',*,*,#18245,.T.);
#18245 = EDGE_CURVE('',#16781,#17427,#18246,.T.);
#18246 = LINE('',#18247,#18248);
#18247 = CARTESIAN_POINT('',(147.265,-92.77,-4.6E-02));
#18248 = VECTOR('',#18249,1.);
#18249 = DIRECTION('',(0.,0.,1.));
#18250 = ORIENTED_EDGE('',*,*,#17426,.F.);
#18251 = ORIENTED_EDGE('',*,*,#18245,.F.);
#18252 = CYLINDRICAL_SURFACE('',#18253,0.5);
#18253 = AXIS2_PLACEMENT_3D('',#18254,#18255,#18256);
#18254 = CARTESIAN_POINT('',(147.265,-92.27,-4.6E-02));
#18255 = DIRECTION('',(-0.,-0.,-1.));
#18256 = DIRECTION('',(-0.,-1.,0.));
#18257 = ADVANCED_FACE('',(#18258),#18269,.F.);
#18258 = FACE_BOUND('',#18259,.T.);
#18259 = EDGE_LOOP('',(#18260,#18261,#18267,#18268));
#18260 = ORIENTED_EDGE('',*,*,#16791,.T.);
#18261 = ORIENTED_EDGE('',*,*,#18262,.T.);
#18262 = EDGE_CURVE('',#16792,#17438,#18263,.T.);
#18263 = LINE('',#18264,#18265);
#18264 = CARTESIAN_POINT('',(144.725,-90.23,-4.6E-02));
#18265 = VECTOR('',#18266,1.);
#18266 = DIRECTION('',(0.,0.,1.));
#18267 = ORIENTED_EDGE('',*,*,#17437,.F.);
#18268 = ORIENTED_EDGE('',*,*,#18262,.F.);
#18269 = CYLINDRICAL_SURFACE('',#18270,0.5);
#18270 = AXIS2_PLACEMENT_3D('',#18271,#18272,#18273);
#18271 = CARTESIAN_POINT('',(144.725,-89.73,-4.6E-02));
#18272 = DIRECTION('',(-0.,-0.,-1.));
#18273 = DIRECTION('',(-0.,-1.,0.));
#18274 = ADVANCED_FACE('',(#18275),#18286,.F.);
#18275 = FACE_BOUND('',#18276,.T.);
#18276 = EDGE_LOOP('',(#18277,#18278,#18284,#18285));
#18277 = ORIENTED_EDGE('',*,*,#16802,.T.);
#18278 = ORIENTED_EDGE('',*,*,#18279,.T.);
#18279 = EDGE_CURVE('',#16803,#17449,#18280,.T.);
#18280 = LINE('',#18281,#18282);
#18281 = CARTESIAN_POINT('',(147.265,-90.23,-4.6E-02));
#18282 = VECTOR('',#18283,1.);
#18283 = DIRECTION('',(0.,0.,1.));
#18284 = ORIENTED_EDGE('',*,*,#17448,.F.);
#18285 = ORIENTED_EDGE('',*,*,#18279,.F.);
#18286 = CYLINDRICAL_SURFACE('',#18287,0.5);
#18287 = AXIS2_PLACEMENT_3D('',#18288,#18289,#18290);
#18288 = CARTESIAN_POINT('',(147.265,-89.73,-4.6E-02));
#18289 = DIRECTION('',(-0.,-0.,-1.));
#18290 = DIRECTION('',(-0.,-1.,0.));
#18291 = ADVANCED_FACE('',(#18292),#18303,.F.);
#18292 = FACE_BOUND('',#18293,.T.);
#18293 = EDGE_LOOP('',(#18294,#18295,#18301,#18302));
#18294 = ORIENTED_EDGE('',*,*,#16813,.T.);
#18295 = ORIENTED_EDGE('',*,*,#18296,.T.);
#18296 = EDGE_CURVE('',#16814,#17460,#18297,.T.);
#18297 = LINE('',#18298,#18299);
#18298 = CARTESIAN_POINT('',(130.91,-80.826,-4.6E-02));
#18299 = VECTOR('',#18300,1.);
#18300 = DIRECTION('',(0.,0.,1.));
#18301 = ORIENTED_EDGE('',*,*,#17459,.F.);
#18302 = ORIENTED_EDGE('',*,*,#18296,.F.);
#18303 = CYLINDRICAL_SURFACE('',#18304,0.576);
#18304 = AXIS2_PLACEMENT_3D('',#18305,#18306,#18307);
#18305 = CARTESIAN_POINT('',(130.91,-80.25,-4.6E-02));
#18306 = DIRECTION('',(-0.,-0.,-1.));
#18307 = DIRECTION('',(-0.,-1.,0.));
#18308 = ADVANCED_FACE('',(#18309),#18320,.F.);
#18309 = FACE_BOUND('',#18310,.T.);
#18310 = EDGE_LOOP('',(#18311,#18312,#18318,#18319));
#18311 = ORIENTED_EDGE('',*,*,#16824,.T.);
#18312 = ORIENTED_EDGE('',*,*,#18313,.T.);
#18313 = EDGE_CURVE('',#16825,#17471,#18314,.T.);
#18314 = LINE('',#18315,#18316);
#18315 = CARTESIAN_POINT('',(129.99,-76.315,-4.6E-02));
#18316 = VECTOR('',#18317,1.);
#18317 = DIRECTION('',(0.,0.,1.));
#18318 = ORIENTED_EDGE('',*,*,#17470,.F.);
#18319 = ORIENTED_EDGE('',*,*,#18313,.F.);
#18320 = CYLINDRICAL_SURFACE('',#18321,0.25);
#18321 = AXIS2_PLACEMENT_3D('',#18322,#18323,#18324);
#18322 = CARTESIAN_POINT('',(129.99,-76.065,-4.6E-02));
#18323 = DIRECTION('',(-0.,-0.,-1.));
#18324 = DIRECTION('',(-0.,-1.,0.));
#18325 = ADVANCED_FACE('',(#18326),#18337,.F.);
#18326 = FACE_BOUND('',#18327,.T.);
#18327 = EDGE_LOOP('',(#18328,#18329,#18335,#18336));
#18328 = ORIENTED_EDGE('',*,*,#16835,.T.);
#18329 = ORIENTED_EDGE('',*,*,#18330,.T.);
#18330 = EDGE_CURVE('',#16836,#17482,#18331,.T.);
#18331 = LINE('',#18332,#18333);
#18332 = CARTESIAN_POINT('',(128.664175,-75.765825,-4.6E-02));
#18333 = VECTOR('',#18334,1.);
#18334 = DIRECTION('',(0.,0.,1.));
#18335 = ORIENTED_EDGE('',*,*,#17481,.F.);
#18336 = ORIENTED_EDGE('',*,*,#18330,.F.);
#18337 = CYLINDRICAL_SURFACE('',#18338,0.25);
#18338 = AXIS2_PLACEMENT_3D('',#18339,#18340,#18341);
#18339 = CARTESIAN_POINT('',(128.664175,-75.515825,-4.6E-02));
#18340 = DIRECTION('',(-0.,-0.,-1.));
#18341 = DIRECTION('',(-0.,-1.,0.));
#18342 = ADVANCED_FACE('',(#18343),#18354,.F.);
#18343 = FACE_BOUND('',#18344,.T.);
#18344 = EDGE_LOOP('',(#18345,#18346,#18352,#18353));
#18345 = ORIENTED_EDGE('',*,*,#16846,.T.);
#18346 = ORIENTED_EDGE('',*,*,#18347,.T.);
#18347 = EDGE_CURVE('',#16847,#17493,#18348,.T.);
#18348 = LINE('',#18349,#18350);
#18349 = CARTESIAN_POINT('',(128.115,-74.44,-4.6E-02));
#18350 = VECTOR('',#18351,1.);
#18351 = DIRECTION('',(0.,0.,1.));
#18352 = ORIENTED_EDGE('',*,*,#17492,.F.);
#18353 = ORIENTED_EDGE('',*,*,#18347,.F.);
#18354 = CYLINDRICAL_SURFACE('',#18355,0.25);
#18355 = AXIS2_PLACEMENT_3D('',#18356,#18357,#18358);
#18356 = CARTESIAN_POINT('',(128.115,-74.19,-4.6E-02));
#18357 = DIRECTION('',(-0.,-0.,-1.));
#18358 = DIRECTION('',(-0.,-1.,0.));
#18359 = ADVANCED_FACE('',(#18360),#18371,.F.);
#18360 = FACE_BOUND('',#18361,.T.);
#18361 = EDGE_LOOP('',(#18362,#18363,#18369,#18370));
#18362 = ORIENTED_EDGE('',*,*,#16857,.T.);
#18363 = ORIENTED_EDGE('',*,*,#18364,.T.);
#18364 = EDGE_CURVE('',#16858,#17504,#18365,.T.);
#18365 = LINE('',#18366,#18367);
#18366 = CARTESIAN_POINT('',(129.99,-75.44,-4.6E-02));
#18367 = VECTOR('',#18368,1.);
#18368 = DIRECTION('',(0.,0.,1.));
#18369 = ORIENTED_EDGE('',*,*,#17503,.F.);
#18370 = ORIENTED_EDGE('',*,*,#18364,.F.);
#18371 = CYLINDRICAL_SURFACE('',#18372,1.25);
#18372 = AXIS2_PLACEMENT_3D('',#18373,#18374,#18375);
#18373 = CARTESIAN_POINT('',(129.99,-74.19,-4.6E-02));
#18374 = DIRECTION('',(-0.,-0.,-1.));
#18375 = DIRECTION('',(-0.,-1.,0.));
#18376 = ADVANCED_FACE('',(#18377),#18388,.F.);
#18377 = FACE_BOUND('',#18378,.T.);
#18378 = EDGE_LOOP('',(#18379,#18380,#18386,#18387));
#18379 = ORIENTED_EDGE('',*,*,#16868,.T.);
#18380 = ORIENTED_EDGE('',*,*,#18381,.T.);
#18381 = EDGE_CURVE('',#16869,#17515,#18382,.T.);
#18382 = LINE('',#18383,#18384);
#18383 = CARTESIAN_POINT('',(128.664175,-73.114175,-4.6E-02));
#18384 = VECTOR('',#18385,1.);
#18385 = DIRECTION('',(0.,0.,1.));
#18386 = ORIENTED_EDGE('',*,*,#17514,.F.);
#18387 = ORIENTED_EDGE('',*,*,#18381,.F.);
#18388 = CYLINDRICAL_SURFACE('',#18389,0.25);
#18389 = AXIS2_PLACEMENT_3D('',#18390,#18391,#18392);
#18390 = CARTESIAN_POINT('',(128.664175,-72.864175,-4.6E-02));
#18391 = DIRECTION('',(-0.,-0.,-1.));
#18392 = DIRECTION('',(-0.,-1.,0.));
#18393 = ADVANCED_FACE('',(#18394),#18405,.F.);
#18394 = FACE_BOUND('',#18395,.T.);
#18395 = EDGE_LOOP('',(#18396,#18397,#18403,#18404));
#18396 = ORIENTED_EDGE('',*,*,#16879,.T.);
#18397 = ORIENTED_EDGE('',*,*,#18398,.T.);
#18398 = EDGE_CURVE('',#16880,#17526,#18399,.T.);
#18399 = LINE('',#18400,#18401);
#18400 = CARTESIAN_POINT('',(129.99,-72.565,-4.6E-02));
#18401 = VECTOR('',#18402,1.);
#18402 = DIRECTION('',(0.,0.,1.));
#18403 = ORIENTED_EDGE('',*,*,#17525,.F.);
#18404 = ORIENTED_EDGE('',*,*,#18398,.F.);
#18405 = CYLINDRICAL_SURFACE('',#18406,0.25);
#18406 = AXIS2_PLACEMENT_3D('',#18407,#18408,#18409);
#18407 = CARTESIAN_POINT('',(129.99,-72.315,-4.6E-02));
#18408 = DIRECTION('',(-0.,-0.,-1.));
#18409 = DIRECTION('',(-0.,-1.,0.));
#18410 = ADVANCED_FACE('',(#18411),#18422,.F.);
#18411 = FACE_BOUND('',#18412,.T.);
#18412 = EDGE_LOOP('',(#18413,#18414,#18420,#18421));
#18413 = ORIENTED_EDGE('',*,*,#16890,.T.);
#18414 = ORIENTED_EDGE('',*,*,#18415,.T.);
#18415 = EDGE_CURVE('',#16891,#17537,#18416,.T.);
#18416 = LINE('',#18417,#18418);
#18417 = CARTESIAN_POINT('',(131.315825,-75.765825,-4.6E-02));
#18418 = VECTOR('',#18419,1.);
#18419 = DIRECTION('',(0.,0.,1.));
#18420 = ORIENTED_EDGE('',*,*,#17536,.F.);
#18421 = ORIENTED_EDGE('',*,*,#18415,.F.);
#18422 = CYLINDRICAL_SURFACE('',#18423,0.25);
#18423 = AXIS2_PLACEMENT_3D('',#18424,#18425,#18426);
#18424 = CARTESIAN_POINT('',(131.315825,-75.515825,-4.6E-02));
#18425 = DIRECTION('',(-0.,-0.,-1.));
#18426 = DIRECTION('',(-0.,-1.,0.));
#18427 = ADVANCED_FACE('',(#18428),#18439,.F.);
#18428 = FACE_BOUND('',#18429,.T.);
#18429 = EDGE_LOOP('',(#18430,#18431,#18437,#18438));
#18430 = ORIENTED_EDGE('',*,*,#16901,.T.);
#18431 = ORIENTED_EDGE('',*,*,#18432,.T.);
#18432 = EDGE_CURVE('',#16902,#17548,#18433,.T.);
#18433 = LINE('',#18434,#18435);
#18434 = CARTESIAN_POINT('',(131.865,-74.44,-4.6E-02));
#18435 = VECTOR('',#18436,1.);
#18436 = DIRECTION('',(0.,0.,1.));
#18437 = ORIENTED_EDGE('',*,*,#17547,.F.);
#18438 = ORIENTED_EDGE('',*,*,#18432,.F.);
#18439 = CYLINDRICAL_SURFACE('',#18440,0.25);
#18440 = AXIS2_PLACEMENT_3D('',#18441,#18442,#18443);
#18441 = CARTESIAN_POINT('',(131.865,-74.19,-4.6E-02));
#18442 = DIRECTION('',(-0.,-0.,-1.));
#18443 = DIRECTION('',(-0.,-1.,0.));
#18444 = ADVANCED_FACE('',(#18445),#18456,.F.);
#18445 = FACE_BOUND('',#18446,.T.);
#18446 = EDGE_LOOP('',(#18447,#18448,#18454,#18455));
#18447 = ORIENTED_EDGE('',*,*,#16912,.T.);
#18448 = ORIENTED_EDGE('',*,*,#18449,.T.);
#18449 = EDGE_CURVE('',#16913,#17559,#18450,.T.);
#18450 = LINE('',#18451,#18452);
#18451 = CARTESIAN_POINT('',(131.315825,-73.114175,-4.6E-02));
#18452 = VECTOR('',#18453,1.);
#18453 = DIRECTION('',(0.,0.,1.));
#18454 = ORIENTED_EDGE('',*,*,#17558,.F.);
#18455 = ORIENTED_EDGE('',*,*,#18449,.F.);
#18456 = CYLINDRICAL_SURFACE('',#18457,0.25);
#18457 = AXIS2_PLACEMENT_3D('',#18458,#18459,#18460);
#18458 = CARTESIAN_POINT('',(131.315825,-72.864175,-4.6E-02));
#18459 = DIRECTION('',(-0.,-0.,-1.));
#18460 = DIRECTION('',(-0.,-1.,0.));
#18461 = ADVANCED_FACE('',(#18462),#18473,.F.);
#18462 = FACE_BOUND('',#18463,.T.);
#18463 = EDGE_LOOP('',(#18464,#18465,#18471,#18472));
#18464 = ORIENTED_EDGE('',*,*,#16923,.T.);
#18465 = ORIENTED_EDGE('',*,*,#18466,.T.);
#18466 = EDGE_CURVE('',#16924,#17570,#18467,.T.);
#18467 = LINE('',#18468,#18469);
#18468 = CARTESIAN_POINT('',(144.725,-87.69,-4.6E-02));
#18469 = VECTOR('',#18470,1.);
#18470 = DIRECTION('',(0.,0.,1.));
#18471 = ORIENTED_EDGE('',*,*,#17569,.F.);
#18472 = ORIENTED_EDGE('',*,*,#18466,.F.);
#18473 = CYLINDRICAL_SURFACE('',#18474,0.5);
#18474 = AXIS2_PLACEMENT_3D('',#18475,#18476,#18477);
#18475 = CARTESIAN_POINT('',(144.725,-87.19,-4.6E-02));
#18476 = DIRECTION('',(-0.,-0.,-1.));
#18477 = DIRECTION('',(-0.,-1.,0.));
#18478 = ADVANCED_FACE('',(#18479),#18490,.F.);
#18479 = FACE_BOUND('',#18480,.T.);
#18480 = EDGE_LOOP('',(#18481,#18482,#18488,#18489));
#18481 = ORIENTED_EDGE('',*,*,#16934,.T.);
#18482 = ORIENTED_EDGE('',*,*,#18483,.T.);
#18483 = EDGE_CURVE('',#16935,#17581,#18484,.T.);
#18484 = LINE('',#18485,#18486);
#18485 = CARTESIAN_POINT('',(144.725,-85.15,-4.6E-02));
#18486 = VECTOR('',#18487,1.);
#18487 = DIRECTION('',(0.,0.,1.));
#18488 = ORIENTED_EDGE('',*,*,#17580,.F.);
#18489 = ORIENTED_EDGE('',*,*,#18483,.F.);
#18490 = CYLINDRICAL_SURFACE('',#18491,0.5);
#18491 = AXIS2_PLACEMENT_3D('',#18492,#18493,#18494);
#18492 = CARTESIAN_POINT('',(144.725,-84.65,-4.6E-02));
#18493 = DIRECTION('',(-0.,-0.,-1.));
#18494 = DIRECTION('',(-0.,-1.,0.));
#18495 = ADVANCED_FACE('',(#18496),#18507,.F.);
#18496 = FACE_BOUND('',#18497,.T.);
#18497 = EDGE_LOOP('',(#18498,#18499,#18505,#18506));
#18498 = ORIENTED_EDGE('',*,*,#16945,.T.);
#18499 = ORIENTED_EDGE('',*,*,#18500,.T.);
#18500 = EDGE_CURVE('',#16946,#17592,#18501,.T.);
#18501 = LINE('',#18502,#18503);
#18502 = CARTESIAN_POINT('',(147.265,-87.69,-4.6E-02));
#18503 = VECTOR('',#18504,1.);
#18504 = DIRECTION('',(0.,0.,1.));
#18505 = ORIENTED_EDGE('',*,*,#17591,.F.);
#18506 = ORIENTED_EDGE('',*,*,#18500,.F.);
#18507 = CYLINDRICAL_SURFACE('',#18508,0.5);
#18508 = AXIS2_PLACEMENT_3D('',#18509,#18510,#18511);
#18509 = CARTESIAN_POINT('',(147.265,-87.19,-4.6E-02));
#18510 = DIRECTION('',(-0.,-0.,-1.));
#18511 = DIRECTION('',(-0.,-1.,0.));
#18512 = ADVANCED_FACE('',(#18513),#18524,.F.);
#18513 = FACE_BOUND('',#18514,.T.);
#18514 = EDGE_LOOP('',(#18515,#18516,#18522,#18523));
#18515 = ORIENTED_EDGE('',*,*,#16956,.T.);
#18516 = ORIENTED_EDGE('',*,*,#18517,.T.);
#18517 = EDGE_CURVE('',#16957,#17603,#18518,.T.);
#18518 = LINE('',#18519,#18520);
#18519 = CARTESIAN_POINT('',(147.265,-85.15,-4.6E-02));
#18520 = VECTOR('',#18521,1.);
#18521 = DIRECTION('',(0.,0.,1.));
#18522 = ORIENTED_EDGE('',*,*,#17602,.F.);
#18523 = ORIENTED_EDGE('',*,*,#18517,.F.);
#18524 = CYLINDRICAL_SURFACE('',#18525,0.5);
#18525 = AXIS2_PLACEMENT_3D('',#18526,#18527,#18528);
#18526 = CARTESIAN_POINT('',(147.265,-84.65,-4.6E-02));
#18527 = DIRECTION('',(-0.,-0.,-1.));
#18528 = DIRECTION('',(-0.,-1.,0.));
#18529 = ADVANCED_FACE('',(#18530),#18541,.F.);
#18530 = FACE_BOUND('',#18531,.T.);
#18531 = EDGE_LOOP('',(#18532,#18533,#18539,#18540));
#18532 = ORIENTED_EDGE('',*,*,#16967,.T.);
#18533 = ORIENTED_EDGE('',*,*,#18534,.T.);
#18534 = EDGE_CURVE('',#16968,#17614,#18535,.T.);
#18535 = LINE('',#18536,#18537);
#18536 = CARTESIAN_POINT('',(144.725,-82.61,-4.6E-02));
#18537 = VECTOR('',#18538,1.);
#18538 = DIRECTION('',(0.,0.,1.));
#18539 = ORIENTED_EDGE('',*,*,#17613,.F.);
#18540 = ORIENTED_EDGE('',*,*,#18534,.F.);
#18541 = CYLINDRICAL_SURFACE('',#18542,0.5);
#18542 = AXIS2_PLACEMENT_3D('',#18543,#18544,#18545);
#18543 = CARTESIAN_POINT('',(144.725,-82.11,-4.6E-02));
#18544 = DIRECTION('',(-0.,-0.,-1.));
#18545 = DIRECTION('',(-0.,-1.,0.));
#18546 = ADVANCED_FACE('',(#18547),#18558,.F.);
#18547 = FACE_BOUND('',#18548,.T.);
#18548 = EDGE_LOOP('',(#18549,#18550,#18556,#18557));
#18549 = ORIENTED_EDGE('',*,*,#16978,.T.);
#18550 = ORIENTED_EDGE('',*,*,#18551,.T.);
#18551 = EDGE_CURVE('',#16979,#17625,#18552,.T.);
#18552 = LINE('',#18553,#18554);
#18553 = CARTESIAN_POINT('',(147.265,-82.61,-4.6E-02));
#18554 = VECTOR('',#18555,1.);
#18555 = DIRECTION('',(0.,0.,1.));
#18556 = ORIENTED_EDGE('',*,*,#17624,.F.);
#18557 = ORIENTED_EDGE('',*,*,#18551,.F.);
#18558 = CYLINDRICAL_SURFACE('',#18559,0.5);
#18559 = AXIS2_PLACEMENT_3D('',#18560,#18561,#18562);
#18560 = CARTESIAN_POINT('',(147.265,-82.11,-4.6E-02));
#18561 = DIRECTION('',(-0.,-0.,-1.));
#18562 = DIRECTION('',(-0.,-1.,0.));
#18563 = ADVANCED_FACE('',(#18564),#18575,.F.);
#18564 = FACE_BOUND('',#18565,.T.);
#18565 = EDGE_LOOP('',(#18566,#18567,#18573,#18574));
#18566 = ORIENTED_EDGE('',*,*,#16989,.T.);
#18567 = ORIENTED_EDGE('',*,*,#18568,.T.);
#18568 = EDGE_CURVE('',#16990,#17636,#18569,.T.);
#18569 = LINE('',#18570,#18571);
#18570 = CARTESIAN_POINT('',(141.9,-76.056,-4.6E-02));
#18571 = VECTOR('',#18572,1.);
#18572 = DIRECTION('',(0.,0.,1.));
#18573 = ORIENTED_EDGE('',*,*,#17635,.F.);
#18574 = ORIENTED_EDGE('',*,*,#18568,.F.);
#18575 = CYLINDRICAL_SURFACE('',#18576,0.576);
#18576 = AXIS2_PLACEMENT_3D('',#18577,#18578,#18579);
#18577 = CARTESIAN_POINT('',(141.9,-75.48,-4.6E-02));
#18578 = DIRECTION('',(-0.,-0.,-1.));
#18579 = DIRECTION('',(-0.,-1.,0.));
#18580 = ADVANCED_FACE('',(#18581),#18592,.F.);
#18581 = FACE_BOUND('',#18582,.T.);
#18582 = EDGE_LOOP('',(#18583,#18584,#18590,#18591));
#18583 = ORIENTED_EDGE('',*,*,#17000,.T.);
#18584 = ORIENTED_EDGE('',*,*,#18585,.T.);
#18585 = EDGE_CURVE('',#17001,#17647,#18586,.T.);
#18586 = LINE('',#18587,#18588);
#18587 = CARTESIAN_POINT('',(144.725,-80.07,-4.6E-02));
#18588 = VECTOR('',#18589,1.);
#18589 = DIRECTION('',(0.,0.,1.));
#18590 = ORIENTED_EDGE('',*,*,#17646,.F.);
#18591 = ORIENTED_EDGE('',*,*,#18585,.F.);
#18592 = CYLINDRICAL_SURFACE('',#18593,0.5);
#18593 = AXIS2_PLACEMENT_3D('',#18594,#18595,#18596);
#18594 = CARTESIAN_POINT('',(144.725,-79.57,-4.6E-02));
#18595 = DIRECTION('',(-0.,-0.,-1.));
#18596 = DIRECTION('',(-0.,-1.,0.));
#18597 = ADVANCED_FACE('',(#18598),#18609,.F.);
#18598 = FACE_BOUND('',#18599,.T.);
#18599 = EDGE_LOOP('',(#18600,#18601,#18607,#18608));
#18600 = ORIENTED_EDGE('',*,*,#17011,.T.);
#18601 = ORIENTED_EDGE('',*,*,#18602,.T.);
#18602 = EDGE_CURVE('',#17012,#17658,#18603,.T.);
#18603 = LINE('',#18604,#18605);
#18604 = CARTESIAN_POINT('',(147.265,-80.07,-4.6E-02));
#18605 = VECTOR('',#18606,1.);
#18606 = DIRECTION('',(0.,0.,1.));
#18607 = ORIENTED_EDGE('',*,*,#17657,.F.);
#18608 = ORIENTED_EDGE('',*,*,#18602,.F.);
#18609 = CYLINDRICAL_SURFACE('',#18610,0.5);
#18610 = AXIS2_PLACEMENT_3D('',#18611,#18612,#18613);
#18611 = CARTESIAN_POINT('',(147.265,-79.57,-4.6E-02));
#18612 = DIRECTION('',(-0.,-0.,-1.));
#18613 = DIRECTION('',(-0.,-1.,0.));
#18614 = ADVANCED_FACE('',(#18615),#18626,.F.);
#18615 = FACE_BOUND('',#18616,.T.);
#18616 = EDGE_LOOP('',(#18617,#18618,#18624,#18625));
#18617 = ORIENTED_EDGE('',*,*,#17022,.T.);
#18618 = ORIENTED_EDGE('',*,*,#18619,.T.);
#18619 = EDGE_CURVE('',#17023,#17669,#18620,.T.);
#18620 = LINE('',#18621,#18622);
#18621 = CARTESIAN_POINT('',(145.99,-76.315,-4.6E-02));
#18622 = VECTOR('',#18623,1.);
#18623 = DIRECTION('',(0.,0.,1.));
#18624 = ORIENTED_EDGE('',*,*,#17668,.F.);
#18625 = ORIENTED_EDGE('',*,*,#18619,.F.);
#18626 = CYLINDRICAL_SURFACE('',#18627,0.25);
#18627 = AXIS2_PLACEMENT_3D('',#18628,#18629,#18630);
#18628 = CARTESIAN_POINT('',(145.99,-76.065,-4.6E-02));
#18629 = DIRECTION('',(-0.,-0.,-1.));
#18630 = DIRECTION('',(-0.,-1.,0.));
#18631 = ADVANCED_FACE('',(#18632),#18643,.F.);
#18632 = FACE_BOUND('',#18633,.T.);
#18633 = EDGE_LOOP('',(#18634,#18635,#18641,#18642));
#18634 = ORIENTED_EDGE('',*,*,#17033,.T.);
#18635 = ORIENTED_EDGE('',*,*,#18636,.T.);
#18636 = EDGE_CURVE('',#17034,#17680,#18637,.T.);
#18637 = LINE('',#18638,#18639);
#18638 = CARTESIAN_POINT('',(144.115,-74.44,-4.6E-02));
#18639 = VECTOR('',#18640,1.);
#18640 = DIRECTION('',(0.,0.,1.));
#18641 = ORIENTED_EDGE('',*,*,#17679,.F.);
#18642 = ORIENTED_EDGE('',*,*,#18636,.F.);
#18643 = CYLINDRICAL_SURFACE('',#18644,0.25);
#18644 = AXIS2_PLACEMENT_3D('',#18645,#18646,#18647);
#18645 = CARTESIAN_POINT('',(144.115,-74.19,-4.6E-02));
#18646 = DIRECTION('',(-0.,-0.,-1.));
#18647 = DIRECTION('',(-0.,-1.,0.));
#18648 = ADVANCED_FACE('',(#18649),#18660,.F.);
#18649 = FACE_BOUND('',#18650,.T.);
#18650 = EDGE_LOOP('',(#18651,#18652,#18658,#18659));
#18651 = ORIENTED_EDGE('',*,*,#17044,.T.);
#18652 = ORIENTED_EDGE('',*,*,#18653,.T.);
#18653 = EDGE_CURVE('',#17045,#17691,#18654,.T.);
#18654 = LINE('',#18655,#18656);
#18655 = CARTESIAN_POINT('',(144.664175,-75.765825,-4.6E-02));
#18656 = VECTOR('',#18657,1.);
#18657 = DIRECTION('',(0.,0.,1.));
#18658 = ORIENTED_EDGE('',*,*,#17690,.F.);
#18659 = ORIENTED_EDGE('',*,*,#18653,.F.);
#18660 = CYLINDRICAL_SURFACE('',#18661,0.25);
#18661 = AXIS2_PLACEMENT_3D('',#18662,#18663,#18664);
#18662 = CARTESIAN_POINT('',(144.664175,-75.515825,-4.6E-02));
#18663 = DIRECTION('',(-0.,-0.,-1.));
#18664 = DIRECTION('',(-0.,-1.,0.));
#18665 = ADVANCED_FACE('',(#18666),#18677,.F.);
#18666 = FACE_BOUND('',#18667,.T.);
#18667 = EDGE_LOOP('',(#18668,#18669,#18675,#18676));
#18668 = ORIENTED_EDGE('',*,*,#17055,.T.);
#18669 = ORIENTED_EDGE('',*,*,#18670,.T.);
#18670 = EDGE_CURVE('',#17056,#17702,#18671,.T.);
#18671 = LINE('',#18672,#18673);
#18672 = CARTESIAN_POINT('',(144.664175,-73.114175,-4.6E-02));
#18673 = VECTOR('',#18674,1.);
#18674 = DIRECTION('',(0.,0.,1.));
#18675 = ORIENTED_EDGE('',*,*,#17701,.F.);
#18676 = ORIENTED_EDGE('',*,*,#18670,.F.);
#18677 = CYLINDRICAL_SURFACE('',#18678,0.25);
#18678 = AXIS2_PLACEMENT_3D('',#18679,#18680,#18681);
#18679 = CARTESIAN_POINT('',(144.664175,-72.864175,-4.6E-02));
#18680 = DIRECTION('',(-0.,-0.,-1.));
#18681 = DIRECTION('',(-0.,-1.,0.));
#18682 = ADVANCED_FACE('',(#18683),#18694,.F.);
#18683 = FACE_BOUND('',#18684,.T.);
#18684 = EDGE_LOOP('',(#18685,#18686,#18692,#18693));
#18685 = ORIENTED_EDGE('',*,*,#17066,.T.);
#18686 = ORIENTED_EDGE('',*,*,#18687,.T.);
#18687 = EDGE_CURVE('',#17067,#17713,#18688,.T.);
#18688 = LINE('',#18689,#18690);
#18689 = CARTESIAN_POINT('',(145.99,-75.44,-4.6E-02));
#18690 = VECTOR('',#18691,1.);
#18691 = DIRECTION('',(0.,0.,1.));
#18692 = ORIENTED_EDGE('',*,*,#17712,.F.);
#18693 = ORIENTED_EDGE('',*,*,#18687,.F.);
#18694 = CYLINDRICAL_SURFACE('',#18695,1.25);
#18695 = AXIS2_PLACEMENT_3D('',#18696,#18697,#18698);
#18696 = CARTESIAN_POINT('',(145.99,-74.19,-4.6E-02));
#18697 = DIRECTION('',(-0.,-0.,-1.));
#18698 = DIRECTION('',(-0.,-1.,0.));
#18699 = ADVANCED_FACE('',(#18700),#18711,.F.);
#18700 = FACE_BOUND('',#18701,.T.);
#18701 = EDGE_LOOP('',(#18702,#18703,#18709,#18710));
#18702 = ORIENTED_EDGE('',*,*,#17077,.T.);
#18703 = ORIENTED_EDGE('',*,*,#18704,.T.);
#18704 = EDGE_CURVE('',#17078,#17724,#18705,.T.);
#18705 = LINE('',#18706,#18707);
#18706 = CARTESIAN_POINT('',(147.315825,-75.765825,-4.6E-02));
#18707 = VECTOR('',#18708,1.);
#18708 = DIRECTION('',(0.,0.,1.));
#18709 = ORIENTED_EDGE('',*,*,#17723,.F.);
#18710 = ORIENTED_EDGE('',*,*,#18704,.F.);
#18711 = CYLINDRICAL_SURFACE('',#18712,0.25);
#18712 = AXIS2_PLACEMENT_3D('',#18713,#18714,#18715);
#18713 = CARTESIAN_POINT('',(147.315825,-75.515825,-4.6E-02));
#18714 = DIRECTION('',(-0.,-0.,-1.));
#18715 = DIRECTION('',(-0.,-1.,0.));
#18716 = ADVANCED_FACE('',(#18717),#18728,.F.);
#18717 = FACE_BOUND('',#18718,.T.);
#18718 = EDGE_LOOP('',(#18719,#18720,#18726,#18727));
#18719 = ORIENTED_EDGE('',*,*,#17088,.T.);
#18720 = ORIENTED_EDGE('',*,*,#18721,.T.);
#18721 = EDGE_CURVE('',#17089,#17735,#18722,.T.);
#18722 = LINE('',#18723,#18724);
#18723 = CARTESIAN_POINT('',(147.865,-74.44,-4.6E-02));
#18724 = VECTOR('',#18725,1.);
#18725 = DIRECTION('',(0.,0.,1.));
#18726 = ORIENTED_EDGE('',*,*,#17734,.F.);
#18727 = ORIENTED_EDGE('',*,*,#18721,.F.);
#18728 = CYLINDRICAL_SURFACE('',#18729,0.25);
#18729 = AXIS2_PLACEMENT_3D('',#18730,#18731,#18732);
#18730 = CARTESIAN_POINT('',(147.865,-74.19,-4.6E-02));
#18731 = DIRECTION('',(-0.,-0.,-1.));
#18732 = DIRECTION('',(-0.,-1.,0.));
#18733 = ADVANCED_FACE('',(#18734),#18745,.F.);
#18734 = FACE_BOUND('',#18735,.T.);
#18735 = EDGE_LOOP('',(#18736,#18737,#18743,#18744));
#18736 = ORIENTED_EDGE('',*,*,#17099,.T.);
#18737 = ORIENTED_EDGE('',*,*,#18738,.T.);
#18738 = EDGE_CURVE('',#17100,#17746,#18739,.T.);
#18739 = LINE('',#18740,#18741);
#18740 = CARTESIAN_POINT('',(145.99,-72.565,-4.6E-02));
#18741 = VECTOR('',#18742,1.);
#18742 = DIRECTION('',(0.,0.,1.));
#18743 = ORIENTED_EDGE('',*,*,#17745,.F.);
#18744 = ORIENTED_EDGE('',*,*,#18738,.F.);
#18745 = CYLINDRICAL_SURFACE('',#18746,0.25);
#18746 = AXIS2_PLACEMENT_3D('',#18747,#18748,#18749);
#18747 = CARTESIAN_POINT('',(145.99,-72.315,-4.6E-02));
#18748 = DIRECTION('',(-0.,-0.,-1.));
#18749 = DIRECTION('',(-0.,-1.,0.));
#18750 = ADVANCED_FACE('',(#18751),#18762,.F.);
#18751 = FACE_BOUND('',#18752,.T.);
#18752 = EDGE_LOOP('',(#18753,#18754,#18760,#18761));
#18753 = ORIENTED_EDGE('',*,*,#17110,.T.);
#18754 = ORIENTED_EDGE('',*,*,#18755,.T.);
#18755 = EDGE_CURVE('',#17111,#17757,#18756,.T.);
#18756 = LINE('',#18757,#18758);
#18757 = CARTESIAN_POINT('',(147.315825,-73.114175,-4.6E-02));
#18758 = VECTOR('',#18759,1.);
#18759 = DIRECTION('',(0.,0.,1.));
#18760 = ORIENTED_EDGE('',*,*,#17756,.F.);
#18761 = ORIENTED_EDGE('',*,*,#18755,.F.);
#18762 = CYLINDRICAL_SURFACE('',#18763,0.25);
#18763 = AXIS2_PLACEMENT_3D('',#18764,#18765,#18766);
#18764 = CARTESIAN_POINT('',(147.315825,-72.864175,-4.6E-02));
#18765 = DIRECTION('',(-0.,-0.,-1.));
#18766 = DIRECTION('',(-0.,-1.,0.));
#18767 = ( GEOMETRIC_REPRESENTATION_CONTEXT(3) 
GLOBAL_UNCERTAINTY_ASSIGNED_CONTEXT((#18771)) 
GLOBAL_UNIT_ASSIGNED_CONTEXT((#18768,#18769,#18770)) 
REPRESENTATION_CONTEXT('Context #1',
  '3D Context with UNIT and UNCERTAINTY') );
#18768 = ( LENGTH_UNIT() NAMED_UNIT(*) SI_UNIT(.MILLI.,.METRE.) );
#18769 = ( NAMED_UNIT(*) PLANE_ANGLE_UNIT() SI_UNIT($,.RADIAN.) );
#18770 = ( NAMED_UNIT(*) SI_UNIT($,.STERADIAN.) SOLID_ANGLE_UNIT() );
#18771 = UNCERTAINTY_MEASURE_WITH_UNIT(LENGTH_MEASURE(1.E-07),#18768,
  'distance_accuracy_value','confusion accuracy');
#18772 = CONTEXT_DEPENDENT_SHAPE_REPRESENTATION(#18773,#18775);
#18773 = ( REPRESENTATION_RELATIONSHIP('','',#16370,#10) 
REPRESENTATION_RELATIONSHIP_WITH_TRANSFORMATION(#18774) 
SHAPE_REPRESENTATION_RELATIONSHIP() );
#18774 = ITEM_DEFINED_TRANSFORMATION('','',#11,#31);
#18775 = PRODUCT_DEFINITION_SHAPE('Placement','Placement of an item',
  #18776);
#18776 = NEXT_ASSEMBLY_USAGE_OCCURRENCE('5','=>[0:1:1:5]','',#5,#16365,$
  );
#18777 = PRODUCT_RELATED_PRODUCT_CATEGORY('part',$,(#16367));
#18778 = MECHANICAL_DESIGN_GEOMETRIC_PRESENTATION_REPRESENTATION('',(
    #18779),#18767);
#18779 = STYLED_ITEM('color',(#18780),#16371);
#18780 = PRESENTATION_STYLE_ASSIGNMENT((#18781));
#18781 = SURFACE_STYLE_USAGE(.BOTH.,#18782);
#18782 = SURFACE_SIDE_STYLE('',(#18783));
#18783 = SURFACE_STYLE_FILL_AREA(#18784);
#18784 = FILL_AREA_STYLE('',(#18785));
#18785 = FILL_AREA_STYLE_COLOUR('',#18786);
#18786 = COLOUR_RGB('',0.313304153717,0.484529207832,0.410020903123);
ENDSEC;
END-ISO-10303-21;
