idx,ts [ms],Angle from ABI [°],Angle from SPI [°], Angle Linear [°], Angle Harmonic [°]
0,0,156.4375,156.3135,158.8508,161.4167
1,2,157.3125,157.0386,159.9520,160.5259
2,4,157.3125,157.4121,159.9520,160.5259
3,6,157.5000,156.8848,160.1880,160.3329
4,8,157.8438,157.5659,160.5528,159.9770
5,10,156.9688,156.9067,159.5194,160.8781
6,12,156.6094,155.9839,159.0671,161.2432
7,14,156.7969,156.4893,159.3031,161.0534
8,16,156.4375,156.1597,158.8508,161.4167
9,18,156.7969,156.3135,159.3031,161.0534
10,20,156.7969,156.6211,159.3031,161.0534
11,22,156.7969,156.2915,159.3031,161.0534
12,24,157.3125,157.0166,159.9520,160.5259
13,26,157.3125,156.9946,159.9520,160.5259
14,28,157.3125,156.8188,159.9520,160.5259
15,30,156.9688,156.5332,159.5194,160.8781
16,32,156.7969,156.6211,159.3031,161.0534
17,34,156.6094,156.0938,159.0671,161.2432
18,36,156.4375,156.3574,158.8508,161.4167
19,38,156.6094,156.5991,159.0671,161.2432
20,40,156.4375,156.3574,158.8508,161.4167
21,42,156.7969,156.3135,159.3031,161.0534
22,44,156.9688,156.5332,159.5194,160.8781
23,46,156.6094,156.3354,159.0671,161.2432
24,48,156.6094,156.3354,159.0671,161.2432
25,50,156.4375,155.8960,158.8508,161.4167
26,52,156.2656,156.3794,158.6345,161.5890
27,54,156.2656,156.1157,158.6345,161.5890
28,56,156.2656,155.8960,158.6345,161.5890
29,58,156.0938,155.9839,158.4182,161.7607
30,60,156.4375,155.8740,158.8508,161.4167
31,62,156.2656,156.0938,158.6345,161.5890
32,64,156.2656,156.1597,158.6345,161.5890
33,66,156.2656,156.0718,158.6345,161.5890
34,68,156.0938,155.7422,158.4182,161.7607
35,70,155.9062,155.4126,158.1822,161.9465
36,72,155.5625,155.5005,157.7496,162.2840
37,74,155.7344,155.6104,157.9659,162.1160
38,76,155.7344,155.4565,157.9659,162.1160
39,78,155.7344,155.5225,157.9659,162.1160
40,80,155.5625,155.5225,157.7496,162.2840
41,82,155.5625,155.3687,157.7496,162.2840
42,84,155.3906,155.0391,157.5333,162.4513
43,86,155.3906,155.2808,157.5333,162.4513
44,88,155.2031,154.9951,157.2973,162.6319
45,90,155.2031,154.8853,157.2973,162.6319
46,92,155.2031,154.8193,157.2973,162.6319
47,94,154.8594,154.7754,156.8647,162.9595
48,96,155.2031,154.8633,157.2973,162.6319
49,98,155.0312,154.6436,157.0810,162.7965
50,100,155.0312,154.9512,157.0810,162.7965
51,102,154.6875,154.2261,156.6484,163.1214
52,104,154.6875,154.2480,156.6484,163.1214
53,106,154.5000,154.0942,156.4125,163.2960
54,108,154.1562,154.0723,155.9798,163.6118
55,110,154.1562,153.6108,155.9798,163.6118
56,112,154.1562,153.8745,155.9798,163.6118
57,114,153.7969,153.8745,155.5276,163.9350
58,116,153.9844,153.5669,155.7635,163.7675
59,118,153.7969,153.5669,155.5276,163.9350
60,120,153.6250,153.5010,155.3113,164.0871
61,122,153.4531,153.0835,155.0950,164.2373
62,124,153.2812,153.1494,154.8786,164.3859
63,126,153.0938,153.0396,154.6427,164.5455
64,128,153.0938,153.1055,154.6427,164.5455
65,130,153.0938,152.8857,154.6427,164.5455
66,132,152.9219,152.9956,154.4264,164.6901
67,134,152.7500,152.5562,154.2101,164.8325
68,136,152.7500,152.1387,154.2101,164.8325
69,138,152.5781,152.1387,153.9937,164.9732
70,140,152.3906,152.2705,153.7578,165.1239
71,142,152.2188,151.7432,153.5415,165.2601
72,144,152.0469,151.7651,153.3252,165.3940
73,146,151.8750,151.4795,153.1089,165.5259
74,148,151.6875,151.3037,152.8729,165.6668
75,150,151.5156,151.3696,152.6566,165.7939
76,152,151.5156,151.0840,152.6566,165.7939
77,154,151.5156,151.0181,152.6566,165.7939
78,156,151.1719,150.8643,152.2240,166.0407
79,158,150.9844,150.8643,151.9880,166.1709
80,160,150.6406,150.4907,151.5554,166.4023
81,162,150.6406,150.5347,151.5554,166.4023
82,164,150.1094,149.8315,150.8868,166.7392
83,166,150.1094,149.8535,150.8868,166.7392
84,168,149.9375,149.6777,150.6705,166.8425
85,170,149.7656,149.2163,150.4542,166.9433
86,172,149.5781,149.2163,150.2182,167.0496
87,174,149.4062,149.0405,150.0019,167.1444
88,176,149.0625,148.5571,149.5693,167.3249
89,178,148.7031,148.3154,149.1170,167.5005
90,180,148.5312,148.1177,148.9007,167.5797
91,182,148.3594,147.8540,148.6844,167.6559
92,184,148.0000,147.7441,148.2321,167.8046
93,186,148.0000,147.6782,148.2321,167.8046
94,188,147.6562,147.4146,147.7995,167.9336
95,190,147.6562,147.0190,147.7995,167.9336
96,192,147.2969,147.0850,147.3472,168.0538
97,194,147.1250,147.0630,147.1309,168.1060
98,196,146.9531,146.7114,146.9146,168.1550
99,198,146.9531,146.6455,146.9146,168.1550
100,200,146.5938,146.3159,146.4623,168.2455
101,202,146.2500,146.2500,146.0297,168.3176
102,204,146.2500,145.6128,146.0297,168.3176
103,206,146.2500,145.9424,146.0297,168.3176
104,208,145.8906,145.6787,145.5167,168.3770
105,210,145.7188,145.3491,145.2714,168.3997
106,212,145.5469,145.3271,145.0261,168.4188
107,214,145.5469,145.4590,145.0261,168.4188
108,216,145.5469,145.0854,145.0261,168.4188
109,218,145.3594,145.0195,144.7584,168.4349
110,220,145.1875,144.7778,144.5131,168.4460
111,222,144.8438,144.6899,144.0224,168.4564
112,224,145.0156,144.5801,144.2677,168.4531
113,226,144.8438,144.4482,144.0224,168.4564
114,228,144.4844,144.2505,143.5094,168.4502
115,230,144.1406,143.7451,143.0187,168.4281
116,232,143.7812,143.2837,142.5058,168.3873
117,234,143.6094,143.2837,142.2604,168.3615
118,236,143.0781,142.9321,141.5021,168.2555
119,238,142.5469,142.2290,140.7438,168.1088
120,240,142.3750,142.2290,140.4984,168.0528
121,242,142.2031,141.5918,140.2531,167.9922
122,244,141.8438,141.4160,139.7401,167.8515
123,246,141.8438,141.6138,139.7401,167.8515
124,248,141.5000,141.3501,139.2494,167.6991
125,250,141.5000,141.1743,139.2494,167.6991
126,252,141.1406,140.7129,138.7364,167.5206
127,254,140.6250,140.3613,138.0004,167.2306
128,256,140.2656,140.1855,137.4874,167.0040
129,258,139.9219,139.8999,136.9968,166.7688
130,260,139.5625,139.2188,136.4838,166.5030
131,262,139.5625,138.9990,136.4838,166.5030
132,264,139.3906,139.3726,136.2384,166.3688
133,266,139.3906,138.8672,136.2384,166.3688
134,268,139.2188,139.0210,135.9931,166.2301
135,270,139.2188,138.8892,135.9931,166.2301
136,272,138.8594,138.6255,135.4801,165.9246
137,274,138.8594,138.4058,135.4801,165.9246
138,276,138.3281,138.1421,134.7218,165.4356
139,278,138.1562,137.7686,134.4765,165.2679
140,280,137.4531,137.3071,133.4728,164.5324
141,282,137.2812,136.8677,133.2274,164.3406
142,284,136.9219,136.9556,132.7145,163.9240
143,286,136.5781,136.0986,132.2238,163.5063
144,288,136.5781,136.1426,132.2238,163.5063
145,290,136.4062,136.0767,131.9785,163.2905
146,292,136.0469,135.8130,131.4655,162.8233
147,294,136.0469,135.6592,131.4655,162.8233
148,296,135.3438,135.0659,130.4618,161.8493
149,298,135.1719,134.6045,130.2165,161.5992
150,300,134.4688,134.0771,129.1663,160.5264
151,302,134.4688,134.1211,129.1663,160.5264
152,304,134.1094,133.6816,128.6219,159.9475
153,306,133.7656,133.4839,128.1011,159.3746
154,308,133.5938,133.5498,127.8407,159.0812
155,310,133.4062,132.8906,127.5566,158.7555
156,312,133.2344,132.9565,127.2963,158.4523
157,314,132.8906,132.6929,126.7755,157.8319
158,316,132.3594,131.9019,125.9707,156.8364
159,318,132.3594,132.1655,125.9707,156.8364
160,320,132.0000,131.5723,125.4262,156.1380
161,322,131.8281,131.6382,125.1658,155.7971
162,324,131.4844,131.0889,124.6451,155.1016
163,326,131.1250,130.9790,124.1006,154.3550
164,328,130.9531,130.4956,123.8402,153.9911
165,330,130.7812,130.1880,123.5798,153.6228
166,332,130.7812,130.4077,123.5798,153.6228
167,334,130.4219,130.1440,123.0354,152.8381
168,336,129.8906,129.7046,122.2306,151.6433
169,338,129.7188,129.2212,121.9702,151.2479
170,340,129.3750,128.9136,121.4494,150.4444
171,342,128.6719,128.4961,120.3842,148.7480
172,344,128.4844,127.9907,120.1001,148.2838
173,346,127.7812,127.3096,119.0349,146.5004
174,348,127.6094,127.2217,118.7745,146.0542
175,350,127.4375,127.0239,118.5142,145.6042
176,352,127.2656,126.8701,118.2538,145.1503
177,354,127.2656,126.9580,118.2538,145.1503
178,356,126.9062,126.8042,117.7093,144.1884
179,358,126.7344,126.5625,117.4489,143.7226
180,360,126.3750,126.0571,116.9045,142.7363
181,362,126.0312,125.5957,116.3837,141.7779
182,364,125.3281,125.0464,115.3185,139.7725
183,366,125.3281,124.9805,115.3185,139.7725
184,368,125.3281,124.7607,115.3185,139.7725
185,370,125.1562,124.8486,115.0581,139.2734
186,372,125.1562,124.5630,115.0581,139.2734
187,374,124.7969,124.5190,114.5137,138.2187
188,376,124.4531,124.1455,113.9929,137.1962
189,378,123.9219,123.3984,113.1881,135.5904
190,380,123.0469,122.5854,111.8828,132.8809
191,382,122.3438,121.7505,110.8379,130.6486
192,384,121.8125,121.2012,110.0484,128.9316
193,386,121.2812,121.0034,109.2589,127.1900
194,388,120.7500,120.4541,108.4694,125.4252
195,390,120.9375,120.4541,108.7480,126.0507
196,392,120.9375,120.6958,108.7480,126.0507
197,394,120.7500,120.4541,108.4694,125.4252
198,396,120.4062,120.0586,107.9585,124.2717
199,398,120.0469,119.7290,107.4244,123.0564
200,400,119.5312,119.1797,106.6582,121.2971
201,402,119.1719,119.0918,106.1241,120.0606
202,404,119.0000,118.6523,105.8687,119.4666
203,406,118.6406,118.2349,105.3346,118.2187
204,408,118.1250,117.8613,104.5683,116.4159
205,410,117.9375,117.4438,104.2897,115.7570
206,412,117.4219,117.2461,103.5234,113.9366
207,414,117.0625,116.7188,102.9893,112.6610
208,416,116.1875,116.1694,101.6890,109.5360
209,418,115.6562,115.2905,100.8995,107.6273
210,420,115.3125,114.8730,100.3886,106.3888
211,422,114.9531,114.3896,99.8545,105.0917
212,424,114.6094,114.2139,99.3437,103.8492
213,426,114.2500,113.7744,98.8096,102.5490
214,428,113.9062,113.7085,98.2988,101.3044
215,430,113.5469,113.2690,97.7647,100.0028
216,432,113.2031,112.8735,97.2538,98.7581
217,434,112.8438,112.3022,96.7198,97.4574
218,436,112.1406,111.7969,95.7263,94.9165
219,438,111.7969,111.4233,95.2646,93.6772
220,440,111.2656,110.7642,94.5511,91.7671
221,442,111.2656,110.9619,94.5511,91.7671
222,444,110.7344,110.4346,93.8376,89.8645
223,446,110.3906,110.4565,93.3760,88.6383
224,448,110.3906,109.7534,93.3760,88.6383
225,450,109.8594,109.3359,92.6625,86.7522
226,452,109.3281,108.9185,91.9490,84.8781
227,454,108.6250,108.1934,91.0047,82.4192
228,456,107.5781,107.2266,89.5987,78.8110
229,458,106.8750,106.3696,88.6544,76.4286
230,460,106.3438,106.1060,87.9409,74.6531
231,462,105.8125,105.4028,87.2275,72.9000
232,464,105.4688,105.1831,86.7658,71.7785
233,466,105.2812,105.1611,86.5140,71.1714
234,468,105.2812,104.8535,86.5140,71.1714
235,470,105.1094,104.8535,86.2831,70.6174
236,472,104.4062,104.1504,85.3388,68.3807
237,474,103.8750,103.3154,84.6254,66.7233
238,476,103.3594,102.9199,83.9329,65.1424
239,478,102.2969,101.8652,82.5059,61.9781
240,480,101.4219,100.7666,81.3307,59.4720
241,482,100.7188,100.3052,80.4993,57.5272
242,484,100.0156,99.8438,79.7043,55.6470
243,486,99.3125,99.2065,78.9093,53.8339
244,488,99.3125,99.3384,78.9093,53.8339
245,490,98.9531,99.0308,78.5030,52.9340
246,492,98.4375,98.4375,77.9200,51.6747
247,494,97.7344,97.2729,77.1250,50.0205
248,496,97.0312,96.5259,76.3300,48.4405
249,498,96.3281,96.1523,75.5351,46.9366
250,500,95.6250,95.2954,74.7401,45.5103
251,502,95.2656,94.7021,74.3337,44.8119
252,504,94.2188,93.8892,73.1501,42.8966
253,506,93.5156,93.0762,72.3551,41.7117
254,508,92.6250,92.0874,71.3482,40.3297
255,510,92.1094,91.6479,70.7652,39.5902
256,512,91.5781,91.2524,70.1645,38.8761
257,514,91.0469,90.6592,69.5639,38.2097
258,516,89.6406,89.6045,68.0492,36.6788
259,518,89.1094,88.7695,67.5598,36.1887
260,520,88.0625,87.8687,66.5955,35.3627
261,522,87.3594,87.1875,65.9478,34.9121
262,524,87.0000,86.4404,65.6168,34.7139
263,526,86.2969,85.7593,64.9691,34.3880
264,528,85.5938,85.2979,64.3214,34.1434
265,530,84.7188,84.2212,63.5154,33.9508
266,532,84.1875,83.6938,63.0260,33.8936
267,534,83.4844,83.3643,62.3783,33.8854
268,536,82.6094,82.1777,61.5723,33.9804
269,538,81.9062,81.4746,60.9247,34.1392
270,540,80.8594,80.4199,59.9603,34.5068
271,542,79.9688,79.5850,59.1399,34.9386
272,544,78.3906,77.9590,57.7372,35.9540
273,546,77.1562,76.6626,56.7752,36.9556
274,548,76.1094,75.6738,55.9593,37.9341
275,550,75.5781,75.0586,55.5453,38.4723
276,552,74.8750,74.8389,54.9973,39.2251
277,554,74.5312,74.6411,54.7295,39.6088
278,556,74.1719,74.0918,54.4494,40.0206
279,558,74.1719,73.7842,54.4494,40.0206
280,560,73.4688,73.0811,53.9014,40.8552
281,562,72.2344,71.6748,52.9394,42.4048
282,564,71.0156,70.5981,51.9896,44.0227
283,566,69.2500,68.7085,50.6136,46.4828
284,568,67.1406,66.8408,48.9893,49.5247
285,570,65.2031,65.0830,47.5853,52.3327
286,572,64.3281,63.9404,46.9512,53.5824
287,574,63.9844,63.4790,46.7021,54.0679
288,576,63.7969,63.6108,46.5663,54.3313
289,578,63.6250,63.4131,46.4417,54.5714
290,580,62.7500,62.6440,45.8076,55.7770
291,582,62.7500,62.2485,45.8076,55.7770
292,584,61.5156,61.2598,44.9131,57.4168
293,586,60.1094,59.5459,43.8941,59.1763
294,588,58.3594,57.7661,42.6259,61.1637
295,590,56.0625,55.5688,40.9627,63.3542
296,592,55.0156,54.4702,40.2107,64.1700
297,594,54.1406,54.0747,39.5822,64.7548
298,596,53.9531,53.5254,39.4475,64.8682
299,598,53.7812,53.2397,39.3240,64.9683
300,600,53.0781,52.8223,38.8189,65.3394
301,602,52.7344,52.2510,38.5720,65.4980
302,604,51.1406,50.6909,37.4272,66.0278
303,606,49.0312,48.5376,35.9120,66.1848
304,608,47.4531,46.8237,34.7784,65.8766
305,610,45.1719,44.6045,33.1397,64.7650
306,612,44.2969,43.8574,32.5224,64.1269
307,614,43.7656,43.5059,32.1492,63.6820
308,616,43.5938,43.0664,32.0285,63.5288
309,618,43.4062,43.2861,31.8968,63.3564
310,620,42.7031,42.7808,31.4029,62.6625
311,622,42.0000,41.4624,30.9090,61.8934
312,624,40.4219,39.9902,29.8004,59.8972
313,626,38.1406,37.6392,28.1980,56.3709
314,628,36.2031,35.8374,26.8371,52.8137
315,630,34.2656,33.6621,25.4761,48.7817
316,632,33.2188,32.7612,24.7501,46.4223
317,634,33.2188,32.8931,24.7501,46.4223
318,636,33.0469,32.8052,24.6325,46.0237
319,638,33.0469,32.8931,24.6325,46.0237
320,640,32.6875,32.3657,24.3864,45.1800
321,642,32.1562,32.0801,24.0226,43.9090
322,644,30.5781,30.6299,22.9421,39.9762
323,646,29.0000,28.4326,21.8616,35.8348
324,648,26.1875,25.7300,19.9358,28.0514
325,650,23.7188,23.3350,18.2455,20.9420
326,652,22.1406,21.6211,17.1365,16.3370
327,654,21.6094,21.2036,16.7308,14.7850
328,656,21.6094,21.2256,16.7308,14.7850
329,658,21.2656,20.8301,16.4682,13.7817
330,660,21.4375,21.4233,16.5995,14.2834
331,662,20.7344,20.3027,16.0625,12.2337
332,664,20.7344,20.1929,16.0625,12.2337
333,666,19.3281,18.9404,14.9884,8.1608
334,668,17.5781,17.2485,13.6519,3.1781
335,670,15.2812,15.1392,11.8976,356.8665
336,672,14.0625,13.4692,10.9668,353.6585
337,674,12.8281,12.3706,10.0240,350.5302
338,676,11.9531,11.7773,9.3557,348.3952
339,678,11.5938,11.4697,9.0812,347.5396
340,680,11.5938,11.3379,9.0812,347.5396
341,682,10.8906,10.5469,8.5370,345.9030
342,684,9.8438,9.3164,7.7164,343.5628
343,686,8.7812,8.5474,6.8836,341.3131
344,688,7.7344,7.2070,6.0630,339.2268
345,690,6.1406,5.6250,4.8137,336.3134
346,692,4.7344,4.3945,3.7114,334.0189
347,694,3.8594,3.4717,3.0256,332.7267
348,696,3.6875,3.2959,2.8908,332.4850
349,698,3.3281,3.0322,2.6092,331.9936
350,700,3.3281,3.0981,2.6092,331.9936
351,702,2.9844,2.6147,2.3397,331.5403
352,704,2.4531,1.8896,1.9233,330.8728
353,706,1.0469,0.4834,0.8210,329.2982
354,708,359.1094,358.6816,359.9132,327.5904
355,710,357.7031,357.2534,358.5069,326.6846
356,712,356.2969,356.1108,357.1007,326.0550
357,714,355.5938,355.1880,356.3976,325.8415
358,716,355.4219,354.7925,356.2257,325.7995
359,718,355.2500,354.7925,356.0538,325.7611
360,720,355.2500,354.8145,356.0538,325.7611
361,722,354.8906,354.7266,355.6944,325.6941
362,724,354.7188,354.5947,355.5226,325.6681
363,726,353.8438,353.6279,354.6476,325.5940
364,728,352.6094,352.1118,353.4132,325.6536
365,730,351.0312,350.7715,351.8351,325.9934
366,732,349.0938,348.6621,349.8976,326.7833
367,734,348.5625,348.3545,349.3437,327.0651
368,736,348.0469,347.4756,348.7660,327.3638
369,738,347.6875,347.5854,348.3633,327.5859
370,740,347.8594,347.8491,348.5559,327.4782
371,742,347.3438,346.8384,347.9781,327.8086
372,744,347.5156,347.0581,348.1707,327.6958
373,746,346.8125,346.7505,347.3829,328.1715
374,748,345.9375,345.4761,346.4025,328.8170
375,750,345.0469,344.3994,345.4046,329.5287
376,752,343.6406,343.1470,343.8289,330.7494
377,754,342.7656,342.1582,342.8485,331.5588
378,756,341.7188,341.3452,341.6755,332.5660
379,758,341.3594,341.0596,341.2728,332.9196
380,760,340.8281,340.4224,340.6776,333.4480
381,762,340.6562,340.1807,340.4850,333.6205
382,764,340.3125,339.7852,340.0999,333.9665
383,766,339.6094,339.1040,339.3120,334.6790
384,768,338.9062,338.3789,338.5242,335.3949
385,770,338.2031,337.6538,337.7364,336.1104
386,772,337.1406,336.6650,336.4805,337.1828
387,774,336.6094,336.1157,335.7887,337.7114
388,776,336.0938,335.9180,335.1172,338.2180
389,778,335.5625,335.0830,334.4254,338.7312
390,780,335.3906,334.9951,334.2016,338.8953
391,782,335.0312,334.7754,333.7336,339.2345
392,784,334.6875,334.4238,333.2860,339.5539
393,786,333.9844,333.5889,332.3704,340.1902
394,788,333.0938,332.7759,331.2106,340.9586
395,790,332.0469,331.5674,329.8473,341.7993
396,792,330.9844,330.5566,328.4637,342.5725
397,794,330.2812,329.8755,327.5480,343.0344
398,796,329.7656,329.3921,326.8766,343.3458
399,798,329.4062,328.9307,326.4086,343.5483
400,800,329.2344,328.9746,326.1848,343.6406
401,802,329.2344,328.7549,326.1848,343.6406
402,804,329.2344,329.0845,326.1848,343.6406
403,806,328.7031,328.4033,325.4930,343.9084
404,808,328.1719,327.7441,324.8011,344.1471
405,810,327.1250,326.5137,323.4379,344.5294
406,812,326.0625,325.6128,322.0326,344.7895
407,814,325.1875,324.6021,320.7923,344.9011
408,816,324.3125,323.9648,319.5520,344.9149
409,818,323.9531,323.5034,319.0426,344.8912
410,820,323.2500,323.0420,318.0459,344.7944
411,822,323.2500,322.8442,318.0459,344.7944
412,824,322.9062,322.5146,317.5586,344.7224
413,826,322.7344,322.2070,317.3150,344.6801
414,828,322.3750,321.9214,316.8055,344.5781
415,830,321.8438,321.3940,316.0525,344.3932
416,832,320.9688,320.5371,314.8122,343.9994
417,834,320.0938,319.6143,313.5719,343.4913
418,836,319.3906,318.8672,312.5752,342.9989
419,838,318.8594,318.3179,311.8221,342.5765
420,840,318.5156,318.1201,311.3349,342.2800
421,842,317.8125,317.7686,310.3382,341.6159
422,844,317.8125,317.3950,310.3382,341.6159
423,846,317.6250,317.2632,310.0724,341.4255
424,848,317.1094,316.6919,309.3415,340.8742
425,850,316.2188,315.9668,308.0790,339.8228
426,852,315.3438,314.8462,306.8387,338.6681
427,854,314.8125,314.2749,306.0821,337.9079
428,856,314.1094,313.9673,305.0721,336.8336
429,858,313.4062,312.8467,304.0621,335.6819
430,860,313.2344,313.0444,303.8152,335.3888
431,862,312.8906,312.4512,303.3214,334.7887
432,864,312.8906,312.6489,303.3214,334.7887
433,866,312.8906,312.4512,303.3214,334.7887
434,868,312.3594,311.9678,302.5583,333.8253
435,870,311.2969,310.8252,301.0320,331.7696
436,872,310.5938,309.9902,300.0220,330.3163
437,874,309.3750,309.0894,298.2713,327.6264
438,876,309.0156,308.7598,297.7551,326.7926
439,878,308.4844,308.2324,296.9920,325.5273
440,880,307.9688,307.6392,296.2513,324.2626
441,882,307.9688,307.8589,296.2513,324.2626
442,884,308.1406,307.9907,296.4982,324.6882
443,886,307.9688,307.7271,296.2513,324.2626
444,888,307.6094,307.1558,295.7350,323.3599
445,890,306.9062,306.7163,294.7250,321.5450
446,892,306.0312,305.6616,293.4681,319.1992
447,894,305.1562,304.7388,292.2112,316.7607
448,896,304.2656,303.6621,290.9319,314.1885
449,898,303.3906,303.2007,289.7000,311.5785
450,900,302.8594,302.5854,288.9738,309.9561
451,902,302.3438,302.0142,288.2690,308.3556
452,904,302.3438,302.2119,288.2690,308.3556
453,906,301.9844,301.9482,287.7778,307.2256
454,908,301.6406,301.2451,287.3080,306.1342
455,910,301.4531,301.1572,287.0517,305.5346
456,912,300.7500,300.4541,286.0906,303.2609
457,914,300.2344,299.9048,285.3858,301.5694
458,916,299.5312,299.2456,284.4247,299.2327
459,918,298.6406,298.2349,283.2074,296.2279
460,920,298.1250,297.6636,282.5026,294.4680
461,922,297.5938,297.2021,281.7764,292.6411
462,924,296.8906,296.5210,280.8154,290.2044
463,926,296.7188,296.3452,280.5804,289.6058
464,928,296.1875,295.7739,279.8543,287.7499
465,930,295.4844,295.0708,278.8932,285.2813
466,932,294.9531,294.6094,278.1671,283.4091
467,934,294.0781,293.5986,276.9710,280.3175
468,936,293.3750,292.9395,276.0100,277.8300
469,938,292.6719,292.1704,275.0489,275.3440
470,940,292.3125,291.7310,274.5824,274.0752
471,942,291.9688,291.5991,274.1580,272.8633
472,944,291.7969,291.4014,273.9457,272.2580
473,946,291.6094,291.4453,273.7142,271.5988
474,948,291.2656,290.7202,273.2897,270.3919
475,950,290.7344,290.2148,272.6337,268.5330
476,952,289.6875,289.2261,271.3410,264.8984
477,954,288.6250,288.1714,270.0290,261.2591
478,956,287.5781,287.2046,268.7363,257.7343
479,958,286.6875,286.2158,267.6365,254.7929
480,960,285.9844,285.6665,266.7682,252.5126
481,962,285.4688,285.0952,266.1316,250.8660
482,964,285.4688,285.2710,266.1316,250.8660
483,966,285.1094,284.8315,265.6878,249.7323
484,968,284.7656,284.4580,265.2633,248.6587
485,970,284.7656,284.2163,265.2633,248.6587
486,972,283.7031,283.1616,263.9513,245.4131
487,974,282.8281,282.6562,262.8708,242.8282
488,976,281.9531,281.6235,261.7903,240.3286
489,978,280.7188,280.2612,260.3499,236.9591
490,980,280.0156,279.5581,259.5927,235.1263
491,982,278.9531,278.7451,258.4483,232.4831
492,984,278.7812,278.5254,258.2632,232.0700
493,986,278.6094,278.1738,258.0781,231.6614
494,988,278.0781,277.6025,257.5060,230.4249
495,990,277.7344,277.4048,257.1357,229.6466
496,992,276.8438,276.5479,256.1765,227.7126
497,994,276.1406,275.6470,255.4192,226.2706
498,996,275.4375,274.8560,254.6620,224.9057
499,998,274.5625,274.2188,253.7196,223.3164
500,1000,273.5156,273.0981,252.5921,221.5778
501,1002,272.8125,272.3730,251.8348,220.5111
502,1004,271.9219,271.6479,250.8756,219.2783
503,1006,271.2188,270.7471,250.1183,218.3985
504,1008,271.0469,270.5054,249.9332,218.1958
505,1010,270.5156,270.1318,249.3610,217.6018
506,1012,269.6406,269.0771,248.4719,216.7262
507,1014,268.7656,268.3740,247.6592,215.9798
508,1016,267.7031,267.0776,246.6723,215.2454
509,1018,267.0000,266.4185,246.0193,214.8623
510,1020,266.1250,265.8032,245.2066,214.4983
511,1022,265.4219,265.2539,244.5535,214.2957
512,1024,264.8906,264.5288,244.0601,214.1950
513,1026,264.3750,263.9795,243.5812,214.1390
514,1028,264.0156,263.5620,243.2474,214.1247
515,1030,263.4844,263.0786,242.7540,214.1398
516,1032,262.7812,262.1997,242.1009,214.2245
517,1034,261.5625,261.2769,240.9689,214.5415
518,1036,260.3281,260.0024,239.8224,215.0740
519,1038,258.9219,258.3984,238.5163,215.9224
520,1040,257.8594,257.2559,237.6327,216.7225
521,1042,256.6406,256.3110,236.6420,217.7943
522,1044,255.9375,255.3882,236.0704,218.4821
523,1046,255.5781,255.2124,235.7783,218.8519
524,1048,255.0469,254.7949,235.3464,219.4201
525,1050,254.8750,254.6191,235.2067,219.6089
526,1052,254.1719,253.8940,234.6352,220.4076
527,1054,254.0000,253.5425,234.4955,220.6090
528,1056,252.9375,252.6855,233.6317,221.9003
529,1058,251.8906,251.4551,232.7807,223.2441
530,1060,250.6562,250.1367,231.7773,224.9032
531,1062,248.3750,247.8076,229.9229,228.1166
532,1064,246.2656,246.1377,228.3044,231.1618
533,1066,245.9062,245.5884,228.0403,231.6799
534,1068,245.2031,244.7095,227.5235,232.6887
535,1070,244.6875,244.1602,227.1445,233.4224
536,1072,244.1562,243.8965,226.7540,234.1716
537,1074,243.9844,243.4131,226.6277,234.4120
538,1076,243.6250,243.0615,226.3636,234.9117
539,1078,242.3906,241.9629,225.4563,236.5893
540,1080,241.5156,241.1938,224.8132,237.7336
541,1082,239.5781,239.0845,223.3892,240.0989
542,1084,237.6562,237.0850,221.9766,242.1586
543,1086,235.8906,235.3711,220.6957,243.7449
544,1088,235.3594,234.8218,220.3300,244.1579
545,1090,234.8438,234.7119,219.9751,244.5283
546,1092,234.1406,233.6572,219.4911,244.9834
547,1094,233.9531,233.4375,219.3621,245.0947
548,1096,233.0781,232.9541,218.7598,245.5567
549,1098,231.8438,231.4600,217.9101,246.0416
550,1100,230.0938,229.5923,216.7056,246.3763
551,1102,228.3281,227.8564,215.4902,246.2731
552,1104,226.7500,226.1206,214.4040,245.7921
553,1106,225.3438,224.8901,213.4360,245.0474
554,1108,224.2969,223.9453,212.7326,244.2982
555,1110,223.9375,223.8135,212.4940,244.0024
556,1112,223.7656,223.7256,212.3799,243.8542
557,1114,223.4062,222.8247,212.1413,243.5296
558,1116,222.3594,222.0337,211.4463,242.4731
559,1118,221.2969,220.8472,210.7409,241.2333
560,1120,219.3750,218.7598,209.4650,238.5719
561,1122,216.9062,216.4087,207.8260,234.3969
562,1124,214.6250,214.4971,206.3115,229.8428
563,1126,213.5625,213.2666,205.6068,227.5146
564,1128,213.0469,212.9150,205.2665,226.3412
565,1130,212.6875,212.2559,205.0293,225.5071
566,1132,212.8594,212.5195,205.1427,225.9075
567,1134,212.1562,211.9043,204.6787,224.2506
568,1136,211.9844,211.5527,204.5652,223.8384
569,1138,211.1094,210.6079,203.9877,221.6977
570,1140,209.5312,208.8940,202.9462,217.6745
571,1142,206.8906,206.4331,201.2033,210.5616
572,1144,204.0781,203.5547,199.3471,202.6373
573,1146,201.9688,201.4233,197.9411,196.5917
574,1148,201.0938,200.7422,197.3410,194.0845
575,1150,200.3906,200.3467,196.8587,192.0771
576,1152,200.5625,200.1050,196.9766,192.5669
577,1154,200.2031,199.9951,196.7301,191.5434
578,1156,200.2031,199.8193,196.7301,191.5434
579,1158,199.5000,199.4678,196.2478,189.5498
580,1160,198.6250,198.1714,195.6477,187.0902
581,1162,196.8750,196.7871,194.4474,182.2668
582,1164,195.1094,194.5020,193.2364,177.5743
583,1166,193.3594,192.8760,192.0361,173.1452
584,1168,191.7656,191.2061,190.9429,169.3425
585,1170,190.7188,190.3931,190.1871,166.9804
586,1172,189.8438,189.6680,189.5247,165.0959
587,1174,189.6562,189.4043,189.3828,164.7030
588,1176,188.9531,188.7671,188.8505,163.2661
589,1178,188.2500,188.0859,188.3182,161.8875
590,1180,187.3750,186.9653,187.6558,160.2565
591,1182,186.1406,185.5151,186.7213,158.1204
592,1184,184.7344,184.1528,185.6567,155.9317
593,1186,183.5156,183.0542,184.7341,154.2527
594,1188,182.1094,181.6040,183.6695,152.5727
595,1190,181.2188,180.7690,182.9953,151.6532
596,1192,181.0469,180.5054,182.8652,151.4889
597,1194,180.8750,180.6152,182.7350,151.3284
598,1196,180.8750,180.5493,182.7350,151.3284
599,1198,179.8125,179.5386,181.9069,150.4310
600,1200,179.1094,178.4619,181.2852,149.9252
601,1202,177.1875,176.6602,179.5859,148.8974
602,1204,175.7812,175.2100,178.3426,148.4676
603,1206,174.1875,173.6499,176.9335,148.2977
604,1208,172.9688,172.4414,175.8559,148.3854
605,1210,172.4375,172.1338,175.3862,148.4798
606,1212,172.0781,171.5186,175.0684,148.5626
607,1214,172.0781,171.6943,175.0684,148.5626
608,1216,171.9062,171.4746,174.9165,148.6076
609,1218,171.7344,171.3428,174.7645,148.6556
610,1220,171.2031,170.8813,174.2948,148.8258
611,1222,169.9688,169.4751,173.2034,149.3379
612,1224,168.2188,168.2227,171.5621,150.3237
613,1226,166.8125,166.2891,170.0699,151.3113
614,1228,165.4062,165.3662,168.5777,152.4472
615,1230,164.7031,164.4653,167.8315,153.0630
616,1232,164.3438,164.2236,167.4502,153.3886
617,1234,164.1719,163.6743,167.2678,153.5469
618,1236,164.1719,164.0918,167.2678,153.5469
619,1238,164.0000,163.4326,167.0854,153.7063
620,1240,163.2969,163.0151,166.3393,154.3737
621,1242,162.7656,162.4219,165.7756,154.8921
622,1244,161.8906,161.3452,164.8471,155.7670
623,1246,160.6562,160.2246,163.5372,157.0357
624,1248,159.7812,159.3677,162.6087,157.9493
625,1250,158.3750,158.0054,161.1165,159.4233
626,1252,157.8438,157.4341,160.5528,159.9770
627,1254,157.3125,156.9946,159.9520,160.5259
628,1256,156.9688,156.3135,159.5194,160.8781
629,1258,156.4375,156.4673,158.8508,161.4167
630,1260,156.0938,155.6982,158.4182,161.7607
631,1262,155.3906,154.9072,157.5333,162.4513
632,1264,154.6875,154.3140,156.6484,163.1214
633,1266,153.9844,153.8745,155.7635,163.7675
634,1268,153.2812,152.7979,154.8786,164.3859
635,1270,152.5781,152.0728,153.9937,164.9732
636,1272,151.8750,151.7871,153.1089,165.5259
637,1274,151.6875,151.3037,152.8729,165.6668
638,1276,150.9844,150.6006,151.9880,166.1709
639,1278,150.8125,150.4907,151.7717,166.2880
640,1280,150.6406,150.0293,151.5554,166.4023
641,1282,149.5781,149.4141,150.2182,167.0496
642,1284,148.8750,148.2715,149.3333,167.4180
643,1286,147.8281,147.8540,148.0158,167.8706
644,1288,146.9531,146.4258,146.9146,168.1550
645,1290,146.4219,145.8545,146.2460,168.2832
646,1292,145.8906,145.9204,145.5167,168.3770
647,1294,145.7188,145.3271,145.2714,168.3997
648,1296,145.5469,145.2612,145.0261,168.4188
649,1298,145.5469,145.6348,145.0261,168.4188
650,1300,145.3594,144.8877,144.7584,168.4349
651,1302,145.0156,144.5361,144.2677,168.4531
652,1304,144.3125,143.8110,143.2641,168.4410
653,1306,143.0781,142.6685,141.5021,168.2555
654,1308,142.2031,141.7896,140.2531,167.9922
655,1310,141.3281,141.0205,139.0041,167.6164
656,1312,140.4375,140.1636,137.7328,167.1147
657,1314,140.2656,139.9219,137.4874,167.0040
658,1316,139.9219,139.5923,136.9968,166.7688
659,1318,139.7344,139.8120,136.7291,166.6325
660,1320,139.3906,139.1309,136.2384,166.3688
661,1322,139.2188,138.7354,135.9931,166.2301
662,1324,138.8594,138.4058,135.4801,165.9246
663,1326,138.5156,138.1421,134.9894,165.6135
664,1328,137.6250,137.0874,133.7181,164.7194
665,1330,136.7500,136.2524,132.4691,163.7176
666,1332,136.0469,135.8130,131.4655,162.8233
667,1334,135.5156,135.0879,130.7071,162.0947
668,1336,135.1719,134.5825,130.2165,161.5992
669,1338,134.6406,134.1870,129.4267,160.7959
670,1340,134.4688,134.2969,129.1663,160.5264
671,1342,133.9375,133.6377,128.3615,159.6634
672,1344,133.5938,133.2202,127.8407,159.0812
673,1346,133.2344,132.9126,127.2963,158.4523
674,1348,132.5312,132.1875,126.2310,157.1632
675,1350,131.8281,131.3745,125.1658,155.7971
676,1352,131.4844,130.9570,124.6451,155.1016
677,1354,130.9531,130.4297,123.8402,153.9911
678,1356,130.4219,130.0122,123.0354,152.8381
679,1358,130.0781,129.9243,122.5146,152.0699
680,1360,130.0781,129.7485,122.5146,152.0699
681,1362,129.8906,129.4409,122.2306,151.6433
682,1364,129.5469,128.9355,121.7098,150.8483
683,1366,128.8438,128.3862,120.6446,149.1691
684,1368,127.6094,127.2656,118.7745,146.0542
685,1370,127.0781,126.5845,117.9697,144.6505
686,1372,126.7344,126.2329,117.4489,143.7226
687,1374,125.8594,125.8374,116.1233,141.2932
688,1376,125.5000,125.6177,115.5789,140.2681
689,1378,125.8594,125.6177,116.1233,141.2932
690,1380,125.6719,125.4199,115.8393,140.7603
691,1382,125.5000,125.5078,115.5789,140.2681
692,1384,125.1562,124.6069,115.0581,139.2734
693,1386,124.4531,124.1895,113.9929,137.1962
694,1388,123.5625,123.1567,112.6490,134.4870
695,1390,123.0469,122.5195,111.8828,132.8809
696,1392,122.1562,121.8384,110.5592,130.0455
697,1394,121.2812,120.8276,109.2589,127.1900
698,1396,120.9375,120.4980,108.7480,126.0507
699,1398,120.5781,120.2563,108.2139,124.8495
700,1400,120.2344,119.7949,107.7031,123.6916
701,1402,120.2344,120.0806,107.7031,123.6916
702,1404,120.0469,119.7070,107.4244,123.0564
703,1406,119.5312,119.5532,106.6582,121.2971
704,1408,119.0000,118.9819,105.8687,119.4666
705,1410,118.6406,118.1470,105.3346,118.2187
706,1412,117.5938,117.2021,103.7788,114.5448
707,1414,117.2344,116.9385,103.2447,113.2718
708,1416,116.5312,115.9497,102.1998,110.7667
709,1418,116.0156,115.4883,101.4335,108.9192
710,1420,115.4844,115.0269,100.6440,107.0084
711,1422,114.9531,114.6973,99.8545,105.0917
712,1424,114.7812,114.4116,99.5991,104.4708
713,1426,114.4219,114.1040,99.0650,103.1710
714,1428,113.7188,113.3789,98.0201,100.6254
715,1430,113.2031,112.7417,97.2538,98.7581
716,1432,112.5000,112.1484,96.2089,96.2144
717,1434,111.9688,111.7090,95.4954,94.2967
718,1436,111.6094,111.0059,95.0128,93.0024
719,1438,111.0938,110.7861,94.3203,91.1506
720,1440,110.9062,110.4126,94.0685,90.4792
721,1442,110.5625,110.1929,93.6068,89.2510
722,1444,110.5625,110.2588,93.6068,89.2510
723,1446,109.8594,109.2920,92.6625,86.7522
724,1448,108.9844,108.5010,91.4874,83.6727
725,1450,108.0938,107.7100,90.2912,80.5798
726,1452,107.2188,106.6772,89.1161,77.5890
727,1454,106.3438,105.9082,87.9409,74.6531
728,1456,105.6406,105.6006,86.9966,72.3381
729,1458,105.2812,105.0073,86.5140,71.1714
730,1460,104.9375,104.7656,86.0523,70.0664
731,1462,104.9375,104.6777,86.0523,70.0664
732,1464,104.7656,104.7217,85.8215,69.5179
733,1466,104.4062,104.3921,85.3388,68.3807
734,1468,103.8750,103.4473,84.6254,66.7233
735,1470,103.0000,102.5903,83.4502,64.0579
736,1472,101.9531,101.5796,82.0442,60.9823
737,1474,100.7188,100.1294,80.4993,57.5272
738,1476,99.4844,99.0308,79.1036,54.2707
739,1478,98.9531,98.5913,78.5030,52.9340
740,1480,98.6094,98.2397,78.1143,52.0903
741,1482,98.4375,98.1519,77.9200,51.6747
742,1484,98.4375,98.0420,77.9200,51.6747
743,1486,97.9062,97.4487,77.3193,50.4183
744,1488,97.2031,96.6357,76.5244,48.8200
745,1490,96.5000,96.2622,75.7294,47.2973
746,1492,95.6250,95.1416,74.7401,45.5103
747,1494,94.7344,94.3506,73.7331,43.8179
748,1496,93.3281,92.8125,72.1431,41.4099
749,1498,92.2812,91.7798,70.9595,39.8318
750,1500,91.5781,91.0107,70.1645,38.8761
751,1502,91.0469,90.9229,69.5639,38.2097
752,1504,90.7031,90.8130,69.1752,37.8042
753,1506,90.1719,90.0000,68.5746,37.2176
754,1508,89.6406,89.4507,68.0492,36.6788
755,1510,88.7656,88.3301,67.2432,35.8969
756,1512,87.8906,87.5171,66.4372,35.2446
757,1514,87.0000,86.5942,65.6168,34.7139
758,1516,86.1250,86.0229,64.8108,34.3205
759,1518,85.2500,85.1660,64.0048,34.0531
760,1520,84.8906,84.3091,63.6737,33.9791
761,1522,84.0156,83.6499,62.8677,33.8843
762,1524,83.4844,83.2324,62.3783,33.8854
763,1526,83.3125,82.9688,62.2200,33.8948
764,1528,82.7812,82.2656,61.7307,33.9528
765,1530,81.3750,81.0132,60.4353,34.3068
766,1532,80.1562,79.8706,59.3126,34.8386
767,1534,78.7500,78.3325,58.0173,35.6955
768,1536,77.1562,76.8604,56.7752,36.9556
769,1538,76.1094,75.7397,55.9593,37.9341
770,1540,75.4062,74.9268,55.4114,38.6524
771,1542,74.8750,74.5972,54.9973,39.2251
772,1544,75.0469,75.0366,55.1313,39.0372
773,1546,74.7031,74.5532,54.8634,39.4159
774,1548,74.5312,74.0479,54.7295,39.6088
775,1550,73.6406,73.0811,54.0354,40.6480
776,1552,72.5938,72.2021,53.2195,41.9435
777,1554,71.1875,70.7080,52.1236,43.7901
778,1556,69.0781,68.7524,50.4796,46.7278
779,1558,67.1406,66.6211,48.9893,49.5247
780,1560,65.5625,64.9951,47.8457,51.8148
781,1562,65.0312,64.8633,47.4608,52.5794
782,1564,64.3281,63.9185,46.9512,53.5824
783,1566,63.9844,63.9185,46.7021,54.0679
784,1568,63.4531,62.9956,46.3172,54.8107
785,1570,63.4531,63.1714,46.3172,54.8107
786,1572,62.7500,62.3804,45.8076,55.7770
787,1574,61.3438,61.0840,44.7886,57.6388
788,1576,60.1094,59.6118,43.8941,59.1763
789,1578,58.1719,57.6123,42.4901,61.3615
790,1580,56.0625,55.8325,40.9627,63.3542
791,1582,55.0156,54.6680,40.2107,64.1700
792,1584,54.4844,54.1187,39.8291,64.5358
793,1586,54.1406,53.6133,39.5822,64.7548
794,1588,54.1406,53.5693,39.5822,64.7548
795,1590,53.4375,53.0859,39.0771,65.1576
796,1592,52.3750,51.8555,38.3139,65.6471
797,1594,51.1406,50.7568,37.4272,66.0278
798,1596,49.0312,48.6475,35.9120,66.1848
799,1598,47.4531,46.7578,34.7784,65.8766
800,1600,45.5156,45.0000,33.3867,64.9834
801,1602,44.2969,43.8794,32.5224,64.1269
802,1604,43.9375,43.6597,32.2699,63.8306
803,1606,43.5938,43.2861,32.0285,63.5288
804,1608,43.4062,43.1104,31.8968,63.3564
805,1610,43.0625,42.8687,31.6553,63.0267
806,1612,42.5312,41.9458,31.2821,62.4815
807,1614,40.0781,39.6387,29.5590,59.4136
808,1616,38.6719,38.2324,28.5712,57.2579
809,1618,36.5625,36.3428,27.0895,53.5107
810,1620,34.4531,33.9917,25.6078,49.1915
811,1622,33.5625,33.0029,24.9855,47.2102
812,1624,33.0469,32.5195,24.6325,46.0237
813,1626,33.0469,32.8271,24.6325,46.0237
814,1628,32.8594,32.9370,24.5041,45.5851
815,1630,32.8594,32.4756,24.5041,45.5851
816,1632,32.3438,32.1021,24.1510,44.3609
817,1634,31.4531,31.0474,23.5412,42.1847
818,1636,29.1719,28.6523,21.9792,36.2949
819,1638,26.8906,26.2793,20.4173,30.0367
820,1640,24.2500,23.6865,18.6092,22.4855
821,1642,22.1406,22.1265,17.1365,16.3370
822,1644,21.7969,21.4453,16.8740,15.3327
823,1646,21.9688,21.4893,17.0052,15.8347
824,1648,21.6094,21.4673,16.7308,14.7850
825,1650,21.2656,20.8740,16.4682,13.7817
826,1652,21.0938,20.6104,16.3369,13.2806
827,1654,20.7344,20.4785,16.0625,12.2337
828,1656,19.3281,18.7427,14.9884,8.1608
829,1658,18.0938,17.5781,14.0457,4.6334
830,1660,16.3438,15.7104,12.7091,359.7475
831,1662,13.8750,13.5132,10.8236,353.1750
832,1664,13.0000,12.5684,10.1553,350.9581
833,1666,12.2969,11.7334,9.6183,349.2255
834,1668,11.9531,11.8433,9.3557,348.3952
835,1670,11.2500,11.2280,8.8187,346.7331
836,1672,11.0625,10.4370,8.6717,346.2982
837,1674,10.1875,9.9536,7.9859,344.3181
838,1676,9.4844,8.8770,7.4347,342.7874
839,1678,8.0781,7.6685,6.3324,339.8972
840,1680,6.5000,5.9766,5.0954,336.9417
841,1682,5.2656,4.9219,4.1279,334.8546
842,1684,4.2188,3.8452,3.3073,333.2446
843,1686,3.6875,3.1421,2.8908,332.4850
844,1688,3.5156,3.1860,2.7561,332.2478
845,1690,3.5156,3.1201,2.7561,332.2478
846,1692,3.1562,2.7686,2.4744,331.7651
847,1694,2.4531,2.3950,1.9233,330.8728
848,1696,1.4062,0.9668,1.1027,329.6737
849,1698,359.6406,359.0991,0.4444,328.0055
850,1700,358.0625,357.8027,358.8663,326.8895
851,1702,356.4844,355.9570,357.2882,326.1233
852,1704,355.7812,355.2319,356.5851,325.8919
853,1706,355.2500,354.9463,356.0538,325.7611
854,1708,355.0781,354.6167,355.8819,325.7271
855,1710,355.0781,354.9683,355.8819,325.7271
856,1712,355.2500,354.6167,356.0538,325.7611
857,1714,354.8906,354.6167,355.6944,325.6941
858,1716,353.8438,353.3862,354.6476,325.5940
859,1718,352.7812,352.2876,353.5851,325.6340
860,1720,351.5625,351.0571,352.3663,325.8472
861,1722,349.6250,349.1016,350.4288,326.5283
862,1724,348.5625,348.0688,349.3437,327.0651
863,1726,348.0469,347.4976,348.7660,327.3638
864,1728,348.0469,347.6294,348.7660,327.3638
865,1730,347.8594,347.5415,348.5559,327.4782
866,1732,347.6875,347.5195,348.3633,327.5859
867,1734,347.3438,347.2559,347.9781,327.8086
868,1736,346.6406,346.2451,347.1903,328.2939
869,1738,346.1094,345.9595,346.5951,328.6857
870,1740,345.2344,344.7070,345.6147,329.3746
871,1742,343.8281,343.3228,344.0390,330.5807
872,1744,342.9375,342.4219,343.0411,331.3971
873,1746,341.8906,341.5869,341.8681,332.3980
874,1748,341.3594,340.9497,341.2728,332.9196
875,1750,341.0156,340.9497,340.8877,333.2609
876,1752,340.6562,340.5981,340.4850,333.6205
877,1754,340.3125,340.0928,340.0999,333.9665
878,1756,339.7812,339.5654,339.5046,334.5042
879,1758,338.9062,338.5327,338.5242,335.3949
880,1760,338.2031,337.7417,337.7364,336.1104
881,1762,337.5000,337.0605,336.9485,336.8219
882,1764,336.6094,336.1816,335.7887,337.7114
883,1766,336.0938,335.7861,335.1172,338.2180
884,1768,335.5625,335.1489,334.4254,338.7312
885,1770,335.3906,335.1050,334.2016,338.8953
886,1772,335.0312,334.7534,333.7336,339.2345
887,1774,334.8594,334.4238,333.5098,339.3947
888,1776,333.9844,333.8306,332.3704,340.1902
889,1778,333.2812,332.7979,331.4547,340.8008
890,1780,332.3906,332.0068,330.2949,341.5313
891,1782,331.1719,330.8862,328.7078,342.4426
892,1784,330.2812,329.8755,327.5480,343.0344
893,1786,329.7656,329.4360,326.8766,343.3458
894,1788,329.4062,329.0405,326.4086,343.5483
895,1790,329.4062,328.9526,326.4086,343.5483
896,1792,329.2344,328.8208,326.1848,343.6406
897,1794,329.4062,328.8867,326.4086,343.5483
898,1796,328.8750,328.4692,325.7168,343.8247
899,1798,328.3594,327.9199,325.0453,344.0663
900,1800,327.2969,327.1509,323.6617,344.4751
901,1802,326.2500,325.7007,322.2984,344.7535
902,1804,325.3594,325.0195,321.0359,344.8866
903,1806,324.6562,324.0308,320.0392,344.9213
904,1808,323.9531,323.3716,319.0426,344.8912
905,1810,323.4375,323.2397,318.3116,344.8271
906,1812,323.2500,322.8882,318.0459,344.7944
907,1814,323.0781,322.7344,317.8022,344.7606
908,1816,322.7344,322.1851,317.3150,344.6801
909,1818,322.5469,322.2070,317.0492,344.6290
910,1820,322.0312,321.5259,316.3183,344.4633
911,1822,320.9688,320.7568,314.8122,343.9994
912,1824,320.6250,319.9658,314.3249,343.8136
913,1826,319.7344,319.5044,313.0624,343.2490
914,1828,318.8594,318.3618,311.8221,342.5765
915,1830,318.3281,318.2959,311.0691,342.1102
916,1832,318.1562,317.7466,310.8254,341.9501
917,1834,317.8125,317.5928,310.3382,341.6159
918,1836,317.6250,317.1313,310.0724,341.4255
919,1838,317.1094,316.6260,309.3415,340.8742
920,1840,316.5781,316.0547,308.5884,340.2621
921,1842,315.5156,315.1978,307.0823,338.9043
922,1844,315.0000,314.4067,306.3514,338.1814
923,1846,314.2969,313.9014,305.3414,337.1278
924,1848,313.5938,313.2861,304.3314,335.9967
925,1850,313.4062,312.9126,304.0621,335.6819
926,1852,313.0625,312.6929,303.5683,335.0910
927,1854,313.0625,312.9785,303.5683,335.0910
928,1856,312.8906,312.6929,303.3214,334.7887
929,1858,312.5312,312.1216,302.8051,334.1417
930,1860,311.8281,311.3745,301.7951,332.8188
931,1862,310.7812,310.2319,300.2914,330.7111
932,1864,309.7188,309.1992,298.7651,328.4066
933,1866,309.0156,308.7378,297.7551,326.7926
934,1868,308.4844,308.1445,296.9920,325.5273
935,1870,308.3125,307.9468,296.7451,325.1098
936,1872,307.9688,307.4854,296.2513,324.2626
937,1874,307.9688,307.7271,296.2513,324.2626
938,1876,307.9688,307.6611,296.2513,324.2626
939,1878,307.6094,307.2656,295.7350,323.3599
940,1880,306.9062,306.5845,294.7250,321.5450
941,1882,306.3750,306.1230,293.9619,320.1320
942,1884,305.3281,304.9146,292.4581,317.2467
943,1886,304.4531,304.1235,291.2012,314.7374
944,1888,303.5625,303.2666,289.9349,312.0974
945,1890,303.0469,302.7393,289.2301,310.5319
946,1892,302.3438,302.1021,288.2690,308.3556
947,1894,302.1562,301.9043,288.0128,307.7675
948,1896,302.1562,301.9263,288.0128,307.7675
949,1898,301.9844,301.5527,287.7778,307.2256
950,1900,301.6406,301.0474,287.3080,306.1342
951,1902,300.9375,300.5200,286.3469,303.8711
952,1904,300.4062,299.8169,285.6208,302.1355
953,1906,299.7031,299.4653,284.6597,299.8070
954,1908,298.8281,298.2788,283.4637,296.8643
955,1910,297.7656,297.3560,282.0114,293.2335
956,1912,297.7656,297.3120,282.0114,293.2335
957,1914,297.2344,296.7847,281.2852,291.3981
958,1916,296.5312,296.0596,280.3242,288.9518
959,1918,296.3594,296.0815,280.0892,288.3512
960,1920,295.8281,295.2026,279.3631,286.4897
961,1922,294.9531,294.6973,278.1671,283.4091
962,1924,294.0781,293.8184,276.9710,280.3175
963,1926,293.5469,293.1812,276.2449,278.4380
964,1928,293.0156,292.5439,275.5188,276.5590
965,1930,292.1406,291.6431,274.3702,273.4689
966,1932,292.1406,291.5771,274.3702,273.4689
967,1934,291.6094,291.3354,273.7142,271.5988
968,1936,291.4375,291.2476,273.5020,270.9948
969,1938,291.4375,291.0718,273.5020,270.9948
970,1940,290.9062,290.5664,272.8459,269.1335
971,1942,289.8594,289.3359,271.5532,265.4923
972,1944,289.1562,288.6108,270.6850,263.0718
973,1946,287.7500,287.2925,268.9485,258.3085
974,1948,286.8750,286.3477,267.8680,255.4072
975,1950,286.1719,285.6445,266.9998,253.1166
976,1952,285.4688,285.1831,266.1316,250.8660
977,1954,285.2812,284.6777,265.9000,250.2732
978,1956,285.1094,284.9634,265.6878,249.7323
979,1958,284.9375,284.7656,265.4756,249.1943
980,1960,284.7656,284.3921,265.2633,248.6587
981,1962,284.2344,283.7769,264.6073,247.0220
982,1964,283.0000,282.9419,263.0831,243.3293
983,1966,282.2969,281.7114,262.2148,241.3000
984,1968,281.2500,280.8325,260.9221,238.3859
985,1970,279.8438,279.3604,259.4076,234.6881
986,1972,279.1406,279.0527,258.6503,232.9379
987,1974,278.7812,278.7451,258.2632,232.0700
988,1976,278.4375,277.8442,257.8930,231.2567
989,1978,278.2500,277.8223,257.6911,230.8206
990,1980,277.9062,277.7563,257.3208,230.0337
991,1982,277.5469,276.9214,256.9338,229.2298
992,1984,276.3281,276.0645,255.6212,226.6474
993,1986,275.7969,275.3394,255.0490,225.5935
994,1988,274.7344,274.5044,253.9047,223.6190
995,1990,273.3281,272.7026,252.3901,221.2857
996,1992,272.6250,272.3511,251.6328,220.2409
997,1994,272.1094,271.8237,251.0775,219.5266
998,1996,271.5781,271.1646,250.5054,218.8377
999,1998,271.2188,270.8789,250.1183,218.3985
1000,2000,270.5156,269.9341,249.3610,217.6018
1001,2002,269.8125,269.3408,248.6315,216.8882
1002,2004,268.7656,268.6157,247.6592,215.9798
1003,2006,268.0625,267.7808,247.0061,215.4727
1004,2008,267.0000,266.8140,246.0193,214.8623
1005,2010,266.2969,265.9351,245.3662,214.5602
1006,2012,265.7812,265.4517,244.8873,214.3892
1007,2014,265.2500,264.6606,244.3939,214.2583
1008,2016,264.5469,264.0015,243.7408,214.1532
1009,2018,264.1875,264.2212,243.4070,214.1293
1010,2020,263.6719,263.3643,242.9281,214.1293
1011,2022,262.9688,262.5513,242.2751,214.1944
1012,2024,261.9062,261.7603,241.2882,214.4307
1013,2026,260.6719,260.1123,240.1417,214.9052
1014,2028,259.2656,258.6841,238.8356,215.6923
1015,2030,258.0469,257.4756,237.7851,216.5716
1016,2032,256.8125,256.4648,236.7817,217.6339
1017,2034,256.2812,255.9814,236.3499,218.1399
1018,2036,255.5781,255.4980,235.7783,218.8519
1019,2038,255.2344,255.2783,235.4989,219.2165
1020,2040,255.2344,254.8169,235.4989,219.2165
1021,2042,254.8750,254.5972,235.2067,219.6089
1022,2044,254.1719,253.6084,234.6352,220.4076
1023,2046,253.6406,253.1470,234.2033,221.0368
1024,2048,252.5938,252.3120,233.3523,222.3343
1025,2050,251.3594,251.0596,232.3489,223.9492
1026,2052,249.6094,249.0381,230.9263,226.3595
1027,2054,248.0156,247.5220,229.6308,228.6335
1028,2056,246.7969,246.4673,228.6949,230.3940
1029,2058,246.0938,245.7422,228.1781,231.4096
1030,2060,245.3906,245.3687,227.6613,232.4204
1031,2062,244.8594,244.4019,227.2708,233.1786
1032,2064,244.5000,244.3140,227.0067,233.6878
1033,2066,244.1562,243.6987,226.7540,234.1716
1034,2068,243.2812,243.0615,226.1109,235.3853
1035,2070,242.3906,242.3584,225.4563,236.5893
1036,2072,241.6875,241.2378,224.9395,237.5123
1037,2074,240.4688,240.0732,224.0438,239.0435
1038,2076,239.2344,239.1284,223.1365,240.4902
1039,2078,237.8281,237.5464,222.1030,241.9878
1040,2080,237.1250,236.7554,221.5862,242.6691
1041,2082,236.2500,236.0303,220.9431,243.4482
1042,2084,235.8906,235.2832,220.6957,243.7449
1043,2086,235.1875,234.8438,220.2117,244.2847
1044,2088,234.8438,234.7339,219.9751,244.5283
1045,2090,233.7812,233.5034,219.2438,245.1929
1046,2092,232.2031,231.8994,218.1575,245.9212
1047,2094,231.3281,230.8228,217.5552,246.1841
1048,2096,229.2188,228.6475,216.1033,246.3818
1049,2098,228.1562,227.8125,215.3719,246.2387
1050,2100,227.2812,227.3291,214.7696,245.9957
1051,2102,226.5781,226.1426,214.2857,245.7172
1052,2104,226.5781,226.2964,214.2857,245.7172
1053,2106,225.8750,225.3516,213.8017,245.3641
1054,2108,225.3438,225.0439,213.4360,245.0474
1055,2110,224.4688,223.9014,212.8467,244.4326
1056,2112,223.4062,223.3301,212.1413,243.5296
1057,2114,222.3594,222.3853,211.4463,242.4731
1058,2116,221.1250,220.5615,210.6268,241.0171
1059,2118,219.5469,219.2651,209.5791,238.8314
1060,2120,218.1406,218.1226,208.6455,236.5872
1061,2122,217.6094,217.0459,208.2928,235.6692
1062,2124,216.5625,216.0791,207.5978,233.7518
1063,2126,216.0312,215.6177,207.2451,232.7253
1064,2128,215.8594,215.4639,207.1310,232.3857
1065,2130,215.1562,215.1343,206.6642,230.9593
1066,2132,214.0938,213.6841,205.9588,228.6943
1067,2134,213.2188,213.0469,205.3799,226.7354
1068,2136,211.8125,211.5088,204.4518,223.4234
1069,2138,211.4531,211.2451,204.2146,222.5468
1070,2140,210.7500,210.8276,203.7505,220.7991
1071,2142,210.4062,209.7729,203.5237,219.9295
1072,2144,210.0469,209.5752,203.2865,219.0103
1073,2146,209.5312,209.2456,202.9462,217.6745
1074,2148,208.1250,207.6855,202.0180,213.9377
1075,2150,206.3594,205.8838,200.8527,209.0859
1076,2152,204.6094,204.0820,199.6977,204.1516
1077,2154,203.2031,202.6978,198.7696,200.1333
1078,2156,202.1406,201.9946,198.0590,197.0849
1079,2158,201.6094,201.3574,197.6946,195.5611
1080,2160,201.4375,201.1157,197.5768,195.0687
1081,2162,201.6094,201.5112,197.6946,195.5611
1082,2164,201.0938,200.6543,197.3410,194.0845
1083,2166,200.5625,199.9292,196.9766,192.5669
1084,2168,200.0312,199.9512,196.6122,191.0549
1085,2170,199.1562,198.6108,196.0121,188.5803
1086,2172,197.9219,197.6660,195.1654,185.1349
1087,2174,197.0469,196.8311,194.5653,182.7336
1088,2176,196.8750,196.4575,194.4474,182.2668
1089,2178,196.3438,196.0400,194.0830,180.8340
1090,2180,195.8125,195.2930,193.7186,179.4188
1091,2182,195.1094,194.6338,193.2364,177.5743
1092,2184,194.0625,193.7329,192.5183,174.8952
1093,2186,193.1719,192.5684,191.9075,172.6856
1094,2188,191.7656,191.3379,190.9429,169.3425
1095,2190,190.7188,190.3711,190.1871,166.9804
1096,2192,190.1875,189.5801,189.7849,165.8263
1097,2194,189.6562,189.5142,189.3828,164.7030
1098,2196,189.6562,189.2725,189.3828,164.7030
1099,2198,189.1406,188.7671,188.9924,163.6437
1100,2200,188.4375,188.3276,188.4601,162.2494
1101,2202,187.7344,187.2510,187.9278,160.9149
1102,2204,186.6719,186.2183,187.1235,159.0157
1103,2206,185.7969,185.6909,186.4611,157.5608
1104,2208,185.2656,184.7241,186.0589,156.7274
1105,2210,184.5625,184.0210,185.5266,155.6826
1106,2212,184.0312,183.8452,185.1244,154.9379
1107,2214,183.8594,183.6035,184.9943,154.7055
1108,2216,183.5156,183.4277,184.7341,154.2527
1109,2218,183.1562,182.6807,184.4620,153.7970
1110,2220,182.2812,181.8237,183.7996,152.7629
1111,2222,181.7500,181.4722,183.3974,152.1882
1112,2224,181.7500,181.1646,183.3974,152.1882
1113,2226,180.8750,180.3955,182.7350,151.3284
1114,2228,180.7031,180.5713,182.6049,151.1725
1115,2230,180.3438,180.0439,182.3329,150.8598
1116,2232,179.6406,179.6484,181.7549,150.3011
1117,2234,179.4688,179.0771,181.6029,150.1749
1118,2236,178.4062,177.9565,180.6635,149.4893
1119,2238,177.5312,177.3413,179.8899,149.0435
1120,2240,176.4844,176.2866,178.9643,148.6490
1121,2242,175.9531,175.4956,178.4946,148.5056
1122,2244,175.4219,174.9463,178.0248,148.4004
1123,2246,175.2500,175.1001,177.8729,148.3740
1124,2248,174.8906,174.5288,177.5551,148.3320
1125,2250,174.7188,174.5728,177.4032,148.3179
1126,2252,174.1875,173.5840,176.9335,148.2977
1127,2254,173.6719,173.2104,176.4776,148.3125
1128,2256,172.9688,172.9028,175.8559,148.3854
1129,2258,172.7812,172.3535,175.6901,148.4148
1130,2260,172.4375,172.0239,175.3862,148.4798
1131,2262,171.9062,171.6724,174.9165,148.6076
1132,2264,172.0781,171.4307,175.0684,148.5626
1133,2266,171.9062,171.4746,174.9165,148.6076
1134,2268,171.5625,171.2769,174.6125,148.7074
1135,2270,171.5625,171.1011,174.6125,148.7074
1136,2272,171.0312,170.6396,174.1428,148.8872
1137,2274,170.3281,170.3540,173.5212,149.1722
1138,2276,169.6250,169.2114,172.8995,149.5084
1139,2278,169.0938,168.5083,172.4298,149.7950
1140,2280,168.5625,168.2446,171.9269,150.1078
1141,2282,168.0469,167.5854,171.3797,150.4359
1142,2284,167.6875,167.5415,170.9984,150.6780
1143,2286,167.3438,167.3657,170.6336,150.9196
1144,2288,167.1562,166.8823,170.4347,151.0553
1145,2290,166.8125,166.3110,170.0699,151.3113
1146,2292,166.6406,166.0474,169.8875,151.4429
1147,2294,166.4531,165.9814,169.6885,151.5885
1148,2296,165.4062,165.1025,168.5777,152.4472
1149,2298,165.4062,164.8389,168.5777,152.4472
1150,2300,165.2344,164.9268,168.3953,152.5952
1151,2302,164.8750,164.4434,168.0139,152.9100
1152,2304,164.7031,164.3774,167.8315,153.0630
1153,2306,164.1719,164.1797,167.2678,153.5469
1154,2308,164.1719,163.9160,167.2678,153.5469
1155,2310,163.8281,163.7622,166.9030,153.8676
1156,2312,163.4688,163.2129,166.5217,154.2087
1157,2314,163.2969,163.0371,166.3393,154.3737
1158,2316,162.7656,162.7295,165.7756,154.8921
1159,2318,163.1250,162.9492,166.1569,154.5404
1160,2320,162.7656,162.5317,165.7756,154.8921
1161,2322,162.9375,162.4658,165.9580,154.7231
1162,2324,162.5938,162.4219,165.5932,155.0618
1163,2326,162.2344,162.2461,165.2118,155.4203
1164,2328,162.0625,161.6089,165.0295,155.5934
1165,2330,161.3594,160.7520,164.2833,156.3091
1166,2332,161.0156,160.5103,163.9186,156.6633
1167,2334,160.6562,160.0708,163.5372,157.0357
1168,2336,159.9531,159.5654,162.7911,157.7695
1169,2338,159.7812,159.2139,162.6087,157.9493
1170,2340,159.4219,159.1479,162.2274,158.3262
1171,2342,159.2500,158.7744,162.0450,158.5067
1172,2344,159.4219,159.2358,162.2274,158.3262
1173,2346,159.2500,159.0381,162.0450,158.5067
1174,2348,159.2500,158.7964,162.0450,158.5067
1175,2350,158.7188,158.4229,161.4813,159.0637
1176,2352,158.3750,158.1152,161.1165,159.4233
1177,2354,158.0156,157.6099,160.7352,159.7982
1178,2356,157.5000,157.3022,160.1880,160.3329
1179,2358,157.3125,156.7749,159.9520,160.5259
1180,2360,156.9688,156.6870,159.5194,160.8781
1181,2362,156.7969,156.6211,159.3031,161.0534
1182,2364,156.4375,156.4673,158.8508,161.4167
1183,2366,156.7969,156.2036,159.3031,161.0534
1184,2368,156.2656,155.7642,158.6345,161.5890
1185,2370,155.9062,155.7422,158.1822,161.9465
1186,2372,155.9062,155.4565,158.1822,161.9465
1187,2374,155.5625,155.2808,157.7496,162.2840
1188,2376,155.5625,155.0391,157.7496,162.2840
1189,2378,155.2031,155.0610,157.2973,162.6319
1190,2380,155.2031,154.9731,157.2973,162.6319
1191,2382,155.0312,154.7314,157.0810,162.7965
1192,2384,155.0312,154.6655,157.0810,162.7965
1193,2386,154.6875,154.5776,156.6484,163.1214
1194,2388,154.6875,154.5557,156.6484,163.1214
1195,2390,154.6875,154.1602,156.6484,163.1214
1196,2392,154.3281,153.8965,156.1962,163.4548
1197,2394,154.1562,153.5229,155.9798,163.6118
1198,2396,153.9844,153.6328,155.7635,163.7675
1199,2398,153.7969,153.3691,155.5276,163.9350
1200,2400,153.7969,153.3252,155.5276,163.9350
1201,2402,153.7969,153.7646,155.5276,163.9350
1202,2404,153.7969,153.3032,155.5276,163.9350
1203,2406,153.4531,153.0176,155.0950,164.2373
1204,2408,152.9219,152.6001,154.4264,164.6901
1205,2410,153.0938,152.6880,154.6427,164.5455
1206,2412,152.5781,152.3584,153.9937,164.9732
1207,2414,152.7500,152.2266,154.2101,164.8325
1208,2416,152.5781,152.4463,153.9937,164.9732
1209,2418,152.5781,152.3804,153.9937,164.9732
1210,2420,152.2188,151.6772,153.5415,165.2601
1211,2422,152.3906,152.0947,153.7578,165.1239
1212,2424,152.2188,151.7651,153.5415,165.2601
1213,2426,152.2188,151.7651,153.5415,165.2601
1214,2428,152.0469,151.6113,153.3252,165.3940
1215,2430,151.8750,151.6113,153.1089,165.5259
1216,2432,151.5156,151.3916,152.6566,165.7939
1217,2434,151.6875,151.1938,152.8729,165.6668
1218,2436,151.5156,150.9961,152.6566,165.7939
1219,2438,151.5156,151.1938,152.6566,165.7939
1220,2440,151.6875,151.0620,152.8729,165.6668
1221,2442,151.3438,151.1938,152.4403,165.9183
1222,2444,151.1719,150.7764,152.2240,166.0407
1223,2446,150.9844,150.7983,151.9880,166.1709
1224,2448,150.8125,150.5347,151.7717,166.2880
1225,2450,150.8125,150.5127,151.7717,166.2880
1226,2452,150.6406,150.0732,151.5554,166.4023
1227,2454,150.6406,150.6445,151.5554,166.4023
1228,2456,150.6406,150.4028,151.5554,166.4023
1229,2458,150.4688,150.2051,151.3391,166.5142
1230,2460,150.2812,149.9854,151.1031,166.6329
1231,2462,150.2812,149.9194,151.1031,166.6329
1232,2464,150.2812,149.8535,151.1031,166.6329
1233,2466,150.1094,149.6338,150.8868,166.7392
1234,2468,149.7656,149.1943,150.4542,166.9433
1235,2470,149.5781,149.3701,150.2182,167.0496
1236,2472,149.5781,149.4141,150.2182,167.0496
1237,2474,149.5781,149.5459,150.2182,167.0496
1238,2476,149.5781,149.1504,150.2182,167.0496
1239,2478,149.5781,149.2603,150.2182,167.0496
1240,2480,149.4062,149.0625,150.0019,167.1444
1241,2482,149.2344,149.1943,149.7856,167.2360
1242,2484,149.2344,149.0405,149.7856,167.2360
1243,2486,149.2344,148.6450,149.7856,167.2360
1244,2488,149.0625,148.9526,149.5693,167.3249
1245,2490,149.0625,148.5352,149.5693,167.3249
1246,2492,149.0625,148.7109,149.5693,167.3249
1247,2494,149.2344,148.8867,149.7856,167.2360
1248,2496,148.8750,148.5791,149.3333,167.4180
1249,2498,149.0625,148.7329,149.5693,167.3249
1250,2500,149.0625,148.5352,149.5693,167.3249
1251,2502,149.0625,148.9087,149.5693,167.3249
1252,2504,148.8750,148.3374,149.3333,167.4180
1253,2506,148.7031,148.3154,149.1170,167.5005
1254,2508,148.7031,148.4253,149.1170,167.5005
1255,2510,148.7031,148.2495,149.1170,167.5005
1256,2512,148.5312,148.2715,148.9007,167.5797
1257,2514,148.7031,148.5791,149.1170,167.5005
1258,2516,148.7031,148.6230,149.1170,167.5005
1259,2518,148.5312,148.2056,148.9007,167.5797
1260,2520,148.7031,148.2935,149.1170,167.5005
1261,2522,148.5312,148.2715,148.9007,167.5797
1262,2524,148.3594,148.2275,148.6844,167.6559
1263,2526,148.5312,148.0957,148.9007,167.5797
1264,2528,148.3594,147.9419,148.6844,167.6559
1265,2530,148.5312,148.4692,148.9007,167.5797
1266,2532,148.3594,148.1177,148.6844,167.6559
1267,2534,148.5312,148.0957,148.9007,167.5797
1268,2536,148.5312,148.3154,148.9007,167.5797
1269,2538,148.5312,148.1836,148.9007,167.5797
1270,2540,148.5312,148.1396,148.9007,167.5797
1271,2542,148.5312,148.2715,148.9007,167.5797
1272,2544,148.5312,148.2715,148.9007,167.5797
1273,2546,148.5312,148.2056,148.9007,167.5797
1274,2548,148.5312,148.3594,148.9007,167.5797
1275,2550,148.5312,147.9858,148.9007,167.5797
1276,2552,148.3594,148.0957,148.6844,167.6559
1277,2554,148.5312,148.2056,148.9007,167.5797
1278,2556,148.3594,147.8760,148.6844,167.6559
1279,2558,148.3594,148.0957,148.6844,167.6559
1280,2560,148.5312,148.1616,148.9007,167.5797
1281,2562,148.3594,148.1396,148.6844,167.6559
1282,2564,148.5312,148.0078,148.9007,167.5797
1283,2566,148.5312,148.2715,148.9007,167.5797
1284,2568,148.5312,148.1836,148.9007,167.5797
1285,2570,148.5312,148.0298,148.9007,167.5797
1286,2572,148.3594,148.2715,148.6844,167.6559
1287,2574,148.5312,148.4033,148.9007,167.5797
1288,2576,148.3594,148.4253,148.6844,167.6559
1289,2578,148.3594,148.2275,148.6844,167.6559
1290,2580,148.5312,148.2275,148.9007,167.5797
1291,2582,148.5312,147.9858,148.9007,167.5797
1292,2584,148.5312,148.1396,148.9007,167.5797
1293,2586,148.3594,148.2056,148.6844,167.6559
1294,2588,148.5312,147.8979,148.9007,167.5797
1295,2590,148.5312,148.4253,148.9007,167.5797
1296,2592,148.3594,148.1396,148.6844,167.6559
1297,2594,148.5312,148.0518,148.9007,167.5797
1298,2596,148.7031,148.2495,149.1170,167.5005
1299,2598,148.3594,148.2495,148.6844,167.6559
1300,2600,148.5312,148.4692,148.9007,167.5797
1301,2602,148.5312,148.1836,148.9007,167.5797
1302,2604,148.5312,148.4033,148.9007,167.5797
1303,2606,148.3594,148.1396,148.6844,167.6559
1304,2608,148.7031,148.2275,149.1170,167.5005
1305,2610,148.5312,148.4253,148.9007,167.5797
1306,2612,148.5312,148.0957,148.9007,167.5797
1307,2614,148.3594,148.3594,148.6844,167.6559
1308,2616,148.7031,148.4473,149.1170,167.5005
1309,2618,148.7031,148.4473,149.1170,167.5005
1310,2620,148.8750,148.8208,149.3333,167.4180
1311,2622,148.7031,148.7549,149.1170,167.5005
1312,2624,148.8750,148.3813,149.3333,167.4180
1313,2626,148.8750,148.8208,149.3333,167.4180
1314,2628,149.0625,148.9307,149.5693,167.3249
1315,2630,149.0625,148.6011,149.5693,167.3249
1316,2632,148.8750,148.7988,149.3333,167.4180
1317,2634,149.0625,148.6890,149.5693,167.3249
1318,2636,149.0625,148.9307,149.5693,167.3249
1319,2638,149.2344,148.8208,149.7856,167.2360
1320,2640,149.2344,148.9966,149.7856,167.2360
1321,2642,149.2344,148.9746,149.7856,167.2360
1322,2644,149.4062,149.0405,150.0019,167.1444
1323,2646,149.4062,149.3481,150.0019,167.1444
1324,2648,149.5781,148.9966,150.2182,167.0496
1325,2650,149.5781,149.4141,150.2182,167.0496
1326,2652,149.5781,149.2163,150.2182,167.0496
1327,2654,149.7656,149.6997,150.4542,166.9433
1328,2656,149.7656,149.7217,150.4542,166.9433
1329,2658,149.9375,149.7876,150.6705,166.8425
1330,2660,150.1094,150.1611,150.8868,166.7392
1331,2662,150.1094,150.0073,150.8868,166.7392
1332,2664,150.2812,150.2710,151.1031,166.6329
1333,2666,150.6406,150.2051,151.5554,166.4023
1334,2668,150.6406,150.5786,151.5554,166.4023
1335,2670,150.8125,150.7104,151.7717,166.2880
1336,2672,150.8125,150.6006,151.7717,166.2880
1337,2674,150.8125,150.7324,151.7717,166.2880
1338,2676,150.9844,150.5127,151.9880,166.1709
1339,2678,151.3438,151.3037,152.4403,165.9183
1340,2680,151.3438,151.2378,152.4403,165.9183
1341,2682,151.5156,151.2598,152.6566,165.7939
1342,2684,151.5156,151.2378,152.6566,165.7939
1343,2686,151.6875,151.4795,152.8729,165.6668
1344,2688,151.6875,151.5234,152.8729,165.6668
1345,2690,151.6875,151.5234,152.8729,165.6668
1346,2692,151.8750,151.7432,153.1089,165.5259
1347,2694,152.2188,151.8530,153.5415,165.2601
1348,2696,152.2188,151.8750,153.5415,165.2601
1349,2698,152.2188,152.2925,153.5415,165.2601
1350,2700,152.5781,152.2266,153.9937,164.9732
1351,2702,152.5781,152.5342,153.9937,164.9732
1352,2704,152.5781,152.5562,153.9937,164.9732
1353,2706,152.7500,152.6221,154.2101,164.8325
1354,2708,152.9219,152.8857,154.4264,164.6901
1355,2710,153.0938,153.0835,154.6427,164.5455
1356,2712,153.0938,153.1274,154.6427,164.5455
1357,2714,153.2812,153.1274,154.8786,164.3859
1358,2716,153.6250,153.1934,155.3113,164.0871
1359,2718,153.6250,153.4351,155.3113,164.0871
1360,2720,153.9844,153.7427,155.7635,163.7675
1361,2722,153.9844,153.6987,155.7635,163.7675
1362,2724,154.1562,153.8965,155.9798,163.6118
1363,2726,154.1562,153.9844,155.9798,163.6118
1364,2728,154.3281,154.0283,156.1962,163.4548
1365,2730,154.6875,154.1821,156.6484,163.1214
1366,2732,154.8594,154.3140,156.8647,162.9595
1367,2734,154.8594,154.4019,156.8647,162.9595
1368,2736,155.2031,155.1050,157.2973,162.6319
1369,2738,155.3906,154.9951,157.5333,162.4513
1370,2740,155.3906,155.2588,157.5333,162.4513
1371,2742,155.5625,155.4785,157.7496,162.2840
1372,2744,155.7344,155.4346,157.9659,162.1160
1373,2746,155.7344,155.7202,157.9659,162.1160
1374,2748,156.2656,155.6982,158.6345,161.5890
1375,2750,156.4375,155.9180,158.8508,161.4167
1376,2752,156.2656,155.9839,158.6345,161.5890
1377,2754,156.6094,156.4893,159.0671,161.2432
1378,2756,156.7969,156.6650,159.3031,161.0534
1379,2758,156.9688,156.5332,159.5194,160.8781
1380,2760,157.1406,157.0605,159.7357,160.7025
1381,2762,157.3125,157.1484,159.9520,160.5259
1382,2764,157.8438,157.7417,160.5528,159.9770
1383,2766,158.3750,158.2031,161.1165,159.4233
1384,2768,158.3750,158.1812,161.1165,159.4233
1385,2770,158.9062,158.7744,161.6802,158.8674
1386,2772,159.0781,158.9282,161.8626,158.6869
1387,2774,159.2500,159.0161,162.0450,158.5067
1388,2776,159.4219,159.1919,162.2274,158.3262
1389,2778,159.6094,159.3896,162.4263,158.1297
1390,2780,160.1250,160.1587,162.9735,157.5895
1391,2782,160.1250,159.6973,162.9735,157.5895
1392,2784,160.3125,159.8291,163.1725,157.3938
1393,2786,161.0156,160.8618,163.9186,156.6633
1394,2788,161.3594,161.2134,164.2833,156.3091
1395,2790,161.7188,161.4990,164.6647,155.9418
1396,2792,162.2344,162.1362,165.2118,155.4203
1397,2794,162.4219,162.2461,165.4108,155.2329
1398,2796,162.7656,162.8174,165.7756,154.8921
1399,2798,162.9375,162.8833,165.9580,154.7231
1400,2800,163.2969,163.2349,166.3393,154.3737
1401,2802,163.1250,162.7515,166.1569,154.5404
1402,2804,163.1250,162.9053,166.1569,154.5404
1403,2806,163.4688,162.9272,166.5217,154.2087
1404,2808,163.6406,163.6743,166.7041,154.0447
1405,2810,164.0000,163.7622,167.0854,153.7063
1406,2812,164.3438,163.9160,167.4502,153.3886
1407,2814,164.8750,164.9707,168.0139,152.9100
1408,2816,165.2344,165.0366,168.3953,152.5952
1409,2818,165.2344,165.0146,168.3953,152.5952
1410,2820,165.5781,165.3223,168.7600,152.3015
1411,2822,165.7500,165.6299,168.9424,152.1572
1412,2824,165.9375,165.9155,169.1414,152.0025
1413,2826,166.2812,166.0693,169.5061,151.7245
1414,2828,166.6406,166.3550,169.8875,151.4429
1415,2830,167.1562,167.0142,170.4347,151.0553
1416,2832,167.8594,167.6514,171.1808,150.5607
1417,2834,168.3906,168.1787,171.7445,150.2146
1418,2836,168.3906,168.0908,171.7445,150.2146
1419,2838,169.0938,169.0137,172.4298,149.7950
1420,2840,169.2656,168.8379,172.5817,149.6992
1421,2842,169.7969,169.3213,173.0515,149.4219
1422,2844,170.3281,170.0024,173.5212,149.1722
1423,2846,170.6719,170.5078,173.8251,149.0264
1424,2848,171.2031,171.1230,174.2948,148.8258
1425,2850,171.5625,171.3208,174.6125,148.7074
1426,2852,172.0781,172.0239,175.0684,148.5626
1427,2854,172.0781,171.7383,175.0684,148.5626
1428,2856,172.4375,172.4854,175.3862,148.4798
1429,2858,172.6094,172.5952,175.5381,148.4458
1430,2860,172.9688,172.7930,175.8559,148.3854
1431,2862,173.3125,173.1665,176.1598,148.3422
1432,2864,173.4844,173.4521,176.3118,148.3259
1433,2866,174.0156,173.6938,176.7815,148.2990
1434,2868,174.5469,174.3750,177.2512,148.3072
1435,2870,175.0781,175.1001,177.7209,148.3520
1436,2872,175.5938,175.4736,178.1768,148.4303
1437,2874,176.4844,175.9570,178.9643,148.6490
1438,2876,177.0000,176.9019,179.4202,148.8244
1439,2878,177.3594,177.0117,179.7379,148.9682
1440,2880,177.5312,177.5830,179.8899,149.0435
1441,2882,178.2344,178.1104,180.5116,149.3934
1442,2884,178.9375,178.5059,181.1332,149.8124
1443,2886,179.4688,179.2749,181.6029,150.1749
1444,2888,180.1719,179.9561,182.2028,150.7165
1445,2890,180.7031,180.6372,182.6049,151.1725
1446,2892,181.5781,181.1426,183.2673,152.0106
1447,2894,182.2812,182.0874,183.7996,152.7629
1448,2896,182.6250,182.1973,184.0599,153.1563
1449,2898,182.6250,182.3950,184.0599,153.1563
1450,2900,182.9844,182.3511,184.3319,153.5852
1451,2902,183.1562,182.9224,184.4620,153.7970
1452,2904,183.3281,183.1641,184.5921,154.0126
1453,2906,184.0312,183.9990,185.1244,154.9379
1454,2908,184.7344,184.5044,185.6567,155.9317
1455,2910,185.9688,185.5591,186.5912,157.8388
1456,2912,186.8438,186.4380,187.2536,159.3130
1457,2914,187.5469,187.4268,187.7859,160.5692
1458,2916,188.2500,188.2397,188.3182,161.8875
1459,2918,188.7812,188.6353,188.7204,162.9238
1460,2920,188.6094,188.3936,188.5902,162.5847
1461,2922,188.9531,188.5034,188.8505,163.2661
1462,2924,189.4844,189.1626,189.2526,164.3466
1463,2926,190.3594,190.4370,189.9150,166.1963
1464,2928,191.5938,191.6235,190.8250,168.9471
1465,2930,193.1719,193.1177,191.9075,172.6856
1466,2932,194.2344,194.1504,192.6362,175.3290
1467,2934,195.4688,194.9634,193.4829,178.5127
1468,2936,195.8125,195.5786,193.7186,179.4188
1469,2938,195.9844,195.9521,193.8365,179.8746
1470,2940,196.3438,196.0400,194.0830,180.8340
1471,2942,196.6875,196.5894,194.3188,181.7592
1472,2944,197.5781,197.4243,194.9297,184.1871
1473,2946,198.4531,198.5010,195.5298,186.6102
1474,2948,199.5000,199.4897,196.2478,189.5498
1475,2950,200.9062,200.9839,197.2124,193.5483
1476,2952,201.0938,200.8301,197.3410,194.0845
1477,2954,200.9062,200.5444,197.2124,193.5483
1478,2956,201.2656,201.0498,197.4589,194.5763
1479,2958,201.0938,201.0938,197.3410,194.0845
1480,2960,202.1406,201.9946,198.0590,197.0849
1481,2962,202.8438,202.8516,198.5324,199.1027
1482,2964,204.2500,203.8403,199.4605,203.1279
1483,2966,206.0156,205.9058,200.6258,208.1248
1484,2968,207.7656,207.6196,201.7808,212.9632
1485,2970,209.0000,208.6304,202.5955,216.2780
1486,2972,209.5312,209.5312,202.9462,217.6745
1487,2974,210.4062,210.3442,203.5237,219.9295
1488,2976,210.4062,210.2344,203.5237,219.9295
1489,2978,210.9375,210.8276,203.8743,221.2694
1490,2980,211.9844,211.9702,204.5652,223.8384
1491,2982,212.8594,212.6514,205.1427,225.9075
1492,2984,213.9219,213.9038,205.8447,228.3160
1493,2986,214.6250,214.2114,206.3115,229.8428
1494,2988,215.1562,214.9805,206.6642,230.9593
1495,2990,215.6719,215.3760,207.0065,232.0110
1496,2992,216.0312,215.9912,207.2451,232.7253
1497,2994,217.0781,216.8921,207.9401,234.7138
1498,2996,217.9688,217.7490,208.5314,236.2944
1499,2998,219.5469,219.5068,209.5791,238.8314
1500,3000,220.7812,220.3418,210.3986,240.5718
1501,3002,221.8281,221.7041,211.0936,241.8741
1502,3004,223.0625,222.8906,211.9131,243.2009
1503,3006,223.9375,223.9014,212.4940,244.0024
1504,3008,224.6406,224.5605,212.9608,244.5625
1505,3010,225.7031,225.2637,213.6834,245.2663
1506,3012,226.0469,225.9229,213.9200,245.4572
1507,3014,226.7500,226.4722,214.4040,245.7921
1508,3016,227.2812,226.9995,214.7696,245.9957
1509,3018,228.5156,227.9443,215.6193,246.3058
1510,3020,229.2188,228.6914,216.1033,246.3818
1511,3022,230.2656,230.2515,216.8239,246.3622
1512,3024,231.6719,231.6797,217.7918,246.0931
1513,3026,232.9062,232.9102,218.6415,245.6363
1514,3028,233.9531,233.6792,219.3621,245.0947
1515,3030,234.8438,234.6021,219.9751,244.5283
1516,3032,235.5469,235.1294,220.4591,244.0158
1517,3034,236.2500,236.2939,220.9431,243.4482
1518,3036,237.1250,236.6895,221.5862,242.6691
1519,3038,238.0000,237.7661,222.2293,241.8140
1520,3040,238.8750,238.4473,222.8724,240.8890
1521,3042,239.9375,239.7876,223.6533,239.6801
1522,3044,240.9844,240.6885,224.4228,238.4072
1523,3046,241.8750,241.4795,225.0773,237.2686
1524,3048,242.5781,242.5781,225.5941,236.3388
1525,3050,243.6250,243.3032,226.3636,234.9117
1526,3052,244.3281,243.8965,226.8804,233.9300
1527,3054,245.0312,245.0830,227.3971,232.9338
1528,3056,245.5625,245.3467,227.7876,232.1741
1529,3058,246.0938,245.9399,228.1781,231.4096
1530,3060,246.6094,246.5991,228.5570,230.6653
1531,3062,247.3125,247.3462,229.0738,229.6485
1532,3064,248.5469,248.6426,230.0626,227.8699
1533,3066,250.6562,250.7520,231.7773,224.9032
1534,3068,251.8906,251.6528,232.7807,223.2441
1535,3070,253.1250,252.9053,233.7842,221.6665
1536,3072,254.1719,254.0918,234.6352,220.4076
1537,3074,254.8750,254.5972,235.2067,219.6089
1538,3076,255.2344,255.0366,235.4989,219.2165
1539,3078,255.5781,255.4761,235.7783,218.8519
1540,3080,255.5781,255.2563,235.7783,218.8519
1541,3082,255.9375,255.8057,236.0704,218.4821
1542,3084,256.4531,256.3770,236.4896,217.9733
1543,3086,257.5156,257.4536,237.3533,217.0087
1544,3088,258.7500,258.5083,238.3567,216.0426
1545,3090,260.3281,260.1562,239.8224,215.0740
1546,3092,261.5625,261.3867,240.9689,214.5415
1547,3094,262.7812,262.6172,242.1009,214.2245
1548,3096,263.4844,263.3203,242.7540,214.1398
1549,3098,264.0156,263.9355,243.2474,214.1247
1550,3100,264.5469,264.4849,243.7408,214.1532
1551,3102,264.8906,264.6826,244.0601,214.1950
1552,3104,265.4219,265.2759,244.5535,214.2957
1553,3106,265.7812,265.5396,244.8873,214.3892
1554,3108,266.8281,266.4404,245.8596,214.7807
1555,3110,267.5312,267.4512,246.5127,215.1440
1556,3112,268.5938,268.5059,247.4996,215.8479
1557,3114,269.6406,269.2969,248.4719,216.7262
1558,3116,270.5156,270.2637,249.3610,217.6018
1559,3118,271.0469,270.6152,249.9332,218.1958
1560,3120,271.5781,271.4062,250.5054,218.8377
1561,3122,271.9219,271.8018,250.8756,219.2783
1562,3124,272.8125,272.7246,251.8348,220.5111
1563,3126,273.3281,273.1641,252.3901,221.2857
1564,3128,274.5625,274.4385,253.7196,223.3164
1565,3130,275.4375,274.9658,254.6620,224.9057
1566,3132,276.1406,276.0425,255.4192,226.2706
1567,3134,276.6719,276.7236,255.9914,227.3528
1568,3136,277.5469,277.3389,256.9338,229.2298
1569,3138,278.2500,278.0200,257.6911,230.8206
1570,3140,278.2500,278.2617,257.6911,230.8206
1571,3142,278.6094,278.5474,258.0781,231.6614
1572,3144,279.1406,279.1626,258.6503,232.9379
1573,3146,280.1875,280.2832,259.7778,235.5682
1574,3148,280.7188,280.7007,260.3499,236.9591
1575,3150,281.9531,281.9971,261.7903,240.3286
1576,3152,283.0000,282.4805,263.0831,243.3293
1577,3154,283.7031,283.6890,263.9513,245.4131
1578,3156,284.0625,283.9526,264.3951,246.4982
1579,3158,284.7656,284.5239,265.2633,248.6587
1580,3160,284.9375,284.6997,265.4756,249.1943
1581,3162,285.2812,285.3149,265.9000,250.2732
1582,3164,285.6406,285.5347,266.3438,251.4124
1583,3166,286.1719,286.0181,266.9998,253.1166
1584,3168,286.6875,286.4575,267.6365,254.7929
1585,3170,287.3906,287.2046,268.5048,257.1107
1586,3172,288.4531,288.3032,269.8167,260.6760
1587,3174,289.3281,288.8965,270.8972,263.6613
1588,3176,290.0312,290.0171,271.7655,266.0872
1589,3178,290.9062,290.7642,272.8459,269.1335
1590,3180,291.2656,291.2256,273.2897,270.3919
1591,3182,291.7969,291.7529,273.9457,272.2580
1592,3184,292.1406,291.8408,274.3702,273.4689
1593,3186,292.5000,292.2144,274.8140,274.7368
1594,3188,292.6719,292.3682,275.0489,275.3440
1595,3190,293.0156,292.9834,275.5188,276.5590
1596,3192,293.5469,293.4009,276.2449,278.4380
1597,3194,294.2500,294.1699,277.2060,280.9253
1598,3196,295.1250,294.8511,278.4020,284.0154
1599,3198,296.1875,295.8398,279.8543,287.7499
1600,3200,296.5312,296.5430,280.3242,288.9518
1601,3202,297.2344,297.2461,281.2852,291.3981
1602,3204,297.9375,297.6636,282.2463,293.8247
1603,3206,298.1250,297.8394,282.5026,294.4680
1604,3208,298.6406,298.4106,283.2074,296.2279
1605,3210,299.1719,299.1797,283.9335,298.0258
1606,3212,299.8750,299.7949,284.8946,300.3792
1607,3214,300.2344,300.0806,285.3858,301.5694
1608,3216,301.1094,301.0254,286.5818,304.4280
1609,3218,301.4531,301.3330,287.0517,305.5346
1610,3220,301.9844,301.9482,287.7778,307.2256
1611,3222,302.5156,302.4536,288.5040,308.8919
1612,3224,302.8594,302.5415,288.9738,309.9561
1613,3226,303.2188,303.0249,289.4651,311.0567
1614,3228,303.5625,303.3545,289.9349,312.0974
1615,3230,303.5625,303.5303,289.9349,312.0974
1616,3232,304.6250,304.6289,291.4481,315.2370
1617,3234,305.5000,305.4858,292.7050,317.7293
1618,3236,306.2031,306.1450,293.7150,319.6674
1619,3238,306.9062,306.7383,294.7250,321.5450
1620,3240,307.6094,307.5073,295.7350,323.3599
1621,3242,308.1406,308.0127,296.4982,324.6882
1622,3244,308.3125,308.0566,296.7451,325.1098
1623,3246,308.4844,308.4302,296.9920,325.5273
1624,3248,308.6719,308.5181,297.2613,325.9785
1625,3250,308.8438,308.7158,297.5082,326.3876
1626,3252,309.3750,309.1333,298.2713,327.6264
1627,3254,309.7188,309.8145,298.7651,328.4066
1628,3256,310.9531,310.8032,300.5382,331.0683
1629,3258,311.6562,311.7920,301.5482,332.4840
1630,3260,312.5312,312.3193,302.8051,334.1417
1631,3262,312.8906,312.7368,303.3214,334.7887
1632,3264,313.4062,313.3521,304.0621,335.6819
1633,3266,313.5938,313.6157,304.3314,335.9967
1634,3268,313.9375,313.5938,304.8252,336.5593
1635,3270,314.1094,313.7915,305.0721,336.8336
1636,3272,314.4688,314.1870,305.5883,337.3925
1637,3274,315.0000,314.6484,306.3514,338.1814
1638,3276,315.7031,315.4395,307.3481,339.1571
1639,3278,316.4062,316.2524,308.3448,340.0547
1640,3280,317.1094,317.0654,309.3415,340.8742
1641,3282,317.9844,318.0542,310.5818,341.7852
1642,3284,318.3281,318.3618,311.0691,342.1102
1643,3286,318.8594,318.9771,311.8221,342.5765
1644,3288,319.3906,318.8452,312.5752,342.9989
1645,3290,319.5625,319.3945,312.8188,343.1263
1646,3292,320.0938,319.8340,313.5719,343.4913
1647,3294,320.4375,320.3394,314.0591,343.7045
1648,3296,321.1406,320.9106,315.0558,344.0855
1649,3298,321.6719,321.6577,315.8089,344.3249
1650,3300,322.3750,322.0752,316.8055,344.5781
1651,3302,323.0781,322.9541,317.8022,344.7606
1652,3304,323.6094,323.4814,318.5553,344.8524
1653,3306,323.9531,323.9209,319.0426,344.8912
1654,3308,324.4844,324.3384,319.7956,344.9201
1655,3310,324.8438,324.2944,320.3050,344.9185
1656,3312,325.0156,324.8218,320.5487,344.9116
1657,3314,325.5469,325.5029,321.3017,344.8670
1658,3316,326.2500,326.2500,322.2984,344.7535
1659,3318,327.1250,327.1509,323.4379,344.5294
1660,3320,328.1719,328.1396,324.8011,344.1471
1661,3322,328.8750,328.6011,325.7168,343.8247
1662,3324,329.5781,329.5898,326.6324,343.4528
1663,3326,329.9375,329.5020,327.1004,343.2446
1664,3328,329.9375,329.8755,327.1004,343.2446
1665,3330,330.1094,329.7437,327.3242,343.1409
1666,3332,330.4688,330.3149,327.7922,342.9155
1667,3334,330.6406,330.5347,328.0160,342.8036
1668,3336,330.9844,330.9961,328.4637,342.5725
1669,3338,332.0469,332.0068,329.8473,341.7993
1670,3340,333.2812,333.3032,331.4547,340.8008
1671,3342,334.3281,334.0942,332.8180,339.8822
1672,3344,335.0312,335.0171,333.7336,339.2345
1673,3346,335.9062,335.7202,334.8731,338.4001
1674,3348,336.2656,336.1377,335.3411,338.0499
1675,3350,336.6094,336.2476,335.7887,337.7114
1676,3352,336.6094,336.6650,335.7887,337.7114
1677,3354,337.1406,336.9946,336.4805,337.1828
1678,3356,337.5000,337.4561,336.9485,336.8219
1679,3358,338.0156,337.8955,337.5263,336.3005
1680,3360,338.9062,338.4448,338.5242,335.3949
1681,3362,340.1250,339.6533,339.8898,334.1558
1682,3364,340.8281,340.8838,340.6776,333.4480
1683,3366,342.0625,341.6528,342.0607,332.2313
1684,3368,342.4219,342.2681,342.4633,331.8853
1685,3370,342.7656,342.3340,342.8485,331.5588
1686,3372,343.2969,342.9932,343.4438,331.0632
1687,3374,343.4688,343.3667,343.6363,330.9058
1688,3376,344.0000,343.9160,344.2316,330.4272
1689,3378,344.7031,344.7070,345.0194,329.8168
1690,3380,345.5781,345.6738,345.9998,329.0980
1691,3382,346.6406,346.5967,347.1903,328.2939
1692,3384,347.5156,347.5415,348.1707,327.6958
1693,3386,348.7500,348.2446,349.5538,326.9626
1694,3388,349.0938,348.6621,349.8976,326.7833
1695,3390,349.4531,349.4531,350.2569,326.6078
1696,3392,349.6250,349.4751,350.4288,326.5283
1697,3394,349.7969,349.6509,350.6007,326.4521
1698,3396,350.3281,350.2881,351.1319,326.2348
1699,3398,350.8594,350.8594,351.6632,326.0477
1700,3400,352.4375,351.9360,353.2413,325.6763
1701,3402,353.6719,353.4302,354.4757,325.5911
1702,3404,354.7188,354.1992,355.5226,325.6681
1703,3406,355.5938,355.4077,356.3976,325.8415
1704,3408,356.2969,355.8032,357.1007,326.0550
1705,3410,356.6562,356.6821,357.4601,326.1899
1706,3412,357.0000,356.7920,357.8038,326.3357
1707,3414,356.8281,356.6162,357.6319,326.2610
1708,3416,357.1875,357.0337,357.9913,326.4221
1709,3418,357.8906,357.6270,358.6944,326.7894
1710,3420,358.9375,358.7256,359.7413,327.4648
1711,3422,0.7031,0.6592,0.5515,328.9561
1712,3424,2.2812,1.8896,1.7886,330.6650
1713,3426,3.6875,3.6255,2.8908,332.4850
1714,3428,5.0938,5.1196,3.9931,334.5799
1715,3430,5.6250,5.5591,4.4096,335.4414
1716,3432,5.6250,5.6689,4.4096,335.4414
1717,3434,5.2656,5.0977,4.1279,334.8546
1718,3436,5.4375,5.0098,4.2626,335.1330
1719,3438,5.9688,5.7568,4.6790,336.0189
1720,3440,6.8438,6.6797,5.3649,337.5586
1721,3442,8.7812,8.5693,6.8836,341.3131
1722,3444,10.1875,9.9097,7.9859,344.3181
1723,3446,11.5938,11.6016,9.0812,347.5396
1724,3448,13.3594,13.3594,10.4298,351.8607
1725,3450,14.7656,14.7656,11.5038,355.4958
1726,3452,15.2812,15.0513,11.8976,356.8665
1727,3454,15.6406,15.5566,12.1721,357.8327
1728,3456,15.2812,15.3149,11.8976,356.8665
1729,3458,15.4688,15.1611,12.0408,357.3696
1730,3460,16.5156,16.5894,12.8404,0.2203
1731,3462,18.6250,18.3472,14.4514,6.1448
1732,3464,20.0312,19.9951,15.5255,10.1917
1733,3466,22.1406,22.1704,17.1365,16.3370
1734,3468,22.8438,22.8955,17.6463,18.3911
1735,3470,24.0781,23.9722,18.4915,21.9867
1736,3472,24.7812,24.4336,18.9730,24.0228
1737,3474,24.4219,24.5215,18.7269,22.9835
1738,3476,23.9062,23.6206,18.3738,21.4875
1739,3478,24.6094,24.2578,18.8553,23.5263
1740,3480,25.8281,25.9717,19.6898,27.0285
1741,3482,28.4688,28.3008,21.4978,34.4000
1742,3484,30.4062,29.9048,22.8244,39.5346
1743,3486,31.9844,31.6846,23.9050,43.4919
1744,3488,33.5625,33.5522,24.9855,47.2102
1745,3490,35.1562,34.8706,26.1017,50.6913
1746,3492,35.5000,35.2441,26.3432,51.4030
1747,3494,35.5000,35.0684,26.3432,51.4030
1748,3496,35.1562,35.0024,26.1017,50.6913
1749,3498,35.1562,34.7168,26.1017,50.6913
1750,3500,35.8594,35.9253,26.5956,52.1318
1751,3502,38.4844,37.8369,28.4395,56.9492
1752,3504,39.8906,39.8584,29.4273,59.1425
1753,3506,41.8281,41.5283,30.7882,61.6941
1754,3508,43.9375,43.3740,32.2699,63.8306
1755,3510,45.5156,45.4834,33.3867,64.9834
1756,3512,46.2188,46.0547,33.8917,65.3739
1757,3514,46.5781,46.3623,34.1499,65.5443
1758,3516,46.2188,45.9229,33.8917,65.3739
1759,3518,46.4062,46.2744,34.0264,65.4653
1760,3520,46.7500,46.7358,34.2733,65.6187
1761,3522,48.6875,48.5815,35.6651,66.1493
1762,3524,50.6250,50.4932,37.0568,66.1248
1763,3526,52.2031,52.2729,38.1904,65.7126
1764,3528,54.3125,54.2725,39.7056,64.6472
1765,3530,56.0625,56.0083,40.9627,63.3542
1766,3532,57.2969,57.2388,41.8560,62.2413
1767,3534,57.6562,57.7002,42.1164,61.8887
1768,3536,57.4688,56.9971,41.9805,62.0743
1769,3538,57.4688,57.2827,41.9805,62.0743
1770,3540,57.6562,57.5903,42.1164,61.8887
1771,3542,58.8750,58.9746,42.9996,60.6042
1772,3544,60.4688,60.1611,44.1545,58.7391
1773,3546,62.0469,61.6992,45.2981,56.7209
1774,3548,63.6250,63.3032,46.4417,54.5714
1775,3550,65.0312,64.9951,47.4608,52.5794
1776,3552,66.2656,65.9839,48.3553,50.7965
1777,3554,66.4375,66.4453,48.4798,50.5467
1778,3556,66.9688,66.9287,48.8648,49.7747
1779,3558,66.9688,66.6650,48.8648,49.7747
1780,3560,67.3125,67.3022,49.1139,49.2751
1781,3562,68.9062,68.6646,50.3457,46.9732
1782,3564,70.6562,70.4443,51.7095,44.5138
1783,3566,71.8906,72.0703,52.6715,42.8531
1784,3568,74.0000,74.0039,54.3154,40.2213
1785,3570,75.2344,75.2344,55.2774,38.8347
1786,3572,75.9375,75.6079,55.8254,38.1051
1787,3574,75.9375,75.7397,55.8254,38.1051
1788,3576,75.7500,75.7397,55.6793,38.2954
1789,3578,75.9375,75.5859,55.8254,38.1051
1790,3580,76.2812,76.3989,56.0933,37.7656
1791,3582,76.9844,76.6406,56.6413,37.1082
1792,3584,78.7500,78.5522,58.0173,35.6955
1793,3586,80.5000,80.5298,59.6293,34.6682
1794,3588,82.0781,82.0679,61.0830,34.0940
1795,3590,83.4844,83.4302,62.3783,33.8854
1796,3592,84.7188,84.2651,63.5154,33.9508
1797,3594,85.4219,85.0781,64.1631,34.0957
1798,3596,85.2500,84.9463,64.0048,34.0531
1799,3598,85.4219,85.1660,64.1631,34.0957
1800,3600,85.5938,85.4956,64.3214,34.1434
1801,3602,86.1250,85.7812,64.8108,34.3205
1802,3604,87.0000,86.8359,65.6168,34.7139
1803,3606,87.5312,87.5610,66.1061,35.0144
1804,3608,89.4688,89.2090,67.8909,36.5151
1805,3610,90.7031,90.7251,69.1752,37.8042
1806,3612,91.4062,91.2085,69.9702,38.6551
1807,3614,92.1094,92.0215,70.7652,39.5902
1808,3616,92.2812,91.9995,70.9595,39.8318
1809,3618,92.4531,92.2852,71.1538,40.0781
1810,3620,93.1562,92.9004,71.9488,41.1380
1811,3622,93.8594,93.8452,72.7438,42.2808
1812,3624,94.5625,94.5044,73.5388,43.5058
1813,3626,95.6250,95.5591,74.7401,45.5103
1814,3628,96.6719,96.6577,75.9237,47.6623
1815,3630,97.5469,97.3389,76.9130,49.5922
1816,3632,98.2500,98.2397,77.7080,51.2267
1817,3634,98.7812,98.7671,78.3087,52.5099
1818,3636,99.3125,99.0967,78.9093,53.8339
1819,3638,99.3125,99.3164,78.9093,53.8339
1820,3640,99.6562,99.2944,79.2980,54.7119
1821,3642,100.1875,99.7778,79.8986,56.1004
1822,3644,101.0625,100.8765,80.8879,58.4701
1823,3646,102.2969,102.0190,82.5059,61.9781
1824,3648,102.8281,102.7222,83.2194,63.5443
1825,3650,103.7031,103.7329,84.3945,66.1931
1826,3652,104.5781,104.2603,85.5697,68.9232
1827,3654,105.1094,104.8755,86.2831,70.6174
1828,3656,105.2812,105.2271,86.5140,71.1714
1829,3658,105.4688,105.1611,86.7658,71.7785
1830,3660,105.8125,105.6445,87.2275,72.9000
1831,3662,106.1719,105.7104,87.7101,74.0832
1832,3664,106.6875,106.4136,88.4026,75.7995
1833,3666,107.3906,107.2705,89.3469,78.1725
1834,3668,108.0938,107.7319,90.2912,80.5798
1835,3670,109.3281,109.2920,91.9490,84.8781
1836,3672,110.0312,109.7314,92.8933,87.3611
1837,3674,110.5625,110.4785,93.6068,89.2510
1838,3676,111.0938,111.1157,94.3203,91.1506
1839,3678,111.4375,111.4673,94.7820,92.3843
1840,3680,111.6094,111.4893,95.0128,93.0024
1841,3682,111.7969,111.5112,95.2646,93.6772
1842,3684,111.9688,111.4893,95.4954,94.2967
1843,3686,112.5000,112.3901,96.2089,96.2144
1844,3688,113.2031,113.1812,97.2538,98.7581
1845,3690,113.7188,113.4448,98.0201,100.6254
1846,3692,114.4219,114.3237,99.0650,103.1710
1847,3694,115.1250,115.0488,100.1100,105.7124
1848,3696,115.8281,115.4663,101.1549,108.2456
1849,3698,116.3594,116.0815,101.9444,110.1517
1850,3700,116.5312,116.3232,102.1998,110.7667
1851,3702,117.0625,116.8286,102.9893,112.6610
1852,3704,117.4219,117.0483,103.5234,113.9366
1853,3706,117.7656,117.5317,104.0342,115.1515
1854,3708,118.2969,118.2568,104.8237,117.0184
1855,3710,119.0000,118.8501,105.8687,119.4666
1856,3712,119.5312,119.4214,106.6582,121.2971
1857,3714,120.2344,120.2783,107.7031,123.6916
1858,3716,120.5781,120.6299,108.2139,124.8495
1859,3718,121.1094,120.8716,109.0034,126.6216
1860,3720,120.9375,120.7178,108.7480,126.0507
1861,3722,121.2812,121.2231,109.2589,127.1900
1862,3724,121.8125,121.5967,110.0484,128.9316
1863,3726,122.3438,122.4097,110.8379,130.6486
1864,3728,122.8594,122.8271,111.6041,132.2902
1865,3730,123.7500,123.7061,112.9277,135.0644
1866,3732,124.6250,124.6069,114.2533,137.7091
1867,3734,125.3281,125.3320,115.3185,139.7725
1868,3736,125.6719,125.4639,115.8393,140.7603
1869,3738,126.0312,125.9033,116.3837,141.7779
1870,3740,126.2031,125.7275,116.6441,142.2589
1871,3742,126.0312,126.0352,116.3837,141.7779
1872,3744,126.5625,126.5186,117.1886,143.2530
1873,3746,126.9062,126.8042,117.7093,144.1884
1874,3748,127.0781,127.0679,117.9697,144.6505
1875,3750,127.9688,127.9248,119.3190,146.9827
1876,3752,128.8438,128.7158,120.6446,149.1691
1877,3754,129.7188,129.5947,121.9702,151.2479
1878,3756,130.0781,130.1001,122.5146,152.0699
1879,3758,130.4219,130.1440,123.0354,152.8381
1880,3760,130.7812,130.8032,123.5798,153.6228
1881,3762,130.9531,130.7153,123.8402,153.9911
1882,3764,131.4844,131.1548,124.6451,155.1016
1883,3766,131.8281,131.7480,125.1658,155.7971
1884,3768,131.8281,131.7700,125.1658,155.7971
1885,3770,132.5312,132.0557,126.2310,157.1632
1886,3772,132.8906,132.7808,126.7755,157.8319
1887,3774,133.9375,133.8794,128.3615,159.6634
1888,3776,134.4688,134.3628,129.1663,160.5264
1889,3778,135.1719,134.9561,130.2165,161.5992
1890,3780,135.7031,135.6372,130.9748,162.3572
1891,3782,135.8750,135.6152,131.2201,162.5925
1892,3784,136.2188,135.7031,131.7108,163.0491
1893,3786,136.4062,136.4502,131.9785,163.2905
1894,3788,136.9219,136.5161,132.7145,163.9240
1895,3790,137.8125,137.7466,133.9858,164.9184
1896,3792,138.1562,138.0542,134.4765,165.2679
1897,3794,138.8594,138.6255,135.4801,165.9246
1898,3796,139.3906,139.3726,136.2384,166.3688
1899,3798,139.9219,139.9219,136.9968,166.7688
1900,3800,140.4375,140.2954,137.7328,167.1147
1901,3802,140.7969,140.2954,138.2458,167.3317
1902,3804,140.9688,140.9106,138.4911,167.4285
1903,3806,141.1406,141.0205,138.7364,167.5206
1904,3808,141.6719,141.7676,139.4948,167.7776
1905,3810,142.3750,142.2510,140.4984,168.0528
1906,3812,142.9062,142.7124,141.2567,168.2125
1907,3814,143.9531,143.9209,142.7511,168.4088
1908,3816,145.0156,144.6021,144.2677,168.4531
1909,3818,145.5469,145.1514,145.0261,168.4188
1910,3820,145.8906,145.8105,145.5167,168.3770
1911,3822,146.2500,145.8545,146.0297,168.3176
1912,3824,146.2500,146.1182,146.0297,168.3176
1913,3826,146.4219,146.0303,146.2460,168.2832
1914,3828,146.5938,146.2939,146.4623,168.2455
1915,3830,147.1250,147.0410,147.1309,168.1060
1916,3832,147.6562,147.5024,147.7995,167.9336
1917,3834,148.8750,148.6230,149.3333,167.4180
1918,3836,149.9375,149.6997,150.6705,166.8425
1919,3838,150.9844,150.7983,151.9880,166.1709
1920,3840,151.6875,151.6992,152.8729,165.6668
1921,3842,152.2188,152.0947,153.5415,165.2601
1922,3844,152.7500,152.2266,154.2101,164.8325
1923,3846,152.7500,152.5781,154.2101,164.8325
1924,3848,152.9219,152.9956,154.4264,164.6901
1925,3850,153.4531,153.3691,155.0950,164.2373
1926,3852,153.7969,153.3472,155.5276,163.9350
1927,3854,154.6875,154.6875,156.6484,163.1214
1928,3856,155.7344,155.6763,157.9659,162.1160
1929,3858,156.7969,156.7090,159.3031,161.0534
1930,3860,157.3125,157.3901,159.9520,160.5259
1931,3862,158.3750,158.2910,161.1165,159.4233
1932,3864,158.9062,158.6206,161.6802,158.8674
1933,3866,159.0781,159.0820,161.8626,158.6869
1934,3868,159.4219,159.3677,162.2274,158.3262
1935,3870,159.7812,159.8291,162.6087,157.9493
1936,3872,160.6562,160.3784,163.5372,157.0357
1937,3874,161.3594,161.2793,164.2833,156.3091
1938,3876,162.4219,162.2900,165.4108,155.2329
1939,3878,163.6406,163.4985,166.7041,154.0447
1940,3880,164.8750,164.8828,168.0139,152.9100
1941,3882,165.2344,165.2783,168.3953,152.5952
1942,3884,165.5781,165.5200,168.7600,152.3015
1943,3886,165.9375,165.4321,169.1414,152.0025
1944,3888,165.9375,165.4321,169.1414,152.0025
1945,3890,166.4531,166.4648,169.6885,151.5885
1946,3892,167.1562,167.0801,170.4347,151.0553
1947,3894,168.3906,168.4204,171.7445,150.2146
1948,3896,169.4531,169.4971,172.7475,149.5983
1949,3898,170.8594,170.7715,173.9909,148.9522
1950,3900,172.0781,171.7383,175.0684,148.5626
1951,3902,172.7812,172.6172,175.6901,148.4148
1952,3904,173.3125,173.1226,176.1598,148.3422
1953,3906,173.4844,173.4521,176.3118,148.3259
1954,3908,173.6719,173.4302,176.4776,148.3125
1955,3910,173.8438,173.7158,176.6295,148.3037
1956,3912,174.1875,174.0674,176.9335,148.2977
1957,3914,175.2500,175.2319,177.8729,148.3740
1958,3916,177.1875,177.1875,179.5859,148.8974
1959,3918,178.7656,178.7476,180.9813,149.7033
1960,3920,180.5156,180.2637,182.4630,151.0070
1961,3922,181.9219,181.7798,183.5276,152.3697
1962,3924,182.6250,182.6147,184.0599,153.1563
1963,3926,182.9844,182.5928,184.3319,153.5852
1964,3928,182.8125,182.7246,184.2018,153.3779
1965,3930,182.9844,182.6807,184.3319,153.5852
1966,3932,183.1562,182.9224,184.4620,153.7970
1967,3934,184.2188,183.7793,185.2664,155.1964
1968,3936,185.6250,185.6250,186.3310,157.2872
1969,3938,187.0312,186.8555,187.3955,159.6419
1970,3940,188.7812,188.8110,188.7204,162.9238
1971,3942,190.5469,190.5688,190.0570,166.6037
1972,3944,191.9531,191.8433,191.0715,169.7775
1973,3946,193.1719,192.6782,191.9075,172.6856
1974,3948,193.8750,193.7549,192.3897,174.4244
1975,3950,193.5312,193.0737,192.1540,173.5690
1976,3952,193.7031,193.7329,192.2719,173.9956
1977,3954,194.5781,194.2603,192.8720,176.2041
1978,3956,195.6406,195.5566,193.6008,178.9646
1979,3958,198.0938,197.9956,195.2833,185.6108
1980,3960,199.6875,199.6436,196.3764,190.0802
1981,3962,201.0938,200.8081,197.3410,194.0845
1982,3964,201.9688,201.9287,197.9411,196.5917
1983,3966,203.0156,202.9395,198.6458,199.5955
1984,3968,202.8438,202.8735,198.5324,199.1027
1985,3970,202.5000,201.9507,198.3055,198.1163
1986,3972,202.6719,202.6978,198.4189,198.6094
1987,3974,204.2500,204.2358,199.4605,203.1279
1988,3976,206.5312,206.4111,200.9662,209.5646
1989,3978,209.0000,208.6743,202.5955,216.2780
1990,3980,210.5781,210.5420,203.6371,220.3656
1991,3982,212.6875,212.6514,205.0293,225.5071
1992,3984,214.0938,213.8599,205.9588,228.6943
1993,3986,214.7969,214.4312,206.4256,230.2076
1994,3988,214.4531,213.9258,206.1974,229.4748
1995,3990,214.6250,214.2773,206.3115,229.8428
1996,3992,214.4531,213.9917,206.1974,229.4748
1997,3994,214.6250,214.5410,206.3115,229.8428
1998,3996,217.0781,217.0459,207.9401,234.7138
1999,3998,219.1875,219.2212,209.3405,238.2839
2000,4000,221.1250,221.0449,210.6268,241.0171
2001,4002,223.2344,222.8906,212.0272,243.3674
2002,4004,224.6406,224.7363,212.9608,244.5625
2003,4006,226.2188,226.0107,214.0383,245.5460
2004,4008,226.4062,226.1865,214.1674,245.6378
2005,4010,226.2188,225.9888,214.0383,245.5460
2006,4012,226.2188,225.8569,214.0383,245.5460
2007,4014,226.5781,226.5601,214.2857,245.7172
2008,4016,228.1562,228.1860,215.3719,246.2387
2009,4018,230.0938,230.0537,216.7056,246.3763
2010,4020,231.6719,231.1743,217.7918,246.0931
2011,4022,233.4375,233.3936,219.0071,245.3786
2012,4024,235.3594,235.2173,220.3300,244.1579
2013,4026,236.5938,236.5796,221.1957,243.1514
2014,4028,237.4688,237.2827,221.8388,242.3419
2015,4030,237.8281,237.5684,222.1030,241.9878
2016,4032,238.0000,237.7881,222.2293,241.8140
2017,4034,238.0000,237.9199,222.2293,241.8140
2018,4036,238.8750,238.7769,222.8724,240.8890
2019,4038,240.1094,240.1172,223.7796,239.4763
2020,4040,242.3906,242.0068,225.4563,236.5893
2021,4042,243.7969,243.7646,226.4899,234.6734
2022,4044,245.0312,244.8633,227.3971,232.9338
2023,4046,245.9062,245.8301,228.0403,231.6799
2024,4048,246.2656,246.2036,228.3044,231.1618
2025,4050,246.7969,246.6431,228.6949,230.3940
2026,4052,247.1406,246.5552,228.9475,229.8968
2027,4054,247.1406,247.0166,228.9475,229.8968
2028,4056,248.7188,248.5767,230.2023,227.6241
2029,4058,250.1250,250.0928,231.3455,225.6376
2030,4060,251.7188,251.7627,232.6410,223.4705
2031,4062,253.4688,253.4546,234.0636,221.2445
2032,4064,254.7031,254.7290,235.0670,219.8006
2033,4066,255.7500,255.6738,235.9180,218.6738
2034,4068,255.7500,255.5640,235.9180,218.6738
2035,4070,255.9375,255.5640,236.0704,218.4821
2036,4072,255.9375,255.7837,236.0704,218.4821
2037,4074,256.1094,255.9375,236.2101,218.3098
2038,4076,256.4531,256.4868,236.4896,217.9733
2039,4078,257.6875,257.6294,237.4930,216.8638
2040,4080,259.6250,259.2773,239.1694,215.4671
2041,4082,261.2031,261.3428,240.6351,214.6752
2042,4084,262.6094,262.3975,241.9413,214.2561
2043,4086,263.8438,263.7158,243.0878,214.1250
2044,4088,264.1875,264.1333,243.4070,214.1293
2045,4090,264.8906,264.7705,244.0601,214.1950
2046,4092,265.0781,264.7705,244.2343,214.2252
2047,4094,265.0781,264.7046,244.2343,214.2252
2048,4096,265.4219,265.3638,244.5535,214.2957
2049,4098,265.9531,265.9351,245.0470,214.4416
2050,4100,267.3594,267.1216,246.3531,215.0478
2051,4102,268.0625,268.1104,247.0061,215.4727
2052,4104,269.6406,269.6265,248.4719,216.7262
2053,4106,270.3438,270.4175,249.1759,217.4194
2054,4108,271.0469,270.9448,249.9332,218.1958
2055,4110,271.5781,271.4502,250.5054,218.8377
2056,4112,272.1094,271.8018,251.0775,219.5266
2057,4114,272.4531,272.1973,251.4477,219.9977
2058,4116,273.3281,273.3179,252.3901,221.2857
2059,4118,274.3906,274.3726,253.5345,223.0188
2060,4120,274.7344,274.7461,253.9047,223.6190
2061,4122,275.7969,275.7129,255.0490,225.5935
2062,4124,276.8438,276.2842,256.1765,227.7126
2063,4126,277.5469,277.3608,256.9338,229.2298
2064,4128,278.2500,277.8882,257.6911,230.8206
2065,4130,278.6094,278.4375,258.0781,231.6614
2066,4132,278.7812,278.5913,258.2632,232.0700
2067,4134,278.9531,278.8770,258.4483,232.4831
2068,4136,279.6562,279.6240,259.2056,234.2150
2069,4138,280.3594,280.3491,259.9629,236.0143
2070,4140,281.5938,281.6455,261.3466,239.3282
2071,4142,282.4688,282.4146,262.4271,241.7910
2072,4144,283.3594,283.2275,263.5268,244.3876
2073,4146,284.0625,283.9966,264.3951,246.4982
2074,4148,284.5781,284.5679,265.0318,248.0781
2075,4150,285.4688,284.9854,266.1316,250.8660
2076,4152,285.4688,285.0513,266.1316,250.8660
2077,4154,285.6406,285.2271,266.3438,251.4124
2078,4156,285.9844,285.8862,266.7682,252.5126
2079,4158,286.3438,286.1279,267.2120,253.6732
2080,4160,287.0469,287.0947,268.0803,255.9730
2081,4162,288.0938,287.7979,269.3730,259.4622
2082,4164,289.1562,288.9844,270.6850,263.0718
2083,4166,290.2031,290.1709,271.9777,266.6834
2084,4168,290.7344,290.6543,272.6337,268.5330
2085,4170,291.6094,291.2915,273.7142,271.5988
2086,4172,291.9688,291.6650,274.1580,272.8633
2087,4174,291.9688,291.8848,274.1580,272.8633
2088,4176,292.3125,292.1265,274.5824,274.0752
2089,4178,292.5000,292.4341,274.8140,274.7368
2090,4180,293.0156,292.7417,275.5188,276.5590
2091,4182,293.3750,293.1812,276.0100,277.8300
2092,4184,294.2500,293.9722,277.2060,280.9253
2093,4186,295.1250,295.1147,278.4020,284.0154
2094,4188,295.6562,295.4883,279.1281,285.8857
2095,4190,296.7188,296.6748,280.5804,289.6058
2096,4192,297.4219,297.3999,281.5415,292.0472
2097,4194,297.9375,297.8174,282.2463,293.8247
2098,4196,298.1250,298.1909,282.5026,294.4680
2099,4198,298.4688,298.4766,282.9724,295.6428
2100,4200,299.0000,298.9819,283.6986,297.4460
2101,4202,299.5312,299.5312,284.4247,299.2327
2102,4204,300.0469,300.1025,285.1295,300.9495
2103,4206,300.7500,300.6519,286.0906,303.2609
2104,4208,301.4531,301.1792,287.0517,305.5346
2105,4210,302.1562,302.0801,288.0128,307.7675
2106,4212,302.5156,302.3657,288.5040,308.8919
2107,4214,302.8594,302.8052,288.9738,309.9561
2108,4216,303.2188,303.0029,289.4651,311.0567
2109,4218,303.2188,303.2007,289.4651,311.0567
2110,4220,303.9219,303.8379,290.4381,313.1728
2111,4222,304.4531,304.4092,291.2012,314.7374
2112,4224,305.5000,305.4419,292.7050,317.7293
2113,4226,306.3750,306.2549,293.9619,320.1320
2114,4228,307.0781,306.7603,294.9719,321.9945
2115,4230,307.4375,307.4634,295.4882,322.9222
2116,4232,307.9688,307.7930,296.2513,324.2626
2117,4234,308.3125,308.1226,296.7451,325.1098
2118,4236,308.4844,308.1665,296.9920,325.5273
2119,4238,308.6719,308.4961,297.2613,325.9785
2120,4240,308.8438,308.5620,297.5082,326.3876
2121,4242,309.1875,309.1113,298.0020,327.1935
2122,4244,310.0781,309.8364,299.2813,329.2045
2123,4246,310.7812,310.6055,300.2914,330.7111
2124,4248,311.6562,311.5723,301.5482,332.4840
2125,4250,312.1875,312.1655,302.3114,333.5044
2126,4252,312.8906,312.7588,303.3214,334.7887
2127,4254,313.2344,312.9126,303.8152,335.3888
2128,4256,313.5938,313.3960,304.3314,335.9967
2129,4258,313.7656,313.7915,304.5783,336.2803
2130,4260,314.1094,314.1650,305.0721,336.8336
2131,4262,314.2969,314.2969,305.3414,337.1278
2132,4264,315.0000,315.0000,306.3514,338.1814
2133,4266,315.5156,315.3955,307.0823,338.9043
2134,4268,316.2188,316.1206,308.0790,339.8228
2135,4270,316.9219,316.7358,309.0757,340.6631
2136,4272,317.8125,317.6587,310.3382,341.6159
2137,4274,318.5156,318.4058,311.3349,342.2800
2138,4276,318.8594,318.6475,311.8221,342.5765
2139,4278,319.2188,319.1528,312.3315,342.8671
2140,4280,319.5625,319.3066,312.8188,343.1263
2141,4282,319.9219,319.8999,313.3282,343.3780
2142,4284,320.4375,320.3394,314.0591,343.7045
2143,4286,320.9688,320.8447,314.8122,343.9994
2144,4288,321.5000,321.4160,315.5652,344.2520
2145,4290,322.0312,321.9873,316.3183,344.4633
2146,4292,322.7344,322.6685,317.3150,344.6801
2147,4294,323.4375,323.3716,318.3116,344.8271
2148,4296,324.1406,323.8770,319.3083,344.9059
2149,4298,324.3125,324.0088,319.5520,344.9149
2150,4300,324.4844,324.4922,319.7956,344.9201
2151,4302,325.1875,325.1294,320.7923,344.9011
2152,4304,325.3594,325.3271,321.0359,344.8866
2153,4306,326.4219,326.2500,322.5222,344.7165
2154,4308,326.9531,326.9312,323.2140,344.5806
2155,4310,327.8281,327.8540,324.3535,344.2859
2156,4312,328.8750,328.6450,325.7168,343.8247
2157,4314,329.2344,329.2383,326.1848,343.6406
2158,4316,329.7656,329.5679,326.8766,343.3458
2159,4318,329.9375,329.6777,327.1004,343.2446
2160,4320,329.9375,329.6997,327.1004,343.2446
2161,4322,330.2812,329.9194,327.5480,343.0344
2162,4324,330.6406,330.3369,328.0160,342.8036
2163,4326,331.1719,331.0620,328.7078,342.4426
2164,4328,331.8750,331.6772,329.6235,341.9304
2165,4330,333.0938,332.9297,331.2106,340.9586
2166,4332,334.3281,334.1162,332.8180,339.8822
2167,4334,335.2031,334.8853,333.9575,339.0727
2168,4336,335.7344,335.5444,334.6493,338.5663
2169,4338,336.2656,336.3135,335.3411,338.0499
2170,4340,336.6094,336.3354,335.7887,337.7114
2171,4342,336.7969,336.7090,336.0329,337.5257
2172,4344,336.7969,336.7310,336.0329,337.5257
2173,4346,337.5000,337.2583,336.9485,336.8219
2174,4348,338.0156,338.0713,337.5263,336.3005
2175,4350,338.5469,338.6206,338.1215,335.7609
2176,4352,339.7812,339.4775,339.5046,334.5042
2177,4354,340.6562,340.5542,340.4850,333.6205
2178,4356,341.8906,341.7188,341.8681,332.3980
2179,4358,342.4219,342.1582,342.4633,331.8853
2180,4360,342.7656,342.4219,342.8485,331.5588
2181,4362,343.1250,342.8613,343.2512,331.2224
2182,4364,343.2969,343.1030,343.4438,331.0632
2183,4366,344.0000,343.8940,344.2316,330.4272
2184,4368,344.5312,344.5093,344.8268,329.9636
2185,4370,345.5781,345.5859,345.9998,329.0980
2186,4372,346.4531,346.3770,346.9802,328.4298
2187,4374,347.6875,347.4756,348.3633,327.5859
2188,4376,348.3906,348.0688,349.1512,327.1621
2189,4378,349.0938,348.6621,349.8976,326.7833
2190,4380,349.4531,349.2334,350.2569,326.6078
2191,4382,349.7969,349.5190,350.6007,326.4521
2192,4384,349.7969,349.6069,350.6007,326.4521
2193,4386,350.1562,349.9585,350.9601,326.3019
2194,4388,350.8594,350.8154,351.6632,326.0477
2195,4390,351.9062,351.8481,352.7101,325.7696
2196,4392,352.9688,353.0566,353.7726,325.6169
2197,4394,354.3750,354.2212,355.1788,325.6272
2198,4396,355.2500,355.2539,356.0538,325.7611
2199,4398,356.2969,356.0669,357.1007,326.0550
2200,4400,356.8281,356.5063,357.6319,326.2610
2201,4402,356.8281,356.6382,357.6319,326.2610
2202,4404,356.8281,356.4185,357.6319,326.2610
2203,4406,357.0000,356.9238,357.8038,326.3357
2204,4408,357.7031,357.7588,358.5069,326.6846
2205,4410,358.7656,358.6377,359.5694,327.3431
2206,4412,0.1719,0.1978,0.1351,328.4604
2207,4414,2.1094,1.9995,1.6538,330.4619
2208,4416,3.3281,3.4277,2.6092,331.9936
2209,4418,4.5625,4.6143,3.5767,333.7568
2210,4420,5.4375,5.3174,4.2626,335.1330
2211,4422,5.6250,5.4272,4.4096,335.4414
2212,4424,5.6250,5.1416,4.4096,335.4414
2213,4426,5.7969,5.1855,4.5443,335.7280
2214,4428,5.9688,5.6250,4.6790,336.0189
2215,4430,6.8438,6.8115,5.3649,337.5586
2216,4432,8.0781,7.9980,6.3324,339.8972
2217,4434,9.8438,9.7778,7.7164,343.5628
2218,4436,11.0625,11.1401,8.6717,346.2982
2219,4438,13.1719,13.2935,10.2866,351.3883
2220,4440,14.7656,14.5020,11.5038,355.4958
2221,4442,15.4688,15.2710,12.0408,357.3696
2222,4444,15.4688,15.4468,12.0408,357.3696
2223,4446,15.4688,14.9194,12.0408,357.3696
2224,4448,15.4688,15.3149,12.0408,357.3696
2225,4450,16.1719,16.1938,12.5778,359.2767
2226,4452,17.9219,17.9736,13.9144,4.1470
2227,4454,19.6875,19.6875,15.2629,9.1972
2228,4456,21.0938,21.0718,16.3369,13.2806
2229,4458,23.0156,23.0273,17.7640,18.8927
2230,4460,24.0781,24.0820,18.4915,21.9867
2231,4462,24.6094,24.1040,18.8553,23.5263
2232,4464,24.0781,23.9722,18.4915,21.9867
2233,4466,24.0781,23.7964,18.4915,21.9867
2234,4468,24.2500,24.1919,18.6092,22.4855
2235,4470,25.6562,25.5103,19.5721,26.5376
2236,4472,27.9375,27.6855,21.1341,32.9471
2237,4474,29.7031,29.6191,22.3430,37.7035
2238,4476,31.4531,31.3110,23.5412,42.1847
2239,4478,33.3906,33.4204,24.8678,46.8179
2240,4480,34.7969,34.5410,25.8493,49.9319
2241,4482,35.5000,35.5078,26.3432,51.4030
2242,4484,35.3281,35.2441,26.2224,51.0489
2243,4486,35.3281,34.7388,26.2224,51.0489
2244,4488,35.1562,34.9365,26.1017,50.6913
2245,4490,35.6719,35.5518,26.4639,51.7534
2246,4492,38.1406,38.2104,28.1980,56.3709
2247,4494,39.5469,39.4849,29.1858,58.6324
2248,4496,41.6562,41.1328,30.6675,61.4904
2249,4498,43.5938,43.3740,32.0285,63.5288
2250,4500,45.7031,45.2197,33.5213,65.0951
2251,4502,46.4062,46.2524,34.0264,65.4653
2252,4504,46.5781,46.2744,34.1499,65.5443
2253,4506,46.2188,46.1865,33.8917,65.3739
2254,4508,46.4062,46.1646,34.0264,65.4653
2255,4510,47.1094,46.9995,34.5315,65.7600
2256,4512,48.3281,48.2300,35.4069,66.0934
2257,4514,50.0938,49.8340,36.6752,66.1855
2258,4516,51.8438,51.8774,37.9323,65.8363
2259,4518,53.9531,53.7451,39.4475,64.8682
2260,4520,55.5469,55.5688,40.5923,63.7712
2261,4522,56.9531,56.9971,41.6069,62.5669
2262,4524,57.4688,57.4585,41.9805,62.0743
2263,4526,57.2969,57.0190,41.8560,62.2413
2264,4528,57.4688,56.9312,41.9805,62.0743
2265,4530,57.6562,57.2827,42.1164,61.8887
2266,4532,58.8750,58.4033,42.9996,60.6042
2267,4534,60.4688,60.3149,44.1545,58.7391
2268,4536,61.8750,61.9629,45.1736,56.9477
2269,4538,63.4531,63.0396,46.3172,54.8107
2270,4540,64.6875,64.5776,47.2117,53.0713
2271,4542,66.0938,65.7422,48.2307,51.0457
2272,4544,66.4375,66.1157,48.4798,50.5467
2273,4546,66.6094,66.2915,48.6044,50.2971
2274,4548,66.6094,66.1597,48.6044,50.2971
2275,4550,67.5000,67.3901,49.2498,49.0026
2276,4552,68.5469,68.5767,50.0656,47.4888
2277,4554,70.4844,70.4663,51.5756,44.7507
2278,4556,71.8906,71.8726,52.6715,42.8531
2279,4558,73.4688,73.3447,53.9014,40.8552
2280,4560,74.8750,74.9048,54.9973,39.2251
2281,4562,75.7500,75.3003,55.6793,38.2954
2282,4564,75.9375,75.8057,55.8254,38.1051
2283,4566,75.9375,75.9375,55.8254,38.1051
2284,4568,76.1094,75.8936,55.9593,37.9341
2285,4570,76.1094,75.6738,55.9593,37.9341
2286,4572,76.9844,76.6846,56.6413,37.1082
2287,4574,78.2188,78.2886,57.6032,36.0831
2288,4576,79.7969,79.8706,58.9816,35.0337
2289,4578,81.7344,81.6284,60.7663,34.1891
2290,4580,83.1406,83.1885,62.0617,33.9090
2291,4582,84.3750,84.2212,63.1987,33.9084
2292,4584,85.2500,85.1001,64.0048,34.0531
2293,4586,85.2500,84.9683,64.0048,34.0531
2294,4588,85.4219,84.9023,64.1631,34.0957
2295,4590,85.4219,85.1660,64.1631,34.0957
2296,4592,85.9531,85.8911,64.6524,34.2582
2297,4594,86.4844,86.5283,65.1418,34.4665
2298,4596,87.7031,87.6489,66.2645,35.1221
2299,4598,88.9375,88.6377,67.4015,36.0401
2300,4600,90.1719,90.2417,68.5746,37.2176
2301,4602,91.4062,91.1646,69.9702,38.6551
2302,4604,91.7500,91.5381,70.3588,39.1018
2303,4606,92.1094,91.7578,70.7652,39.5902
2304,4608,92.6250,92.2852,71.3482,40.3297
2305,4610,92.8125,92.9004,71.5602,40.6093
2306,4612,93.3281,93.3618,72.1431,41.4099
2307,4614,94.3906,94.2627,73.3444,43.1990
2308,4616,95.2656,94.8779,74.3337,44.8119
2309,4618,96.1406,96.1084,75.3231,46.5489
2310,4620,97.0312,96.5918,76.3300,48.4405
2311,4622,97.9062,97.6465,77.3193,50.4183
2312,4624,98.6094,98.4375,78.1143,52.0903
2313,4626,98.9531,98.8550,78.5030,52.9340
2314,4628,99.1406,98.7231,78.7150,53.4010
2315,4630,99.3125,98.7891,78.9093,53.8339
2316,4632,99.6562,99.6021,79.2980,54.7119
2317,4634,100.1875,100.1514,79.8986,56.1004
2318,4636,101.0625,101.0083,80.8879,58.4701
2319,4638,101.9531,101.8872,82.0442,60.9823
2320,4640,103.0000,103.0737,83.4502,64.0579
2321,4642,103.5312,103.4912,84.1637,65.6663
2322,4644,104.2344,104.0405,85.1080,67.8414
2323,4646,104.7656,104.4800,85.8215,69.5179
2324,4648,104.9375,104.8535,86.0523,70.0664
2325,4650,105.2812,104.8755,86.5140,71.1714
2326,4652,105.4688,105.1392,86.7658,71.7785
2327,4654,105.4688,105.2710,86.7658,71.7785
2328,4656,105.9844,105.8423,87.4583,73.4647
2329,4658,106.5156,106.1279,88.1718,75.2250
2330,4660,107.3906,107.3364,89.3469,78.1725
2331,4662,107.9219,107.8857,90.0604,79.9882
2332,4664,108.7969,108.4790,91.2355,83.0179
2333,4666,109.5000,109.4897,92.1798,85.4831
2334,4668,110.0312,109.5117,92.8933,87.3611
2335,4670,110.3906,110.2808,93.3760,88.6383
2336,4672,110.7344,110.2588,93.8376,89.8645
2337,4674,111.0938,110.7422,94.3203,91.1506
2338,4676,111.4375,110.8960,94.7820,92.3843
2339,4678,111.7969,111.3135,95.2646,93.6772
2340,4680,111.9688,111.9287,95.4954,94.2967
2341,4682,112.5000,112.4341,96.2089,96.2144
2342,4684,112.8438,112.3462,96.7198,97.4574
2343,4686,113.2031,112.6758,97.2538,98.7581
2344,4688,113.5469,113.4009,97.7647,100.0028
2345,4690,114.2500,113.7524,98.8096,102.5490
2346,4692,114.4219,114.2798,99.0650,103.1710
2347,4694,114.9531,114.5435,99.8545,105.0917
2348,4696,115.3125,115.1367,100.3886,106.3888
2349,4698,115.6562,115.4443,100.8995,107.6273
2350,4700,116.0156,115.7520,101.4335,108.9192
2351,4702,116.7188,116.5430,102.4785,111.4364
2352,4704,117.0625,117.1143,102.9893,112.6610
2353,4706,117.5938,117.4878,103.7788,114.5448
2354,4708,117.9375,117.9272,104.2897,115.7570
2355,4710,118.4688,118.3667,105.0792,117.6193
2356,4712,118.6406,118.4766,105.3346,118.2187
2357,4714,119.1719,119.0259,106.1241,120.0606
2358,4716,119.5312,119.4653,106.6582,121.2971
2359,4718,119.7031,119.4653,106.9136,121.8855
2360,4720,120.0469,119.7070,107.4244,123.0564
2361,4722,120.2344,120.0806,107.7031,123.6916
2362,4724,120.4062,120.0366,107.9585,124.2717
2363,4726,120.7500,120.5420,108.4694,125.4252
2364,4728,120.9375,120.8496,108.7480,126.0507
2365,4730,121.2812,121.0913,109.2589,127.1900
2366,4732,121.8125,121.6187,110.0484,128.9316
2367,4734,122.1562,122.1021,110.5592,130.0455
2368,4736,123.2188,123.0469,112.1382,133.4192
2369,4738,123.2188,123.2666,112.1382,133.4192
2370,4740,123.7500,123.6401,112.9277,135.0644
2371,4742,124.0938,123.9038,113.4485,136.1132
2372,4744,124.2656,124.0137,113.7089,136.6329
2373,4746,124.7969,124.1675,114.5137,138.2187
2374,4748,124.7969,124.5410,114.5137,138.2187
2375,4750,125.3281,125.2441,115.3185,139.7725
2376,4752,125.6719,125.5078,115.8393,140.7603
2377,4754,125.8594,125.7495,116.1233,141.2932
2378,4756,126.0312,125.5957,116.3837,141.7779
2379,4758,126.0312,125.9473,116.3837,141.7779
2380,4760,126.5625,126.1011,117.1886,143.2530
2381,4762,126.5625,126.2769,117.1886,143.2530
2382,4764,126.7344,126.3867,117.4489,143.7226
2383,4766,127.0781,126.9580,117.9697,144.6505
2384,4768,127.6094,127.5073,118.7745,146.0542
2385,4770,127.9688,127.7490,119.3190,146.9827
2386,4772,128.4844,128.3643,120.1001,148.2838
2387,4774,128.8438,128.8477,120.6446,149.1691
2388,4776,128.8438,128.6938,120.6446,149.1691
2389,4778,129.0156,128.7158,120.9050,149.5860
2390,4780,129.3750,128.9575,121.4494,150.4444
2391,4782,129.5469,129.4189,121.7098,150.8483
2392,4784,130.2500,130.0342,122.7750,152.4561
2393,4786,130.5938,130.5835,123.2958,153.2157
2394,4788,131.1250,131.1328,124.1006,154.3550
2395,4790,131.4844,131.1328,124.6451,155.1016
2396,4792,131.4844,131.2207,124.6451,155.1016
2397,4794,131.4844,130.9351,124.6451,155.1016
2398,4796,131.6562,131.6382,124.9054,155.4516
2399,4798,131.8281,131.5283,125.1658,155.7971
2400,4800,132.0000,131.7480,125.4262,156.1380
2401,4802,132.5312,132.4292,126.2310,157.1632
2402,4804,132.8906,132.9346,126.7755,157.8319
2403,4806,133.2344,133.1982,127.2963,158.4523
2404,4808,133.7656,133.4839,128.1011,159.3746
2405,4810,134.1094,133.8354,128.6219,159.9475
2406,4812,134.1094,134.0991,128.6219,159.9475
2407,4814,134.2969,134.2749,128.9059,160.2523
2408,4816,134.4688,134.2749,129.1663,160.5264
2409,4818,134.6406,134.4946,129.4267,160.7959
2410,4820,134.8125,134.7803,129.6871,161.0607
2411,4822,135.3438,134.8462,130.4618,161.8493
2412,4824,135.8750,135.8350,131.2201,162.5925
2413,4826,136.2188,135.9668,131.7108,163.0491
2414,4828,136.7500,136.5161,132.4691,163.7176
2415,4830,136.9219,136.7358,132.7145,163.9240
2416,4832,137.1094,136.7578,132.9821,164.1441
2417,4834,137.2812,137.0435,133.2274,164.3406
2418,4836,137.4531,137.1094,133.4728,164.5324
2419,4838,137.4531,137.1973,133.4728,164.5324
2420,4840,137.6250,137.5269,133.7181,164.7194
2421,4842,138.1562,137.8125,134.4765,165.2679
2422,4844,138.6875,138.2739,135.2348,165.7713
2423,4846,139.0312,138.8013,135.7254,166.0731
2424,4848,139.3906,139.1309,136.2384,166.3688
2425,4850,139.5625,139.1528,136.4838,166.5030
2426,4852,139.5625,139.4604,136.4838,166.5030
2427,4854,139.5625,139.2847,136.4838,166.5030
2428,4856,139.5625,139.2847,136.4838,166.5030
2429,4858,139.5625,139.3286,136.4838,166.5030
2430,4860,139.7344,139.6802,136.7291,166.6325
2431,4862,140.2656,139.9219,137.4874,167.0040
2432,4864,140.6250,140.3613,138.0004,167.2306
2433,4866,141.1406,141.0425,138.7364,167.5206
2434,4868,141.5000,141.2842,139.2494,167.6991
2435,4870,141.8438,141.3501,139.7401,167.8515
2436,4872,142.0312,141.7236,140.0078,167.9276
2437,4874,142.0312,141.6577,140.0078,167.9276
2438,4876,142.0312,141.5479,140.0078,167.9276
2439,4878,142.0312,141.9214,140.0078,167.9276
2440,4880,142.3750,142.0972,140.4984,168.0528
2441,4882,142.9062,142.7344,141.2567,168.2125
2442,4884,143.2500,143.1519,141.7474,168.2940
2443,4886,143.9531,143.6133,142.7511,168.4088
2444,4888,144.3125,144.0308,143.2641,168.4410
2445,4890,144.3125,144.1187,143.2641,168.4410
2446,4892,144.6562,144.3823,143.7547,168.4551
2447,4894,145.0156,144.7778,144.2677,168.4531
2448,4896,145.0156,144.7119,144.2677,168.4531
2449,4898,145.1875,145.1514,144.5131,168.4460
2450,4900,145.0156,144.5801,144.2677,168.4531
2451,4902,145.1875,145.0415,144.5131,168.4460
2452,4904,145.3594,144.9097,144.7584,168.4349
2453,4906,145.7188,145.3931,145.2714,168.3997
2454,4908,145.8906,145.6128,145.5167,168.3770
2455,4910,146.0625,145.7666,145.7621,168.3504
2456,4912,146.2500,145.8545,146.0297,168.3176
2457,4914,146.2500,145.9424,146.0297,168.3176
2458,4916,146.2500,146.0303,146.0297,168.3176
2459,4918,146.2500,146.0303,146.0297,168.3176
2460,4920,146.4219,146.4478,146.2460,168.2832
2461,4922,146.9531,146.9531,146.9146,168.1550
2462,4924,147.1250,146.9751,147.1309,168.1060
2463,4926,147.2969,147.2168,147.3472,168.0538
2464,4928,147.4688,147.4585,147.5635,167.9980
2465,4930,147.8281,147.5024,148.0158,167.8706
2466,4932,147.6562,147.6562,147.7995,167.9336
2467,4934,148.0000,147.7661,148.2321,167.8046
2468,4936,148.1719,148.1177,148.4484,167.7351
2469,4938,148.1719,148.1396,148.4484,167.7351
2470,4940,148.5312,148.1177,148.9007,167.5797
2471,4942,148.7031,148.5132,149.1170,167.5005
2472,4944,149.0625,149.0625,149.5693,167.3249
2473,4946,149.5781,149.0845,150.2182,167.0496
2474,4948,149.5781,149.1724,150.2182,167.0496
2475,4950,149.9375,149.3701,150.6705,166.8425
2476,4952,149.9375,149.6777,150.6705,166.8425
2477,4954,149.7656,149.7437,150.4542,166.9433
2478,4956,150.2812,150.1392,151.1031,166.6329
2479,4958,150.2812,150.3369,151.1031,166.6329
2480,4960,150.8125,150.6445,151.7717,166.2880
2481,4962,150.9844,150.7764,151.9880,166.1709
2482,4964,151.3438,151.2817,152.4403,165.9183
2483,4966,151.5156,150.9741,152.6566,165.7939
2484,4968,151.5156,151.3696,152.6566,165.7939
2485,4970,151.6875,151.5015,152.8729,165.6668
2486,4972,151.8750,151.6992,153.1089,165.5259
2487,4974,151.8750,151.7651,153.1089,165.5259
2488,4976,152.0469,151.9849,153.3252,165.3940
2489,4978,152.0469,152.0068,153.3252,165.3940
2490,4980,152.3906,152.0068,153.7578,165.1239
2491,4982,152.5781,152.2925,153.9937,164.9732
2492,4984,152.9219,152.4902,154.4264,164.6901
2493,4986,152.7500,152.7539,154.2101,164.8325
2494,4988,152.9219,152.6440,154.4264,164.6901
2495,4990,152.9219,152.8198,154.4264,164.6901
2496,4992,152.9219,152.6440,154.4264,164.6901
2497,4994,152.9219,152.8418,154.4264,164.6901
2498,4996,153.2812,152.9517,154.8786,164.3859
2499,4998,153.4531,153.3911,155.0950,164.2373
2500,5000,153.6250,153.4131,155.3113,164.0871
2501,5002,153.7969,153.5449,155.5276,163.9350
2502,5004,153.7969,153.7866,155.5276,163.9350
2503,5006,153.9844,153.7207,155.7635,163.7675
2504,5008,154.1562,153.8965,155.9798,163.6118
2505,5010,154.1562,153.8086,155.9798,163.6118
2506,5012,154.1562,153.9404,155.9798,163.6118
2507,5014,154.3281,154.1821,156.1962,163.4548
2508,5016,154.5000,154.1162,156.4125,163.2960
2509,5018,154.6875,154.0942,156.6484,163.1214
2510,5020,154.8594,154.7095,156.8647,162.9595
2511,5022,155.2031,154.6875,157.2973,162.6319
2512,5024,155.2031,154.9951,157.2973,162.6319
2513,5026,155.2031,154.9731,157.2973,162.6319
2514,5028,155.0312,155.1050,157.0810,162.7965
2515,5030,155.0312,154.8413,157.0810,162.7965
2516,5032,155.0312,154.6436,157.0810,162.7965
2517,5034,155.3906,155.2808,157.5333,162.4513
2518,5036,155.3906,154.8633,157.5333,162.4513
2519,5038,155.3906,155.2148,157.5333,162.4513
2520,5040,155.9062,155.2588,158.1822,161.9465
2521,5042,155.7344,155.1929,157.9659,162.1160
2522,5044,155.7344,155.6763,157.9659,162.1160
2523,5046,155.9062,155.4126,158.1822,161.9465
2524,5048,155.5625,155.3687,157.7496,162.2840
2525,5050,155.7344,155.7202,157.9659,162.1160
2526,5052,155.7344,155.7861,157.9659,162.1160
2527,5054,155.9062,155.7642,158.1822,161.9465
2528,5056,156.0938,155.6763,158.4182,161.7607
2529,5058,156.2656,155.9839,158.6345,161.5890
2530,5060,156.2656,155.9839,158.6345,161.5890
2531,5062,156.2656,156.2695,158.6345,161.5890
2532,5064,156.2656,155.9399,158.6345,161.5890
2533,5066,156.2656,155.8081,158.6345,161.5890
2534,5068,156.2656,156.1816,158.6345,161.5890
2535,5070,156.2656,155.9619,158.6345,161.5890
2536,5072,156.6094,156.5552,159.0671,161.2432
2537,5074,156.4375,156.0498,158.8508,161.4167
2538,5076,156.6094,156.3794,159.0671,161.2432
2539,5078,156.9688,156.5332,159.5194,160.8781
2540,5080,156.6094,156.3354,159.0671,161.2432
2541,5082,156.4375,156.3574,158.8508,161.4167
2542,5084,156.4375,155.9839,158.8508,161.4167
2543,5086,156.4375,155.9399,158.8508,161.4167
2544,5088,156.6094,156.3574,159.0671,161.2432
2545,5090,156.7969,156.3794,159.3031,161.0534
2546,5092,156.7969,156.7310,159.3031,161.0534
2547,5094,156.7969,156.5112,159.3031,161.0534
2548,5096,156.9688,156.5991,159.5194,160.8781
2549,5098,156.7969,156.6431,159.3031,161.0534
2550,5100,156.9688,156.5552,159.5194,160.8781
2551,5102,156.7969,156.7529,159.3031,161.0534
2552,5104,156.6094,156.2915,159.0671,161.2432
2553,5106,156.9688,156.4453,159.5194,160.8781
2554,5108,156.4375,156.3574,158.8508,161.4167
2555,5110,156.9688,156.7529,159.5194,160.8781
2556,5112,156.7969,156.5771,159.3031,161.0534
2557,5114,156.7969,156.7529,159.3031,161.0534
2558,5116,156.7969,156.4673,159.3031,161.0534
2559,5118,156.7969,156.7310,159.3031,161.0534
2560,5120,156.7969,156.4233,159.3031,161.0534
2561,5122,156.6094,156.2695,159.0671,161.2432
2562,5124,156.6094,156.3574,159.0671,161.2432
2563,5126,156.6094,156.2695,159.0671,161.2432
2564,5128,156.0938,155.5884,158.4182,161.7607
2565,5130,156.2656,156.0718,158.6345,161.5890
2566,5132,156.0938,155.6323,158.4182,161.7607
2567,5134,156.4375,155.8521,158.8508,161.4167
2568,5136,156.4375,155.9399,158.8508,161.4167
2569,5138,155.9062,155.8081,158.1822,161.9465
2570,5140,156.0938,155.8521,158.4182,161.7607
2571,5142,156.2656,155.9399,158.6345,161.5890
2572,5144,156.0938,155.6323,158.4182,161.7607
2573,5146,156.2656,155.9619,158.6345,161.5890
2574,5148,156.0938,156.0059,158.4182,161.7607
2575,5150,155.9062,155.6104,158.1822,161.9465
2576,5152,156.2656,155.9180,158.6345,161.5890
2577,5154,156.0938,155.9180,158.4182,161.7607
2578,5156,156.2656,155.8740,158.6345,161.5890
2579,5158,156.2656,155.9619,158.6345,161.5890
2580,5160,156.0938,155.6323,158.4182,161.7607
2581,5162,156.2656,156.1377,158.6345,161.5890
2582,5164,156.2656,155.7422,158.6345,161.5890
2583,5166,156.2656,155.8960,158.6345,161.5890
2584,5168,156.0938,156.0498,158.4182,161.7607
2585,5170,156.0938,155.8521,158.4182,161.7607
2586,5172,156.2656,155.9399,158.6345,161.5890
2587,5174,156.0938,155.9619,158.4182,161.7607
2588,5176,156.0938,156.0059,158.4182,161.7607
2589,5178,156.2656,155.7861,158.6345,161.5890
2590,5180,156.2656,156.2476,158.6345,161.5890
2591,5182,156.0938,155.9399,158.4182,161.7607
2592,5184,156.0938,155.8740,158.4182,161.7607
2593,5186,156.0938,155.5664,158.4182,161.7607
2594,5188,156.0938,155.8521,158.4182,161.7607
2595,5190,156.0938,155.7422,158.4182,161.7607
2596,5192,156.2656,155.7642,158.6345,161.5890
2597,5194,156.2656,155.8521,158.6345,161.5890
2598,5196,156.0938,155.7422,158.4182,161.7607
2599,5198,156.2656,156.1816,158.6345,161.5890
2600,5200,156.0938,155.7861,158.4182,161.7607
2601,5202,156.2656,155.9180,158.6345,161.5890
2602,5204,156.0938,156.0278,158.4182,161.7607
2603,5206,156.0938,155.6323,158.4182,161.7607
2604,5208,155.9062,155.7202,158.1822,161.9465
2605,5210,156.0938,155.6323,158.4182,161.7607
2606,5212,156.0938,155.8081,158.4182,161.7607
2607,5214,156.0938,155.7861,158.4182,161.7607
2608,5216,156.0938,156.0938,158.4182,161.7607
2609,5218,156.0938,156.0059,158.4182,161.7607
2610,5220,156.0938,155.8740,158.4182,161.7607
2611,5222,156.0938,155.6763,158.4182,161.7607
2612,5224,156.0938,156.0278,158.4182,161.7607
2613,5226,156.2656,156.0498,158.6345,161.5890
2614,5228,156.0938,155.5884,158.4182,161.7607
2615,5230,156.2656,156.0059,158.6345,161.5890
2616,5232,156.0938,156.0059,158.4182,161.7607
2617,5234,156.2656,155.9399,158.6345,161.5890
2618,5236,156.0938,155.9180,158.4182,161.7607
2619,5238,156.0938,155.8081,158.4182,161.7607
2620,5240,156.0938,156.0718,158.4182,161.7607
2621,5242,156.2656,156.1816,158.6345,161.5890
2622,5244,156.2656,156.2695,158.6345,161.5890
2623,5246,156.2656,155.9180,158.6345,161.5890
2624,5248,156.0938,155.9839,158.4182,161.7607
2625,5250,156.2656,156.3354,158.6345,161.5890
2626,5252,156.2656,155.8521,158.6345,161.5890
2627,5254,156.2656,155.7861,158.6345,161.5890
2628,5256,156.2656,155.6763,158.6345,161.5890
2629,5258,156.2656,155.8960,158.6345,161.5890
2630,5260,156.0938,155.6982,158.4182,161.7607
2631,5262,156.2656,155.8521,158.6345,161.5890
2632,5264,156.4375,155.9839,158.8508,161.4167
2633,5266,156.2656,155.9180,158.6345,161.5890
2634,5268,156.0938,155.9619,158.4182,161.7607
2635,5270,156.0938,155.5225,158.4182,161.7607
2636,5272,156.0938,155.7642,158.4182,161.7607
2637,5274,156.2656,155.7642,158.6345,161.5890
2638,5276,156.2656,156.1157,158.6345,161.5890
2639,5278,156.0938,155.5225,158.4182,161.7607
2640,5280,156.0938,156.1816,158.4182,161.7607
2641,5282,156.0938,156.0059,158.4182,161.7607
2642,5284,156.4375,156.1157,158.8508,161.4167
2643,5286,156.2656,156.0059,158.6345,161.5890
2644,5288,156.2656,156.1377,158.6345,161.5890
2645,5290,156.2656,155.9399,158.6345,161.5890
2646,5292,156.0938,155.5225,158.4182,161.7607
2647,5294,156.0938,155.7861,158.4182,161.7607
2648,5296,156.0938,156.0059,158.4182,161.7607
2649,5298,156.0938,155.6323,158.4182,161.7607
2650,5300,156.0938,156.0278,158.4182,161.7607
2651,5302,156.2656,155.9839,158.6345,161.5890
2652,5304,156.2656,155.8740,158.6345,161.5890
2653,5306,156.4375,156.0498,158.8508,161.4167
2654,5308,155.9062,155.7861,158.1822,161.9465
2655,5310,156.2656,156.0498,158.6345,161.5890
2656,5312,156.0938,156.0059,158.4182,161.7607
2657,5314,156.2656,155.6543,158.6345,161.5890
2658,5316,156.2656,156.0938,158.6345,161.5890
2659,5318,156.2656,156.0718,158.6345,161.5890
2660,5320,156.2656,155.6982,158.6345,161.5890
2661,5322,156.2656,155.7642,158.6345,161.5890
2662,5324,156.0938,156.1816,158.4182,161.7607
2663,5326,156.2656,156.1597,158.6345,161.5890
2664,5328,156.2656,156.0718,158.6345,161.5890
2665,5330,156.0938,156.2036,158.4182,161.7607
2666,5332,156.0938,155.9180,158.4182,161.7607
2667,5334,156.4375,155.9839,158.8508,161.4167
2668,5336,156.2656,156.2476,158.6345,161.5890
2669,5338,156.2656,155.7861,158.6345,161.5890
2670,5340,156.2656,156.0498,158.6345,161.5890
2671,5342,156.0938,155.5884,158.4182,161.7607
2672,5344,156.2656,155.7202,158.6345,161.5890
2673,5346,156.0938,155.9839,158.4182,161.7607
2674,5348,156.2656,155.8081,158.6345,161.5890
2675,5350,156.0938,155.9399,158.4182,161.7607
2676,5352,156.0938,155.9619,158.4182,161.7607
2677,5354,156.4375,156.1157,158.8508,161.4167
2678,5356,156.0938,155.5884,158.4182,161.7607
2679,5358,156.0938,155.9399,158.4182,161.7607
2680,5360,156.0938,155.9180,158.4182,161.7607
2681,5362,156.0938,155.8521,158.4182,161.7607
2682,5364,156.2656,155.8081,158.6345,161.5890
2683,5366,156.2656,155.9839,158.6345,161.5890
2684,5368,156.2656,155.9619,158.6345,161.5890
2685,5370,156.0938,155.6982,158.4182,161.7607
2686,5372,156.2656,156.0278,158.6345,161.5890
2687,5374,156.0938,156.0718,158.4182,161.7607
2688,5376,156.2656,155.9619,158.6345,161.5890
2689,5378,156.0938,155.7861,158.4182,161.7607
2690,5380,156.4375,155.8521,158.8508,161.4167
2691,5382,155.9062,155.7642,158.1822,161.9465
2692,5384,156.2656,156.0059,158.6345,161.5890
2693,5386,155.9062,155.4126,158.1822,161.9465
2694,5388,156.2656,156.0278,158.6345,161.5890
2695,5390,156.0938,155.7861,158.4182,161.7607
2696,5392,156.2656,156.1157,158.6345,161.5890
2697,5394,156.0938,155.6763,158.4182,161.7607
2698,5396,156.0938,155.6763,158.4182,161.7607
2699,5398,156.2656,155.9839,158.6345,161.5890
2700,5400,156.2656,155.9399,158.6345,161.5890
2701,5402,156.0938,155.6763,158.4182,161.7607
2702,5404,156.0938,155.6104,158.4182,161.7607
2703,5406,156.0938,155.8081,158.4182,161.7607
2704,5408,156.0938,155.9180,158.4182,161.7607
2705,5410,156.0938,155.6543,158.4182,161.7607
2706,5412,156.0938,155.8081,158.4182,161.7607
2707,5414,156.0938,156.0498,158.4182,161.7607
2708,5416,156.2656,156.0938,158.6345,161.5890
2709,5418,156.0938,156.1597,158.4182,161.7607
2710,5420,156.2656,155.8960,158.6345,161.5890
2711,5422,156.2656,155.7642,158.6345,161.5890
2712,5424,156.2656,155.8521,158.6345,161.5890
2713,5426,156.0938,155.9399,158.4182,161.7607
2714,5428,156.2656,156.0059,158.6345,161.5890
2715,5430,156.2656,156.0718,158.6345,161.5890
2716,5432,156.0938,155.5884,158.4182,161.7607
2717,5434,156.0938,155.6982,158.4182,161.7607
2718,5436,156.4375,156.0498,158.8508,161.4167
2719,5438,156.2656,156.0498,158.6345,161.5890
2720,5440,156.2656,155.6543,158.6345,161.5890
2721,5442,156.0938,155.9839,158.4182,161.7607
2722,5444,156.2656,155.9180,158.6345,161.5890
2723,5446,156.0938,155.9619,158.4182,161.7607
2724,5448,156.4375,156.0938,158.8508,161.4167
2725,5450,155.9062,155.8081,158.1822,161.9465
2726,5452,156.2656,155.9180,158.6345,161.5890
2727,5454,156.0938,155.5664,158.4182,161.7607
2728,5456,156.0938,155.5444,158.4182,161.7607
2729,5458,156.0938,155.9180,158.4182,161.7607
2730,5460,156.2656,155.9619,158.6345,161.5890
2731,5462,156.0938,155.9839,158.4182,161.7607
2732,5464,156.2656,156.1597,158.6345,161.5890
2733,5466,156.2656,155.9839,158.6345,161.5890
2734,5468,156.0938,155.9180,158.4182,161.7607
2735,5470,156.0938,155.8960,158.4182,161.7607
2736,5472,156.0938,156.0278,158.4182,161.7607
2737,5474,156.2656,155.8521,158.6345,161.5890
2738,5476,156.2656,155.8081,158.6345,161.5890
2739,5478,156.2656,155.6982,158.6345,161.5890
2740,5480,156.0938,155.8740,158.4182,161.7607
2741,5482,156.0938,155.9839,158.4182,161.7607
2742,5484,156.2656,155.9399,158.6345,161.5890
2743,5486,156.2656,156.0059,158.6345,161.5890
2744,5488,156.2656,155.9839,158.6345,161.5890
2745,5490,156.0938,156.0059,158.4182,161.7607
2746,5492,156.0938,156.0059,158.4182,161.7607
2747,5494,156.0938,155.7422,158.4182,161.7607
2748,5496,156.4375,156.0938,158.8508,161.4167
2749,5498,156.2656,155.7422,158.6345,161.5890
2750,5500,156.2656,155.7642,158.6345,161.5890
2751,5502,156.0938,155.9399,158.4182,161.7607
2752,5504,156.0938,155.9839,158.4182,161.7607
2753,5506,156.2656,155.9180,158.6345,161.5890
2754,5508,156.2656,155.8740,158.6345,161.5890
2755,5510,156.2656,156.0059,158.6345,161.5890
2756,5512,156.2656,155.7861,158.6345,161.5890
2757,5514,156.2656,156.1597,158.6345,161.5890
2758,5516,156.0938,155.6982,158.4182,161.7607
2759,5518,156.2656,155.6982,158.6345,161.5890
2760,5520,156.0938,156.0498,158.4182,161.7607
2761,5522,156.0938,156.0278,158.4182,161.7607
2762,5524,156.2656,156.1597,158.6345,161.5890
2763,5526,156.0938,155.9839,158.4182,161.7607
2764,5528,156.2656,155.6543,158.6345,161.5890
2765,5530,156.0938,155.7642,158.4182,161.7607
2766,5532,156.0938,155.8740,158.4182,161.7607
2767,5534,156.2656,156.0498,158.6345,161.5890
2768,5536,156.0938,155.8960,158.4182,161.7607
2769,5538,156.2656,156.0059,158.6345,161.5890
2770,5540,156.2656,155.9399,158.6345,161.5890
2771,5542,156.0938,156.0718,158.4182,161.7607
2772,5544,156.0938,156.1816,158.4182,161.7607
2773,5546,156.2656,155.9619,158.6345,161.5890
2774,5548,156.4375,156.2695,158.8508,161.4167
2775,5550,156.4375,155.8521,158.8508,161.4167
2776,5552,156.0938,155.8740,158.4182,161.7607
2777,5554,156.0938,155.9619,158.4182,161.7607
2778,5556,156.2656,156.0498,158.6345,161.5890
2779,5558,156.0938,155.9180,158.4182,161.7607
2780,5560,155.9062,155.5884,158.1822,161.9465
2781,5562,156.0938,155.7642,158.4182,161.7607
2782,5564,156.2656,155.7861,158.6345,161.5890
2783,5566,156.2656,155.9619,158.6345,161.5890
2784,5568,156.0938,155.8740,158.4182,161.7607
2785,5570,156.0938,155.7422,158.4182,161.7607
2786,5572,156.0938,155.8960,158.4182,161.7607
2787,5574,156.0938,155.7861,158.4182,161.7607
2788,5576,156.0938,156.0278,158.4182,161.7607
2789,5578,156.2656,155.8301,158.6345,161.5890
2790,5580,156.2656,156.0938,158.6345,161.5890
2791,5582,156.0938,155.8301,158.4182,161.7607
2792,5584,156.0938,155.8960,158.4182,161.7607
2793,5586,156.2656,155.9399,158.6345,161.5890
2794,5588,156.4375,156.4014,158.8508,161.4167
2795,5590,155.9062,155.7642,158.1822,161.9465
2796,5592,155.9062,155.7422,158.1822,161.9465
2797,5594,156.2656,156.1157,158.6345,161.5890
2798,5596,156.0938,155.8960,158.4182,161.7607
2799,5598,156.0938,156.1157,158.4182,161.7607
2800,5600,156.2656,155.7202,158.6345,161.5890
2801,5602,156.2656,155.6982,158.6345,161.5890
2802,5604,156.2656,155.9619,158.6345,161.5890
2803,5606,156.0938,155.8521,158.4182,161.7607
2804,5608,156.2656,156.1377,158.6345,161.5890
2805,5610,156.2656,155.7642,158.6345,161.5890
2806,5612,156.0938,155.7202,158.4182,161.7607
2807,5614,156.0938,155.7422,158.4182,161.7607
2808,5616,156.0938,155.7861,158.4182,161.7607
2809,5618,156.0938,156.0059,158.4182,161.7607
2810,5620,156.0938,155.6763,158.4182,161.7607
2811,5622,156.2656,156.2036,158.6345,161.5890
2812,5624,156.0938,155.6323,158.4182,161.7607
2813,5626,156.2656,155.6323,158.6345,161.5890
2814,5628,156.0938,155.9839,158.4182,161.7607
2815,5630,156.0938,155.9180,158.4182,161.7607
2816,5632,156.2656,155.8960,158.6345,161.5890
2817,5634,156.2656,155.9619,158.6345,161.5890
2818,5636,156.2656,155.7861,158.6345,161.5890
2819,5638,156.2656,155.9399,158.6345,161.5890
2820,5640,156.0938,155.8081,158.4182,161.7607
2821,5642,156.2656,155.8081,158.6345,161.5890
2822,5644,156.0938,156.0278,158.4182,161.7607
2823,5646,156.0938,155.8740,158.4182,161.7607
2824,5648,156.0938,156.0059,158.4182,161.7607
2825,5650,156.2656,155.9839,158.6345,161.5890
2826,5652,156.0938,155.6763,158.4182,161.7607
2827,5654,156.0938,155.9839,158.4182,161.7607
2828,5656,156.0938,155.9399,158.4182,161.7607
2829,5658,156.2656,155.7422,158.6345,161.5890
2830,5660,156.0938,155.7861,158.4182,161.7607
2831,5662,156.2656,155.8521,158.6345,161.5890
2832,5664,156.2656,155.7422,158.6345,161.5890
2833,5666,156.2656,156.2695,158.6345,161.5890
2834,5668,156.0938,155.9839,158.4182,161.7607
2835,5670,156.2656,155.6543,158.6345,161.5890
2836,5672,156.2656,155.9839,158.6345,161.5890
2837,5674,156.2656,155.8960,158.6345,161.5890
2838,5676,156.2656,155.7642,158.6345,161.5890
2839,5678,156.0938,155.9839,158.4182,161.7607
2840,5680,156.2656,156.1377,158.6345,161.5890
2841,5682,156.2656,156.2256,158.6345,161.5890
2842,5684,155.9062,155.5225,158.1822,161.9465
2843,5686,156.0938,155.7861,158.4182,161.7607
2844,5688,156.2656,156.2476,158.6345,161.5890
2845,5690,156.0938,155.8081,158.4182,161.7607
2846,5692,156.0938,155.9619,158.4182,161.7607
2847,5694,156.2656,156.0718,158.6345,161.5890
2848,5696,156.0938,155.8521,158.4182,161.7607
2849,5698,156.2656,155.8301,158.6345,161.5890
2850,5700,156.2656,155.8740,158.6345,161.5890
2851,5702,156.2656,156.1157,158.6345,161.5890
2852,5704,156.0938,156.0718,158.4182,161.7607
2853,5706,156.2656,156.2036,158.6345,161.5890
2854,5708,156.0938,156.0498,158.4182,161.7607
2855,5710,156.2656,156.0278,158.6345,161.5890
2856,5712,156.4375,155.8521,158.8508,161.4167
2857,5714,156.0938,155.9619,158.4182,161.7607
2858,5716,156.2656,155.9399,158.6345,161.5890
2859,5718,156.2656,156.0278,158.6345,161.5890
2860,5720,156.0938,155.8081,158.4182,161.7607
2861,5722,156.2656,155.8301,158.6345,161.5890
2862,5724,156.0938,155.8960,158.4182,161.7607
2863,5726,156.0938,155.8960,158.4182,161.7607
2864,5728,156.0938,155.8301,158.4182,161.7607
2865,5730,156.0938,155.8301,158.4182,161.7607
2866,5732,156.2656,156.0278,158.6345,161.5890
2867,5734,156.2656,155.9180,158.6345,161.5890
2868,5736,156.2656,155.9180,158.6345,161.5890
2869,5738,156.2656,155.7861,158.6345,161.5890
2870,5740,156.4375,155.9399,158.8508,161.4167
2871,5742,156.2656,155.8521,158.6345,161.5890
2872,5744,156.0938,155.5884,158.4182,161.7607
2873,5746,156.0938,156.0498,158.4182,161.7607
2874,5748,156.0938,155.7861,158.4182,161.7607
2875,5750,156.0938,156.1377,158.4182,161.7607
2876,5752,156.0938,155.9180,158.4182,161.7607
2877,5754,156.0938,155.9180,158.4182,161.7607
2878,5756,156.0938,156.0278,158.4182,161.7607
2879,5758,156.0938,155.6104,158.4182,161.7607
2880,5760,156.2656,155.8521,158.6345,161.5890
2881,5762,156.2656,155.9619,158.6345,161.5890
2882,5764,156.2656,155.7861,158.6345,161.5890
2883,5766,156.2656,155.7422,158.6345,161.5890
2884,5768,156.2656,155.8081,158.6345,161.5890
2885,5770,156.2656,155.9180,158.6345,161.5890
2886,5772,156.0938,156.0498,158.4182,161.7607
2887,5774,156.2656,156.0498,158.6345,161.5890
2888,5776,156.2656,155.7861,158.6345,161.5890
2889,5778,156.0938,155.8301,158.4182,161.7607
2890,5780,156.0938,156.0718,158.4182,161.7607
2891,5782,156.0938,155.6982,158.4182,161.7607
2892,5784,156.2656,155.8740,158.6345,161.5890
2893,5786,156.0938,155.7202,158.4182,161.7607
2894,5788,156.0938,155.8301,158.4182,161.7607
2895,5790,156.0938,156.1157,158.4182,161.7607
2896,5792,156.0938,155.9619,158.4182,161.7607
2897,5794,156.2656,155.8960,158.6345,161.5890
2898,5796,156.0938,155.5225,158.4182,161.7607
2899,5798,156.2656,155.7202,158.6345,161.5890
2900,5800,156.0938,155.8081,158.4182,161.7607
2901,5802,156.2656,155.9399,158.6345,161.5890
2902,5804,156.2656,155.8521,158.6345,161.5890
2903,5806,156.2656,155.9180,158.6345,161.5890
2904,5808,156.0938,155.7861,158.4182,161.7607
2905,5810,156.2656,155.7422,158.6345,161.5890
2906,5812,156.2656,156.0718,158.6345,161.5890
2907,5814,156.0938,155.7642,158.4182,161.7607
2908,5816,156.2656,155.8960,158.6345,161.5890
2909,5818,156.0938,155.8521,158.4182,161.7607
2910,5820,156.0938,155.9180,158.4182,161.7607
2911,5822,156.2656,155.8521,158.6345,161.5890
2912,5824,156.2656,155.8301,158.6345,161.5890
2913,5826,156.2656,156.1816,158.6345,161.5890
2914,5828,156.0938,155.9180,158.4182,161.7607
2915,5830,156.0938,155.6763,158.4182,161.7607
2916,5832,156.2656,155.9619,158.6345,161.5890
2917,5834,156.2656,155.8740,158.6345,161.5890
2918,5836,156.0938,155.8960,158.4182,161.7607
2919,5838,155.9062,155.8740,158.1822,161.9465
2920,5840,156.2656,155.8081,158.6345,161.5890
2921,5842,156.2656,155.9619,158.6345,161.5890
2922,5844,156.0938,155.8960,158.4182,161.7607
2923,5846,156.0938,156.2036,158.4182,161.7607
2924,5848,156.2656,156.1816,158.6345,161.5890
2925,5850,156.2656,155.6543,158.6345,161.5890
2926,5852,156.0938,156.0278,158.4182,161.7607
2927,5854,156.2656,155.8521,158.6345,161.5890
2928,5856,156.2656,155.8521,158.6345,161.5890
2929,5858,156.0938,156.0938,158.4182,161.7607
2930,5860,156.2656,156.0059,158.6345,161.5890
2931,5862,156.0938,155.9180,158.4182,161.7607
2932,5864,155.9062,155.8301,158.1822,161.9465
2933,5866,156.2656,155.6323,158.6345,161.5890
2934,5868,156.2656,156.0059,158.6345,161.5890
2935,5870,156.0938,156.0938,158.4182,161.7607
2936,5872,156.0938,155.8301,158.4182,161.7607
2937,5874,156.0938,155.8740,158.4182,161.7607
2938,5876,156.0938,155.6323,158.4182,161.7607
2939,5878,156.0938,155.8301,158.4182,161.7607
2940,5880,156.0938,155.9180,158.4182,161.7607
2941,5882,156.2656,155.9839,158.6345,161.5890
2942,5884,156.0938,155.9399,158.4182,161.7607
2943,5886,156.2656,155.8521,158.6345,161.5890
2944,5888,156.2656,155.8521,158.6345,161.5890
2945,5890,156.2656,155.8301,158.6345,161.5890
2946,5892,156.2656,155.7422,158.6345,161.5890
2947,5894,156.2656,155.8521,158.6345,161.5890
2948,5896,156.0938,155.5884,158.4182,161.7607
2949,5898,156.0938,155.9180,158.4182,161.7607
2950,5900,156.0938,155.9839,158.4182,161.7607
2951,5902,156.0938,155.8960,158.4182,161.7607
2952,5904,156.0938,155.9839,158.4182,161.7607
2953,5906,156.2656,156.0059,158.6345,161.5890
2954,5908,156.0938,155.8301,158.4182,161.7607
2955,5910,156.0938,155.8960,158.4182,161.7607
2956,5912,156.2656,155.7202,158.6345,161.5890
2957,5914,156.4375,155.8081,158.8508,161.4167
2958,5916,156.2656,155.7202,158.6345,161.5890
2959,5918,156.0938,155.7861,158.4182,161.7607
2960,5920,156.0938,155.8960,158.4182,161.7607
2961,5922,156.0938,155.8521,158.4182,161.7607
2962,5924,156.2656,155.9619,158.6345,161.5890
2963,5926,156.2656,155.7861,158.6345,161.5890
2964,5928,156.2656,155.6763,158.6345,161.5890
2965,5930,156.0938,156.0278,158.4182,161.7607
2966,5932,156.2656,156.1377,158.6345,161.5890
2967,5934,156.2656,155.7642,158.6345,161.5890
2968,5936,156.2656,156.2256,158.6345,161.5890
2969,5938,156.0938,155.8960,158.4182,161.7607
2970,5940,156.2656,156.1377,158.6345,161.5890
2971,5942,156.0938,155.6323,158.4182,161.7607
2972,5944,156.2656,155.8960,158.6345,161.5890
2973,5946,156.4375,156.2036,158.8508,161.4167
2974,5948,156.0938,155.7202,158.4182,161.7607
2975,5950,156.2656,155.9180,158.6345,161.5890
2976,5952,156.0938,155.7642,158.4182,161.7607
2977,5954,156.0938,155.7861,158.4182,161.7607
2978,5956,156.0938,155.7202,158.4182,161.7607
2979,5958,156.0938,155.7642,158.4182,161.7607
2980,5960,156.2656,156.0718,158.6345,161.5890
2981,5962,156.2656,156.0718,158.6345,161.5890
2982,5964,156.2656,156.1377,158.6345,161.5890
2983,5966,155.9062,155.9839,158.1822,161.9465
2984,5968,156.0938,155.9399,158.4182,161.7607
2985,5970,156.0938,155.7861,158.4182,161.7607
2986,5972,156.2656,156.1377,158.6345,161.5890
2987,5974,156.0938,155.5884,158.4182,161.7607
2988,5976,156.0938,155.9619,158.4182,161.7607
2989,5978,156.0938,155.8301,158.4182,161.7607
2990,5980,156.0938,155.9180,158.4182,161.7607
2991,5982,156.2656,156.0278,158.6345,161.5890
2992,5984,156.4375,156.0938,158.8508,161.4167
2993,5986,156.0938,155.9619,158.4182,161.7607
2994,5988,156.2656,155.7861,158.6345,161.5890
2995,5990,156.2656,156.2695,158.6345,161.5890
2996,5992,156.0938,155.8521,158.4182,161.7607
2997,5994,156.0938,155.7642,158.4182,161.7607
2998,5996,156.0938,155.9839,158.4182,161.7607
2999,5998,156.2656,155.8521,158.6345,161.5890
3000,6000,156.0938,155.8081,158.4182,161.7607
3001,6002,156.2656,155.7861,158.6345,161.5890
3002,6004,156.2656,155.8960,158.6345,161.5890
3003,6006,156.2656,155.9399,158.6345,161.5890
3004,6008,156.0938,155.7422,158.4182,161.7607
3005,6010,156.2656,156.2695,158.6345,161.5890
3006,6012,156.0938,155.7202,158.4182,161.7607
3007,6014,156.0938,156.1377,158.4182,161.7607
3008,6016,156.0938,155.6543,158.4182,161.7607
3009,6018,156.0938,156.0278,158.4182,161.7607
3010,6020,156.0938,156.0059,158.4182,161.7607
3011,6022,156.2656,155.9180,158.6345,161.5890
3012,6024,156.2656,156.0278,158.6345,161.5890
3013,6026,156.2656,156.0498,158.6345,161.5890
3014,6028,156.4375,156.0498,158.8508,161.4167
3015,6030,156.0938,155.6982,158.4182,161.7607
3016,6032,156.0938,156.1816,158.4182,161.7607
3017,6034,156.2656,155.9839,158.6345,161.5890
3018,6036,156.0938,155.7861,158.4182,161.7607
3019,6038,156.2656,156.0498,158.6345,161.5890
3020,6040,156.2656,155.8521,158.6345,161.5890
3021,6042,156.0938,156.0498,158.4182,161.7607
3022,6044,156.2656,156.2256,158.6345,161.5890
3023,6046,156.0938,156.0498,158.4182,161.7607
3024,6048,156.0938,156.1157,158.4182,161.7607
3025,6050,156.2656,156.2915,158.6345,161.5890
3026,6052,156.2656,155.9180,158.6345,161.5890
3027,6054,156.2656,156.2476,158.6345,161.5890
3028,6056,156.2656,155.9180,158.6345,161.5890
3029,6058,156.2656,156.1377,158.6345,161.5890
3030,6060,156.0938,156.1597,158.4182,161.7607
3031,6062,156.0938,155.8960,158.4182,161.7607
3032,6064,156.0938,155.8740,158.4182,161.7607
3033,6066,156.2656,155.8960,158.6345,161.5890
3034,6068,156.2656,155.8081,158.6345,161.5890
3035,6070,156.2656,156.0718,158.6345,161.5890
3036,6072,156.2656,155.9619,158.6345,161.5890
3037,6074,156.2656,155.7202,158.6345,161.5890
3038,6076,156.2656,155.9180,158.6345,161.5890
3039,6078,156.0938,155.6323,158.4182,161.7607
3040,6080,156.0938,156.0498,158.4182,161.7607
3041,6082,156.2656,156.0278,158.6345,161.5890
3042,6084,156.2656,155.9180,158.6345,161.5890
3043,6086,156.2656,155.9619,158.6345,161.5890
3044,6088,156.2656,155.8740,158.6345,161.5890
3045,6090,156.2656,155.9619,158.6345,161.5890
3046,6092,156.0938,155.7202,158.4182,161.7607
3047,6094,156.2656,155.7202,158.6345,161.5890
3048,6096,156.2656,155.7861,158.6345,161.5890
3049,6098,156.2656,155.9399,158.6345,161.5890
3050,6100,156.0938,155.7202,158.4182,161.7607
3051,6102,156.0938,155.7202,158.4182,161.7607
3052,6104,156.2656,156.0278,158.6345,161.5890
3053,6106,156.2656,155.8081,158.6345,161.5890
3054,6108,156.0938,155.9619,158.4182,161.7607
3055,6110,156.0938,155.6543,158.4182,161.7607
3056,6112,156.0938,155.9839,158.4182,161.7607
3057,6114,156.0938,155.8081,158.4182,161.7607
3058,6116,156.0938,155.6543,158.4182,161.7607
3059,6118,156.0938,155.8521,158.4182,161.7607
3060,6120,156.2656,155.7422,158.6345,161.5890
3061,6122,156.2656,155.9399,158.6345,161.5890
3062,6124,155.9062,155.4785,158.1822,161.9465
3063,6126,156.0938,156.1816,158.4182,161.7607
3064,6128,156.2656,156.0938,158.6345,161.5890
3065,6130,156.2656,156.1377,158.6345,161.5890
3066,6132,156.0938,155.7422,158.4182,161.7607
3067,6134,156.2656,156.0498,158.6345,161.5890
3068,6136,156.0938,155.7861,158.4182,161.7607
3069,6138,156.2656,155.8960,158.6345,161.5890
3070,6140,156.0938,156.0278,158.4182,161.7607
3071,6142,156.0938,155.7202,158.4182,161.7607
3072,6144,156.2656,155.7422,158.6345,161.5890
3073,6146,156.0938,155.9399,158.4182,161.7607
3074,6148,156.2656,156.0938,158.6345,161.5890
3075,6150,156.2656,155.8301,158.6345,161.5890
3076,6152,156.2656,155.9619,158.6345,161.5890
3077,6154,156.2656,155.7422,158.6345,161.5890
3078,6156,156.0938,155.9399,158.4182,161.7607
3079,6158,156.0938,155.6104,158.4182,161.7607
3080,6160,156.2656,156.1157,158.6345,161.5890
3081,6162,156.0938,155.9619,158.4182,161.7607
3082,6164,156.2656,156.1377,158.6345,161.5890
3083,6166,156.0938,156.0938,158.4182,161.7607
3084,6168,156.0938,155.9839,158.4182,161.7607
3085,6170,156.0938,155.8521,158.4182,161.7607
3086,6172,156.0938,155.8301,158.4182,161.7607
3087,6174,156.0938,155.8521,158.4182,161.7607
3088,6176,155.9062,155.6323,158.1822,161.9465
3089,6178,156.0938,156.0059,158.4182,161.7607
3090,6180,156.0938,155.8740,158.4182,161.7607
3091,6182,156.0938,155.8960,158.4182,161.7607
3092,6184,156.0938,155.7202,158.4182,161.7607
3093,6186,156.0938,155.9399,158.4182,161.7607
3094,6188,156.0938,155.9399,158.4182,161.7607
3095,6190,156.2656,155.9180,158.6345,161.5890
3096,6192,156.2656,156.1597,158.6345,161.5890
3097,6194,156.0938,156.0278,158.4182,161.7607
3098,6196,156.2656,155.7642,158.6345,161.5890
3099,6198,156.2656,156.1597,158.6345,161.5890
3100,6200,156.0938,155.7422,158.4182,161.7607
3101,6202,156.0938,155.8521,158.4182,161.7607
3102,6204,156.2656,155.9839,158.6345,161.5890
3103,6206,156.2656,155.8521,158.6345,161.5890
3104,6208,156.0938,155.8301,158.4182,161.7607
3105,6210,156.0938,156.0718,158.4182,161.7607
3106,6212,156.2656,156.0059,158.6345,161.5890
3107,6214,156.0938,156.0059,158.4182,161.7607
3108,6216,156.0938,155.8301,158.4182,161.7607
3109,6218,156.2656,155.8081,158.6345,161.5890
3110,6220,156.2656,155.6323,158.6345,161.5890
3111,6222,156.2656,155.9839,158.6345,161.5890
3112,6224,156.2656,156.0059,158.6345,161.5890
3113,6226,155.7344,155.6104,157.9659,162.1160
3114,6228,156.2656,156.1157,158.6345,161.5890
3115,6230,156.0938,156.0278,158.4182,161.7607
3116,6232,156.0938,155.9180,158.4182,161.7607
3117,6234,155.9062,155.8521,158.1822,161.9465
3118,6236,156.0938,155.9839,158.4182,161.7607
3119,6238,156.0938,155.9399,158.4182,161.7607
3120,6240,156.0938,156.0718,158.4182,161.7607
3121,6242,156.2656,156.2476,158.6345,161.5890
3122,6244,156.2656,155.9399,158.6345,161.5890
3123,6246,156.0938,156.0278,158.4182,161.7607
3124,6248,156.0938,155.6982,158.4182,161.7607
3125,6250,156.2656,156.0718,158.6345,161.5890
3126,6252,156.2656,155.7422,158.6345,161.5890
3127,6254,156.0938,155.8960,158.4182,161.7607
3128,6256,156.0938,155.8081,158.4182,161.7607
3129,6258,156.0938,155.8301,158.4182,161.7607
3130,6260,156.2656,155.8521,158.6345,161.5890
3131,6262,156.0938,155.8740,158.4182,161.7607
3132,6264,156.0938,156.0498,158.4182,161.7607
3133,6266,156.2656,156.0498,158.6345,161.5890
3134,6268,156.2656,155.8081,158.6345,161.5890
3135,6270,156.2656,155.8081,158.6345,161.5890
3136,6272,156.0938,155.6104,158.4182,161.7607
3137,6274,156.0938,155.8960,158.4182,161.7607
3138,6276,156.2656,155.8960,158.6345,161.5890
3139,6278,156.0938,155.9839,158.4182,161.7607
3140,6280,156.0938,155.9399,158.4182,161.7607
3141,6282,156.2656,155.9619,158.6345,161.5890
3142,6284,156.0938,156.1597,158.4182,161.7607
3143,6286,156.0938,155.8521,158.4182,161.7607
3144,6288,156.2656,155.9399,158.6345,161.5890
3145,6290,156.2656,155.9619,158.6345,161.5890
3146,6292,156.2656,155.8081,158.6345,161.5890
3147,6294,156.0938,155.6982,158.4182,161.7607
3148,6296,156.0938,155.8740,158.4182,161.7607
3149,6298,156.2656,156.0278,158.6345,161.5890
3150,6300,156.2656,155.9180,158.6345,161.5890
3151,6302,156.4375,155.8081,158.8508,161.4167
3152,6304,156.0938,155.6323,158.4182,161.7607
3153,6306,156.0938,155.7202,158.4182,161.7607
3154,6308,156.2656,156.1377,158.6345,161.5890
3155,6310,156.2656,155.6982,158.6345,161.5890
3156,6312,156.0938,156.1597,158.4182,161.7607
3157,6314,156.2656,155.9180,158.6345,161.5890
3158,6316,156.2656,155.8301,158.6345,161.5890
3159,6318,156.2656,155.7642,158.6345,161.5890
3160,6320,156.2656,155.9180,158.6345,161.5890
3161,6322,156.2656,155.9180,158.6345,161.5890
3162,6324,156.2656,156.0938,158.6345,161.5890
3163,6326,156.0938,155.7642,158.4182,161.7607
3164,6328,156.2656,155.9839,158.6345,161.5890
3165,6330,156.2656,155.9399,158.6345,161.5890
3166,6332,156.2656,155.7642,158.6345,161.5890
3167,6334,156.0938,155.9619,158.4182,161.7607
3168,6336,156.2656,156.0059,158.6345,161.5890
3169,6338,156.0938,156.0278,158.4182,161.7607
3170,6340,155.9062,155.6323,158.1822,161.9465
3171,6342,156.0938,155.8081,158.4182,161.7607
3172,6344,156.0938,155.8740,158.4182,161.7607
3173,6346,156.0938,155.7422,158.4182,161.7607
3174,6348,155.9062,155.9619,158.1822,161.9465
3175,6350,156.2656,156.1377,158.6345,161.5890
3176,6352,156.0938,156.1816,158.4182,161.7607
3177,6354,156.0938,155.6543,158.4182,161.7607
3178,6356,156.0938,155.7861,158.4182,161.7607
3179,6358,156.0938,155.5664,158.4182,161.7607
3180,6360,156.0938,155.7642,158.4182,161.7607
3181,6362,156.0938,155.8960,158.4182,161.7607
3182,6364,156.2656,155.9180,158.6345,161.5890
3183,6366,156.2656,155.8960,158.6345,161.5890
3184,6368,156.0938,155.7642,158.4182,161.7607
3185,6370,156.0938,156.0059,158.4182,161.7607
3186,6372,156.2656,155.7202,158.6345,161.5890
3187,6374,156.2656,156.1377,158.6345,161.5890
3188,6376,156.0938,155.9619,158.4182,161.7607
3189,6378,156.2656,155.8740,158.6345,161.5890
3190,6380,156.0938,155.9180,158.4182,161.7607
3191,6382,156.0938,155.8960,158.4182,161.7607
3192,6384,156.0938,155.8301,158.4182,161.7607
3193,6386,156.0938,155.6982,158.4182,161.7607
3194,6388,156.2656,155.8081,158.6345,161.5890
3195,6390,156.4375,156.0938,158.8508,161.4167
3196,6392,156.0938,155.8301,158.4182,161.7607
3197,6394,156.2656,155.7861,158.6345,161.5890
3198,6396,156.2656,155.7642,158.6345,161.5890
3199,6398,156.2656,155.8521,158.6345,161.5890
3200,6400,156.2656,156.2915,158.6345,161.5890
3201,6402,155.9062,155.8301,158.1822,161.9465
3202,6404,156.2656,156.0059,158.6345,161.5890
3203,6406,156.0938,155.6982,158.4182,161.7607
3204,6408,156.2656,156.1597,158.6345,161.5890
3205,6410,156.0938,156.0498,158.4182,161.7607
3206,6412,156.2656,155.7422,158.6345,161.5890
3207,6414,156.0938,156.0278,158.4182,161.7607
3208,6416,156.2656,155.9399,158.6345,161.5890
3209,6418,156.0938,155.7861,158.4182,161.7607
3210,6420,156.2656,155.8521,158.6345,161.5890
3211,6422,156.0938,155.8301,158.4182,161.7607
3212,6424,156.0938,156.0718,158.4182,161.7607
3213,6426,156.0938,156.0278,158.4182,161.7607
3214,6428,156.0938,155.6104,158.4182,161.7607
3215,6430,156.0938,155.8740,158.4182,161.7607
3216,6432,156.2656,155.8081,158.6345,161.5890
3217,6434,156.0938,155.7202,158.4182,161.7607
3218,6436,156.2656,155.9399,158.6345,161.5890
3219,6438,156.0938,156.0059,158.4182,161.7607
3220,6440,156.0938,155.8740,158.4182,161.7607
3221,6442,156.0938,155.7202,158.4182,161.7607
3222,6444,156.6094,156.3135,159.0671,161.2432
3223,6446,156.2656,155.8301,158.6345,161.5890
3224,6448,156.2656,156.2915,158.6345,161.5890
3225,6450,156.0938,155.7861,158.4182,161.7607
3226,6452,156.0938,155.4785,158.4182,161.7607
3227,6454,156.2656,155.8740,158.6345,161.5890
3228,6456,156.0938,155.6323,158.4182,161.7607
3229,6458,156.0938,155.8081,158.4182,161.7607
3230,6460,156.2656,156.2256,158.6345,161.5890
3231,6462,156.2656,156.1377,158.6345,161.5890
3232,6464,155.9062,155.7861,158.1822,161.9465
3233,6466,156.0938,155.9839,158.4182,161.7607
3234,6468,156.0938,155.5884,158.4182,161.7607
3235,6470,156.2656,156.1816,158.6345,161.5890
3236,6472,156.0938,155.9619,158.4182,161.7607
3237,6474,156.0938,155.9180,158.4182,161.7607
3238,6476,156.0938,156.0059,158.4182,161.7607
3239,6478,156.0938,156.0498,158.4182,161.7607
3240,6480,156.2656,155.9399,158.6345,161.5890
3241,6482,155.9062,155.9180,158.1822,161.9465
3242,6484,156.0938,155.9399,158.4182,161.7607
3243,6486,156.0938,155.8740,158.4182,161.7607
3244,6488,156.0938,156.1597,158.4182,161.7607
3245,6490,156.2656,155.8081,158.6345,161.5890
3246,6492,156.2656,155.9839,158.6345,161.5890
3247,6494,155.9062,155.3906,158.1822,161.9465
3248,6496,156.0938,155.9180,158.4182,161.7607
3249,6498,156.2656,156.0059,158.6345,161.5890
3250,6500,156.2656,155.6763,158.6345,161.5890
3251,6502,156.2656,155.9839,158.6345,161.5890
3252,6504,155.9062,155.3687,158.1822,161.9465
3253,6506,156.0938,155.8960,158.4182,161.7607
3254,6508,156.0938,155.6763,158.4182,161.7607
3255,6510,156.2656,155.9619,158.6345,161.5890
3256,6512,156.2656,155.8521,158.6345,161.5890
3257,6514,156.2656,155.8521,158.6345,161.5890
3258,6516,156.2656,155.9399,158.6345,161.5890
3259,6518,156.0938,156.0718,158.4182,161.7607
3260,6520,156.4375,155.9839,158.8508,161.4167
3261,6522,156.0938,155.8960,158.4182,161.7607
3262,6524,156.2656,155.8521,158.6345,161.5890
3263,6526,156.4375,156.0278,158.8508,161.4167
3264,6528,156.4375,155.8301,158.8508,161.4167
3265,6530,156.2656,156.2476,158.6345,161.5890
3266,6532,156.2656,155.7422,158.6345,161.5890
3267,6534,156.0938,155.8740,158.4182,161.7607
3268,6536,156.2656,155.7861,158.6345,161.5890
3269,6538,156.0938,155.9839,158.4182,161.7607
3270,6540,156.0938,155.9619,158.4182,161.7607
3271,6542,156.0938,156.0059,158.4182,161.7607
3272,6544,156.2656,155.8301,158.6345,161.5890
3273,6546,156.2656,155.7642,158.6345,161.5890
3274,6548,155.9062,155.6323,158.1822,161.9465
3275,6550,155.9062,155.4126,158.1822,161.9465
3276,6552,156.0938,155.9619,158.4182,161.7607
3277,6554,156.0938,155.8740,158.4182,161.7607
3278,6556,156.0938,155.7861,158.4182,161.7607
3279,6558,155.9062,155.8081,158.1822,161.9465
3280,6560,156.0938,156.1157,158.4182,161.7607
3281,6562,156.2656,155.7861,158.6345,161.5890
3282,6564,156.0938,155.8960,158.4182,161.7607
3283,6566,156.2656,155.7642,158.6345,161.5890
3284,6568,156.0938,155.5005,158.4182,161.7607
3285,6570,156.2656,155.8740,158.6345,161.5890
3286,6572,156.0938,156.0278,158.4182,161.7607
3287,6574,156.2656,156.0278,158.6345,161.5890
3288,6576,156.0938,155.6104,158.4182,161.7607
3289,6578,156.2656,156.2036,158.6345,161.5890
3290,6580,156.2656,156.0718,158.6345,161.5890
3291,6582,156.0938,155.7861,158.4182,161.7607
3292,6584,156.2656,155.9180,158.6345,161.5890
3293,6586,156.2656,156.0718,158.6345,161.5890
3294,6588,156.4375,155.8301,158.8508,161.4167
3295,6590,156.0938,155.5884,158.4182,161.7607
3296,6592,156.2656,155.9839,158.6345,161.5890
3297,6594,156.0938,155.6982,158.4182,161.7607
3298,6596,156.0938,155.9180,158.4182,161.7607
3299,6598,156.0938,155.8740,158.4182,161.7607
3300,6600,156.0938,156.0278,158.4182,161.7607
3301,6602,156.0938,155.7642,158.4182,161.7607
3302,6604,156.0938,155.9180,158.4182,161.7607
3303,6606,156.4375,155.9839,158.8508,161.4167
3304,6608,156.0938,155.9180,158.4182,161.7607
3305,6610,156.0938,156.0278,158.4182,161.7607
3306,6612,156.2656,155.8301,158.6345,161.5890
3307,6614,156.0938,156.1816,158.4182,161.7607
3308,6616,156.0938,155.8301,158.4182,161.7607
3309,6618,156.0938,155.9180,158.4182,161.7607
3310,6620,156.0938,155.7202,158.4182,161.7607
3311,6622,156.0938,156.1377,158.4182,161.7607
3312,6624,156.2656,155.9619,158.6345,161.5890
3313,6626,156.0938,155.8521,158.4182,161.7607
3314,6628,156.2656,156.0278,158.6345,161.5890
3315,6630,156.0938,155.8740,158.4182,161.7607
3316,6632,156.0938,156.0278,158.4182,161.7607
3317,6634,156.0938,155.7202,158.4182,161.7607
3318,6636,156.0938,156.0498,158.4182,161.7607
3319,6638,156.2656,156.0059,158.6345,161.5890
3320,6640,156.0938,155.8960,158.4182,161.7607
3321,6642,156.2656,155.8740,158.6345,161.5890
3322,6644,156.2656,155.9619,158.6345,161.5890
3323,6646,155.9062,155.7422,158.1822,161.9465
3324,6648,156.2656,156.0278,158.6345,161.5890
3325,6650,156.2656,155.9839,158.6345,161.5890
3326,6652,156.0938,156.0938,158.4182,161.7607
3327,6654,156.2656,156.1597,158.6345,161.5890
3328,6656,156.0938,155.9399,158.4182,161.7607
3329,6658,156.0938,156.0278,158.4182,161.7607
3330,6660,156.0938,155.7861,158.4182,161.7607
3331,6662,156.2656,156.0278,158.6345,161.5890
3332,6664,156.0938,155.8960,158.4182,161.7607
3333,6666,156.4375,156.2256,158.8508,161.4167
3334,6668,156.2656,156.2915,158.6345,161.5890
3335,6670,156.0938,156.0059,158.4182,161.7607
3336,6672,156.2656,155.7422,158.6345,161.5890
3337,6674,156.2656,155.8521,158.6345,161.5890
3338,6676,156.2656,156.0059,158.6345,161.5890
3339,6678,156.0938,155.7202,158.4182,161.7607
3340,6680,156.2656,156.0718,158.6345,161.5890
3341,6682,155.9062,155.9399,158.1822,161.9465
3342,6684,156.0938,156.0498,158.4182,161.7607
3343,6686,155.9062,155.8301,158.1822,161.9465
3344,6688,156.0938,155.8740,158.4182,161.7607
3345,6690,156.2656,155.7422,158.6345,161.5890
3346,6692,156.0938,155.5884,158.4182,161.7607
3347,6694,156.0938,155.9839,158.4182,161.7607
3348,6696,156.0938,155.6323,158.4182,161.7607
3349,6698,156.2656,155.8521,158.6345,161.5890
3350,6700,156.2656,155.7422,158.6345,161.5890
3351,6702,156.0938,156.0059,158.4182,161.7607
3352,6704,156.2656,155.9399,158.6345,161.5890
3353,6706,156.2656,156.0498,158.6345,161.5890
3354,6708,156.2656,156.1597,158.6345,161.5890
3355,6710,156.0938,155.9399,158.4182,161.7607
3356,6712,156.2656,155.8081,158.6345,161.5890
3357,6714,156.2656,156.3354,158.6345,161.5890
3358,6716,156.2656,156.1377,158.6345,161.5890
3359,6718,156.2656,155.7202,158.6345,161.5890
3360,6720,156.0938,155.8960,158.4182,161.7607
3361,6722,156.0938,155.9180,158.4182,161.7607
3362,6724,156.2656,155.7422,158.6345,161.5890
3363,6726,156.2656,155.7861,158.6345,161.5890
3364,6728,156.2656,155.7202,158.6345,161.5890
3365,6730,156.0938,155.8960,158.4182,161.7607
3366,6732,156.0938,155.5664,158.4182,161.7607
3367,6734,156.0938,155.8081,158.4182,161.7607
3368,6736,156.4375,155.8521,158.8508,161.4167
3369,6738,156.0938,155.9619,158.4182,161.7607
3370,6740,156.0938,156.0938,158.4182,161.7607
3371,6742,156.2656,156.0938,158.6345,161.5890
3372,6744,156.2656,155.8301,158.6345,161.5890
3373,6746,156.0938,155.7642,158.4182,161.7607
3374,6748,156.0938,155.6104,158.4182,161.7607
3375,6750,156.2656,155.8301,158.6345,161.5890
3376,6752,156.0938,155.8960,158.4182,161.7607
3377,6754,156.0938,155.7202,158.4182,161.7607
3378,6756,156.0938,155.9839,158.4182,161.7607
3379,6758,156.0938,155.8960,158.4182,161.7607
3380,6760,156.2656,155.8521,158.6345,161.5890
3381,6762,156.2656,155.7422,158.6345,161.5890
3382,6764,156.2656,155.7422,158.6345,161.5890
3383,6766,156.0938,155.6543,158.4182,161.7607
3384,6768,156.0938,155.8521,158.4182,161.7607
3385,6770,156.2656,156.1597,158.6345,161.5890
3386,6772,156.2656,156.2915,158.6345,161.5890
3387,6774,156.0938,155.7861,158.4182,161.7607
3388,6776,156.2656,156.0059,158.6345,161.5890
3389,6778,156.0938,155.9399,158.4182,161.7607
3390,6780,156.2656,156.1597,158.6345,161.5890
3391,6782,156.2656,156.0059,158.6345,161.5890
3392,6784,156.0938,156.0059,158.4182,161.7607
3393,6786,156.0938,155.8740,158.4182,161.7607
3394,6788,156.0938,155.8521,158.4182,161.7607
3395,6790,156.2656,156.0718,158.6345,161.5890
3396,6792,156.0938,155.7202,158.4182,161.7607
3397,6794,155.9062,155.8521,158.1822,161.9465
3398,6796,156.0938,155.7861,158.4182,161.7607
3399,6798,156.0938,155.8740,158.4182,161.7607
3400,6800,156.2656,155.7422,158.6345,161.5890
3401,6802,156.2656,155.6763,158.6345,161.5890
3402,6804,156.2656,155.7642,158.6345,161.5890
3403,6806,156.0938,155.9399,158.4182,161.7607
3404,6808,156.2656,155.7422,158.6345,161.5890
3405,6810,156.4375,155.8521,158.8508,161.4167
3406,6812,156.0938,155.9619,158.4182,161.7607
3407,6814,156.2656,156.0059,158.6345,161.5890
3408,6816,156.0938,155.8521,158.4182,161.7607
3409,6818,156.0938,156.0938,158.4182,161.7607
3410,6820,156.0938,156.0278,158.4182,161.7607
3411,6822,156.2656,155.6543,158.6345,161.5890
3412,6824,156.0938,155.6104,158.4182,161.7607
3413,6826,156.2656,155.7642,158.6345,161.5890
3414,6828,156.4375,155.8521,158.8508,161.4167
3415,6830,156.2656,155.8301,158.6345,161.5890
3416,6832,156.0938,155.6104,158.4182,161.7607
3417,6834,155.9062,155.4346,158.1822,161.9465
3418,6836,156.2656,156.1157,158.6345,161.5890
3419,6838,156.2656,155.8081,158.6345,161.5890
3420,6840,156.2656,156.1157,158.6345,161.5890
3421,6842,156.2656,155.9619,158.6345,161.5890
3422,6844,156.2656,155.7861,158.6345,161.5890
3423,6846,156.0938,156.0718,158.4182,161.7607
3424,6848,156.0938,156.0278,158.4182,161.7607
3425,6850,156.2656,155.9399,158.6345,161.5890
3426,6852,156.0938,155.9399,158.4182,161.7607
3427,6854,156.0938,155.5225,158.4182,161.7607
3428,6856,156.0938,155.8960,158.4182,161.7607
3429,6858,156.0938,155.5884,158.4182,161.7607
3430,6860,156.0938,155.8521,158.4182,161.7607
3431,6862,156.0938,155.8960,158.4182,161.7607
3432,6864,156.4375,156.1157,158.8508,161.4167
3433,6866,156.2656,156.1377,158.6345,161.5890
3434,6868,156.2656,156.3135,158.6345,161.5890
3435,6870,156.0938,155.9619,158.4182,161.7607
3436,6872,156.2656,155.7642,158.6345,161.5890
3437,6874,156.2656,156.0498,158.6345,161.5890
3438,6876,156.0938,156.0059,158.4182,161.7607
3439,6878,156.0938,156.0059,158.4182,161.7607
3440,6880,156.0938,155.8301,158.4182,161.7607
3441,6882,156.0938,155.9839,158.4182,161.7607
3442,6884,156.2656,156.1377,158.6345,161.5890
3443,6886,156.0938,155.9619,158.4182,161.7607
3444,6888,156.2656,155.7642,158.6345,161.5890
3445,6890,156.2656,155.8740,158.6345,161.5890
3446,6892,156.2656,155.8740,158.6345,161.5890
3447,6894,156.2656,155.9839,158.6345,161.5890
3448,6896,156.2656,155.7861,158.6345,161.5890
3449,6898,156.2656,156.0498,158.6345,161.5890
3450,6900,156.2656,156.1816,158.6345,161.5890
3451,6902,156.0938,155.6543,158.4182,161.7607
3452,6904,156.2656,155.9839,158.6345,161.5890
3453,6906,156.2656,156.0278,158.6345,161.5890
3454,6908,156.2656,156.0059,158.6345,161.5890
3455,6910,156.0938,155.8081,158.4182,161.7607
3456,6912,156.0938,155.8960,158.4182,161.7607
3457,6914,156.0938,156.1377,158.4182,161.7607
3458,6916,156.4375,156.0059,158.8508,161.4167
3459,6918,156.2656,155.8960,158.6345,161.5890
3460,6920,156.2656,155.7202,158.6345,161.5890
3461,6922,156.2656,156.0498,158.6345,161.5890
3462,6924,156.2656,155.9180,158.6345,161.5890
3463,6926,156.0938,156.0278,158.4182,161.7607
3464,6928,156.0938,155.8960,158.4182,161.7607
3465,6930,156.0938,155.8301,158.4182,161.7607
3466,6932,156.0938,155.8521,158.4182,161.7607
3467,6934,156.0938,156.0278,158.4182,161.7607
3468,6936,156.0938,155.8740,158.4182,161.7607
3469,6938,156.0938,156.0718,158.4182,161.7607
3470,6940,156.0938,155.9839,158.4182,161.7607
3471,6942,156.0938,156.0278,158.4182,161.7607
3472,6944,156.2656,156.2036,158.6345,161.5890
3473,6946,156.0938,155.8081,158.4182,161.7607
3474,6948,156.0938,155.9839,158.4182,161.7607
3475,6950,156.2656,155.8521,158.6345,161.5890
3476,6952,156.0938,155.9619,158.4182,161.7607
3477,6954,156.0938,155.8081,158.4182,161.7607
3478,6956,156.2656,155.9619,158.6345,161.5890
3479,6958,156.0938,155.9180,158.4182,161.7607
3480,6960,156.2656,155.8521,158.6345,161.5890
3481,6962,156.2656,155.9399,158.6345,161.5890
3482,6964,156.2656,155.8081,158.6345,161.5890
3483,6966,156.2656,155.7422,158.6345,161.5890
3484,6968,156.0938,155.9399,158.4182,161.7607
3485,6970,156.0938,155.7202,158.4182,161.7607
3486,6972,156.0938,155.7861,158.4182,161.7607
3487,6974,156.2656,155.6543,158.6345,161.5890
3488,6976,156.0938,155.9619,158.4182,161.7607
3489,6978,156.4375,156.0059,158.8508,161.4167
3490,6980,156.2656,155.8301,158.6345,161.5890
3491,6982,156.2656,155.7642,158.6345,161.5890
3492,6984,156.0938,155.9399,158.4182,161.7607
3493,6986,156.2656,155.8081,158.6345,161.5890
3494,6988,156.0938,155.8960,158.4182,161.7607
3495,6990,156.2656,155.8301,158.6345,161.5890
3496,6992,156.0938,156.0718,158.4182,161.7607
3497,6994,155.9062,155.6104,158.1822,161.9465
3498,6996,156.0938,155.9180,158.4182,161.7607
3499,6998,156.4375,155.8740,158.8508,161.4167
3500,7000,156.0938,156.0059,158.4182,161.7607
3501,7002,156.2656,155.8960,158.6345,161.5890
3502,7004,156.2656,155.9619,158.6345,161.5890
3503,7006,156.2656,155.9180,158.6345,161.5890
3504,7008,156.0938,155.5444,158.4182,161.7607
3505,7010,156.2656,155.8960,158.6345,161.5890
3506,7012,156.2656,156.1377,158.6345,161.5890
3507,7014,156.2656,155.7202,158.6345,161.5890
3508,7016,156.0938,155.6982,158.4182,161.7607
3509,7018,156.0938,155.8960,158.4182,161.7607
3510,7020,156.2656,156.0059,158.6345,161.5890
3511,7022,156.2656,156.0059,158.6345,161.5890
3512,7024,156.0938,156.0938,158.4182,161.7607
3513,7026,156.0938,156.0059,158.4182,161.7607
3514,7028,156.0938,156.0718,158.4182,161.7607
3515,7030,156.2656,155.8740,158.6345,161.5890
3516,7032,156.0938,155.8740,158.4182,161.7607
3517,7034,156.0938,155.6104,158.4182,161.7607
3518,7036,156.2656,156.0498,158.6345,161.5890
3519,7038,156.0938,156.0498,158.4182,161.7607
3520,7040,156.2656,155.8960,158.6345,161.5890
3521,7042,156.0938,155.7422,158.4182,161.7607
3522,7044,156.0938,156.0498,158.4182,161.7607
3523,7046,156.2656,155.9180,158.6345,161.5890
3524,7048,156.2656,155.7642,158.6345,161.5890
3525,7050,156.2656,155.9180,158.6345,161.5890
3526,7052,155.9062,155.7422,158.1822,161.9465
3527,7054,156.2656,156.0278,158.6345,161.5890
3528,7056,156.0938,156.0718,158.4182,161.7607
3529,7058,156.0938,155.8301,158.4182,161.7607
3530,7060,156.0938,155.7642,158.4182,161.7607
3531,7062,156.2656,155.8301,158.6345,161.5890
3532,7064,156.0938,155.9399,158.4182,161.7607
3533,7066,156.0938,155.8521,158.4182,161.7607
3534,7068,156.0938,155.9619,158.4182,161.7607
3535,7070,156.2656,155.8081,158.6345,161.5890
3536,7072,156.2656,155.7861,158.6345,161.5890
3537,7074,156.2656,155.8960,158.6345,161.5890
3538,7076,156.2656,156.0938,158.6345,161.5890
3539,7078,156.0938,155.6982,158.4182,161.7607
3540,7080,156.2656,155.9839,158.6345,161.5890
3541,7082,156.0938,156.1157,158.4182,161.7607
3542,7084,156.0938,155.8960,158.4182,161.7607
3543,7086,156.2656,155.9180,158.6345,161.5890
3544,7088,156.0938,156.1157,158.4182,161.7607
3545,7090,156.2656,156.0718,158.6345,161.5890
3546,7092,156.2656,156.0498,158.6345,161.5890
3547,7094,156.2656,155.9399,158.6345,161.5890
3548,7096,156.0938,155.8740,158.4182,161.7607
3549,7098,156.0938,156.0498,158.4182,161.7607
3550,7100,156.2656,156.1157,158.6345,161.5890
3551,7102,155.9062,155.9180,158.1822,161.9465
3552,7104,156.0938,156.0059,158.4182,161.7607
3553,7106,156.0938,155.8301,158.4182,161.7607
3554,7108,156.0938,155.7642,158.4182,161.7607
3555,7110,156.0938,155.9839,158.4182,161.7607
3556,7112,156.2656,156.1157,158.6345,161.5890
3557,7114,155.9062,155.7642,158.1822,161.9465
3558,7116,156.0938,156.1157,158.4182,161.7607
3559,7118,156.0938,156.0718,158.4182,161.7607
3560,7120,156.0938,155.8521,158.4182,161.7607
3561,7122,156.0938,155.9180,158.4182,161.7607
3562,7124,156.2656,155.8301,158.6345,161.5890
3563,7126,156.0938,155.6104,158.4182,161.7607
3564,7128,156.0938,155.7422,158.4182,161.7607
3565,7130,156.2656,155.9839,158.6345,161.5890
3566,7132,156.0938,155.6543,158.4182,161.7607
3567,7134,156.2656,155.8301,158.6345,161.5890
3568,7136,156.0938,155.8960,158.4182,161.7607
3569,7138,156.2656,155.8521,158.6345,161.5890
3570,7140,156.0938,155.7861,158.4182,161.7607
3571,7142,156.2656,155.8521,158.6345,161.5890
3572,7144,156.2656,156.0718,158.6345,161.5890
3573,7146,156.2656,156.0278,158.6345,161.5890
3574,7148,156.2656,155.7861,158.6345,161.5890
3575,7150,156.2656,156.1377,158.6345,161.5890
3576,7152,156.0938,155.8301,158.4182,161.7607
3577,7154,156.4375,156.4453,158.8508,161.4167
3578,7156,156.0938,155.9180,158.4182,161.7607
3579,7158,156.2656,155.8740,158.6345,161.5890
3580,7160,156.2656,156.1157,158.6345,161.5890
3581,7162,156.0938,155.8740,158.4182,161.7607
3582,7164,156.2656,155.8081,158.6345,161.5890
3583,7166,156.2656,156.2476,158.6345,161.5890
3584,7168,156.2656,155.9399,158.6345,161.5890
3585,7170,156.0938,155.8521,158.4182,161.7607
3586,7172,156.2656,155.7861,158.6345,161.5890
3587,7174,156.0938,155.8960,158.4182,161.7607
3588,7176,156.2656,155.7861,158.6345,161.5890
3589,7178,156.2656,156.1597,158.6345,161.5890
3590,7180,156.0938,155.8301,158.4182,161.7607
3591,7182,156.2656,156.0059,158.6345,161.5890
3592,7184,156.4375,155.8740,158.8508,161.4167
3593,7186,156.2656,155.9839,158.6345,161.5890
3594,7188,156.2656,155.7642,158.6345,161.5890
3595,7190,156.2656,156.2256,158.6345,161.5890
3596,7192,156.2656,155.8740,158.6345,161.5890
3597,7194,156.0938,155.8521,158.4182,161.7607
3598,7196,156.0938,155.4785,158.4182,161.7607
3599,7198,156.0938,155.6543,158.4182,161.7607
3600,7200,156.2656,155.9839,158.6345,161.5890
3601,7202,156.0938,155.9399,158.4182,161.7607
3602,7204,156.0938,155.8740,158.4182,161.7607
3603,7206,156.2656,156.0278,158.6345,161.5890
3604,7208,156.2656,155.8081,158.6345,161.5890
3605,7210,156.4375,156.0278,158.8508,161.4167
3606,7212,156.0938,155.9399,158.4182,161.7607
3607,7214,156.2656,156.2915,158.6345,161.5890
3608,7216,156.0938,155.9619,158.4182,161.7607
3609,7218,156.2656,156.2036,158.6345,161.5890
3610,7220,156.2656,155.8301,158.6345,161.5890
3611,7222,156.0938,155.6323,158.4182,161.7607
3612,7224,156.0938,155.9399,158.4182,161.7607
3613,7226,156.0938,155.9180,158.4182,161.7607
3614,7228,156.2656,156.1157,158.6345,161.5890
3615,7230,156.2656,156.2915,158.6345,161.5890
3616,7232,156.0938,155.6982,158.4182,161.7607
3617,7234,156.2656,155.6104,158.6345,161.5890
3618,7236,156.0938,155.7422,158.4182,161.7607
3619,7238,156.2656,155.9180,158.6345,161.5890
3620,7240,156.2656,156.0938,158.6345,161.5890
3621,7242,156.0938,156.0278,158.4182,161.7607
3622,7244,156.2656,155.9619,158.6345,161.5890
3623,7246,156.2656,156.0278,158.6345,161.5890
3624,7248,156.0938,155.9839,158.4182,161.7607
3625,7250,156.2656,155.8521,158.6345,161.5890
3626,7252,156.4375,156.0059,158.8508,161.4167
3627,7254,156.2656,155.9180,158.6345,161.5890
3628,7256,156.0938,155.9619,158.4182,161.7607
3629,7258,156.0938,155.8521,158.4182,161.7607
3630,7260,156.0938,155.5005,158.4182,161.7607
3631,7262,156.2656,155.8740,158.6345,161.5890
3632,7264,156.2656,155.7202,158.6345,161.5890
3633,7266,156.0938,156.0498,158.4182,161.7607
3634,7268,156.0938,156.1377,158.4182,161.7607
3635,7270,156.0938,156.0059,158.4182,161.7607
3636,7272,156.2656,155.8081,158.6345,161.5890
3637,7274,156.0938,155.7422,158.4182,161.7607
3638,7276,156.2656,155.8081,158.6345,161.5890
3639,7278,156.0938,155.8081,158.4182,161.7607
3640,7280,156.2656,155.8521,158.6345,161.5890
3641,7282,156.2656,155.8081,158.6345,161.5890
3642,7284,156.2656,155.8960,158.6345,161.5890
3643,7286,156.0938,156.0938,158.4182,161.7607
3644,7288,156.0938,155.9180,158.4182,161.7607
3645,7290,156.0938,155.7642,158.4182,161.7607
3646,7292,156.0938,156.0718,158.4182,161.7607
3647,7294,155.9062,155.9180,158.1822,161.9465
3648,7296,156.0938,155.9619,158.4182,161.7607
3649,7298,156.0938,156.1157,158.4182,161.7607
3650,7300,156.0938,155.8081,158.4182,161.7607
3651,7302,156.0938,155.7202,158.4182,161.7607
3652,7304,156.0938,156.0718,158.4182,161.7607
3653,7306,156.2656,156.0498,158.6345,161.5890
3654,7308,156.2656,155.8521,158.6345,161.5890
3655,7310,156.2656,155.9399,158.6345,161.5890
3656,7312,156.0938,155.7861,158.4182,161.7607
3657,7314,156.2656,155.8301,158.6345,161.5890
3658,7316,156.2656,155.8521,158.6345,161.5890
3659,7318,156.0938,156.0059,158.4182,161.7607
3660,7320,156.2656,155.7202,158.6345,161.5890
3661,7322,156.2656,156.0498,158.6345,161.5890
3662,7324,156.0938,155.8521,158.4182,161.7607
3663,7326,156.2656,155.7422,158.6345,161.5890
3664,7328,156.2656,155.8301,158.6345,161.5890
3665,7330,156.2656,156.0059,158.6345,161.5890
3666,7332,156.2656,156.0938,158.6345,161.5890
3667,7334,156.2656,156.1377,158.6345,161.5890
3668,7336,156.2656,156.2476,158.6345,161.5890
3669,7338,156.0938,155.8301,158.4182,161.7607
3670,7340,156.2656,155.7861,158.6345,161.5890
3671,7342,155.9062,155.9619,158.1822,161.9465
3672,7344,156.0938,155.8960,158.4182,161.7607
3673,7346,156.0938,155.9839,158.4182,161.7607
3674,7348,156.0938,155.6982,158.4182,161.7607
3675,7350,156.2656,155.7861,158.6345,161.5890
3676,7352,156.0938,155.7642,158.4182,161.7607
3677,7354,156.4375,155.8960,158.8508,161.4167
3678,7356,155.9062,155.8081,158.1822,161.9465
3679,7358,156.0938,155.7861,158.4182,161.7607
3680,7360,156.2656,155.9399,158.6345,161.5890
3681,7362,156.0938,155.9619,158.4182,161.7607
3682,7364,156.0938,155.8521,158.4182,161.7607
3683,7366,156.4375,155.8521,158.8508,161.4167
3684,7368,156.4375,156.4453,158.8508,161.4167
3685,7370,156.0938,156.0498,158.4182,161.7607
3686,7372,156.0938,155.6763,158.4182,161.7607
3687,7374,156.2656,155.8960,158.6345,161.5890
3688,7376,156.0938,155.9619,158.4182,161.7607
3689,7378,156.0938,156.0059,158.4182,161.7607
3690,7380,155.9062,155.7861,158.1822,161.9465
3691,7382,156.2656,156.0278,158.6345,161.5890
3692,7384,156.2656,156.2256,158.6345,161.5890
3693,7386,156.2656,155.9619,158.6345,161.5890
3694,7388,156.0938,155.7861,158.4182,161.7607
3695,7390,156.0938,155.9399,158.4182,161.7607
3696,7392,156.4375,155.9839,158.8508,161.4167
3697,7394,156.0938,155.9839,158.4182,161.7607
3698,7396,156.0938,156.0718,158.4182,161.7607
3699,7398,156.0938,155.9180,158.4182,161.7607
3700,7400,156.2656,156.0278,158.6345,161.5890
3701,7402,156.0938,155.8960,158.4182,161.7607
3702,7404,156.0938,155.8301,158.4182,161.7607
3703,7406,156.0938,155.7861,158.4182,161.7607
3704,7408,156.2656,155.8960,158.6345,161.5890
3705,7410,156.2656,156.2256,158.6345,161.5890
3706,7412,156.2656,155.8740,158.6345,161.5890
3707,7414,156.0938,155.9399,158.4182,161.7607
3708,7416,156.2656,156.2256,158.6345,161.5890
3709,7418,156.2656,156.0059,158.6345,161.5890
3710,7420,156.0938,155.8960,158.4182,161.7607
3711,7422,156.0938,155.6104,158.4182,161.7607
3712,7424,156.0938,155.9619,158.4182,161.7607
3713,7426,156.2656,156.1816,158.6345,161.5890
3714,7428,156.0938,156.0278,158.4182,161.7607
3715,7430,156.2656,155.6543,158.6345,161.5890
3716,7432,156.2656,155.8081,158.6345,161.5890
3717,7434,156.2656,155.7861,158.6345,161.5890
3718,7436,156.0938,156.0278,158.4182,161.7607
3719,7438,156.0938,155.8960,158.4182,161.7607
3720,7440,156.0938,155.6323,158.4182,161.7607
3721,7442,156.0938,155.9180,158.4182,161.7607
3722,7444,156.2656,155.7861,158.6345,161.5890
3723,7446,156.2656,156.1157,158.6345,161.5890
3724,7448,156.0938,155.7422,158.4182,161.7607
3725,7450,156.2656,155.8081,158.6345,161.5890
3726,7452,156.2656,155.8740,158.6345,161.5890
3727,7454,156.2656,156.2915,158.6345,161.5890
3728,7456,156.2656,155.8521,158.6345,161.5890
3729,7458,156.0938,155.8740,158.4182,161.7607
3730,7460,156.2656,155.8301,158.6345,161.5890
3731,7462,156.0938,155.7642,158.4182,161.7607
3732,7464,156.0938,155.8740,158.4182,161.7607
3733,7466,156.0938,156.1377,158.4182,161.7607
3734,7468,156.2656,155.9399,158.6345,161.5890
3735,7470,156.0938,155.7422,158.4182,161.7607
3736,7472,156.0938,155.9399,158.4182,161.7607
3737,7474,156.0938,156.0718,158.4182,161.7607
3738,7476,156.0938,155.8960,158.4182,161.7607
3739,7478,156.2656,155.8521,158.6345,161.5890
3740,7480,156.0938,155.7861,158.4182,161.7607
3741,7482,156.2656,155.6104,158.6345,161.5890
3742,7484,156.0938,155.8081,158.4182,161.7607
3743,7486,156.2656,155.9619,158.6345,161.5890
3744,7488,156.0938,155.9399,158.4182,161.7607
3745,7490,156.0938,155.8960,158.4182,161.7607
3746,7492,156.2656,155.9619,158.6345,161.5890
3747,7494,156.0938,155.8960,158.4182,161.7607
3748,7496,156.0938,155.7642,158.4182,161.7607
3749,7498,156.0938,155.6323,158.4182,161.7607
3750,7500,156.0938,155.9619,158.4182,161.7607
3751,7502,156.0938,155.8301,158.4182,161.7607
3752,7504,156.0938,155.6763,158.4182,161.7607
3753,7506,156.2656,155.8960,158.6345,161.5890
3754,7508,156.2656,155.7861,158.6345,161.5890
3755,7510,156.2656,155.8301,158.6345,161.5890
3756,7512,156.2656,155.9180,158.6345,161.5890
3757,7514,156.2656,155.9619,158.6345,161.5890
3758,7516,156.2656,156.0278,158.6345,161.5890
3759,7518,156.4375,155.9619,158.8508,161.4167
3760,7520,155.9062,155.7642,158.1822,161.9465
3761,7522,156.2656,155.8960,158.6345,161.5890
3762,7524,156.0938,155.6323,158.4182,161.7607
3763,7526,156.0938,155.6104,158.4182,161.7607
3764,7528,156.2656,155.8521,158.6345,161.5890
3765,7530,156.2656,155.6982,158.6345,161.5890
3766,7532,156.2656,155.7422,158.6345,161.5890
3767,7534,156.0938,155.9399,158.4182,161.7607
3768,7536,156.0938,155.8301,158.4182,161.7607
3769,7538,156.2656,155.8740,158.6345,161.5890
3770,7540,155.7344,155.4346,157.9659,162.1160
3771,7542,156.0938,155.7422,158.4182,161.7607
3772,7544,156.2656,156.1816,158.6345,161.5890
3773,7546,156.2656,155.9619,158.6345,161.5890
3774,7548,156.2656,155.8960,158.6345,161.5890
3775,7550,156.0938,155.6543,158.4182,161.7607
3776,7552,156.2656,156.0938,158.6345,161.5890
3777,7554,156.2656,155.8521,158.6345,161.5890
3778,7556,156.0938,155.7861,158.4182,161.7607
3779,7558,156.2656,156.0938,158.6345,161.5890
3780,7560,156.2656,155.9839,158.6345,161.5890
3781,7562,156.2656,156.2256,158.6345,161.5890
3782,7564,156.2656,156.0718,158.6345,161.5890
3783,7566,156.0938,155.9619,158.4182,161.7607
3784,7568,156.0938,155.6543,158.4182,161.7607
3785,7570,156.2656,156.0059,158.6345,161.5890
3786,7572,156.2656,156.0278,158.6345,161.5890
3787,7574,156.0938,155.9399,158.4182,161.7607
3788,7576,156.2656,155.8301,158.6345,161.5890
3789,7578,156.0938,155.9619,158.4182,161.7607
3790,7580,156.4375,155.9399,158.8508,161.4167
3791,7582,156.0938,155.6543,158.4182,161.7607
3792,7584,156.0938,155.7642,158.4182,161.7607
3793,7586,156.0938,155.8960,158.4182,161.7607
3794,7588,156.0938,155.6982,158.4182,161.7607
3795,7590,156.0938,155.8301,158.4182,161.7607
3796,7592,156.0938,156.0059,158.4182,161.7607
3797,7594,156.0938,155.9839,158.4182,161.7607
3798,7596,156.0938,156.1816,158.4182,161.7607
3799,7598,156.0938,155.6543,158.4182,161.7607
3800,7600,156.0938,155.8521,158.4182,161.7607
3801,7602,156.2656,156.0498,158.6345,161.5890
3802,7604,156.2656,156.0059,158.6345,161.5890
3803,7606,156.0938,155.9399,158.4182,161.7607
3804,7608,156.2656,155.7861,158.6345,161.5890
3805,7610,156.0938,155.8740,158.4182,161.7607
3806,7612,156.2656,156.0938,158.6345,161.5890
3807,7614,156.0938,156.1157,158.4182,161.7607
3808,7616,156.0938,155.9839,158.4182,161.7607
3809,7618,156.2656,155.7422,158.6345,161.5890
3810,7620,156.0938,155.9180,158.4182,161.7607
3811,7622,156.0938,155.8521,158.4182,161.7607
3812,7624,156.2656,155.7861,158.6345,161.5890
3813,7626,156.2656,155.7861,158.6345,161.5890
3814,7628,156.2656,155.9839,158.6345,161.5890
3815,7630,156.2656,156.1157,158.6345,161.5890
3816,7632,156.2656,155.6543,158.6345,161.5890
3817,7634,156.2656,155.6982,158.6345,161.5890
3818,7636,156.4375,156.4233,158.8508,161.4167
3819,7638,156.0938,155.7642,158.4182,161.7607
3820,7640,156.2656,155.7422,158.6345,161.5890
3821,7642,156.0938,155.8521,158.4182,161.7607
3822,7644,156.2656,156.2036,158.6345,161.5890
3823,7646,156.2656,155.9619,158.6345,161.5890
3824,7648,156.2656,156.0498,158.6345,161.5890
3825,7650,156.0938,155.7202,158.4182,161.7607
3826,7652,156.2656,155.8081,158.6345,161.5890
3827,7654,156.2656,155.8740,158.6345,161.5890
3828,7656,156.0938,156.0059,158.4182,161.7607
3829,7658,156.2656,155.6982,158.6345,161.5890
3830,7660,156.2656,155.6543,158.6345,161.5890
3831,7662,156.0938,155.7202,158.4182,161.7607
3832,7664,156.0938,155.6104,158.4182,161.7607
3833,7666,156.2656,156.2695,158.6345,161.5890
3834,7668,156.2656,155.7422,158.6345,161.5890
3835,7670,156.2656,155.8081,158.6345,161.5890
3836,7672,156.2656,156.0059,158.6345,161.5890
3837,7674,156.2656,155.7861,158.6345,161.5890
3838,7676,156.2656,156.2256,158.6345,161.5890
3839,7678,156.2656,156.1157,158.6345,161.5890
3840,7680,156.0938,156.0059,158.4182,161.7607
3841,7682,156.0938,155.7861,158.4182,161.7607
3842,7684,156.2656,156.2915,158.6345,161.5890
3843,7686,156.2656,156.2476,158.6345,161.5890
3844,7688,156.2656,155.6323,158.6345,161.5890
3845,7690,156.0938,156.1157,158.4182,161.7607
3846,7692,156.2656,155.7861,158.6345,161.5890
3847,7694,156.0938,155.5444,158.4182,161.7607
3848,7696,156.0938,156.0718,158.4182,161.7607
3849,7698,156.2656,155.7642,158.6345,161.5890
3850,7700,156.2656,155.7202,158.6345,161.5890
3851,7702,156.0938,155.8960,158.4182,161.7607
3852,7704,156.2656,155.8521,158.6345,161.5890
3853,7706,156.2656,155.9619,158.6345,161.5890
3854,7708,156.2656,155.9180,158.6345,161.5890
3855,7710,156.2656,156.1377,158.6345,161.5890
3856,7712,156.0938,155.8081,158.4182,161.7607
3857,7714,156.2656,155.7202,158.6345,161.5890
3858,7716,156.0938,156.1377,158.4182,161.7607
3859,7718,156.0938,156.0059,158.4182,161.7607
3860,7720,156.2656,155.6323,158.6345,161.5890
3861,7722,156.0938,155.9180,158.4182,161.7607
3862,7724,156.2656,156.0498,158.6345,161.5890
3863,7726,156.0938,156.1816,158.4182,161.7607
3864,7728,156.0938,155.7422,158.4182,161.7607
3865,7730,156.2656,156.0059,158.6345,161.5890
3866,7732,156.2656,155.6763,158.6345,161.5890
3867,7734,156.2656,155.8740,158.6345,161.5890
3868,7736,156.0938,155.9839,158.4182,161.7607
3869,7738,156.2656,155.9839,158.6345,161.5890
3870,7740,156.4375,155.8740,158.8508,161.4167
3871,7742,156.2656,156.1377,158.6345,161.5890
3872,7744,156.2656,156.1157,158.6345,161.5890
3873,7746,156.2656,156.0278,158.6345,161.5890
3874,7748,156.2656,156.0059,158.6345,161.5890
3875,7750,156.2656,156.0938,158.6345,161.5890
3876,7752,156.2656,155.7422,158.6345,161.5890
3877,7754,156.2656,155.6982,158.6345,161.5890
3878,7756,156.2656,156.0498,158.6345,161.5890
3879,7758,156.0938,156.0938,158.4182,161.7607
3880,7760,156.0938,155.9619,158.4182,161.7607
3881,7762,156.2656,155.8960,158.6345,161.5890
3882,7764,156.0938,155.8521,158.4182,161.7607
3883,7766,156.0938,156.0059,158.4182,161.7607
3884,7768,156.4375,156.0498,158.8508,161.4167
3885,7770,156.2656,156.0938,158.6345,161.5890
3886,7772,156.0938,155.7422,158.4182,161.7607
3887,7774,156.2656,155.7642,158.6345,161.5890
3888,7776,156.2656,155.9839,158.6345,161.5890
3889,7778,156.0938,155.7422,158.4182,161.7607
3890,7780,156.2656,156.0718,158.6345,161.5890
3891,7782,156.0938,155.7202,158.4182,161.7607
3892,7784,156.2656,156.0498,158.6345,161.5890
3893,7786,156.0938,155.7861,158.4182,161.7607
3894,7788,156.0938,155.7642,158.4182,161.7607
3895,7790,156.2656,155.8740,158.6345,161.5890
3896,7792,156.0938,155.7642,158.4182,161.7607
3897,7794,156.2656,155.8740,158.6345,161.5890
3898,7796,156.0938,155.5664,158.4182,161.7607
3899,7798,156.2656,155.8740,158.6345,161.5890
3900,7800,156.2656,155.8081,158.6345,161.5890
3901,7802,156.0938,155.9839,158.4182,161.7607
3902,7804,156.2656,155.8301,158.6345,161.5890
3903,7806,156.2656,155.8081,158.6345,161.5890
3904,7808,156.0938,155.6763,158.4182,161.7607
3905,7810,156.2656,156.0938,158.6345,161.5890
3906,7812,156.0938,155.9399,158.4182,161.7607
3907,7814,156.2656,155.8740,158.6345,161.5890
3908,7816,156.0938,155.8740,158.4182,161.7607
3909,7818,156.2656,156.1816,158.6345,161.5890
3910,7820,156.2656,156.2256,158.6345,161.5890
3911,7822,156.0938,155.8521,158.4182,161.7607
3912,7824,156.0938,155.8521,158.4182,161.7607
3913,7826,156.0938,156.0059,158.4182,161.7607
3914,7828,156.0938,155.9180,158.4182,161.7607
3915,7830,156.2656,155.8081,158.6345,161.5890
3916,7832,156.2656,155.8081,158.6345,161.5890
3917,7834,156.2656,155.8521,158.6345,161.5890
3918,7836,156.2656,155.7642,158.6345,161.5890
3919,7838,156.2656,155.9619,158.6345,161.5890
3920,7840,156.2656,156.0059,158.6345,161.5890
3921,7842,156.0938,155.9180,158.4182,161.7607
3922,7844,156.2656,155.7642,158.6345,161.5890
3923,7846,156.2656,155.8521,158.6345,161.5890
3924,7848,156.2656,156.1597,158.6345,161.5890
3925,7850,156.2656,155.7422,158.6345,161.5890
3926,7852,156.2656,155.8521,158.6345,161.5890
3927,7854,156.0938,155.8740,158.4182,161.7607
3928,7856,156.2656,156.1597,158.6345,161.5890
3929,7858,156.4375,155.8521,158.8508,161.4167
3930,7860,156.2656,156.0938,158.6345,161.5890
3931,7862,156.0938,155.9619,158.4182,161.7607
3932,7864,156.2656,155.9619,158.6345,161.5890
3933,7866,156.0938,155.6104,158.4182,161.7607
3934,7868,156.0938,155.9619,158.4182,161.7607
3935,7870,156.2656,156.0498,158.6345,161.5890
3936,7872,156.0938,155.9399,158.4182,161.7607
3937,7874,156.0938,155.7642,158.4182,161.7607
3938,7876,156.0938,155.7422,158.4182,161.7607
3939,7878,155.9062,155.4126,158.1822,161.9465
3940,7880,156.2656,155.7861,158.6345,161.5890
3941,7882,156.0938,155.8081,158.4182,161.7607
3942,7884,156.2656,155.9839,158.6345,161.5890
3943,7886,156.0938,155.8521,158.4182,161.7607
3944,7888,156.0938,155.9619,158.4182,161.7607
3945,7890,156.4375,156.0059,158.8508,161.4167
3946,7892,156.0938,155.8740,158.4182,161.7607
3947,7894,156.0938,155.9180,158.4182,161.7607
3948,7896,156.0938,155.7642,158.4182,161.7607
3949,7898,156.2656,155.8740,158.6345,161.5890
3950,7900,156.4375,156.3135,158.8508,161.4167
3951,7902,156.0938,155.9399,158.4182,161.7607
3952,7904,156.0938,155.6763,158.4182,161.7607
3953,7906,156.0938,155.9180,158.4182,161.7607
3954,7908,156.2656,155.8081,158.6345,161.5890
3955,7910,156.0938,155.8740,158.4182,161.7607
3956,7912,156.0938,155.7861,158.4182,161.7607
3957,7914,156.2656,156.1157,158.6345,161.5890
3958,7916,156.2656,156.1597,158.6345,161.5890
3959,7918,156.0938,155.9399,158.4182,161.7607
3960,7920,156.2656,155.8301,158.6345,161.5890
3961,7922,155.9062,155.8521,158.1822,161.9465
3962,7924,156.2656,155.7202,158.6345,161.5890
3963,7926,156.0938,156.0278,158.4182,161.7607
3964,7928,156.2656,155.9180,158.6345,161.5890
3965,7930,156.0938,155.8960,158.4182,161.7607
3966,7932,156.4375,155.8740,158.8508,161.4167
3967,7934,156.2656,156.1377,158.6345,161.5890
3968,7936,156.0938,155.7202,158.4182,161.7607
3969,7938,156.2656,155.6982,158.6345,161.5890
3970,7940,156.2656,155.8301,158.6345,161.5890
3971,7942,156.2656,156.1157,158.6345,161.5890
3972,7944,156.0938,155.8740,158.4182,161.7607
3973,7946,156.2656,155.8521,158.6345,161.5890
3974,7948,156.0938,156.0498,158.4182,161.7607
3975,7950,156.2656,156.0278,158.6345,161.5890
3976,7952,156.2656,155.9619,158.6345,161.5890
3977,7954,156.2656,156.0718,158.6345,161.5890
3978,7956,156.2656,155.8521,158.6345,161.5890
3979,7958,156.2656,156.1157,158.6345,161.5890
3980,7960,156.0938,155.9619,158.4182,161.7607
3981,7962,156.2656,156.2256,158.6345,161.5890
3982,7964,156.0938,155.5444,158.4182,161.7607
3983,7966,156.0938,155.8081,158.4182,161.7607
3984,7968,156.2656,156.1597,158.6345,161.5890
3985,7970,156.2656,156.0498,158.6345,161.5890
3986,7972,156.2656,156.0059,158.6345,161.5890
3987,7974,156.0938,155.9399,158.4182,161.7607
3988,7976,156.0938,155.8740,158.4182,161.7607
3989,7978,156.0938,155.5005,158.4182,161.7607
3990,7980,156.2656,156.0938,158.6345,161.5890
3991,7982,156.0938,155.7422,158.4182,161.7607
3992,7984,156.2656,155.6323,158.6345,161.5890
3993,7986,156.0938,156.0059,158.4182,161.7607
3994,7988,156.2656,155.7202,158.6345,161.5890
3995,7990,156.0938,156.0278,158.4182,161.7607
3996,7992,156.4375,156.2476,158.8508,161.4167
3997,7994,156.2656,156.2036,158.6345,161.5890
3998,7996,156.0938,155.8960,158.4182,161.7607
3999,7998,156.2656,155.7642,158.6345,161.5890
4000,8000,156.2656,156.0718,158.6345,161.5890
4001,8002,156.2656,155.9399,158.6345,161.5890
4002,8004,156.0938,155.8960,158.4182,161.7607
4003,8006,156.0938,155.7422,158.4182,161.7607
4004,8008,156.0938,156.0278,158.4182,161.7607
4005,8010,155.9062,155.6763,158.1822,161.9465
4006,8012,156.2656,156.1157,158.6345,161.5890
4007,8014,156.0938,155.8960,158.4182,161.7607
4008,8016,156.2656,155.5884,158.6345,161.5890
4009,8018,156.2656,155.8740,158.6345,161.5890
4010,8020,156.0938,155.8301,158.4182,161.7607
4011,8022,156.0938,155.9619,158.4182,161.7607
4012,8024,156.2656,155.8740,158.6345,161.5890
4013,8026,156.2656,156.0938,158.6345,161.5890
4014,8028,156.0938,155.7422,158.4182,161.7607
4015,8030,156.0938,155.8081,158.4182,161.7607
4016,8032,156.0938,155.6543,158.4182,161.7607
4017,8034,156.0938,155.9839,158.4182,161.7607
4018,8036,156.0938,155.8740,158.4182,161.7607
4019,8038,156.2656,156.0278,158.6345,161.5890
4020,8040,156.2656,156.0498,158.6345,161.5890
4021,8042,156.0938,155.8740,158.4182,161.7607
4022,8044,156.0938,156.1377,158.4182,161.7607
4023,8046,156.0938,156.0718,158.4182,161.7607
4024,8048,156.0938,155.8740,158.4182,161.7607
4025,8050,156.0938,155.9839,158.4182,161.7607
4026,8052,156.2656,156.2256,158.6345,161.5890
4027,8054,156.2656,155.7642,158.6345,161.5890
4028,8056,156.0938,155.7861,158.4182,161.7607
4029,8058,156.4375,155.9180,158.8508,161.4167
4030,8060,156.0938,155.7642,158.4182,161.7607
4031,8062,156.2656,156.0278,158.6345,161.5890
4032,8064,156.0938,155.9619,158.4182,161.7607
4033,8066,156.2656,155.8521,158.6345,161.5890
4034,8068,156.2656,156.0498,158.6345,161.5890
4035,8070,156.0938,156.1377,158.4182,161.7607
4036,8072,156.2656,155.8301,158.6345,161.5890
4037,8074,156.0938,155.9399,158.4182,161.7607
4038,8076,156.0938,156.1157,158.4182,161.7607
4039,8078,156.2656,155.9180,158.6345,161.5890
4040,8080,156.0938,155.5664,158.4182,161.7607
4041,8082,156.0938,155.5664,158.4182,161.7607
4042,8084,156.4375,155.9839,158.8508,161.4167
4043,8086,156.0938,156.0059,158.4182,161.7607
4044,8088,156.2656,155.9839,158.6345,161.5890
4045,8090,156.0938,155.9180,158.4182,161.7607
4046,8092,156.2656,155.7202,158.6345,161.5890
4047,8094,156.2656,155.7642,158.6345,161.5890
4048,8096,156.0938,155.8081,158.4182,161.7607
4049,8098,156.2656,156.0278,158.6345,161.5890
4050,8100,156.0938,156.0059,158.4182,161.7607
4051,8102,156.0938,156.0278,158.4182,161.7607
4052,8104,156.0938,155.6104,158.4182,161.7607
4053,8106,156.2656,155.8960,158.6345,161.5890
4054,8108,156.0938,156.1157,158.4182,161.7607
4055,8110,156.2656,155.9180,158.6345,161.5890
4056,8112,156.2656,155.9399,158.6345,161.5890
4057,8114,156.0938,155.9399,158.4182,161.7607
4058,8116,156.0938,156.0938,158.4182,161.7607
4059,8118,156.2656,155.8521,158.6345,161.5890
4060,8120,156.0938,155.8301,158.4182,161.7607
4061,8122,156.4375,156.0059,158.8508,161.4167
4062,8124,156.2656,156.1816,158.6345,161.5890
4063,8126,156.2656,155.9399,158.6345,161.5890
4064,8128,156.0938,155.7422,158.4182,161.7607
4065,8130,156.0938,156.0278,158.4182,161.7607
4066,8132,156.0938,155.7642,158.4182,161.7607
4067,8134,155.9062,155.7422,158.1822,161.9465
4068,8136,156.0938,155.6543,158.4182,161.7607
4069,8138,156.2656,155.9399,158.6345,161.5890
4070,8140,156.0938,155.7422,158.4182,161.7607
4071,8142,156.2656,155.8301,158.6345,161.5890
4072,8144,156.2656,156.2915,158.6345,161.5890
4073,8146,156.2656,156.1597,158.6345,161.5890
4074,8148,156.4375,156.4453,158.8508,161.4167
4075,8150,156.0938,156.0278,158.4182,161.7607
4076,8152,156.2656,156.0718,158.6345,161.5890
4077,8154,156.2656,155.8081,158.6345,161.5890
4078,8156,156.0938,155.7422,158.4182,161.7607
4079,8158,156.0938,155.6323,158.4182,161.7607
4080,8160,156.2656,156.0278,158.6345,161.5890
4081,8162,156.0938,156.0938,158.4182,161.7607
4082,8164,156.0938,156.0498,158.4182,161.7607
4083,8166,156.2656,155.7861,158.6345,161.5890
4084,8168,155.9062,155.6982,158.1822,161.9465
4085,8170,156.0938,156.1377,158.4182,161.7607
4086,8172,156.2656,156.1157,158.6345,161.5890
4087,8174,156.0938,156.1377,158.4182,161.7607
4088,8176,156.0938,156.0718,158.4182,161.7607
4089,8178,156.2656,155.8960,158.6345,161.5890
4090,8180,156.2656,156.0278,158.6345,161.5890
4091,8182,156.0938,155.8521,158.4182,161.7607
4092,8184,156.0938,156.0498,158.4182,161.7607
4093,8186,156.0938,155.9180,158.4182,161.7607
4094,8188,156.2656,155.9839,158.6345,161.5890
4095,8190,156.2656,156.0278,158.6345,161.5890