idx,ts [ms],Angle from ABI [°],Angle from SPI [°], Angle Linear [°], Angle Harmonic [°]
0,0,120.9375,121.3770,108.7480,126.0507
1,2,121.2812,121.3770,109.2589,127.1900
2,4,121.6406,122.1240,109.7929,128.3708
3,6,121.4531,121.5308,109.5143,127.7560
4,8,121.4531,121.6846,109.5143,127.7560
5,10,121.1094,121.0474,109.0034,126.6216
6,12,121.1094,121.3550,109.0034,126.6216
7,14,120.9375,121.5527,108.7480,126.0507
8,16,120.7500,121.0913,108.4694,125.4252
9,18,120.9375,121.4209,108.7480,126.0507
10,20,120.9375,121.2671,108.7480,126.0507
11,22,121.1094,121.3330,109.0034,126.6216
12,24,121.2812,121.8164,109.2589,127.1900
13,26,121.2812,121.5747,109.2589,127.1900
14,28,121.2812,121.5967,109.2589,127.1900
15,30,121.1094,121.1353,109.0034,126.6216
16,32,120.9375,121.3110,108.7480,126.0507
17,34,120.9375,121.1133,108.7480,126.0507
18,36,120.9375,121.2451,108.7480,126.0507
19,38,121.1094,121.1353,109.0034,126.6216
20,40,121.1094,121.4209,109.0034,126.6216
21,42,121.1094,121.5967,109.0034,126.6216
22,44,120.9375,121.1572,108.7480,126.0507
23,46,120.7500,121.2231,108.4694,125.4252
24,48,120.7500,120.9375,108.4694,125.4252
25,50,120.5781,120.8716,108.2139,124.8495
26,52,120.5781,120.8276,108.2139,124.8495
27,54,120.5781,120.6958,108.2139,124.8495
28,56,120.5781,120.8936,108.2139,124.8495
29,58,120.5781,120.7178,108.2139,124.8495
30,60,120.5781,120.8496,108.2139,124.8495
31,62,120.5781,120.7617,108.2139,124.8495
32,64,120.5781,120.7617,108.2139,124.8495
33,66,120.2344,120.6738,107.7031,123.6916
34,68,120.2344,120.3003,107.7031,123.6916
35,70,120.2344,120.4541,107.7031,123.6916
36,72,120.2344,120.4980,107.7031,123.6916
37,74,120.2344,120.4102,107.7031,123.6916
38,76,120.2344,120.3003,107.7031,123.6916
39,78,120.2344,120.4761,107.7031,123.6916
40,80,120.4062,120.5859,107.9585,124.2717
41,82,120.0469,120.1465,107.4244,123.0564
42,84,120.0469,120.3662,107.4244,123.0564
43,86,119.8750,120.1245,107.1690,122.4719
44,88,119.8750,120.1465,107.1690,122.4719
45,90,119.8750,119.9487,107.1690,122.4719
46,92,119.7031,119.9707,106.9136,121.8855
47,94,119.7031,119.9927,106.9136,121.8855
48,96,119.7031,119.9268,106.9136,121.8855
49,98,119.5312,119.8608,106.6582,121.2971
50,100,119.5312,119.6631,106.6582,121.2971
51,102,119.5312,119.7729,106.6582,121.2971
52,104,119.3438,119.6191,106.3795,120.6530
53,106,119.3438,119.5752,106.3795,120.6530
54,108,119.3438,119.4434,106.3795,120.6530
55,110,119.1719,119.5312,106.1241,120.0606
56,112,119.1719,119.3115,106.1241,120.0606
57,114,119.1719,119.2456,106.1241,120.0606
58,116,118.8281,119.3994,105.6132,118.8707
59,118,118.8281,119.1577,105.6132,118.8707
60,120,118.8281,118.7183,105.6132,118.8707
61,122,118.8281,118.9819,105.6132,118.8707
62,124,118.6406,118.7183,105.3346,118.2187
63,126,118.6406,119.1797,105.3346,118.2187
64,128,118.6406,118.8721,105.3346,118.2187
65,130,118.4688,118.9160,105.0792,117.6193
66,132,118.4688,118.4326,105.0792,117.6193
67,134,118.2969,118.6084,104.8237,117.0184
68,136,118.1250,118.4106,104.5683,116.4159
69,138,117.7656,118.1909,104.0342,115.1515
70,140,117.7656,117.7075,104.0342,115.1515
71,142,117.5938,117.5977,103.7788,114.5448
72,144,117.2344,117.4658,103.2447,113.2718
73,146,117.2344,117.5098,103.2447,113.2718
74,148,117.0625,117.2900,102.9893,112.6610
75,150,117.0625,117.1802,102.9893,112.6610
76,152,116.7188,116.7407,102.4785,111.4364
77,154,116.5312,116.6968,102.1998,110.7667
78,156,116.5312,116.4990,102.1998,110.7667
79,158,116.3594,116.5649,101.9444,110.1517
80,160,116.0156,116.3672,101.4335,108.9192
81,162,116.0156,116.1475,101.4335,108.9192
82,164,115.8281,116.1035,101.1549,108.2456
83,166,115.6562,115.6860,100.8995,107.6273
84,168,115.6562,115.7520,100.8995,107.6273
85,170,115.6562,115.6201,100.8995,107.6273
86,172,115.3125,115.5322,100.3886,106.3888
87,174,114.9531,114.9170,99.8545,105.0917
88,176,114.7812,114.7632,99.5991,104.4708
89,178,114.6094,114.7852,99.3437,103.8492
90,180,114.2500,114.6313,98.8096,102.5490
91,182,113.9062,114.1479,98.2988,101.3044
92,184,113.9062,113.8623,98.2988,101.3044
93,186,113.7188,113.7305,98.0201,100.6254
94,188,113.7188,113.5986,98.0201,100.6254
95,190,113.3750,113.7524,97.5093,99.3805
96,192,113.3750,113.7524,97.5093,99.3805
97,194,113.2031,113.7085,97.2538,98.7581
98,196,113.0156,113.1812,96.9752,98.0794
99,198,112.8438,113.1152,96.7198,97.4574
100,200,112.6719,112.6318,96.4643,96.8358
101,202,112.3125,112.5000,95.9571,95.5371
102,204,112.1406,112.5220,95.7263,94.9165
103,206,112.1406,112.4121,95.7263,94.9165
104,208,111.9688,112.3022,95.4954,94.2967
105,210,111.6094,111.9727,95.0128,93.0024
106,212,111.4375,111.7310,94.7820,92.3843
107,214,111.4375,111.4893,94.7820,92.3843
108,216,111.2656,111.5332,94.5511,91.7671
109,218,111.0938,111.4233,94.3203,91.1506
110,220,110.9062,111.2695,94.0685,90.4792
111,222,110.7344,110.9399,93.8376,89.8645
112,224,110.5625,110.6104,93.6068,89.2510
113,226,110.3906,110.9619,93.3760,88.6383
114,228,110.2031,110.3247,93.1242,87.9715
115,230,110.0312,110.1929,92.8933,87.3611
116,232,109.8594,109.9072,92.6625,86.7522
117,234,109.5000,109.9072,92.1798,85.4831
118,236,109.3281,109.4458,91.9490,84.8781
119,238,108.7969,109.3799,91.2355,83.0179
120,240,108.7969,108.6987,91.2355,83.0179
121,242,108.4531,108.5229,90.7739,81.8223
122,244,107.9219,108.1494,90.0604,79.9882
123,246,107.3906,107.5122,89.3469,78.1725
124,248,107.2188,107.5122,89.1161,77.5890
125,250,107.2188,107.2485,89.1161,77.5890
126,252,107.0469,107.5342,88.8853,77.0078
127,254,106.6875,106.6553,88.4026,75.7995
128,256,106.5156,106.7651,88.1718,75.2250
129,258,105.9844,106.1938,87.4583,73.4647
130,260,105.9844,105.9302,87.4583,73.4647
131,262,105.1094,105.1611,86.2831,70.6174
132,264,105.1094,105.1172,86.2831,70.6174
133,266,104.9375,105.2490,86.0523,70.0664
134,268,104.7656,104.8096,85.8215,69.5179
135,270,104.7656,105.0293,85.8215,69.5179
136,272,104.4062,104.3262,85.3388,68.3807
137,274,104.2344,104.4580,85.1080,67.8414
138,276,103.8750,103.9746,84.6254,66.7233
139,278,103.8750,103.8428,84.6254,66.7233
140,280,103.5312,103.4912,84.1637,65.6663
141,282,103.0000,103.1836,83.4502,64.0579
142,284,102.8281,102.7881,83.2194,63.5443
143,286,102.1250,102.5464,82.2751,61.4786
144,288,101.9531,102.3926,82.0442,60.9823
145,290,101.4219,101.7334,81.3307,59.4720
146,292,101.2500,101.1401,81.0999,58.9905
147,294,100.7188,100.7227,80.4993,57.5272
148,296,100.1875,100.5469,79.8986,56.1004
149,298,99.8438,100.1074,79.5100,55.1973
150,300,99.4844,99.7339,79.1036,54.2707
151,302,99.3125,99.4263,78.9093,53.8339
152,304,98.9531,99.0747,78.5030,52.9340
153,306,98.6094,98.7891,78.1143,52.0903
154,308,98.2500,98.2837,77.7080,51.2267
155,310,97.9062,98.0859,77.3193,50.4183
156,312,97.2031,97.6685,76.5244,48.8200
157,314,96.8438,97.2729,76.1180,48.0323
158,316,96.5000,96.5698,75.7294,47.2973
159,318,96.3281,96.4819,75.5351,46.9366
160,320,96.3281,96.3501,75.5351,46.9366
161,322,96.3281,96.4380,75.5351,46.9366
162,324,95.7969,96.0205,74.9344,45.8519
163,326,95.4375,95.6470,74.5281,45.1436
164,328,94.7344,94.9438,73.7331,43.8179
165,330,93.6875,93.8892,72.5495,41.9940
166,332,92.6250,92.6147,71.3482,40.3297
167,334,92.1094,92.2192,70.7652,39.5902
168,336,91.7500,91.9336,70.3588,39.1018
169,338,91.4062,91.4282,69.9702,38.6551
170,340,91.5781,91.8237,70.1645,38.8761
171,342,91.4062,91.9116,69.9702,38.6551
172,344,90.8750,91.2744,69.3695,38.0046
173,346,90.7031,90.8350,69.1752,37.8042
174,348,89.1094,89.3408,67.5598,36.1887
175,350,88.4062,88.4619,66.9121,35.6135
176,352,87.7031,87.8247,66.2645,35.1221
177,354,87.3594,87.5171,65.9478,34.9121
178,356,87.1875,87.4951,65.7895,34.8143
179,358,87.0000,87.6050,65.6168,34.7139
180,360,87.1875,87.2314,65.7895,34.8143
181,362,86.8281,86.9458,65.4585,34.6264
182,364,86.1250,86.3306,64.8108,34.3205
183,366,85.2500,85.6714,64.0048,34.0531
184,368,84.1875,84.2871,63.0260,33.8936
185,370,83.3125,83.3862,62.2200,33.8948
186,372,82.7812,83.0127,61.7307,33.9528
187,374,82.4375,82.5732,61.4140,34.0127
188,376,82.2656,82.7930,61.2557,34.0489
189,378,82.2656,82.6392,61.2557,34.0489
190,380,81.9062,82.3096,60.9247,34.1392
191,382,81.5625,82.0898,60.6080,34.2428
192,384,80.6719,80.6177,59.7876,34.5891
193,386,78.9219,79.2554,58.1756,35.5777
194,388,77.5156,77.5415,57.0553,36.6463
195,390,76.2812,76.3550,56.0933,37.7656
196,392,75.5781,75.4541,55.5453,38.4723
197,394,75.2344,75.3003,55.2774,38.8347
198,396,75.4062,75.4761,55.4114,38.6524
199,398,75.2344,75.5420,55.2774,38.8347
200,400,75.2344,75.2124,55.2774,38.8347
201,402,74.7031,74.6191,54.8634,39.4159
202,404,74.0000,73.9600,54.3154,40.2213
203,406,73.1250,73.1250,53.6335,41.2764
204,408,72.2344,72.4219,52.9394,42.4048
205,410,71.3594,71.3452,52.2575,43.5586
206,412,70.4844,70.7080,51.5756,44.7507
207,414,69.6094,69.7852,50.8937,45.9734
208,416,68.5469,68.6865,50.0656,47.4888
209,418,68.0156,68.3130,49.6516,48.2555
210,420,66.7969,67.3022,48.7402,50.0244
211,422,65.9062,65.9399,48.0948,51.3176
212,424,65.5625,65.8960,47.8457,51.8148
213,426,64.3281,64.6436,46.9512,53.5824
214,428,63.7969,63.6987,46.5663,54.3313
215,430,62.5781,62.6880,45.6831,56.0098
216,432,62.0469,62.0947,45.2981,56.7209
217,434,61.8750,61.7651,45.1736,56.9477
218,436,61.5156,61.5894,44.9131,57.4168
219,438,60.9844,61.0181,44.5282,58.0966
220,440,60.1094,60.0293,43.8941,59.1763
221,442,58.7031,58.7329,42.8750,60.7932
222,444,57.2969,57.3047,41.8560,62.2413
223,446,55.7188,55.7446,40.7158,63.6356
224,448,54.4844,54.9316,39.8291,64.5358
225,450,54.3125,54.7119,39.7056,64.6472
226,452,54.1406,54.4263,39.5822,64.7548
227,454,53.7812,53.8550,39.3240,64.9683
228,456,53.2500,53.2837,38.9424,65.2545
229,458,52.2031,52.6904,38.1904,65.7126
230,460,51.1406,51.2402,37.4272,66.0278
231,462,49.3906,49.4824,36.1701,66.2034
232,464,47.8125,47.7905,35.0365,65.9797
233,466,46.5781,46.5601,34.1499,65.5443
234,468,45.7031,45.6372,33.5213,65.0951
235,470,44.4688,44.6924,32.6431,64.2615
236,472,44.1094,44.4507,32.3907,63.9747
237,474,43.7656,44.0771,32.1492,63.6820
238,476,43.9375,44.1650,32.2699,63.8306
239,478,43.2344,43.5278,31.7760,63.1938
240,480,42.3594,42.3853,31.1614,62.2960
241,482,40.2500,40.1880,29.6797,59.6576
242,484,38.1406,38.1445,28.1980,56.3709
243,486,36.5625,36.6724,27.0895,53.5107
244,488,35.1562,35.2002,26.1017,50.6913
245,490,34.4531,34.6948,25.6078,49.1915
246,492,34.0938,34.2773,25.3554,48.4027
247,494,33.5625,33.5303,24.9855,47.2102
248,496,33.5625,33.8599,24.9855,47.2102
249,498,32.8594,33.1787,24.5041,45.5851
250,500,32.3438,32.8491,24.1510,44.3609
251,502,31.4531,31.4209,23.5412,42.1847
252,504,29.8750,29.9707,22.4607,38.1547
253,506,28.2969,28.3008,21.3801,33.9318
254,508,26.3594,26.4990,20.0535,28.5388
255,510,24.7812,25.1147,18.9730,24.0228
256,512,23.2031,23.5547,17.8924,19.4398
257,514,22.5000,22.7637,17.4110,17.3870
258,516,22.1406,22.3242,17.1365,16.3370
259,518,21.6094,22.0386,16.7308,14.7850
260,520,21.0938,20.9839,16.3369,13.2806
261,522,20.5625,20.6104,15.9312,11.7336
262,524,19.6875,20.0171,15.2629,9.1972
263,526,18.4531,18.8086,14.3201,5.6545
264,528,17.2188,17.5342,13.3774,2.1711
265,530,16.3438,16.6333,12.7091,359.7475
266,532,15.1094,15.4688,11.7663,356.4076
267,534,14.0625,14.5020,10.9668,353.6585
268,536,12.4688,12.5024,9.7495,349.6447
269,538,11.7656,11.6895,9.2125,347.9471
270,540,10.8906,10.8545,8.5370,345.9030
271,542,10.1875,10.4150,7.9859,344.3181
272,544,9.4844,9.4263,7.4347,342.7874
273,546,8.4375,8.9648,6.6141,340.6133
274,548,7.3750,7.6465,5.7813,338.5417
275,550,6.5000,6.5698,5.0954,336.9417
276,552,5.2656,5.2954,4.1279,334.8546
277,554,4.5625,4.8999,3.5767,333.7568
278,556,3.6875,3.8672,2.8908,332.4850
279,558,2.9844,3.4717,2.3397,331.5403
280,560,2.9844,3.1421,2.3397,331.5403
281,562,2.4531,2.8125,1.9233,330.8728
282,564,2.1094,2.0874,1.6538,330.4619
283,566,1.0469,1.4282,0.8210,329.2982
284,568,359.8125,359.8022,0.6163,328.1482
285,570,358.7656,358.1543,359.5694,327.3431
286,572,357.3594,356.8359,358.1632,326.5053
287,574,356.4844,356.0889,357.2882,326.1233
288,576,355.4219,355.0562,356.2257,325.7995
289,578,355.2500,355.0562,356.0538,325.7611
290,580,355.2500,354.6606,356.0538,325.7611
291,582,355.0781,354.5728,355.8819,325.7271
292,584,354.8906,354.7705,355.6944,325.6941
293,586,354.5469,354.2432,355.3507,325.6455
294,588,353.4844,352.9688,354.2882,325.5919
295,590,351.9062,351.3428,352.7101,325.7696
296,592,350.5000,349.8926,351.3038,326.1711
297,594,349.2656,348.9697,350.0694,326.6977
298,596,348.3906,347.9370,349.1512,327.1621
299,598,348.2188,348.0029,348.9586,327.2615
300,600,347.8594,347.5195,348.5559,327.4782
301,602,347.8594,347.7393,348.5559,327.4782
302,604,347.6875,347.2559,348.3633,327.5859
303,606,347.1562,346.6846,347.7681,327.9341
304,608,346.4531,346.2891,346.9802,328.4298
305,610,345.2344,344.7949,345.6147,329.3746
306,612,344.7031,344.2236,345.0194,329.8168
307,614,343.4688,342.8394,343.6363,330.9058
308,616,342.2344,341.8066,342.2533,332.0651
309,618,341.7188,341.3232,341.6755,332.5660
310,620,341.1875,340.6421,341.0803,333.0898
311,622,341.0156,340.5322,340.8877,333.2609
312,624,340.6562,340.1807,340.4850,333.6205
313,626,340.1250,339.6753,339.8898,334.1558
314,628,339.4219,338.9722,339.1019,334.8696
315,630,338.7188,338.2031,338.3141,335.5857
316,632,337.8438,337.4121,337.3337,336.4748
317,634,337.1406,336.6211,336.4805,337.1828
318,636,336.2656,335.7861,335.3411,338.0499
319,638,336.0938,335.5884,335.1172,338.2180
320,640,335.5625,335.1489,334.4254,338.7312
321,642,335.2031,334.9072,333.9575,339.0727
322,644,334.8594,334.8193,333.5098,339.3947
323,646,334.5000,333.9624,333.0418,339.7257
324,648,333.7969,333.3032,332.1262,340.3555
325,650,332.7500,332.2705,330.7629,341.2426
326,652,331.3438,330.8643,328.9316,342.3208
327,654,330.6406,330.1611,328.0160,342.8036
328,656,330.2812,329.7656,327.5480,343.0344
329,658,329.5781,329.0186,326.6324,343.4528
330,660,329.4062,328.9746,326.4086,343.5483
331,662,329.2344,329.1724,326.1848,343.6406
332,664,329.2344,328.9966,326.1848,343.6406
333,666,329.0625,328.6450,325.9609,343.7304
334,668,328.5312,327.9419,325.2691,343.9887
335,670,327.8281,327.6123,324.3535,344.2859
336,672,326.7656,326.5356,322.9698,344.6322
337,674,325.7188,325.3711,321.5453,344.8447
338,676,324.6562,324.4922,320.0392,344.9213
339,678,324.1406,323.6792,319.3083,344.9059
340,680,323.7812,323.5034,318.7989,344.8740
341,682,323.2500,322.7344,318.0459,344.7944
342,684,323.0781,322.7563,317.8022,344.7606
343,686,323.0781,322.7344,317.8022,344.7606
344,688,322.7344,322.3828,317.3150,344.6801
345,690,322.2031,321.8335,316.5619,344.5227
346,692,321.3281,321.1523,315.3216,344.1749
347,694,320.6250,320.4492,314.3249,343.8136
348,696,320.2656,319.6802,313.8155,343.6002
349,698,319.2188,318.7354,312.3315,342.8671
350,700,318.6875,318.1860,311.5785,342.4305
351,702,318.3281,318.0322,311.0691,342.1102
352,704,318.1562,317.7026,310.8254,341.9501
353,706,317.8125,317.5708,310.3382,341.6159
354,708,317.6250,317.1973,310.0724,341.4255
355,710,316.7500,316.2085,308.8321,340.4650
356,712,316.0469,315.5713,307.8354,339.6056
357,714,315.1719,314.6924,306.5951,338.4270
358,716,314.6406,314.1211,305.8352,337.6525
359,718,313.9375,313.5498,304.8252,336.5593
360,720,313.4062,313.1982,304.0621,335.6819
361,722,313.4062,312.8687,304.0621,335.6819
362,724,313.0625,312.8027,303.5683,335.0910
363,726,312.8906,312.5171,303.3214,334.7887
364,728,312.8906,312.4951,303.3214,334.7887
365,730,312.1875,311.8579,302.3114,333.5044
366,732,311.2969,310.8472,301.0320,331.7696
367,734,310.4219,309.9023,299.7751,329.9500
368,736,309.3750,308.7598,298.2713,327.6264
369,738,308.6719,308.2544,297.2613,325.9785
370,740,308.4844,308.1445,296.9920,325.5273
371,742,307.9688,307.8809,296.2513,324.2626
372,744,307.9688,307.9688,296.2513,324.2626
373,746,308.1406,307.9468,296.4982,324.6882
374,748,307.9688,307.5732,296.2513,324.2626
375,750,307.2656,306.7822,295.2413,322.4807
376,752,306.7344,306.4526,294.4781,321.0918
377,754,305.6719,305.2222,292.9519,318.2085
378,756,304.9688,304.3872,291.9419,316.2265
379,758,303.9219,303.3984,290.4381,313.1728
380,760,303.2188,303.2227,289.4651,311.0567
381,762,302.5156,302.0142,288.5040,308.8919
382,764,302.3438,301.9922,288.2690,308.3556
383,766,302.1562,301.7065,288.0128,307.7675
384,768,302.1562,301.6626,288.0128,307.7675
385,770,301.4531,301.4209,287.0517,305.5346
386,772,301.2812,300.6958,286.8167,304.9825
387,774,300.7500,300.3223,286.0906,303.2609
388,776,300.0469,299.5312,285.1295,300.9495
389,778,299.3438,299.0698,284.1685,298.6040
390,780,298.6406,298.1470,283.2074,296.2279
391,782,297.9375,297.5757,282.2463,293.8247
392,784,297.4219,297.0703,281.5415,292.0472
393,786,296.8906,296.6968,280.8154,290.2044
394,788,296.5312,296.0596,280.3242,288.9518
395,790,296.0156,295.6201,279.6194,287.1475
396,792,295.4844,295.0488,278.8932,285.2813
397,794,294.6094,294.2139,277.6972,282.1954
398,796,293.9062,293.4448,276.7361,279.7094
399,798,293.0156,292.8955,275.5188,276.5590
400,800,292.5000,291.9507,274.8140,274.7368
401,802,292.1406,291.6211,274.3702,273.4689
402,804,291.9688,291.7529,274.1580,272.8633
403,806,291.7969,291.3794,273.9457,272.2580
404,808,291.6094,291.5112,273.7142,271.5988
405,810,291.2656,290.7202,273.2897,270.3919
406,812,290.5625,290.0391,272.4215,267.9336
407,814,289.3281,288.8086,270.8972,263.6613
408,816,288.4531,288.0615,269.8167,260.6760
409,818,287.5781,287.0068,268.7363,257.7343
410,820,286.5156,286.3037,267.4243,254.2318
411,822,285.8125,285.3809,266.5560,251.9612
412,824,285.6406,285.3369,266.3438,251.4124
413,826,285.2812,285.0293,265.9000,250.2732
414,828,285.2812,284.9414,265.9000,250.2732
415,830,284.9375,284.6338,265.4756,249.1943
416,832,284.7656,284.3921,265.2633,248.6587
417,834,283.7031,283.2495,263.9513,245.4131
418,836,283.0000,282.5024,263.0831,243.3293
419,838,281.7656,281.1401,261.5588,239.8049
420,840,280.1875,279.7339,259.7778,235.5682
421,842,279.6562,279.1846,259.2056,234.2150
422,844,278.9531,278.7891,258.4483,232.4831
423,846,278.4375,278.1738,257.8930,231.2567
424,848,278.2500,278.0640,257.6911,230.8206
425,850,278.0781,277.8882,257.5060,230.4249
426,852,277.5469,277.0532,256.9338,229.2298
427,854,276.8438,276.8555,256.1765,227.7126
428,856,276.1406,275.7129,255.4192,226.2706
429,858,275.2656,274.8560,254.4768,224.5836
430,860,274.3906,274.0649,253.5345,223.0188
431,862,273.5156,273.0103,252.5921,221.5778
432,864,272.4531,272.2852,251.4477,219.9977
433,866,271.5781,271.5381,250.5054,218.8377
434,868,271.4062,271.2085,250.3202,218.6247
435,870,270.8750,270.5273,249.7481,217.9985
436,872,270.3438,270.0220,249.1759,217.4194
437,874,269.4688,268.8794,248.3123,216.5696
438,876,268.5938,268.2422,247.4996,215.8479
439,878,267.5312,267.1436,246.5127,215.1440
440,880,266.8281,266.4404,245.8596,214.7807
441,882,265.9531,265.4956,245.0470,214.4416
442,884,265.2500,265.0122,244.3939,214.2583
443,886,265.0781,264.3530,244.2343,214.2252
444,888,264.5469,264.2212,243.7408,214.1532
445,890,264.0156,263.6938,243.2474,214.1247
446,892,263.1406,262.8149,242.4347,214.1719
447,894,262.2656,261.8262,241.6220,214.3325
448,896,261.5625,260.9473,240.9689,214.5415
449,898,259.7969,259.5410,239.3290,215.3650
450,900,258.7500,258.2227,238.3567,216.0426
451,902,257.5156,257.1899,237.3533,217.0087
452,904,256.2812,255.9814,236.3499,218.1399
453,906,255.7500,255.1685,235.9180,218.6738
454,908,255.4062,255.2344,235.6386,219.0331
455,910,255.0469,254.5312,235.3464,219.4201
456,912,254.8750,254.3335,235.2067,219.6089
457,914,254.5312,254.3335,234.9273,219.9943
458,916,253.8281,253.4546,234.3557,220.8122
459,918,252.9375,252.4438,233.6317,221.9003
460,920,251.7188,251.1035,232.6410,223.4705
461,922,250.1250,249.6753,231.3455,225.6376
462,924,248.2031,247.7637,229.7832,228.3634
463,926,246.2656,246.1377,228.3044,231.1618
464,928,245.5625,245.4126,227.7876,232.1741
465,930,244.8594,244.4019,227.2708,233.1786
466,932,244.3281,243.9404,226.8804,233.9300
467,934,243.9844,243.4351,226.6277,234.4120
468,936,243.9844,243.6768,226.6277,234.4120
469,938,243.0938,242.6660,225.9731,235.6418
470,940,242.3906,241.9629,225.4563,236.5893
471,942,240.8125,240.2930,224.2964,238.6212
472,944,239.2344,239.0845,223.1365,240.4902
473,946,237.2969,236.7993,221.7125,242.5068
474,948,236.0625,235.5249,220.8140,243.6048
475,950,235.0156,234.7778,220.0934,244.4083
476,952,234.6562,234.1187,219.8460,244.6554
477,954,234.3125,234.2285,219.6094,244.8777
478,956,233.6094,233.4814,219.1254,245.2877
479,958,232.5469,231.9214,218.3941,245.7899
480,960,231.1406,230.6909,217.4261,246.2269
481,962,229.5625,229.1528,216.3399,246.3926
482,964,227.8125,227.2192,215.1353,246.1569
483,966,226.2188,225.6592,214.0383,245.5460
484,968,225.1719,224.6704,213.3177,244.9359
485,970,224.2969,223.7036,212.7326,244.2982
486,972,224.1094,223.5278,212.6081,244.1463
487,974,223.7656,223.6377,212.3799,243.8542
488,976,223.4062,223.0664,212.1413,243.5296
489,978,222.3594,222.3633,211.4463,242.4731
490,980,220.5938,220.0781,210.2741,240.3214
491,982,218.1406,217.6392,208.6455,236.5872
492,984,216.0312,215.9253,207.2451,232.7253
493,986,214.4531,214.0356,206.1974,229.4748
494,988,213.3906,213.1567,205.4934,227.1266
495,990,212.6875,212.4536,205.0293,225.5071
496,992,212.6875,212.0581,205.0293,225.5071
497,994,212.5156,212.2339,204.9159,225.1036
498,996,212.1562,212.1899,204.6787,224.2506
499,998,211.8125,211.3770,204.4518,223.4234
500,1000,210.5781,210.1025,203.6371,220.3656
501,1002,208.4688,208.0151,202.2449,214.8628
502,1004,206.0156,205.4004,200.6258,208.1248
503,1006,203.2031,202.7197,198.7696,200.1333
504,1008,201.4375,201.0718,197.5768,195.0687
505,1010,200.3906,200.4565,196.8587,192.0771
506,1012,200.2031,199.6655,196.7301,191.5434
507,1014,200.3906,200.0171,196.8587,192.0771
508,1016,199.8594,199.9512,196.4943,190.5670
509,1018,199.6875,199.4458,196.3764,190.0802
510,1020,199.1562,198.5889,196.0121,188.5803
511,1022,198.0938,197.7319,195.2833,185.6108
512,1024,196.3438,195.7983,194.0830,180.8340
513,1026,194.4062,193.9307,192.7541,175.7656
514,1028,192.8281,192.1948,191.6717,171.8513
515,1030,191.5938,191.0962,190.8250,168.9471
516,1032,190.5469,190.1294,190.0570,166.6037
517,1034,190.0156,189.9316,189.6548,165.4592
518,1036,189.4844,189.1626,189.2526,164.3466
519,1038,188.9531,188.4595,188.8505,163.2661
520,1040,188.0781,187.5586,188.1881,161.5598
521,1042,186.8438,186.3281,187.2536,159.3130
522,1044,185.7969,185.1636,186.4611,157.5608
523,1046,184.0312,183.4497,185.1244,154.9379
524,1048,182.8125,182.4170,184.2018,153.3779
525,1050,181.7500,181.3403,183.3974,152.1882
526,1052,181.2188,180.6152,182.9953,151.6532
527,1054,180.8750,180.5493,182.7350,151.3284
528,1056,180.8750,180.6592,182.7350,151.3284
529,1058,180.3438,180.1099,182.3329,150.8598
530,1060,179.6406,179.5166,181.7549,150.3011
531,1062,178.2344,177.8027,180.5116,149.3934
532,1064,176.6562,176.1328,179.1162,148.7033
533,1066,175.2500,174.8804,177.8729,148.3740
534,1068,173.3125,172.7930,176.1598,148.3422
535,1070,172.9688,172.4414,175.8559,148.3854
536,1072,172.0781,171.8921,175.0684,148.5626
537,1074,172.0781,171.8481,175.0684,148.5626
538,1076,171.7344,171.8042,174.7645,148.6556
539,1078,172.0781,171.5845,175.0684,148.5626
540,1080,171.5625,171.1450,174.6125,148.7074
541,1082,170.6719,170.1123,173.8251,149.0264
542,1084,169.4531,169.1235,172.7475,149.5983
543,1086,168.0469,167.6294,171.3797,150.4359
544,1088,166.1094,165.6079,169.3238,151.8623
545,1090,165.2344,165.0586,168.3953,152.5952
546,1092,164.7031,164.4214,167.8315,153.0630
547,1094,164.5312,164.1357,167.6492,153.2181
548,1096,164.3438,164.0918,167.4502,153.3886
549,1098,164.3438,163.9600,167.4502,153.3886
550,1100,163.8281,163.4766,166.9030,153.8676
551,1102,163.1250,162.6855,166.1569,154.5404
552,1104,162.4219,161.9824,165.4108,155.2329
553,1106,161.5312,161.2573,164.4657,156.1329
554,1108,160.4844,160.0269,163.3548,157.2144
555,1110,159.4219,158.9282,162.2274,158.3262
556,1112,158.2031,157.7197,160.9341,159.6030
557,1114,157.6719,157.2144,160.3704,160.1550
558,1116,157.3125,156.9287,159.9520,160.5259
559,1118,156.7969,156.4453,159.3031,161.0534
560,1120,156.6094,156.0498,159.0671,161.2432
561,1122,155.7344,155.3687,157.9659,162.1160
562,1124,155.2031,154.6216,157.2973,162.6319
563,1126,154.3281,153.8745,156.1962,163.4548
564,1128,153.9844,153.3252,155.7635,163.7675
565,1130,153.0938,152.9517,154.6427,164.5455
566,1132,152.3906,151.9849,153.7578,165.1239
567,1134,151.8750,151.5234,153.1089,165.5259
568,1136,151.3438,150.8203,152.4403,165.9183
569,1138,151.1719,150.9082,152.2240,166.0407
570,1140,150.8125,150.6006,151.7717,166.2880
571,1142,150.4688,149.9854,151.3391,166.5142
572,1144,149.5781,148.9526,150.2182,167.0496
573,1146,148.3594,147.8979,148.6844,167.6559
574,1148,147.6562,147.3926,147.7995,167.9336
575,1150,146.9531,146.4478,146.9146,168.1550
576,1152,146.2500,146.0303,146.0297,168.3176
577,1154,146.0625,145.6348,145.7621,168.3504
578,1156,145.7188,145.4590,145.2714,168.3997
579,1158,145.5469,144.9316,145.0261,168.4188
580,1160,145.5469,145.1953,145.0261,168.4188
581,1162,145.1875,144.8657,144.5131,168.4460
582,1164,144.6562,144.0967,143.7547,168.4551
583,1166,143.9531,143.5913,142.7511,168.4088
584,1168,143.0781,142.4487,141.5021,168.2555
585,1170,142.0312,141.6797,140.0078,167.9276
586,1172,141.1406,140.8008,138.7364,167.5206
587,1174,140.6250,140.0317,138.0004,167.2306
588,1176,139.9219,139.4604,136.9968,166.7688
589,1178,139.7344,139.4165,136.7291,166.6325
590,1180,139.7344,139.2847,136.7291,166.6325
591,1182,139.3906,139.3945,136.2384,166.3688
592,1184,138.8594,138.3398,135.4801,165.9246
593,1186,138.6875,138.3838,135.2348,165.7713
594,1188,138.3281,137.8784,134.7218,165.4356
595,1190,137.2812,136.7798,133.2274,164.3406
596,1192,136.7500,136.1646,132.4691,163.7176
597,1194,136.0469,135.4834,131.4655,162.8233
598,1196,135.5156,135.1758,130.7071,162.0947
599,1198,135.0000,134.6045,129.9711,161.3444
600,1200,134.4688,134.3408,129.1663,160.5264
601,1202,134.4688,134.0771,129.1663,160.5264
602,1204,134.2969,133.7915,128.9059,160.2523
603,1206,133.4062,133.0005,127.5566,158.7555
604,1208,132.8906,132.5391,126.7755,157.8319
605,1210,132.5312,132.0996,126.2310,157.1632
606,1212,131.8281,131.2207,125.1658,155.7971
607,1214,131.2969,130.7593,124.3610,154.7144
608,1216,130.9531,130.3638,123.8402,153.9911
609,1218,130.5938,129.9902,123.2958,153.2157
610,1220,130.2500,130.0562,122.7750,152.4561
611,1222,130.0781,129.7925,122.5146,152.0699
612,1224,129.8906,129.8364,122.2306,151.6433
613,1226,128.8438,128.7378,120.6446,149.1691
614,1228,128.3125,127.9028,119.8398,147.8541
615,1230,127.6094,127.1997,118.7745,146.0542
616,1232,126.9062,126.4526,117.7093,144.1884
617,1234,126.5625,126.0132,117.1886,143.2530
618,1236,126.2031,125.6396,116.6441,142.2589
619,1238,125.8594,125.3101,116.1233,141.2932
620,1240,125.8594,125.5298,116.1233,141.2932
621,1242,125.6719,125.7056,115.8393,140.7603
622,1244,125.5000,125.1343,115.5789,140.2681
623,1246,124.9688,124.6289,114.7741,138.7249
624,1248,124.6250,124.3213,114.2533,137.7091
625,1250,123.5625,123.5962,112.6490,134.4870
626,1252,122.6875,122.5854,111.3487,131.7458
627,1254,121.8125,121.5308,110.0484,128.9316
628,1256,121.2812,120.9155,109.2589,127.1900
629,1258,120.7500,120.3223,108.4694,125.4252
630,1260,120.4062,120.0806,107.9585,124.2717
631,1262,120.4062,120.1465,107.9585,124.2717
632,1264,120.2344,120.1685,107.7031,123.6916
633,1266,119.8750,119.6411,107.1690,122.4719
634,1268,119.5312,119.0918,106.6582,121.2971
635,1270,119.0000,118.6523,105.8687,119.4666
636,1272,118.2969,117.8174,104.8237,117.0184
637,1274,117.7656,117.4878,104.0342,115.1515
638,1276,116.8906,116.6748,102.7339,112.0493
639,1278,116.3594,115.8179,101.9444,110.1517
640,1280,115.8281,115.3564,101.1549,108.2456
641,1282,115.1250,114.8511,100.1100,105.7124
642,1284,115.1250,114.5654,100.1100,105.7124
643,1286,114.4219,114.2578,99.0650,103.1710
644,1288,113.9062,113.3789,98.2988,101.3044
645,1290,113.5469,112.9834,97.7647,100.0028
646,1292,112.8438,112.4341,96.7198,97.4574
647,1294,112.3125,112.1924,95.9571,95.5371
648,1296,111.7969,111.3354,95.2646,93.6772
649,1298,111.4375,111.0938,94.7820,92.3843
650,1300,111.0938,110.7422,94.3203,91.1506
651,1302,110.7344,110.4126,93.8376,89.8645
652,1304,110.7344,110.1489,93.8376,89.8645
653,1306,110.3906,109.7754,93.3760,88.6383
654,1308,109.8594,109.3579,92.6625,86.7522
655,1310,108.9844,108.5889,91.4874,83.6727
656,1312,107.7500,107.3364,89.8296,79.3988
657,1314,107.0469,106.6553,88.8853,77.0078
658,1316,106.1719,105.8862,87.7101,74.0832
659,1318,105.8125,105.3589,87.2275,72.9000
660,1320,105.2812,105.1172,86.5140,71.1714
661,1322,105.1094,104.6338,86.2831,70.6174
662,1324,104.9375,104.6558,86.0523,70.0664
663,1326,104.5781,104.2163,85.5697,68.9232
664,1328,104.2344,104.0186,85.1080,67.8414
665,1330,103.5312,103.2275,84.1637,65.6663
666,1332,103.0000,102.4146,83.4502,64.0579
667,1334,101.2500,100.6787,81.0999,58.9905
668,1336,100.3594,99.7339,80.0929,56.5581
669,1338,99.4844,99.1406,79.1036,54.2707
670,1340,98.4375,98.5474,77.9200,51.6747
671,1342,98.6094,98.2617,78.1143,52.0903
672,1344,98.2500,98.0420,77.7080,51.2267
673,1346,98.0781,97.8882,77.5137,50.8202
674,1348,97.7344,97.3828,77.1250,50.0205
675,1350,97.0312,96.4819,76.3300,48.4405
676,1352,96.3281,95.8667,75.5351,46.9366
677,1354,95.6250,95.0098,74.7401,45.5103
678,1356,94.2188,93.8672,73.1501,42.8966
679,1358,92.9844,92.5049,71.7545,40.8713
680,1360,92.2812,91.8237,70.9595,39.8318
681,1362,91.5781,91.2524,70.1645,38.8761
682,1364,91.0469,90.9009,69.5639,38.2097
683,1366,90.8750,90.3735,69.3695,38.0046
684,1368,90.1719,89.9121,68.5746,37.2176
685,1370,89.4688,89.2090,67.8909,36.5151
686,1372,88.5938,88.1543,67.0849,35.7583
687,1374,87.7031,87.4951,66.2645,35.1221
688,1376,86.4844,86.2866,65.1418,34.4665
689,1378,85.7812,85.2759,64.4941,34.2004
690,1380,85.2500,85.1001,64.0048,34.0531
691,1382,84.7188,84.2651,63.5154,33.9508
692,1384,84.1875,83.6279,63.0260,33.8936
693,1386,83.6719,83.4741,62.5511,33.8798
694,1388,83.3125,83.1006,62.2200,33.8948
695,1390,82.2656,81.7383,61.2557,34.0489
696,1392,81.5625,81.0791,60.6080,34.2428
697,1394,79.7969,79.4751,58.9816,35.0337
698,1396,78.0469,77.6074,57.4693,36.2153
699,1398,77.1562,76.6406,56.7752,36.9556
700,1400,75.7500,75.3223,55.6793,38.2954
701,1402,75.2344,75.0806,55.2774,38.8347
702,1404,75.0469,74.5972,55.1313,39.0372
703,1406,74.8750,74.4214,54.9973,39.2251
704,1408,74.7031,74.2456,54.8634,39.4159
705,1410,74.5312,74.1577,54.7295,39.6088
706,1412,73.4688,73.2129,53.9014,40.8552
707,1414,72.4219,72.0483,53.0855,42.1629
708,1416,70.4844,70.0488,51.5756,44.7507
709,1418,68.5469,67.9834,50.0656,47.4888
710,1420,66.6094,66.0059,48.6044,50.2971
711,1422,65.3906,64.7754,47.7212,52.0626
712,1424,64.6875,64.3140,47.2117,53.0713
713,1426,64.1562,63.6987,46.8267,53.8258
714,1428,63.9844,63.7207,46.7021,54.0679
715,1430,63.9844,63.4351,46.7021,54.0679
716,1432,63.2812,62.8198,46.1926,55.0486
717,1434,62.5781,61.9849,45.6831,56.0098
718,1436,61.5156,60.9521,44.9131,57.4168
719,1438,59.4062,59.1064,43.3846,60.0042
720,1440,57.2969,56.9312,41.8560,62.2413
721,1442,55.5469,55.0635,40.5923,63.7712
722,1444,54.8438,54.6460,40.0872,64.2919
723,1446,54.1406,53.6353,39.5822,64.7548
724,1448,54.1406,53.7451,39.5822,64.7548
725,1450,53.9531,53.4375,39.4475,64.8682
726,1452,53.2500,52.6904,38.9424,65.2545
727,1454,52.2031,51.5479,38.1904,65.7126
728,1456,50.6250,50.4712,37.0568,66.1248
729,1458,48.6875,48.1641,35.6651,66.1493
730,1460,46.9219,46.4722,34.3968,65.6887
731,1462,45.5156,44.9780,33.3867,64.9834
732,1464,44.1094,43.6377,32.3907,63.9747
733,1466,43.9375,43.8794,32.2699,63.8306
734,1468,43.5938,43.0664,32.0285,63.5288
735,1470,43.4062,42.9346,31.8968,63.3564
736,1472,42.7031,42.0557,31.4029,62.6625
737,1474,41.6562,41.2427,30.6675,61.4904
738,1476,40.2500,39.9683,29.6797,59.6576
739,1478,37.6094,37.1338,27.8248,55.4452
740,1480,35.3281,35.1343,26.2224,51.0489
741,1482,34.0938,33.8599,25.3554,48.4027
742,1484,33.3906,32.9370,24.8678,46.8179
743,1486,33.2188,33.1567,24.7501,46.4223
744,1488,33.2188,32.8271,24.7501,46.4223
745,1490,33.0469,32.8711,24.6325,46.0237
746,1492,32.8594,32.5195,24.5041,45.5851
747,1494,31.9844,31.5527,23.9050,43.4919
748,1496,30.5781,30.1025,22.9421,39.9762
749,1498,28.2969,27.8174,21.3801,33.9318
750,1500,26.0156,25.7080,19.8181,27.5629
751,1502,23.7188,23.2910,18.2455,20.9420
752,1504,21.6094,21.3135,16.7308,14.7850
753,1506,21.7969,21.3574,16.8740,15.3327
754,1508,22.1406,22.2144,17.1365,16.3370
755,1510,21.2656,21.1157,16.4682,13.7817
756,1512,21.2656,20.9399,16.4682,13.7817
757,1514,20.9062,20.3687,16.1937,12.7341
758,1516,20.5625,20.1709,15.9312,11.7336
759,1518,18.7969,18.3472,14.5827,6.6359
760,1520,17.0469,16.4355,13.2461,1.6916
761,1522,15.6406,15.5127,12.1721,357.8327
762,1524,13.7031,13.4033,10.6923,352.7346
763,1526,12.8281,12.2168,10.0240,350.5302
764,1528,12.2969,12.2607,9.6183,349.2255
765,1530,11.7656,11.6235,9.2125,347.9471
766,1532,11.4219,10.7886,8.9500,347.1347
767,1534,10.7188,10.3931,8.4023,345.5105
768,1536,9.6562,9.1846,7.5694,343.1563
769,1538,8.6094,8.6792,6.7489,340.9613
770,1540,7.2031,7.0093,5.6466,338.2196
771,1542,5.9688,5.5591,4.6790,336.0189
772,1544,4.5625,4.2627,3.5767,333.7568
773,1546,3.6875,3.5815,2.8908,332.4850
774,1548,3.5156,2.9663,2.7561,332.2478
775,1550,3.5156,3.4277,2.7561,332.2478
776,1552,3.3281,3.0103,2.6092,331.9936
777,1554,2.9844,2.4390,2.3397,331.5403
778,1556,2.2812,1.7358,1.7886,330.6650
779,1558,0.7031,0.3955,0.5515,328.9561
780,1560,358.7656,358.1982,359.5694,327.3431
781,1562,357.5312,357.0117,358.3351,326.5931
782,1564,356.2969,356.0010,357.1007,326.0550
783,1566,355.5938,355.1660,356.3976,325.8415
784,1568,355.0781,355.0781,355.8819,325.7271
785,1570,355.0781,354.7485,355.8819,325.7271
786,1572,355.2500,354.9023,356.0538,325.7611
787,1574,354.8906,354.3970,355.6944,325.6941
788,1576,354.7188,354.3311,355.5226,325.6681
789,1578,353.6719,353.2104,354.4757,325.5911
790,1580,352.0781,351.5625,352.8819,325.7357
791,1582,350.6719,350.3101,351.4757,326.1102
792,1584,349.2656,348.7720,350.0694,326.6977
793,1586,348.5625,348.1128,349.3437,327.0651
794,1588,348.0469,347.8491,348.7660,327.3638
795,1590,348.0469,347.6514,348.7660,327.3638
796,1592,347.8594,347.6514,348.5559,327.4782
797,1594,347.3438,346.8164,347.9781,327.8086
798,1596,347.1562,346.7505,347.7681,327.9341
799,1598,346.8125,346.3110,347.3829,328.1715
800,1600,345.4062,345.2124,345.8073,329.2351
801,1602,344.5312,344.1797,344.8268,329.9636
802,1604,343.6406,343.1689,343.8289,330.7494
803,1606,342.4219,341.8945,342.4633,331.8853
804,1608,341.8906,341.4551,341.8681,332.3980
805,1610,341.1875,340.7080,341.0803,333.0898
806,1612,341.0156,340.6201,340.8877,333.2609
807,1614,340.6562,340.3564,340.4850,333.6205
808,1616,340.3125,339.7412,340.0999,333.9665
809,1618,339.4219,338.9062,339.1019,334.8696
810,1620,338.7188,338.1152,338.3141,335.5857
811,1622,338.0156,337.6318,337.5263,336.3005
812,1624,337.1406,336.5552,336.4805,337.1828
813,1626,336.4375,336.1157,335.5649,337.8812
814,1628,335.9062,335.3247,334.8731,338.4001
815,1630,335.5625,335.1489,334.4254,338.7312
816,1632,335.5625,335.0610,334.4254,338.7312
817,1634,334.8594,334.8413,333.5098,339.3947
818,1636,334.6875,334.3579,333.2860,339.5539
819,1638,334.3281,333.7427,332.8180,339.8822
820,1640,333.0938,332.5562,331.2106,340.9586
821,1642,331.8750,331.4575,329.6235,341.9304
822,1644,330.8125,330.3589,328.2398,342.6894
823,1646,330.1094,330.0073,327.3242,343.1409
824,1648,329.5781,329.2603,326.6324,343.4528
825,1650,329.4062,329.0405,326.4086,343.5483
826,1652,329.2344,328.9746,326.1848,343.6406
827,1654,329.2344,328.9746,326.1848,343.6406
828,1656,329.0625,328.6450,325.9609,343.7304
829,1658,328.8750,328.3374,325.7168,343.8247
830,1660,328.0000,327.4146,324.5773,344.2182
831,1662,327.1250,326.7554,323.4379,344.5294
832,1664,325.8906,325.3491,321.7890,344.8191
833,1666,325.3594,324.7998,321.0359,344.8866
834,1668,324.3125,323.9868,319.5520,344.9149
835,1670,323.9531,323.3276,319.0426,344.8912
836,1672,323.4375,323.0640,318.3116,344.8271
837,1674,323.0781,322.9541,317.8022,344.7606
838,1676,323.0781,322.7124,317.8022,344.7606
839,1678,322.7344,322.3608,317.3150,344.6801
840,1680,322.0312,321.4600,316.3183,344.4633
841,1682,321.8438,321.3501,316.0525,344.3932
842,1684,321.1406,320.5811,315.0558,344.0855
843,1686,320.0938,319.6362,313.5719,343.4913
844,1688,319.3906,318.8013,312.5752,342.9989
845,1690,318.6875,318.3838,311.5785,342.4305
846,1692,318.5156,317.9443,311.3349,342.2800
847,1694,317.9844,317.5488,310.5818,341.7852
848,1696,317.9844,317.7905,310.5818,341.7852
849,1698,317.6250,317.1973,310.0724,341.4255
850,1700,316.9219,316.4502,309.0757,340.6631
851,1702,316.2188,315.9448,308.0790,339.8228
852,1704,315.5156,314.9561,307.0823,338.9043
853,1706,315.0000,314.5605,306.3514,338.1814
854,1708,314.1094,313.7256,305.0721,336.8336
855,1710,313.5938,313.2202,304.3314,335.9967
856,1712,313.2344,312.9126,303.8152,335.3888
857,1714,312.8906,312.7588,303.3214,334.7887
858,1716,313.0625,312.7808,303.5683,335.0910
859,1718,312.8906,312.3853,303.3214,334.7887
860,1720,312.1875,311.9019,302.3114,333.5044
861,1722,311.4844,310.9790,301.3014,332.1448
862,1724,310.4219,309.9683,299.7751,329.9500
863,1726,309.5469,309.0674,298.5182,328.0186
864,1728,308.8438,308.5400,297.5082,326.3876
865,1730,308.4844,308.1885,296.9920,325.5273
866,1732,308.1406,307.6831,296.4982,324.6882
867,1734,308.1406,308.0566,296.4982,324.6882
868,1736,308.1406,307.9688,296.4982,324.6882
869,1738,307.9688,307.7710,296.2513,324.2626
870,1740,307.2656,307.1118,295.2413,322.4807
871,1742,307.0781,306.6943,294.9719,321.9945
872,1744,306.2031,305.7275,293.7150,319.6674
873,1746,304.7969,304.4751,291.6950,315.7334
874,1748,304.0938,303.6621,290.6850,313.6822
875,1750,303.3906,303.2007,289.7000,311.5785
876,1752,302.6875,302.2559,288.7389,309.4254
877,1754,302.3438,302.0581,288.2690,308.3556
878,1756,302.1562,301.7725,288.0128,307.7675
879,1758,302.1562,301.7725,288.0128,307.7675
880,1760,301.8125,301.4868,287.5429,306.6812
881,1762,301.4531,301.0474,287.0517,305.5346
882,1764,300.9375,300.6519,286.3469,303.8711
883,1766,300.2344,299.7510,285.3858,301.5694
884,1768,299.5312,299.2017,284.4247,299.2327
885,1770,298.4688,297.9272,282.9724,295.6428
886,1772,298.2969,297.7734,282.7375,295.0562
887,1774,297.4219,297.2461,281.5415,292.0472
888,1776,297.2344,296.6748,281.2852,291.3981
889,1778,296.5312,296.1694,280.3242,288.9518
890,1780,296.1875,296.0596,279.8543,287.7499
891,1782,295.8281,295.2246,279.3631,286.4897
892,1784,294.9531,294.4775,278.1671,283.4091
893,1786,294.0781,293.6865,276.9710,280.3175
894,1788,293.3750,292.8955,276.0100,277.8300
895,1790,292.8438,292.3022,275.2838,275.9513
896,1792,292.1406,291.8408,274.3702,273.4689
897,1794,291.9688,291.5112,274.1580,272.8633
898,1796,291.7969,291.5112,273.9457,272.2580
899,1798,291.4375,290.9619,273.5020,270.9948
900,1800,291.2656,290.7642,273.2897,270.3919
901,1802,290.7344,290.2368,272.6337,268.5330
902,1804,289.6875,289.4238,271.3410,264.8984
903,1806,288.6250,288.0615,270.0290,261.2591
904,1808,287.7500,287.2046,268.9485,258.3085
905,1810,286.5156,286.1279,267.4243,254.2318
906,1812,285.8125,285.6006,266.5560,251.9612
907,1814,285.6406,285.2490,266.3438,251.4124
908,1816,285.1094,284.9194,265.6878,249.7323
909,1818,285.2812,284.7217,265.9000,250.2732
910,1820,284.9375,284.5679,265.4756,249.1943
911,1822,284.5781,283.9966,265.0318,248.0781
912,1824,283.8750,283.5352,264.1635,245.9307
913,1826,282.6562,282.0850,262.6586,242.3301
914,1828,282.1250,281.4697,262.0026,240.8127
915,1830,280.8906,280.3271,260.5351,237.4167
916,1832,279.6562,279.1406,259.2056,234.2150
917,1834,279.1406,278.5913,258.6503,232.9379
918,1836,278.7812,278.2837,258.2632,232.0700
919,1838,278.4375,278.1738,257.8930,231.2567
920,1840,278.0781,277.7563,257.5060,230.4249
921,1842,277.5469,277.0972,256.9338,229.2298
922,1844,277.0312,276.6138,256.3784,228.1095
923,1846,276.5000,275.9106,255.8063,226.9980
924,1848,275.6250,275.1196,254.8639,225.2617
925,1850,274.5625,274.0649,253.7196,223.3164
926,1852,273.6875,273.3179,252.7772,221.8512
927,1854,272.6250,272.0874,251.6328,220.2409
928,1856,272.1094,271.7139,251.0775,219.5266
929,1858,271.4062,271.3623,250.3202,218.6247
930,1860,270.8750,270.7690,249.7481,217.9985
931,1862,270.3438,270.2197,249.1759,217.4194
932,1864,269.2969,268.9673,248.1526,216.4175
933,1866,268.5938,268.1543,247.4996,215.8479
934,1868,267.8906,267.4512,246.8465,215.3610
935,1870,267.1875,266.5942,246.1934,214.9561
936,1872,266.1250,265.9351,245.2066,214.4983
937,1874,265.7812,265.2759,244.8873,214.3892
938,1876,264.7188,264.5947,243.9005,214.1716
939,1878,264.3750,264.3530,243.5812,214.1390
940,1880,264.1875,263.7158,243.4070,214.1293
941,1882,263.4844,263.3423,242.7540,214.1398
942,1884,262.6094,262.2217,241.9413,214.2561
943,1886,261.5625,261.4307,240.9689,214.5415
944,1888,260.6719,260.0684,240.1417,214.9052
945,1890,259.0938,258.4863,238.6760,215.8054
946,1892,257.5156,257.0801,237.3533,217.0087
947,1894,256.6406,256.0693,236.6420,217.7943
948,1896,256.1094,255.6299,236.2101,218.3098
949,1898,255.4062,255.1685,235.6386,219.0331
950,1900,255.4062,255.2563,235.6386,219.0331
951,1902,254.8750,254.2676,235.2067,219.6089
952,1904,254.5312,254.1138,234.9273,219.9943
953,1906,254.0000,253.6084,234.4955,220.6090
954,1908,252.9375,252.4658,233.6317,221.9003
955,1910,251.8906,251.3452,232.7807,223.2441
956,1912,250.1250,249.7192,231.3455,225.6376
957,1914,248.3750,247.7856,229.9229,228.1166
958,1916,246.7969,246.1816,228.6949,230.3940
959,1918,245.9062,245.9399,228.0403,231.6799
960,1920,244.8594,244.3359,227.2708,233.1786
961,1922,244.5000,244.0063,227.0067,233.6878
962,1924,244.1562,243.8745,226.7540,234.1716
963,1926,243.7969,243.5229,226.4899,234.6734
964,1928,243.0938,243.0615,225.9731,235.6418
965,1930,242.0469,241.4795,225.2037,237.0438
966,1932,241.1719,240.5786,224.5606,238.1714
967,1934,239.4062,238.8647,223.2628,240.2956
968,1936,237.2969,237.1289,221.7125,242.5068
969,1938,236.2500,235.7227,220.9431,243.4482
970,1940,235.1875,234.6899,220.2117,244.2847
971,1942,234.6562,234.2725,219.8460,244.6554
972,1944,234.3125,234.1406,219.6094,244.8777
973,1946,233.7812,233.4375,219.2438,245.1929
974,1948,233.0781,232.5586,218.7598,245.5567
975,1950,231.6719,231.1523,217.7918,246.0931
976,1952,230.0938,229.5044,216.7056,246.3763
977,1954,228.3281,227.8784,215.4902,246.2731
978,1956,226.5781,226.0767,214.2857,245.7172
979,1958,225.5156,225.0000,213.5543,245.1545
980,1960,224.4688,223.9673,212.8467,244.4326
981,1962,223.9375,223.7915,212.4940,244.0024
982,1964,223.7656,223.7036,212.3799,243.8542
983,1966,223.2344,222.7808,212.0272,243.3674
984,1968,222.5312,222.1655,211.5604,242.6578
985,1970,221.1250,220.5176,210.6268,241.0171
986,1972,218.8438,218.3862,209.1123,237.7435
987,1974,216.7344,216.2769,207.7119,234.0762
988,1976,214.7969,214.2993,206.4256,230.2076
989,1978,213.5625,213.5303,205.6068,227.5146
990,1980,212.8594,212.8052,205.1427,225.9075
991,1982,212.6875,212.6514,205.0293,225.5071
992,1984,212.8594,212.4756,205.1427,225.9075
993,1986,212.3438,211.9922,204.8024,224.6973
994,1988,211.9844,211.5747,204.5652,223.8384
995,1990,210.9375,210.3003,203.8743,221.2694
996,1992,209.1719,208.6523,202.7090,216.7320
997,1994,206.5312,205.9497,200.9662,209.5646
998,1996,203.7188,203.2251,199.1099,201.6100
999,1998,201.9688,201.3574,197.9411,196.5917
1000,2000,200.9062,200.4565,197.2124,193.5483
1001,2002,200.3906,200.1270,196.8587,192.0771
1002,2004,200.3906,200.3027,196.8587,192.0771
1003,2006,200.0312,199.9072,196.6122,191.0549
1004,2008,199.6875,199.4897,196.3764,190.0802
1005,2010,199.5000,198.8745,196.2478,189.5498
1006,2012,198.4531,198.2153,195.5298,186.6102
1007,2014,196.6875,196.2158,194.3188,181.7592
1008,2016,195.1094,194.6118,193.2364,177.5743
1009,2018,192.8281,192.3486,191.6717,171.8513
1010,2020,191.4219,190.9204,190.7072,168.5544
1011,2022,190.5469,190.2612,190.0570,166.6037
1012,2024,190.3594,189.9536,189.9150,166.1963
1013,2026,189.8438,189.3604,189.5247,165.0959
1014,2028,188.9531,188.9429,188.8505,163.2661
1015,2030,188.2500,187.8223,188.3182,161.8875
1016,2032,187.0312,186.6357,187.3955,159.6419
1017,2034,185.9688,185.4932,186.5912,157.8388
1018,2036,184.2188,183.6694,185.2664,155.1964
1019,2038,183.1562,182.5928,184.4620,153.7970
1020,2040,182.1094,181.5820,183.6695,152.5727
1021,2042,181.4062,181.1206,183.1372,151.8375
1022,2044,181.4062,180.9229,183.1372,151.8375
1023,2046,181.2188,180.7471,182.9953,151.6532
1024,2048,180.8750,180.3955,182.7350,151.3284
1025,2050,180.1719,180.1758,182.2028,150.7165
1026,2052,179.4688,178.9014,181.6029,150.1749
1027,2054,177.8906,177.2754,180.2076,149.2137
1028,2056,176.1250,175.7812,178.6465,148.5481
1029,2058,174.7188,174.2871,177.4032,148.3179
1030,2060,173.6719,173.0786,176.4776,148.3125
1031,2062,172.9688,172.4634,175.8559,148.3854
1032,2064,172.6094,172.1997,175.5381,148.4458
1033,2066,172.6094,172.3755,175.5381,148.4458
1034,2068,172.2656,171.7383,175.2342,148.5177
1035,2070,172.2656,171.8042,175.2342,148.5177
1036,2072,171.5625,171.3867,174.6125,148.7074
1037,2074,170.8594,170.6396,173.9909,148.9522
1038,2076,169.7969,169.2773,173.0515,149.4219
1039,2078,168.5625,168.2446,171.9269,150.1078
1040,2080,167.3438,166.9043,170.6336,150.9196
1041,2082,166.6406,166.0034,169.8875,151.4429
1042,2084,165.9375,165.5859,169.1414,152.0025
1043,2086,165.5781,165.2344,168.7600,152.3015
1044,2088,165.2344,164.9927,168.3953,152.5952
1045,2090,165.2344,164.7070,168.3953,152.5952
1046,2092,164.8750,164.5312,168.0139,152.9100
1047,2094,164.0000,163.4766,167.0854,153.7063
1048,2096,163.2969,162.7954,166.3393,154.3737
1049,2098,162.5938,162.0483,165.5932,155.0618
1050,2100,161.7188,161.4990,164.6647,155.9418
1051,2102,161.5312,161.1035,164.4657,156.1329
1052,2104,161.0156,160.7739,163.9186,156.6633
1053,2106,160.8281,160.3564,163.7196,156.8571
1054,2108,160.1250,159.7412,162.9735,157.5895
1055,2110,159.2500,158.7524,162.0450,158.5067
1056,2112,158.5469,158.0713,161.2989,159.2438
1057,2114,157.8438,157.4121,160.5528,159.9770
1058,2116,157.3125,157.1045,159.9520,160.5259
1059,2118,156.7969,156.3135,159.3031,161.0534
1060,2120,156.4375,155.8301,158.8508,161.4167
1061,2122,155.7344,155.4785,157.9659,162.1160
1062,2124,155.3906,154.7974,157.5333,162.4513
1063,2126,155.0312,154.5557,157.0810,162.7965
1064,2128,154.6875,154.5117,156.6484,163.1214
1065,2130,154.3281,153.8306,156.1962,163.4548
1066,2132,153.6250,153.4131,155.3113,164.0871
1067,2134,153.4531,152.9077,155.0950,164.2373
1068,2136,152.7500,152.4023,154.2101,164.8325
1069,2138,152.0469,151.9409,153.3252,165.3940
1070,2140,151.6875,151.2158,152.8729,165.6668
1071,2142,151.5156,150.9961,152.6566,165.7939
1072,2144,150.9844,150.8423,151.9880,166.1709
1073,2146,150.8125,150.3369,151.7717,166.2880
1074,2148,150.6406,150.4028,151.5554,166.4023
1075,2150,149.9375,149.6558,150.6705,166.8425
1076,2152,149.4062,148.9526,150.0019,167.1444
1077,2154,148.3594,148.1836,148.6844,167.6559
1078,2156,147.8281,147.1948,148.0158,167.8706
1079,2158,147.2969,146.6675,147.3472,168.0538
1080,2160,146.9531,146.7773,146.9146,168.1550
1081,2162,146.5938,146.6016,146.4623,168.2455
1082,2164,146.5938,146.3159,146.4623,168.2455
1083,2166,146.4219,145.8984,146.2460,168.2832
1084,2168,146.2500,145.9424,146.0297,168.3176
1085,2170,145.7188,145.4590,145.2714,168.3997
1086,2172,145.3594,144.9976,144.7584,168.4349
1087,2174,145.1875,144.7778,144.5131,168.4460
1088,2176,144.6562,144.1626,143.7547,168.4551
1089,2178,144.4844,144.2944,143.5094,168.4502
1090,2180,144.3125,144.2285,143.2641,168.4410
1091,2182,144.1406,143.7012,143.0187,168.4281
1092,2184,143.9531,143.5474,142.7511,168.4088
1093,2186,143.4375,142.8882,142.0151,168.3317
1094,2188,142.7344,142.2729,141.0114,168.1655
1095,2190,141.8438,141.3940,139.7401,167.8515
1096,2192,141.1406,140.6689,138.7364,167.5206
1097,2194,140.6250,140.1196,138.0004,167.2306
1098,2196,140.6250,140.1416,138.0004,167.2306
1099,2198,140.6250,140.0317,138.0004,167.2306
1100,2200,140.2656,140.1636,137.4874,167.0040
1101,2202,140.0938,139.7021,137.2421,166.8886
1102,2204,140.0938,139.5483,137.2421,166.8886
1103,2206,139.5625,139.4165,136.4838,166.5030
1104,2208,139.2188,138.7354,135.9931,166.2301
1105,2210,138.8594,138.3838,135.4801,165.9246
1106,2212,138.6875,138.0762,135.2348,165.7713
1107,2214,138.3281,137.9004,134.7218,165.4356
1108,2216,138.1562,137.9224,134.4765,165.2679
1109,2218,137.9844,137.7466,134.2311,165.0955
1110,2220,137.8125,137.5049,133.9858,164.9184
1111,2222,137.4531,137.0435,133.4728,164.5324
1112,2224,136.9219,136.3184,132.7145,163.9240
1113,2226,136.4062,135.8350,131.9785,163.2905
1114,2228,135.8750,135.5713,131.2201,162.5925
1115,2230,135.7031,135.1978,130.9748,162.3572
1116,2232,135.3438,134.9121,130.4618,161.8493
1117,2234,135.3438,135.1318,130.4618,161.8493
1118,2236,135.1719,134.8242,130.2165,161.5992
1119,2238,135.0000,134.4507,129.9711,161.3444
1120,2240,134.6406,134.2749,129.4267,160.7959
1121,2242,134.2969,133.7476,128.9059,160.2523
1122,2244,133.5938,133.5498,127.8407,159.0812
1123,2246,133.4062,132.8467,127.5566,158.7555
1124,2248,133.2344,132.8467,127.2963,158.4523
1125,2250,132.8906,132.7368,126.7755,157.8319
1126,2252,132.7031,132.3853,126.4914,157.4854
1127,2254,132.5312,132.1655,126.2310,157.1632
1128,2256,132.3594,132.2095,125.9707,156.8364
1129,2258,132.3594,131.8579,125.9707,156.8364
1130,2260,132.0000,131.6382,125.4262,156.1380
1131,2262,131.8281,131.2207,125.1658,155.7971
1132,2264,131.4844,130.9351,124.6451,155.1016
1133,2266,130.9531,130.4736,123.8402,153.9911
1134,2268,130.7812,130.2100,123.5798,153.6228
1135,2270,130.5938,130.1880,123.2958,153.2157
1136,2272,130.4219,130.3198,123.0354,152.8381
1137,2274,130.5938,129.9902,123.2958,153.2157
1138,2276,130.4219,129.9463,123.0354,152.8381
1139,2278,130.2500,129.9243,122.7750,152.4561
1140,2280,129.8906,129.4189,122.2306,151.6433
1141,2282,129.5469,129.0454,121.7098,150.8483
1142,2284,129.0156,128.6060,120.9050,149.5860
1143,2286,128.6719,128.0786,120.3842,148.7480
1144,2288,128.1406,128.1445,119.5794,147.4204
1145,2290,128.1406,127.9028,119.5794,147.4204
1146,2292,127.9688,127.6611,119.3190,146.9827
1147,2294,127.9688,127.7271,119.3190,146.9827
1148,2296,127.7812,127.7930,119.0349,146.5004
1149,2298,127.7812,127.3535,119.0349,146.5004
1150,2300,127.4375,127.2876,118.5142,145.6042
1151,2302,127.0781,126.8042,117.9697,144.6505
1152,2304,126.7344,126.3428,117.4489,143.7226
1153,2306,126.5625,126.0571,117.1886,143.2530
1154,2308,126.5625,126.1670,117.1886,143.2530
1155,2310,126.3750,125.8813,116.9045,142.7363
1156,2312,126.2031,125.9033,116.6441,142.2589
1157,2314,126.2031,125.7935,116.6441,142.2589
1158,2316,125.8594,125.5957,116.1233,141.2932
1159,2318,126.0312,125.8154,116.3837,141.7779
1160,2320,125.8594,125.6177,116.1233,141.2932
1161,2322,125.5000,125.0024,115.5789,140.2681
1162,2324,125.5000,125.0244,115.5789,140.2681
1163,2326,125.3281,125.0684,115.3185,139.7725
1164,2328,124.9688,124.7607,114.7741,138.7249
1165,2330,124.9688,124.7388,114.7741,138.7249
1166,2332,125.1562,124.7827,115.0581,139.2734
1167,2334,124.9688,124.4312,114.7741,138.7249
1168,2336,124.6250,124.2114,114.2533,137.7091
1169,2338,124.2656,124.0796,113.7089,136.6329
1170,2340,124.0938,123.9917,113.4485,136.1132
1171,2342,123.5625,123.1787,112.6490,134.4870
1172,2344,123.0469,122.7612,111.8828,132.8809
1173,2346,123.2188,122.7173,112.1382,133.4192
1174,2348,122.8594,122.4536,111.6041,132.2902
1175,2350,122.6875,122.4756,111.3487,131.7458
1176,2352,122.6875,122.5415,111.3487,131.7458
1177,2354,122.6875,122.3657,111.3487,131.7458
1178,2356,122.5156,122.1460,111.0933,131.1986
1179,2358,122.1562,122.0142,110.5592,130.0455
1180,2360,122.1562,121.7505,110.5592,130.0455
1181,2362,121.6406,121.3110,109.7929,128.3708
1182,2364,121.2812,121.0474,109.2589,127.1900
1183,2366,121.2812,120.7837,109.2589,127.1900
1184,2368,121.1094,120.6519,109.0034,126.6216
1185,2370,120.9375,120.8276,108.7480,126.0507
1186,2372,120.9375,120.7617,108.7480,126.0507
1187,2374,120.9375,120.5420,108.7480,126.0507
1188,2376,120.7500,120.7397,108.4694,125.4252
1189,2378,120.7500,120.3442,108.4694,125.4252
1190,2380,120.4062,119.9487,107.9585,124.2717
1191,2382,120.2344,120.1685,107.7031,123.6916
1192,2384,120.2344,119.7290,107.7031,123.6916
1193,2386,120.0469,119.8169,107.4244,123.0564
1194,2388,119.8750,119.5752,107.1690,122.4719
1195,2390,120.0469,119.6851,107.4244,123.0564
1196,2392,120.0469,119.7070,107.4244,123.0564
1197,2394,119.8750,119.6191,107.1690,122.4719
1198,2396,119.7031,119.4434,106.9136,121.8855
1199,2398,119.5312,119.4214,106.6582,121.2971
1200,2400,119.5312,119.1797,106.6582,121.2971
1201,2402,119.1719,118.9380,106.1241,120.0606
1202,2404,119.1719,118.7402,106.1241,120.0606
1203,2406,119.1719,119.0918,106.1241,120.0606
1204,2408,119.3438,119.0918,106.3795,120.6530
1205,2410,118.8281,118.3887,105.6132,118.8707
1206,2412,119.0000,118.7842,105.8687,119.4666
1207,2414,119.0000,118.7842,105.8687,119.4666
1208,2416,118.6406,118.1470,105.3346,118.2187
1209,2418,118.4688,118.3447,105.0792,117.6193
1210,2420,118.4688,118.1470,105.0792,117.6193
1211,2422,118.1250,117.9053,104.5683,116.4159
1212,2424,117.9375,117.5317,104.2897,115.7570
1213,2426,117.9375,117.4438,104.2897,115.7570
1214,2428,117.7656,117.5757,104.0342,115.1515
1215,2430,117.9375,117.7295,104.2897,115.7570
1216,2432,117.7656,117.3779,104.0342,115.1515
1217,2434,117.7656,117.5977,104.0342,115.1515
1218,2436,117.7656,117.3779,104.0342,115.1515
1219,2438,117.4219,117.3779,103.5234,113.9366
1220,2440,117.0625,116.8286,102.9893,112.6610
1221,2442,117.0625,116.6309,102.9893,112.6610
1222,2444,117.0625,116.7627,102.9893,112.6610
1223,2446,116.8906,116.8066,102.7339,112.0493
1224,2448,116.8906,116.7188,102.7339,112.0493
1225,2450,116.8906,116.6748,102.7339,112.0493
1226,2452,116.7188,116.7188,102.4785,111.4364
1227,2454,116.7188,116.2793,102.4785,111.4364
1228,2456,116.5312,116.0376,102.1998,110.7667
1229,2458,116.3594,116.1475,101.9444,110.1517
1230,2460,116.3594,116.3892,101.9444,110.1517
1231,2462,116.3594,116.2793,101.9444,110.1517
1232,2464,116.3594,116.0376,101.9444,110.1517
1233,2466,116.1875,115.8179,101.6890,109.5360
1234,2468,116.1875,115.7520,101.6890,109.5360
1235,2470,116.3594,115.7080,101.9444,110.1517
1236,2472,116.0156,115.9497,101.4335,108.9192
1237,2474,116.0156,115.8398,101.4335,108.9192
1238,2476,115.8281,115.5981,101.1549,108.2456
1239,2478,115.6562,115.2686,100.8995,107.6273
1240,2480,115.6562,115.0269,100.8995,107.6273
1241,2482,115.3125,115.2686,100.3886,106.3888
1242,2484,115.6562,115.3125,100.8995,107.6273
1243,2486,115.4844,115.1807,100.6440,107.0084
1244,2488,115.4844,115.2026,100.6440,107.0084
1245,2490,115.4844,115.0708,100.6440,107.0084
1246,2492,115.3125,114.8291,100.3886,106.3888
1247,2494,115.3125,114.8511,100.3886,106.3888
1248,2496,115.3125,114.8950,100.3886,106.3888
1249,2498,114.9531,114.4775,99.8545,105.0917
1250,2500,115.1250,115.0928,100.1100,105.7124
1251,2502,114.9531,114.9390,99.8545,105.0917
1252,2504,114.9531,114.7632,99.8545,105.0917
1253,2506,114.9531,114.7632,99.8545,105.0917
1254,2508,114.9531,115.0269,99.8545,105.0917
1255,2510,115.1250,114.8511,100.1100,105.7124
1256,2512,114.9531,114.5874,99.8545,105.0917
1257,2514,114.9531,114.6753,99.8545,105.0917
1258,2516,114.7812,114.4995,99.5991,104.4708
1259,2518,114.7812,114.5435,99.5991,104.4708
1260,2520,114.7812,114.6753,99.5991,104.4708
1261,2522,114.9531,114.4995,99.8545,105.0917
1262,2524,114.7812,114.6313,99.5991,104.4708
1263,2526,114.7812,114.4995,99.5991,104.4708
1264,2528,114.9531,114.6753,99.8545,105.0917
1265,2530,114.7812,114.4775,99.5991,104.4708
1266,2532,114.7812,114.8071,99.5991,104.4708
1267,2534,114.7812,114.2798,99.5991,104.4708
1268,2536,114.7812,114.4995,99.5991,104.4708
1269,2538,114.7812,114.4995,99.5991,104.4708
1270,2540,114.7812,114.5874,99.5991,104.4708
1271,2542,114.7812,114.3018,99.5991,104.4708
1272,2544,114.7812,114.5654,99.5991,104.4708
1273,2546,114.6094,114.2139,99.3437,103.8492
1274,2548,114.9531,114.9390,99.8545,105.0917
1275,2550,114.9531,114.3896,99.8545,105.0917
1276,2552,114.7812,114.4995,99.5991,104.4708
1277,2554,114.7812,114.4556,99.5991,104.4708
1278,2556,114.7812,114.7192,99.5991,104.4708
1279,2558,114.7812,114.3677,99.5991,104.4708
1280,2560,114.7812,114.6533,99.5991,104.4708
1281,2562,114.6094,114.3237,99.3437,103.8492
1282,2564,114.9531,114.4995,99.8545,105.0917
1283,2566,114.9531,114.5435,99.8545,105.0917
1284,2568,114.7812,114.7852,99.5991,104.4708
1285,2570,114.7812,114.5435,99.5991,104.4708
1286,2572,114.9531,114.9170,99.8545,105.0917
1287,2574,114.7812,114.4556,99.5991,104.4708
1288,2576,114.7812,114.6094,99.5991,104.4708
1289,2578,114.7812,114.4775,99.5991,104.4708
1290,2580,114.9531,114.6973,99.8545,105.0917
1291,2582,114.7812,114.3677,99.5991,104.4708
1292,2584,114.6094,114.3457,99.3437,103.8492
1293,2586,114.7812,114.8730,99.5991,104.4708
1294,2588,114.7812,114.4995,99.5991,104.4708
1295,2590,114.7812,114.6094,99.5991,104.4708
1296,2592,114.7812,114.5874,99.5991,104.4708
1297,2594,114.7812,114.3237,99.5991,104.4708
1298,2596,114.7812,114.6753,99.5991,104.4708
1299,2598,114.7812,114.6313,99.5991,104.4708
1300,2600,114.7812,114.5435,99.5991,104.4708
1301,2602,114.9531,114.7412,99.8545,105.0917
1302,2604,114.7812,114.5215,99.5991,104.4708
1303,2606,114.9531,114.7632,99.8545,105.0917
1304,2608,114.9531,114.8511,99.8545,105.0917
1305,2610,114.9531,114.5435,99.8545,105.0917
1306,2612,114.9531,114.5435,99.8545,105.0917
1307,2614,114.9531,114.6094,99.8545,105.0917
1308,2616,114.9531,114.6753,99.8545,105.0917
1309,2618,115.1250,114.8291,100.1100,105.7124
1310,2620,114.9531,114.8730,99.8545,105.0917
1311,2622,115.1250,114.8511,100.1100,105.7124
1312,2624,115.1250,115.0928,100.1100,105.7124
1313,2626,115.1250,114.9390,100.1100,105.7124
1314,2628,115.3125,115.0049,100.3886,106.3888
1315,2630,115.3125,114.7852,100.3886,106.3888
1316,2632,115.1250,114.8511,100.1100,105.7124
1317,2634,115.3125,115.2905,100.3886,106.3888
1318,2636,115.3125,115.1367,100.3886,106.3888
1319,2638,115.4844,115.2905,100.6440,107.0084
1320,2640,115.4844,115.1807,100.6440,107.0084
1321,2642,115.6562,115.3345,100.8995,107.6273
1322,2644,115.8281,115.5103,101.1549,108.2456
1323,2646,115.8281,115.2246,101.1549,108.2456
1324,2648,115.8281,115.2466,101.1549,108.2456
1325,2650,115.8281,115.7080,101.1549,108.2456
1326,2652,116.0156,115.6201,101.4335,108.9192
1327,2654,116.0156,115.5103,101.4335,108.9192
1328,2656,116.1875,116.0376,101.6890,109.5360
1329,2658,116.1875,116.1255,101.6890,109.5360
1330,2660,116.3594,116.0156,101.9444,110.1517
1331,2662,116.3594,116.1475,101.9444,110.1517
1332,2664,116.5312,116.2134,102.1998,110.7667
1333,2666,116.5312,116.4111,102.1998,110.7667
1334,2668,116.7188,116.3013,102.4785,111.4364
1335,2670,116.5312,116.1914,102.1998,110.7667
1336,2672,116.7188,116.4771,102.4785,111.4364
1337,2674,116.7188,116.4331,102.4785,111.4364
1338,2676,117.0625,116.7627,102.9893,112.6610
1339,2678,117.0625,116.7847,102.9893,112.6610
1340,2680,117.2344,116.9824,103.2447,113.2718
1341,2682,117.2344,117.1802,103.2447,113.2718
1342,2684,117.4219,117.3779,103.5234,113.9366
1343,2686,117.4219,117.3560,103.5234,113.9366
1344,2688,117.7656,117.3560,104.0342,115.1515
1345,2690,117.7656,117.2681,104.0342,115.1515
1346,2692,117.7656,117.4219,104.0342,115.1515
1347,2694,117.9375,117.8174,104.2897,115.7570
1348,2696,118.1250,117.8613,104.5683,116.4159
1349,2698,118.1250,118.1470,104.5683,116.4159
1350,2700,118.4688,118.4326,105.0792,117.6193
1351,2702,118.6406,118.3667,105.3346,118.2187
1352,2704,118.6406,118.5864,105.3346,118.2187
1353,2706,118.8281,118.5645,105.6132,118.8707
1354,2708,118.8281,118.7842,105.6132,118.8707
1355,2710,118.8281,118.6523,105.6132,118.8707
1356,2712,119.0000,119.0918,105.8687,119.4666
1357,2714,119.1719,119.0479,106.1241,120.0606
1358,2716,119.3438,119.2017,106.3795,120.6530
1359,2718,119.3438,119.3335,106.3795,120.6530
1360,2720,119.5312,119.4873,106.6582,121.2971
1361,2722,119.5312,119.3115,106.6582,121.2971
1362,2724,119.7031,119.3115,106.9136,121.8855
1363,2726,119.8750,119.7290,107.1690,122.4719
1364,2728,119.8750,119.3335,107.1690,122.4719
1365,2730,120.0469,119.9268,107.4244,123.0564
1366,2732,120.0469,119.9487,107.4244,123.0564
1367,2734,120.2344,119.9048,107.7031,123.6916
1368,2736,120.2344,119.7510,107.7031,123.6916
1369,2738,120.4062,120.3662,107.9585,124.2717
1370,2740,120.5781,120.2124,108.2139,124.8495
1371,2742,120.5781,120.2783,108.2139,124.8495
1372,2744,120.9375,120.7617,108.7480,126.0507
1373,2746,120.7500,120.4761,108.4694,125.4252
1374,2748,120.9375,120.9155,108.7480,126.0507
1375,2750,121.1094,121.0034,109.0034,126.6216
1376,2752,121.2812,121.0474,109.2589,127.1900
1377,2754,121.2812,121.0693,109.2589,127.1900
1378,2756,121.6406,121.1792,109.7929,128.3708
1379,2758,121.8125,121.7944,110.0484,128.9316
1380,2760,121.9844,121.4648,110.3038,129.4898
1381,2762,121.9844,122.0361,110.3038,129.4898
1382,2764,122.3438,122.3877,110.8379,130.6486
1383,2766,122.5156,122.3877,111.0933,131.1986
1384,2768,122.8594,122.6953,111.6041,132.2902
1385,2770,123.2188,122.8271,112.1382,133.4192
1386,2772,123.3906,122.9590,112.3936,133.9546
1387,2774,123.3906,123.3105,112.3936,133.9546
1388,2776,123.5625,123.2227,112.6490,134.4870
1389,2778,123.9219,123.6621,113.1881,135.5904
1390,2780,124.0938,123.7061,113.4485,136.1132
1391,2782,124.2656,124.1455,113.7089,136.6329
1392,2784,124.6250,124.6069,114.2533,137.7091
1393,2786,124.7969,124.6289,114.5137,138.2187
1394,2788,124.9688,124.8047,114.7741,138.7249
1395,2790,125.1562,125.1562,115.0581,139.2734
1396,2792,125.3281,125.2881,115.3185,139.7725
1397,2794,125.5000,125.5518,115.5789,140.2681
1398,2796,125.5000,125.1123,115.5789,140.2681
1399,2798,125.6719,125.4858,115.8393,140.7603
1400,2800,125.6719,125.5957,115.8393,140.7603
1401,2802,126.0312,125.8374,116.3837,141.7779
1402,2804,126.0312,125.6616,116.3837,141.7779
1403,2806,126.2031,125.9473,116.6441,142.2589
1404,2808,126.5625,125.9473,117.1886,143.2530
1405,2810,126.5625,126.1450,117.1886,143.2530
1406,2812,126.5625,126.2988,117.1886,143.2530
1407,2814,126.7344,126.5625,117.4489,143.7226
1408,2816,127.0781,126.5186,117.9697,144.6505
1409,2818,127.0781,126.9141,117.9697,144.6505
1410,2820,127.6094,127.3096,118.7745,146.0542
1411,2822,127.7812,127.5293,119.0349,146.5004
1412,2824,127.9688,128.0127,119.3190,146.9827
1413,2826,128.1406,128.1006,119.5794,147.4204
1414,2828,128.4844,128.1226,120.1001,148.2838
1415,2830,128.4844,127.9907,120.1001,148.2838
1416,2832,128.6719,128.4521,120.3842,148.7480
1417,2834,128.8438,128.5620,120.6446,149.1691
1418,2836,129.1875,128.8037,121.1654,149.9987
1419,2838,129.5469,129.1992,121.7098,150.8483
1420,2840,129.8906,129.8145,122.2306,151.6433
1421,2842,130.2500,130.1660,122.7750,152.4561
1422,2844,130.7812,130.4517,123.5798,153.6228
1423,2846,130.7812,130.7373,123.5798,153.6228
1424,2848,130.9531,130.7812,123.8402,153.9911
1425,2850,131.1250,130.7153,124.1006,154.3550
1426,2852,130.9531,130.5176,123.8402,153.9911
1427,2854,131.2969,130.9570,124.3610,154.7144
1428,2856,131.6562,131.1768,124.9054,155.4516
1429,2858,131.8281,131.9019,125.1658,155.7971
1430,2860,132.1875,131.9458,125.7103,156.5050
1431,2862,132.5312,132.2754,126.2310,157.1632
1432,2864,132.7031,132.4512,126.4914,157.4854
1433,2866,132.8906,132.7148,126.7755,157.8319
1434,2868,133.2344,133.0444,127.2963,158.4523
1435,2870,133.4062,133.1104,127.5566,158.7555
1436,2872,133.5938,133.3301,127.8407,159.0812
1437,2874,133.7656,133.5938,128.1011,159.3746
1438,2876,133.9375,133.7476,128.3615,159.6634
1439,2878,134.4688,134.5166,129.1663,160.5264
1440,2880,134.6406,134.7144,129.4267,160.7959
1441,2882,135.1719,135.0879,130.2165,161.5992
1442,2884,135.5156,135.5933,130.7071,162.0947
1443,2886,135.8750,135.5933,131.2201,162.5925
1444,2888,136.2188,135.9229,131.7108,163.0491
1445,2890,136.2188,135.9668,131.7108,163.0491
1446,2892,136.4062,136.2524,131.9785,163.2905
1447,2894,136.5781,136.3843,132.2238,163.5063
1448,2896,137.1094,137.1094,132.9821,164.1441
1449,2898,137.6250,137.5488,133.7181,164.7194
1450,2900,137.8125,137.7905,133.9858,164.9184
1451,2902,138.1562,138.2080,134.4765,165.2679
1452,2904,138.6875,138.5596,135.2348,165.7713
1453,2906,138.8594,138.7354,135.4801,165.9246
1454,2908,139.2188,138.8232,135.9931,166.2301
1455,2910,139.3906,139.0649,136.2384,166.3688
1456,2912,139.7344,139.5923,136.7291,166.6325
1457,2914,139.7344,139.5264,136.7291,166.6325
1458,2916,139.7344,139.8120,136.7291,166.6325
1459,2918,140.0938,140.0098,137.2421,166.8886
1460,2920,140.6250,140.4053,138.0004,167.2306
1461,2922,140.9688,140.6250,138.4911,167.4285
1462,2924,141.6719,141.3281,139.4948,167.7776
1463,2926,142.0312,141.8555,140.0078,167.9276
1464,2928,142.5469,142.3828,140.7438,168.1088
1465,2930,142.9062,142.9541,141.2567,168.2125
1466,2932,143.0781,143.0420,141.5021,168.2555
1467,2934,143.2500,143.1079,141.7474,168.2940
1468,2936,143.6094,143.5474,142.2604,168.3615
1469,2938,144.1406,143.7671,143.0187,168.4281
1470,2940,144.8438,144.6240,144.0224,168.4564
1471,2942,145.1875,145.1294,144.5131,168.4460
1472,2944,145.7188,145.4150,145.2714,168.3997
1473,2946,146.0625,145.6787,145.7621,168.3504
1474,2948,146.0625,145.8545,145.7621,168.3504
1475,2950,146.0625,145.7007,145.7621,168.3504
1476,2952,146.2500,145.9424,146.0297,168.3176
1477,2954,146.5938,146.1841,146.4623,168.2455
1478,2956,146.7656,146.5796,146.6786,168.2039
1479,2958,147.1250,147.0190,147.1309,168.1060
1480,2960,148.0000,147.7441,148.2321,167.8046
1481,2962,148.7031,148.7329,149.1170,167.5005
1482,2964,149.0625,149.0625,149.5693,167.3249
1483,2966,149.7656,149.5239,150.4542,166.9433
1484,2968,149.9375,149.8535,150.6705,166.8425
1485,2970,150.2812,149.9414,151.1031,166.6329
1486,2972,150.4688,150.3149,151.3391,166.5142
1487,2974,150.9844,151.0840,151.9880,166.1709
1488,2976,151.6875,151.3696,152.8729,165.6668
1489,2978,152.3906,151.9849,153.7578,165.1239
1490,2980,152.9219,152.9077,154.4264,164.6901
1491,2982,153.4531,153.2593,155.0950,164.2373
1492,2984,153.7969,153.6108,155.5276,163.9350
1493,2986,154.1562,153.9624,155.9798,163.6118
1494,2988,154.1562,153.9844,155.9798,163.6118
1495,2990,154.5000,154.4678,156.4125,163.2960
1496,2992,155.0312,154.9292,157.0810,162.7965
1497,2994,155.3906,155.4126,157.5333,162.4513
1498,2996,156.0938,156.0718,158.4182,161.7607
1499,2998,157.1406,157.1265,159.7357,160.7025
1500,3000,157.5000,157.5000,160.1880,160.3329
1501,3002,157.8438,157.7417,160.5528,159.9770
1502,3004,158.3750,158.2910,161.1165,159.4233
1503,3006,158.9062,158.7524,161.6802,158.8674
1504,3008,159.4219,159.2139,162.2274,158.3262
1505,3010,160.1250,160.0488,162.9735,157.5895
1506,3012,160.6562,160.3784,163.5372,157.0357
1507,3014,161.3594,161.3892,164.2833,156.3091
1508,3016,162.2344,162.0044,165.2118,155.4203
1509,3018,162.9375,162.7515,165.9580,154.7231
1510,3020,163.4688,163.3228,166.5217,154.2087
1511,3022,164.1719,164.0698,167.2678,153.5469
1512,3024,164.3438,164.2236,167.4502,153.3886
1513,3026,164.7031,164.5312,167.8315,153.0630
1514,3028,165.0469,164.7949,168.1963,152.7584
1515,3030,165.0469,164.5093,168.1963,152.7584
1516,3032,165.7500,165.4321,168.9424,152.1572
1517,3034,166.6406,166.6626,169.8875,151.4429
1518,3036,167.6875,167.2559,170.9984,150.6780
1519,3038,168.9219,168.4863,172.2778,149.8931
1520,3040,169.6250,169.6069,172.8995,149.5084
1521,3042,170.6719,170.3540,173.8251,149.0264
1522,3044,171.0312,170.8594,174.1428,148.8872
1523,3046,171.5625,171.5405,174.6125,148.7074
1524,3048,171.9062,171.7603,174.9165,148.6076
1525,3050,172.6094,172.1997,175.5381,148.4458
1526,3052,173.3125,173.2764,176.1598,148.3422
1527,3054,173.6719,173.6279,176.4776,148.3125
1528,3056,174.1875,173.8696,176.9335,148.2977
1529,3058,174.8906,174.7705,177.5551,148.3320
1530,3060,175.9531,175.6055,178.4946,148.5056
1531,3062,177.0000,176.7700,179.4202,148.8244
1532,3064,178.0625,178.1104,180.3596,149.3013
1533,3066,178.9375,178.9233,181.1332,149.8124
1534,3068,180.0000,180.0000,182.0726,150.5778
1535,3070,180.8750,180.7031,182.7350,151.3284
1536,3072,182.1094,181.9775,183.6695,152.5727
1537,3074,182.8125,182.8345,184.2018,153.3779
1538,3076,183.3281,183.1860,184.5921,154.0126
1539,3078,183.5156,183.3618,184.7341,154.2527
1540,3080,184.0312,183.9551,185.1244,154.9379
1541,3082,184.7344,184.3726,185.6567,155.9317
1542,3084,185.7969,185.7788,186.4611,157.5608
1543,3086,187.2031,187.1411,187.5257,159.9471
1544,3088,188.4375,188.3716,188.4601,162.2494
1545,3090,190.0156,189.7778,189.6548,165.4592
1546,3092,191.4219,191.2720,190.7072,168.5544
1547,3094,192.6562,192.7441,191.5538,171.4384
1548,3096,193.3594,193.1836,192.0361,173.1452
1549,3098,193.7031,193.8208,192.2719,173.9956
1550,3100,194.2344,194.0845,192.6362,175.3290
1551,3102,195.1094,194.7437,193.2364,177.5743
1552,3104,196.1719,196.2378,193.9651,180.3743
1553,3106,197.5781,197.4683,194.9297,184.1871
1554,3108,199.5000,199.5776,196.2478,189.5498
1555,3110,200.7344,200.6763,197.0945,193.0575
1556,3112,201.6094,201.4893,197.6946,195.5611
1557,3114,202.3125,202.3242,198.1769,197.5780
1558,3116,203.0156,202.7637,198.6458,199.5955
1559,3118,202.6719,202.1484,198.4189,198.6094
1560,3120,203.0156,203.0273,198.6458,199.5955
1561,3122,204.2500,204.2798,199.4605,203.1279
1562,3124,206.1875,205.9277,200.7393,208.6059
1563,3126,208.8281,208.7402,202.4821,215.8222
1564,3128,210.9375,210.5200,203.8743,221.2694
1565,3130,212.3438,212.1460,204.8024,224.6973
1566,3132,214.0938,213.7939,205.9588,228.6943
1567,3134,214.6250,214.1895,206.3115,229.8428
1568,3136,214.6250,214.5850,206.3115,229.8428
1569,3138,214.0938,214.0137,205.9588,228.6943
1570,3140,214.2656,213.8599,206.0729,229.0693
1571,3142,214.9688,214.3872,206.5397,230.5689
1572,3144,216.7344,216.7163,207.7119,234.0762
1573,3146,219.0156,219.0454,209.2264,238.0157
1574,3148,221.2969,221.2207,210.7409,241.2333
1575,3150,223.2344,223.2861,212.0272,243.3674
1576,3152,225.0000,225.0220,213.1994,244.8198
1577,3154,226.0469,225.7251,213.9200,245.4572
1578,3156,226.4062,226.0986,214.1674,245.6378
1579,3158,226.0469,225.8350,213.9200,245.4572
1580,3160,226.0469,225.8569,213.9200,245.4572
1581,3162,226.5781,226.2085,214.2857,245.7172
1582,3164,227.8125,227.6367,215.1353,246.1569
1583,3166,229.9219,229.9219,216.5872,246.3860
1584,3168,231.6719,231.5698,217.7918,246.0931
1585,3170,233.7812,233.8330,219.2438,245.1929
1586,3172,235.1875,234.9536,220.2117,244.2847
1587,3174,236.4219,236.2500,221.0694,243.3014
1588,3176,237.2969,237.2168,221.7125,242.5068
1589,3178,237.8281,237.2607,222.1030,241.9878
1590,3180,237.6562,237.5024,221.9766,242.1586
1591,3182,237.8281,237.5464,222.1030,241.9878
1592,3184,238.7031,238.6450,222.7461,241.0759
1593,3186,240.2812,240.3149,223.9060,239.2705
1594,3188,241.8750,241.9409,225.0773,237.2686
1595,3190,243.4531,243.4570,226.2372,235.1492
1596,3192,244.8594,244.7974,227.2708,233.1786
1597,3194,245.9062,245.8521,228.0403,231.6799
1598,3196,246.0938,245.9399,228.1781,231.4096
1599,3198,246.4375,246.3574,228.4307,230.9135
1600,3200,246.4375,246.4673,228.4307,230.9135
1601,3202,247.1406,247.0166,228.9475,229.8968
1602,3204,248.3750,248.2251,229.9229,228.1166
1603,3206,249.7812,249.8291,231.0661,226.1181
1604,3208,251.7188,251.3672,232.6410,223.4705
1605,3210,253.6406,253.3667,234.2033,221.0368
1606,3212,254.5312,254.5093,234.9273,219.9943
1607,3214,255.5781,255.5859,235.7783,218.8519
1608,3216,256.1094,255.8276,236.2101,218.3098
1609,3218,255.7500,255.8276,235.9180,218.6738
1610,3220,255.7500,255.1685,235.9180,218.6738
1611,3222,255.9375,255.5640,236.0704,218.4821
1612,3224,256.6406,256.7505,236.6420,217.7943
1613,3226,257.8594,257.9370,237.6327,216.7225
1614,3228,259.4531,259.3872,239.0098,215.5725
1615,3230,261.3750,261.3428,240.7948,214.6093
1616,3232,262.4375,262.3535,241.7816,214.2923
1617,3234,263.6719,263.5400,242.9281,214.1293
1618,3236,264.1875,263.9136,243.4070,214.1293
1619,3238,265.0781,264.5288,244.2343,214.2252
1620,3240,264.8906,264.5728,244.0601,214.1950
1621,3242,264.8906,264.5728,244.0601,214.1950
1622,3244,265.4219,264.9683,244.5535,214.2957
1623,3246,266.1250,265.7373,245.2066,214.4983
1624,3248,267.0000,267.0117,246.0193,214.8623
1625,3250,268.2344,268.0444,247.1658,215.5889
1626,3252,269.4688,269.3848,248.3123,216.5696
1627,3254,270.3438,270.1099,249.1759,217.4194
1628,3256,271.0469,270.7031,249.9332,218.1958
1629,3258,271.5781,271.3623,250.5054,218.8377
1630,3260,271.9219,271.7798,250.8756,219.2783
1631,3262,272.2812,272.0435,251.2626,219.7599
1632,3264,272.8125,272.8125,251.8348,220.5111
1633,3266,273.8594,273.7573,252.9623,222.1290
1634,3268,274.7344,274.8120,253.9047,223.6190
1635,3270,275.9688,275.7788,255.2341,225.9296
1636,3272,276.5000,276.4380,255.8063,226.9980
1637,3274,277.3750,277.4048,256.7487,228.8518
1638,3276,278.0781,277.9102,257.5060,230.4249
1639,3278,278.4375,278.2837,257.8930,231.2567
1640,3280,278.6094,278.5034,258.0781,231.6614
1641,3282,278.9531,278.6572,258.4483,232.4831
1642,3284,279.6562,279.6240,259.2056,234.2150
1643,3286,280.5469,280.5029,260.1648,236.5049
1644,3288,281.5938,281.0742,261.3466,239.3282
1645,3290,282.4688,281.8433,262.4271,241.7910
1646,3292,283.5312,283.2275,263.7391,244.8990
1647,3294,284.2344,283.9526,264.6073,247.0220
1648,3296,284.5781,284.3481,265.0318,248.0781
1649,3298,285.1094,284.7876,265.6878,249.7323
1650,3300,285.4688,285.4028,266.1316,250.8660
1651,3302,285.4688,285.4028,266.1316,250.8660
1652,3304,286.1719,286.1279,266.9998,253.1166
1653,3306,286.3438,286.1938,267.2120,253.6732
1654,3308,287.0469,286.9409,268.0803,255.9730
1655,3310,288.0938,287.8198,269.3730,259.4622
1656,3312,288.9844,288.8525,270.4727,262.4836
1657,3314,289.8594,289.9292,271.5532,265.4923
1658,3316,290.9062,290.8081,272.8459,269.1335
1659,3318,291.4375,291.3354,273.5020,270.9948
1660,3320,291.7969,291.6650,273.9457,272.2580
1661,3322,292.1406,291.9507,274.3702,273.4689
1662,3324,292.1406,292.0386,274.3702,273.4689
1663,3326,292.6719,292.4780,275.0489,275.3440
1664,3328,292.8438,292.4341,275.2838,275.9513
1665,3330,293.5469,293.1812,276.2449,278.4380
1666,3332,294.0781,293.7964,276.9710,280.3175
1667,3334,294.9531,294.8950,278.1671,283.4091
1668,3336,295.8281,295.7739,279.3631,286.4897
1669,3338,296.3594,296.1694,280.0892,288.3512
1670,3340,297.4219,297.1143,281.5415,292.0472
1671,3342,297.7656,297.6416,282.0114,293.2335
1672,3344,298.1250,298.0151,282.5026,294.4680
1673,3346,298.6406,298.6743,283.2074,296.2279
1674,3348,299.1719,298.8281,283.9335,298.0258
1675,3350,299.5312,299.3774,284.4247,299.2327
1676,3352,300.0469,300.1025,285.1295,300.9495
1677,3354,300.7500,300.6079,286.0906,303.2609
1678,3356,301.4531,301.4209,287.0517,305.5346
1679,3358,301.9844,301.9922,287.7778,307.2256
1680,3360,302.5156,302.2778,288.5040,308.8919
1681,3362,302.8594,302.8491,288.9738,309.9561
1682,3364,303.0469,302.8711,289.2301,310.5319
1683,3366,303.2188,303.1348,289.4651,311.0567
1684,3368,303.7500,303.3325,290.1912,312.6602
1685,3370,304.2656,304.2993,290.9319,314.1885
1686,3372,305.3281,305.1343,292.4581,317.2467
1687,3374,306.0312,305.8813,293.4681,319.1992
1688,3376,306.9062,307.0020,294.7250,321.5450
1689,3378,307.6094,307.5073,295.7350,323.3599
1690,3380,308.1406,307.8809,296.4982,324.6882
1691,3382,308.3125,307.9688,296.7451,325.1098
1692,3384,308.3125,308.1665,296.7451,325.1098
1693,3386,308.6719,308.3203,297.2613,325.9785
1694,3388,308.6719,308.5400,297.2613,325.9785
1695,3390,309.1875,309.2651,298.0020,327.1935
1696,3392,309.8906,309.4629,299.0120,328.7904
1697,3394,310.7812,310.7373,300.2914,330.7111
1698,3396,311.6562,311.3525,301.5482,332.4840
1699,3398,312.3594,312.0557,302.5583,333.8253
1700,3400,312.8906,312.5610,303.3214,334.7887
1701,3402,313.4062,313.0005,304.0621,335.6819
1702,3404,313.5938,313.2202,304.3314,335.9967
1703,3406,313.9375,313.6377,304.8252,336.5593
1704,3408,313.9375,313.8135,304.8252,336.5593
1705,3410,314.2969,314.2529,305.3414,337.1278
1706,3412,314.8125,314.8901,306.0821,337.9079
1707,3414,315.3438,315.1538,306.8387,338.6681
1708,3416,316.0469,315.9229,307.8354,339.6056
1709,3418,316.9219,316.7798,309.0757,340.6631
1710,3420,317.8125,317.8345,310.3382,341.6159
1711,3422,318.1562,317.9443,310.8254,341.9501
1712,3424,318.8594,318.9331,311.8221,342.5765
1713,3426,319.2188,319.1748,312.3315,342.8671
1714,3428,319.5625,319.1089,312.8188,343.1263
1715,3430,319.9219,319.9438,313.3282,343.3780
1716,3432,320.4375,320.0757,314.0591,343.7045
1717,3434,320.9688,320.6909,314.8122,343.9994
1718,3436,321.5000,321.5259,315.5652,344.2520
1719,3438,322.2031,321.8555,316.5619,344.5227
1720,3440,322.9062,322.5146,317.5586,344.7224
1721,3442,323.4375,323.2837,318.3116,344.8271
1722,3444,324.1406,323.8330,319.3083,344.9059
1723,3446,324.4844,324.3604,319.7956,344.9201
1724,3448,324.6562,324.4043,320.0392,344.9213
1725,3450,325.1875,324.7119,320.7923,344.9011
1726,3452,325.5469,325.2832,321.3017,344.8670
1727,3454,326.2500,326.1182,322.2984,344.7535
1728,3456,327.1250,326.6455,323.4379,344.5294
1729,3458,327.8281,327.6782,324.3535,344.2859
1730,3460,328.7031,328.5791,325.4930,343.9084
1731,3462,329.0625,329.0405,325.9609,343.7304
1732,3464,329.7656,329.6997,326.8766,343.3458
1733,3466,329.9375,329.7217,327.1004,343.2446
1734,3468,330.1094,329.9634,327.3242,343.1409
1735,3470,330.1094,329.8535,327.3242,343.1409
1736,3472,330.4688,330.3149,327.7922,342.9155
1737,3474,330.8125,330.7544,328.2398,342.6894
1738,3476,331.6875,331.4575,329.3793,342.0704
1739,3478,332.7500,332.6001,330.7629,341.2426
1740,3480,333.9844,333.9844,332.3704,340.1902
1741,3482,334.6875,334.6655,333.2860,339.5539
1742,3484,335.9062,335.7861,334.8731,338.4001
1743,3486,336.0938,336.1157,335.1172,338.2180
1744,3488,336.6094,336.0938,335.7887,337.7114
1745,3490,336.7969,336.5991,336.0329,337.5257
1746,3492,336.7969,336.6211,336.0329,337.5257
1747,3494,337.5000,337.2144,336.9485,336.8219
1748,3496,338.0156,338.0054,337.5263,336.3005
1749,3498,338.5469,338.6206,338.1215,335.7609
1750,3500,339.6094,339.4775,339.3120,334.6790
1751,3502,340.8281,340.6641,340.6776,333.4480
1752,3504,341.8906,341.5649,341.8681,332.3980
1753,3506,342.2344,342.0703,342.2533,332.0651
1754,3508,342.7656,342.5537,342.8485,331.5588
1755,3510,342.9375,342.7515,343.0411,331.3971
1756,3512,343.2969,343.0371,343.4438,331.0632
1757,3514,343.4688,343.5645,343.6363,330.9058
1758,3516,344.5312,344.4214,344.8268,329.9636
1759,3518,345.4062,345.4761,345.8073,329.2351
1760,3520,346.2812,346.2012,346.7877,328.5569
1761,3522,347.1562,347.2559,347.7681,327.9341
1762,3524,348.2188,348.2666,348.9586,327.2615
1763,3526,348.7500,348.6401,349.5538,326.9626
1764,3528,349.2656,349.1895,350.0694,326.6977
1765,3530,349.6250,349.4312,350.4288,326.5283
1766,3532,349.7969,349.7168,350.6007,326.4521
1767,3534,350.1562,350.1343,350.9601,326.3019
1768,3536,350.6719,350.7715,351.4757,326.1102
1769,3538,351.9062,351.9580,352.7101,325.7696
1770,3540,352.9688,352.9028,353.7726,325.6169
1771,3542,354.1875,354.1992,354.9913,325.6114
1772,3544,355.4219,355.0562,356.2257,325.7995
1773,3546,355.9531,356.0229,356.7569,325.9422
1774,3548,356.8281,356.4185,357.6319,326.2610
1775,3550,356.6562,356.1548,357.4601,326.1899
1776,3552,357.0000,356.6821,357.8038,326.3357
1777,3554,357.1875,356.7920,357.9913,326.4221
1778,3556,357.5312,357.3853,358.3351,326.5931
1779,3558,358.5938,358.6816,359.3976,327.2259
1780,3560,0.0000,359.9121,0.0004,328.3089
1781,3562,1.7500,1.7798,1.3721,330.0504
1782,3564,3.1562,2.9883,2.4744,331.7651
1783,3566,4.5625,4.0649,3.5767,333.7568
1784,3568,5.2656,4.9438,4.1279,334.8546
1785,3570,5.6250,5.2075,4.4096,335.4414
1786,3572,5.4375,5.0977,4.2626,335.1330
1787,3574,5.6250,5.1416,4.4096,335.4414
1788,3576,5.6250,5.2295,4.4096,335.4414
1789,3578,6.3281,6.4160,4.9607,336.6392
1790,3580,8.2500,8.2837,6.4672,340.2377
1791,3582,9.8438,9.5581,7.7164,343.5628
1792,3584,10.8906,10.5029,8.5370,345.9030
1793,3586,12.8281,12.6123,10.0240,350.5302
1794,3588,14.4062,14.1064,11.2293,354.5520
1795,3590,15.1094,14.8096,11.7663,356.4076
1796,3592,15.6406,15.2710,12.1721,357.8327
1797,3594,15.2812,15.1611,11.8976,356.8665
1798,3596,15.1094,14.5459,11.7663,356.4076
1799,3598,15.9844,15.7104,12.4346,358.7650
1800,3600,17.7500,17.7759,13.7831,3.6617
1801,3602,19.6875,19.1382,15.2629,9.1972
1802,3604,20.9062,20.7422,16.1937,12.7341
1803,3606,22.8438,22.4561,17.6463,18.3911
1804,3608,23.9062,23.8843,18.3738,21.4875
1805,3610,24.6094,24.3018,18.8553,23.5263
1806,3612,24.2500,23.7964,18.6092,22.4855
1807,3614,24.2500,23.8843,18.6092,22.4855
1808,3616,24.0781,24.0820,18.4915,21.9867
1809,3618,25.6562,25.5322,19.5721,26.5376
1810,3620,27.5938,27.3340,20.8987,31.9980
1811,3622,29.7031,29.5532,22.3430,37.7035
1812,3624,31.2812,31.3110,23.4235,41.7563
1813,3626,33.2188,33.3105,24.7501,46.4223
1814,3628,34.7969,34.4971,25.8493,49.9319
1815,3630,35.3281,34.9585,26.2224,51.0489
1816,3632,35.5000,35.4419,26.3432,51.4030
1817,3634,35.1562,34.6509,26.1017,50.6913
1818,3636,34.9688,34.9585,25.9700,50.2969
1819,3638,35.3281,35.3101,26.2224,51.0489
1820,3640,37.4375,37.4194,27.7041,55.1376
1821,3642,39.3750,39.3970,29.0651,58.3710
1822,3644,41.2969,41.3745,30.4151,61.0498
1823,3646,43.4062,43.4399,31.8968,63.3564
1824,3648,45.0000,44.9121,33.0163,64.6490
1825,3650,46.2188,46.1426,33.8917,65.3739
1826,3652,46.4062,45.9448,34.0264,65.4653
1827,3654,46.4062,46.1646,34.0264,65.4653
1828,3656,46.2188,45.8789,33.8917,65.3739
1829,3658,46.5781,46.5601,34.1499,65.5443
1830,3660,47.9844,48.0542,35.1600,66.0220
1831,3662,50.2656,50.2734,36.7987,66.1701
1832,3664,51.6719,51.5479,37.8088,65.8893
1833,3666,53.6094,53.5254,39.2005,65.0649
1834,3668,55.0156,54.9976,40.2107,64.1700
1835,3670,57.1250,56.8872,41.7314,62.4057
1836,3672,57.4688,57.0410,41.9805,62.0743
1837,3674,57.6562,57.0410,42.1164,61.8887
1838,3676,57.2969,56.8433,41.8560,62.2413
1839,3678,57.4688,57.2168,41.9805,62.0743
1840,3680,58.5312,58.5571,42.7505,60.9799
1841,3682,60.4688,60.3809,44.1545,58.7391
1842,3684,61.6875,61.4355,45.0377,57.1935
1843,3686,63.2812,63.1494,46.1926,55.0486
1844,3688,64.6875,64.3579,47.2117,53.0713
1845,3690,65.9062,65.8521,48.0948,51.3176
1846,3692,66.6094,66.4893,48.6044,50.2971
1847,3694,66.9688,66.3135,48.8648,49.7747
1848,3696,66.9688,66.5112,48.8648,49.7747
1849,3698,66.9688,67.0605,48.8648,49.7747
1850,3700,68.5469,68.4668,50.0656,47.4888
1851,3702,70.1250,70.0269,51.2955,45.2497
1852,3704,71.8906,71.6089,52.6715,42.8531
1853,3706,73.4688,73.5205,53.9014,40.8552
1854,3708,74.5312,74.5532,54.7295,39.6088
1855,3710,75.4062,75.4541,55.4114,38.6524
1856,3712,75.9375,75.8057,55.8254,38.1051
1857,3714,76.2812,75.6299,56.0933,37.7656
1858,3716,75.9375,75.7397,55.8254,38.1051
1859,3718,76.1094,75.8057,55.9593,37.9341
1860,3720,76.8125,76.7725,56.5073,37.2643
1861,3722,77.6875,77.7612,57.1892,36.5033
1862,3724,79.7969,79.8486,58.9816,35.0337
1863,3726,81.3750,81.3647,60.4353,34.3068
1864,3728,82.9688,82.8369,61.9034,33.9272
1865,3730,84.7188,84.2212,63.5154,33.9508
1866,3732,85.0781,85.0122,63.8464,34.0148
1867,3734,85.2500,85.1001,64.0048,34.0531
1868,3736,85.4219,85.2100,64.1631,34.0957
1869,3738,85.4219,85.1001,64.1631,34.0957
1870,3740,85.7812,85.6494,64.4941,34.2004
1871,3742,86.6562,86.2207,65.3001,34.5442
1872,3744,87.7031,87.3853,66.2645,35.1221
1873,3746,88.9375,88.8135,67.4015,36.0401
1874,3748,90.1719,89.8901,68.5746,37.2176
1875,3750,91.2188,91.1865,69.7582,38.4203
1876,3752,91.7500,91.2964,70.3588,39.1018
1877,3754,92.4531,92.1533,71.1538,40.0781
1878,3756,92.6250,92.3071,71.3482,40.3297
1879,3758,92.9844,92.9224,71.7545,40.8713
1880,3760,93.5156,93.1860,72.3551,41.7117
1881,3762,94.0312,94.1309,72.9381,42.5730
1882,3764,95.2656,94.8999,74.3337,44.8119
1883,3766,96.1406,95.8447,75.3231,46.5489
1884,3768,97.2031,96.9434,76.5244,48.8200
1885,3770,98.2500,97.8662,77.7080,51.2267
1886,3772,98.7812,98.7891,78.3087,52.5099
1887,3774,99.1406,98.7891,78.7150,53.4010
1888,3776,99.1406,99.0527,78.7150,53.4010
1889,3778,99.6562,99.4922,79.2980,54.7119
1890,3780,100.1875,100.1294,79.8986,56.1004
1891,3782,100.8906,100.5029,80.6936,57.9966
1892,3784,101.5938,101.5137,81.5616,59.9567
1893,3786,102.6562,102.6343,82.9885,63.0339
1894,3788,103.7031,103.4692,84.3945,66.1931
1895,3790,104.4062,104.0845,85.3388,68.3807
1896,3792,104.7656,104.7217,85.8215,69.5179
1897,3794,105.1094,105.0293,86.2831,70.6174
1898,3796,105.6406,105.1611,86.9966,72.3381
1899,3798,105.6406,105.4688,86.9966,72.3381
1900,3800,106.1719,105.6226,87.7101,74.0832
1901,3802,106.3438,106.1279,87.9409,74.6531
1902,3804,106.8750,106.6772,88.6544,76.4286
1903,3806,107.9219,107.7319,90.0604,79.9882
1904,3808,108.7969,108.6108,91.2355,83.0179
1905,3810,109.6875,109.4458,92.4317,86.1444
1906,3812,110.5625,110.6323,93.6068,89.2510
1907,3814,111.0938,110.8081,94.3203,91.1506
1908,3816,111.4375,111.4673,94.7820,92.3843
1909,3818,111.6094,111.3135,95.0128,93.0024
1910,3820,111.6094,111.3135,95.0128,93.0024
1911,3822,111.7969,111.8188,95.2646,93.6772
1912,3824,112.3125,112.0605,95.9571,95.5371
1913,3826,112.6719,112.6538,96.4643,96.8358
1914,3828,113.5469,113.2251,97.7647,100.0028
1915,3830,114.2500,113.9722,98.8096,102.5490
1916,3832,115.1250,114.9170,100.1100,105.7124
1917,3834,115.4844,115.5981,100.6440,107.0084
1918,3836,116.3594,116.3013,101.9444,110.1517
1919,3838,116.7188,116.6968,102.4785,111.4364
1920,3840,116.8906,116.8726,102.7339,112.0493
1921,3842,117.2344,117.2900,103.2447,113.2718
1922,3844,117.9375,117.6416,104.2897,115.7570
1923,3846,118.4688,118.3228,105.0792,117.6193
1924,3848,118.8281,118.8281,105.6132,118.8707
1925,3850,119.5312,119.0039,106.6582,121.2971
1926,3852,120.0469,119.7949,107.4244,123.0564
1927,3854,120.5781,120.1025,108.2139,124.8495
1928,3856,121.1094,120.7617,109.0034,126.6216
1929,3858,121.2812,120.8057,109.2589,127.1900
1930,3860,121.2812,121.1572,109.2589,127.1900
1931,3862,121.6406,121.3330,109.7929,128.3708
1932,3864,121.9844,121.9263,110.3038,129.4898
1933,3866,122.6875,122.4976,111.3487,131.7458
1934,3868,123.5625,123.2886,112.6490,134.4870
1935,3870,124.7969,124.7168,114.5137,138.2187
1936,3872,124.9688,124.9365,114.7741,138.7249
1937,3874,125.5000,125.4858,115.5789,140.2681
1938,3876,125.8594,125.8374,116.1233,141.2932
1939,3878,126.0312,126.0571,116.3837,141.7779
1940,3880,126.2031,126.1011,116.6441,142.2589
1941,3882,126.3750,126.2109,116.9045,142.7363
1942,3884,126.5625,126.5845,117.1886,143.2530
1943,3886,126.9062,126.9360,117.7093,144.1884
1944,3888,127.4375,127.4414,118.5142,145.6042
1945,3890,128.4844,128.3862,120.1001,148.2838
1946,3892,129.5469,129.2871,121.7098,150.8483
1947,3894,130.0781,129.8364,122.5146,152.0699
1948,3896,130.2500,130.2100,122.7750,152.4561
1949,3898,130.5938,130.5176,123.2958,153.2157
1950,3900,131.1250,130.7153,124.1006,154.3550
1951,3902,131.2969,131.1987,124.3610,154.7144
1952,3904,131.6562,131.5942,124.9054,155.4516
1953,3906,131.8281,131.7041,125.1658,155.7971
1954,3908,132.3594,132.3633,125.9707,156.8364
1955,3910,132.8906,132.8687,126.7755,157.8319
1956,3912,133.4062,133.3521,127.5566,158.7555
1957,3914,134.2969,134.2090,128.9059,160.2523
1958,3916,135.0000,134.8901,129.9711,161.3444
1959,3918,135.5156,135.1758,130.7071,162.0947
1960,3920,136.0469,135.5273,131.4655,162.8233
1961,3922,136.2188,135.9448,131.7108,163.0491
1962,3924,136.4062,136.2305,131.9785,163.2905
1963,3926,136.7500,136.7358,132.4691,163.7176
1964,3928,137.2812,137.1973,133.2274,164.3406
1965,3930,137.9844,138.0322,134.2311,165.0955
1966,3932,138.6875,138.3179,135.2348,165.7713
1967,3934,139.0312,139.0649,135.7254,166.0731
1968,3936,139.9219,139.8999,136.9968,166.7688
1969,3938,140.4375,140.1636,137.7328,167.1147
1970,3940,140.6250,140.1855,138.0004,167.2306
1971,3942,140.9688,140.6909,138.4911,167.4285
1972,3944,141.1406,140.9106,138.7364,167.5206
1973,3946,141.6719,141.6357,139.4948,167.7776
1974,3948,142.2031,142.0532,140.2531,167.9922
1975,3950,142.9062,142.7344,141.2567,168.2125
1976,3952,143.9531,143.7012,142.7511,168.4088
1977,3954,144.6562,144.6460,143.7547,168.4551
1978,3956,145.3594,145.3711,144.7584,168.4349
1979,3958,145.8906,145.6567,145.5167,168.3770
1980,3960,146.2500,145.9424,146.0297,168.3176
1981,3962,146.4219,146.1621,146.2460,168.2832
1982,3964,146.0625,146.1401,145.7621,168.3504
1983,3966,146.5938,146.3818,146.4623,168.2455
1984,3968,146.9531,146.7554,146.9146,168.1550
1985,3970,147.4688,147.1948,147.5635,167.9980
1986,3972,148.5312,148.4253,148.9007,167.5797
1987,3974,149.9375,149.9194,150.6705,166.8425
1988,3976,150.6406,150.3369,151.5554,166.4023
1989,3978,151.3438,151.3477,152.4403,165.9183
1990,3980,152.2188,151.9629,153.5415,165.2601
1991,3982,152.5781,152.4243,153.9937,164.9732
1992,3984,152.9219,152.4243,154.4264,164.6901
1993,3986,152.9219,152.8418,154.4264,164.6901
1994,3988,153.6250,153.1055,155.3113,164.0871
1995,3990,153.9844,153.5229,155.7635,163.7675
1996,3992,154.3281,154.2261,156.1962,163.4548
1997,3994,155.2031,155.1050,157.2973,162.6319
1998,3996,156.2656,156.2476,158.6345,161.5890
1999,3998,157.1406,156.9067,159.7357,160.7025
2000,4000,158.0156,157.6978,160.7352,159.7982
2001,4002,158.7188,158.6646,161.4813,159.0637
2002,4004,158.7188,158.4448,161.4813,159.0637
2003,4006,159.2500,158.8843,162.0450,158.5067
2004,4008,159.6094,159.5874,162.4263,158.1297
2005,4010,160.3125,160.0928,163.1725,157.3938
2006,4012,161.1875,160.9717,164.1010,156.4857
2007,4014,162.5938,162.5098,165.5932,155.0618
2008,4016,163.1250,163.2129,166.1569,154.5404
2009,4018,164.7031,164.1138,167.8315,153.0630
2010,4020,165.0469,164.8169,168.1963,152.7584
2011,4022,165.4062,165.1465,168.5777,152.4472
2012,4024,165.7500,165.2783,168.9424,152.1572
2013,4026,165.9375,165.9814,169.1414,152.0025
2014,4028,166.1094,166.1353,169.3238,151.8623
2015,4030,166.8125,166.4209,170.0699,151.3113
2016,4032,167.8594,167.6733,171.1808,150.5607
2017,4034,169.0938,168.9697,172.4298,149.7950
2018,4036,170.5000,170.3320,173.6731,149.0980
2019,4038,171.5625,171.0352,174.6125,148.7074
2020,4040,172.4375,172.3755,175.3862,148.4798
2021,4042,173.1406,172.9907,176.0079,148.3618
2022,4044,173.6719,173.5840,176.4776,148.3125
2023,4046,173.6719,173.2764,176.4776,148.3125
2024,4048,173.8438,173.5620,176.6295,148.3037
2025,4050,174.1875,173.7378,176.9335,148.2977
2026,4052,175.0781,174.9243,177.7209,148.3520
2027,4054,176.6562,176.6602,179.1162,148.7033
2028,4056,178.0625,177.9565,180.3596,149.3013
2029,4058,179.8125,179.5166,181.9069,150.4310
2030,4060,181.4062,181.3843,183.1372,151.8375
2031,4062,182.6250,182.4170,184.0599,153.1563
2032,4064,182.9844,182.5708,184.3319,153.5852
2033,4066,183.1562,183.1201,184.4620,153.7970
2034,4068,182.8125,182.3071,184.2018,153.3779
2035,4070,183.1562,182.8564,184.4620,153.7970
2036,4072,184.0312,183.9771,185.1244,154.9379
2037,4074,185.2656,185.2075,186.0589,156.7274
2038,4076,186.8438,186.8335,187.2536,159.3130
2039,4078,188.4375,188.4155,188.4601,162.2494
2040,4080,190.0156,189.9536,189.6548,165.4592
2041,4082,191.7656,191.6235,190.9429,169.3425
2042,4084,193.1719,193.0518,191.9075,172.6856
2043,4086,193.7031,193.6011,192.2719,173.9956
2044,4088,193.7031,193.1836,192.2719,173.9956
2045,4090,193.5312,193.0298,192.1540,173.5690
2046,4092,193.8750,193.8208,192.3897,174.4244
2047,4094,195.4688,195.2710,193.4829,178.5127
2048,4096,197.5781,197.5781,194.9297,184.1871
2049,4098,199.1562,199.1602,196.0121,188.5803
2050,4100,200.5625,200.6543,196.9766,192.5669
2051,4102,202.3125,202.2363,198.1769,197.5780
2052,4104,202.8438,202.8955,198.5324,199.1027
2053,4106,203.0156,202.5879,198.6458,199.5955
2054,4108,202.5000,202.2583,198.3055,198.1163
2055,4110,202.5000,202.4121,198.3055,198.1163
2056,4112,203.7188,203.3789,199.1099,201.6100
2057,4114,205.8281,205.7739,200.5021,207.5986
2058,4116,208.1250,208.0811,202.0180,213.9377
2059,4118,210.2344,210.1904,203.4102,219.4913
2060,4120,211.8125,211.8164,204.4518,223.4234
2061,4122,213.3906,213.3984,205.4934,227.1266
2062,4124,214.6250,214.5410,206.3115,229.8428
2063,4126,214.9688,214.6509,206.5397,230.5689
2064,4128,214.6250,214.1895,206.3115,229.8428
2065,4130,214.2656,214.1016,206.0729,229.0693
2066,4132,214.9688,214.9585,206.5397,230.5689
2067,4134,216.0312,216.0571,207.2451,232.7253
2068,4136,218.3125,218.4082,208.7596,236.8760
2069,4138,220.5938,220.6934,210.2741,240.3214
2070,4140,222.5312,222.3853,211.5604,242.6578
2071,4142,224.2969,224.2529,212.7326,244.2982
2072,4144,225.8750,225.9009,213.8017,245.3641
2073,4146,226.4062,226.2744,214.1674,245.6378
2074,4148,226.4062,226.2085,214.1674,245.6378
2075,4150,226.0469,225.8350,213.9200,245.4572
2076,4152,226.2188,226.2305,214.0383,245.5460
2077,4154,227.2812,227.1094,214.7696,245.9957
2078,4156,229.2188,229.2847,216.1033,246.3818
2079,4158,231.1406,230.9985,217.4261,246.2269
2080,4160,232.9062,232.9102,218.6415,245.6363
2081,4162,235.0156,235.0195,220.0934,244.4083
2082,4164,236.4219,236.2939,221.0694,243.3014
2083,4166,237.2969,237.0630,221.7125,242.5068
2084,4168,237.6562,237.4146,221.9766,242.1586
2085,4170,237.4688,237.1948,221.8388,242.3419
2086,4172,237.8281,237.4146,222.1030,241.9878
2087,4174,238.5312,238.4033,222.6198,241.2605
2088,4176,239.9375,239.6997,223.6533,239.6801
2089,4178,241.8750,241.8530,225.0773,237.2686
2090,4180,242.9219,242.7759,225.8468,235.8753
2091,4182,244.3281,244.0063,226.8804,233.9300
2092,4184,245.5625,245.5225,227.7876,232.1741
2093,4186,246.0938,246.1377,228.1781,231.4096
2094,4188,246.6094,246.2695,228.5570,230.6653
2095,4190,246.7969,246.7090,228.6949,230.3940
2096,4192,247.1406,246.6211,228.9475,229.8968
2097,4194,248.2031,248.1592,229.7832,228.3634
2098,4196,249.6094,249.5874,230.9263,226.3595
2099,4198,251.5312,251.2793,232.4886,223.7197
2100,4200,253.1250,253.1470,233.7842,221.6665
2101,4202,254.3438,254.3555,234.7749,220.2089
2102,4204,255.4062,255.3662,235.6386,219.0331
2103,4206,255.9375,255.5859,236.0704,218.4821
2104,4208,255.9375,255.7397,236.0704,218.4821
2105,4210,255.9375,255.7837,236.0704,218.4821
2106,4212,255.7500,255.2124,235.9180,218.6738
2107,4214,256.4531,256.3550,236.4896,217.9733
2108,4216,257.1562,257.1899,237.0611,217.3218
2109,4218,259.0938,259.0356,238.6760,215.8054
2110,4220,260.6719,260.6836,240.1417,214.9052
2111,4222,262.2656,262.2876,241.6220,214.3325
2112,4224,263.8438,263.8477,243.0878,214.1250
2113,4226,264.1875,264.0454,243.4070,214.1293
2114,4228,264.7188,264.5947,243.9005,214.1716
2115,4230,265.0781,264.6167,244.2343,214.2252
2116,4232,265.0781,264.6826,244.2343,214.2252
2117,4234,265.0781,264.6387,244.2343,214.2252
2118,4236,265.7812,265.4956,244.8873,214.3892
2119,4238,266.8281,266.5723,245.8596,214.7807
2120,4240,267.8906,267.7588,246.8465,215.3610
2121,4242,269.1094,269.0552,247.9785,216.2579
2122,4244,270.5156,270.3735,249.3610,217.6018
2123,4246,271.0469,270.9888,249.9332,218.1958
2124,4248,271.5781,271.4282,250.5054,218.8377
2125,4250,271.7500,271.6919,250.6905,219.0554
2126,4252,272.2812,272.0654,251.2626,219.7599
2127,4254,272.6250,272.5928,251.6328,220.2409
2128,4256,273.6875,273.6255,252.7772,221.8512
2129,4258,274.7344,274.6802,253.9047,223.6190
2130,4260,275.6250,275.4932,254.8639,225.2617
2131,4262,276.3281,276.3721,255.6212,226.6474
2132,4264,277.3750,277.2290,256.7487,228.8518
2133,4266,278.0781,277.8003,257.5060,230.4249
2134,4268,278.4375,278.2397,257.8930,231.2567
2135,4270,278.7812,278.6133,258.2632,232.0700
2136,4272,278.9531,278.9209,258.4483,232.4831
2137,4274,279.4844,279.4263,259.0205,233.7852
2138,4276,280.3594,280.0635,259.9629,236.0143
2139,4278,281.4219,280.9644,261.1343,238.8554
2140,4280,282.1250,282.1948,262.0026,240.8127
2141,4282,283.1719,283.1396,263.2953,243.8339
2142,4284,283.8750,283.8428,264.1635,245.9307
2143,4286,284.4062,284.3701,264.8195,247.5485
2144,4288,285.1094,284.7656,265.6878,249.7323
2145,4290,285.2812,285.2930,265.9000,250.2732
2146,4292,285.4688,285.4468,266.1316,250.8660
2147,4294,285.8125,285.7104,266.5560,251.9612
2148,4296,286.3438,286.2817,267.2120,253.6732
2149,4298,286.8750,286.8750,267.8680,255.4072
2150,4300,287.7500,287.5342,268.9485,258.3085
2151,4302,288.7969,288.8086,270.2412,261.8440
2152,4304,289.8594,289.5557,271.5532,265.4923
2153,4306,290.7344,290.6323,272.6337,268.5330
2154,4308,291.4375,291.3135,273.5020,270.9948
2155,4310,291.6094,291.3354,273.7142,271.5988
2156,4312,292.3125,291.8408,274.5824,274.0752
2157,4314,292.1406,292.1484,274.3702,273.4689
2158,4316,292.5000,292.0386,274.8140,274.7368
2159,4318,292.8438,292.5659,275.2838,275.9513
2160,4320,293.3750,293.0273,276.0100,277.8300
2161,4322,293.9062,293.9062,276.7361,279.7094
2162,4324,294.7812,294.7632,277.9321,282.8026
2163,4326,295.4844,295.3564,278.8932,285.2813
2164,4328,296.5312,296.4111,280.3242,288.9518
2165,4330,297.2344,297.0483,281.2852,291.3981
2166,4332,297.5938,297.5757,281.7764,292.6411
2167,4334,298.1250,298.1030,282.5026,294.4680
2168,4336,298.6406,298.4106,283.2074,296.2279
2169,4338,299.0000,298.7622,283.6986,297.4460
2170,4340,299.3438,299.1577,284.1685,298.6040
2171,4342,300.0469,299.8608,285.1295,300.9495
2172,4344,300.5781,300.6519,285.8557,302.6992
2173,4346,301.2812,301.3110,286.8167,304.9825
2174,4348,301.8125,301.7285,287.5429,306.6812
2175,4350,302.6875,302.2998,288.7389,309.4254
2176,4352,302.6875,302.4976,288.7389,309.4254
2177,4354,302.8594,302.8052,288.9738,309.9561
2178,4356,303.3906,303.0029,289.7000,311.5785
2179,4358,303.5625,303.6182,289.9349,312.0974
2180,4360,304.2656,303.9258,290.9319,314.1885
2181,4362,304.7969,304.8706,291.6950,315.7334
2182,4364,306.0312,305.9253,293.4681,319.1992
2183,4366,306.7344,306.6724,294.4781,321.0918
2184,4368,307.4375,307.1118,295.4882,322.9222
2185,4370,308.1406,307.7051,296.4982,324.6882
2186,4372,308.6719,308.0786,297.2613,325.9785
2187,4374,308.4844,308.3862,296.9920,325.5273
2188,4376,308.6719,308.2324,297.2613,325.9785
2189,4378,308.6719,308.4521,297.2613,325.9785
2190,4380,309.0156,308.6938,297.7551,326.7926
2191,4382,309.5469,309.3311,298.5182,328.0186
2192,4384,310.5938,310.5396,300.0220,330.3163
2193,4386,311.2969,311.3086,301.0320,331.7696
2194,4388,312.0000,312.0337,302.0420,333.1490
2195,4390,312.7031,312.3633,303.0521,334.4535
2196,4392,313.0625,313.0225,303.5683,335.0910
2197,4394,313.5938,313.2861,304.3314,335.9967
2198,4396,313.5938,313.6377,304.3314,335.9967
2199,4398,314.1094,313.8574,305.0721,336.8336
2200,4400,314.4688,314.4287,305.5883,337.3925
2201,4402,315.0000,314.7583,306.3514,338.1814
2202,4404,315.3438,315.2856,306.8387,338.6681
2203,4406,315.8750,315.8789,307.5917,339.3836
2204,4408,316.5781,316.5601,308.5884,340.2621
2205,4410,317.6250,317.6147,310.0724,341.4255
2206,4412,318.3281,318.0322,311.0691,342.1102
2207,4414,318.8594,318.7793,311.8221,342.5765
2208,4416,319.2188,318.9111,312.3315,342.8671
2209,4418,319.3906,319.3286,312.5752,342.9989
2210,4420,319.9219,319.6802,313.3282,343.3780
2211,4422,320.4375,320.2295,314.0591,343.7045
2212,4424,320.6250,320.4932,314.3249,343.8136
2213,4426,321.3281,321.3062,315.3216,344.1749
2214,4428,321.8438,321.8555,316.0525,344.3932
2215,4430,322.9062,322.6465,317.5586,344.7224
2216,4432,323.2500,323.3276,318.0459,344.7944
2217,4434,323.9531,323.4375,319.0426,344.8912
2218,4436,324.1406,323.9429,319.3083,344.9059
2219,4438,324.6562,324.3823,320.0392,344.9213
2220,4440,324.8438,324.6460,320.3050,344.9185
2221,4442,325.1875,325.2393,320.7923,344.9011
2222,4444,326.0625,326.0742,322.0326,344.7895
2223,4446,326.9531,326.7993,323.2140,344.5806
2224,4448,327.8281,327.8101,324.3535,344.2859
2225,4450,328.5312,328.4473,325.2691,343.9887
2226,4452,329.2344,329.1284,326.1848,343.6406
2227,4454,329.7656,329.7217,326.8766,343.3458
2228,4456,329.9375,329.4360,327.1004,343.2446
2229,4458,329.9375,329.8315,327.1004,343.2446
2230,4460,330.2812,330.0293,327.5480,343.0344
2231,4462,330.2812,329.9854,327.5480,343.0344
2232,4464,330.9844,330.7764,328.4637,342.5725
2233,4466,331.5156,331.4136,329.1555,342.1969
2234,4468,332.7500,332.8198,330.7629,341.2426
2235,4470,333.6250,333.6987,331.9024,340.5057
2236,4472,335.0312,334.5557,333.7336,339.2345
2237,4474,335.7344,335.7861,334.6493,338.5663
2238,4476,336.2656,335.9180,335.3411,338.0499
2239,4478,336.6094,336.1816,335.7887,337.7114
2240,4480,336.7969,336.7310,336.0329,337.5257
2241,4482,336.9688,336.7090,336.2567,337.3544
2242,4484,336.9688,336.9946,336.2567,337.3544
2243,4486,337.6719,337.6099,337.1411,336.6483
2244,4488,338.3750,338.2471,337.9289,335.9355
2245,4490,339.4219,339.3018,339.1019,334.8696
2246,4492,340.3125,340.4004,340.0999,333.9665
2247,4494,341.3594,341.2354,341.2728,332.9196
2248,4496,342.0625,341.8726,342.0607,332.2313
2249,4498,342.7656,342.5757,342.8485,331.5588
2250,4500,342.9375,342.8613,343.0411,331.3971
2251,4502,343.2969,343.1470,343.4438,331.0632
2252,4504,343.6406,343.6743,343.8289,330.7494
2253,4506,344.3438,344.2017,344.6167,330.1255
2254,4508,345.2344,344.6631,345.6147,329.3746
2255,4510,346.1094,346.0913,346.5951,328.6857
2256,4512,347.1562,347.0361,347.7681,327.9341
2257,4514,348.0469,347.8491,348.7660,327.3638
2258,4516,348.9219,348.6401,349.7257,326.8714
2259,4518,349.4531,349.1235,350.2569,326.6078
2260,4520,349.6250,349.6289,350.4288,326.5283
2261,4522,349.7969,349.5630,350.6007,326.4521
2262,4524,349.9688,349.8047,350.7726,326.3785
2263,4526,350.3281,350.2881,351.1319,326.2348
2264,4528,351.5625,351.5625,352.3663,325.8472
2265,4530,352.6094,352.5073,353.4132,325.6536
2266,4532,354.0156,354.0234,354.8194,325.6010
2267,4534,355.2500,355.0781,356.0538,325.7611
2268,4536,355.9531,355.8911,356.7569,325.9422
2269,4538,356.4844,356.4844,357.2882,326.1233
2270,4540,356.4844,356.5063,357.2882,326.1233
2271,4542,357.0000,356.6162,357.8038,326.3357
2272,4544,357.1875,356.7700,357.9913,326.4221
2273,4546,357.5312,357.3853,358.3351,326.5931
2274,4548,358.5938,358.5718,359.3976,327.2259
2275,4550,359.6406,359.5166,0.4444,328.0055
2276,4552,1.2188,1.2744,0.9557,329.4754
2277,4554,2.9844,3.0103,2.3397,331.5403
2278,4556,4.2188,4.3066,3.3073,333.2446
2279,4558,5.4375,5.1636,4.2626,335.1330
2280,4560,5.6250,5.1855,4.4096,335.4414
2281,4562,5.6250,5.1416,4.4096,335.4414
2282,4564,5.2656,5.0977,4.1279,334.8546
2283,4566,5.6250,5.4053,4.4096,335.4414
2284,4568,6.5000,5.9106,5.0954,336.9417
2285,4570,7.7344,7.5806,6.0630,339.2268
2286,4572,9.4844,9.4922,7.4347,342.7874
2287,4574,10.7188,10.6787,8.4023,345.5105
2288,4576,12.6562,12.4805,9.8927,350.1053
2289,4578,14.4062,14.3262,11.2293,354.5520
2290,4580,15.2812,15.0513,11.8976,356.8665
2291,4582,15.6406,15.6665,12.1721,357.8327
2292,4584,15.4688,14.8535,12.0408,357.3696
2293,4586,15.4688,15.0293,12.0408,357.3696
2294,4588,15.8125,15.6665,12.3034,358.2980
2295,4590,16.8750,16.9189,13.1148,1.2140
2296,4592,19.1562,19.2480,14.8572,7.6664
2297,4594,20.5625,20.4785,15.9312,11.7336
2298,4596,21.7969,21.8408,16.8740,15.3327
2299,4598,23.5469,23.5767,18.1278,20.4417
2300,4600,24.4219,24.1040,18.7269,22.9835
2301,4602,24.0781,24.1919,18.4915,21.9867
2302,4604,24.2500,24.1479,18.6092,22.4855
2303,4606,24.2500,23.9062,18.6092,22.4855
2304,4608,24.9531,24.6533,19.0906,24.5187
2305,4610,27.5938,27.5317,20.8987,31.9980
2306,4612,28.8281,28.9380,21.7439,35.3727
2307,4614,30.9375,30.6299,23.1882,40.8915
2308,4616,32.8594,32.5195,24.5041,45.5851
2309,4618,33.9219,33.9258,25.2346,48.0203
2310,4620,34.9688,35.0024,25.9700,50.2969
2311,4622,34.7969,34.9146,25.8493,49.9319
2312,4624,34.9688,34.5410,25.9700,50.2969
2313,4626,34.4531,34.2773,25.6078,49.1915
2314,4628,34.6250,34.2114,25.7285,49.5634
2315,4630,36.5625,36.0132,27.0895,53.5107
2316,4632,38.3125,38.4741,28.3187,56.6621
2317,4634,39.8906,39.8364,29.4273,59.1425
2318,4636,41.8281,41.8359,30.7882,61.6941
2319,4638,43.5938,43.5278,32.0285,63.5288
2320,4640,44.8125,44.7803,32.8846,64.5171
2321,4642,45.3438,45.1538,33.2632,64.8764
2322,4644,45.5156,45.1318,33.3867,64.9834
2323,4646,45.3438,45.1758,33.2632,64.8764
2324,4648,45.7031,45.1978,33.5213,65.0951
2325,4650,46.5781,46.1646,34.1499,65.5443
2326,4652,47.8125,47.5269,35.0365,65.9797
2327,4654,49.5625,49.1748,36.2936,66.2055
2328,4656,50.7969,50.4712,37.1803,66.0966
2329,4658,52.2031,52.0752,38.1904,65.7126
2330,4660,53.4375,53.3496,39.0771,65.1576
2331,4662,54.4844,54.5581,39.8291,64.5358
2332,4664,55.0156,54.8877,40.2107,64.1700
2333,4666,55.3594,54.8218,40.4576,63.9156
2334,4668,55.5469,55.5469,40.5923,63.7712
2335,4670,56.4219,56.0303,41.2219,63.0466
2336,4672,57.1250,57.1729,41.7314,62.4057
2337,4674,58.5312,58.3594,42.7505,60.9799
2338,4676,59.7656,59.2383,43.6450,59.5857
2339,4678,60.6406,60.4688,44.2791,58.5271
2340,4680,61.6875,61.3477,45.0377,57.1935
2341,4682,62.3906,62.4023,45.5472,56.2624
2342,4684,63.0938,63.1274,46.0567,55.3071
2343,4686,63.6250,63.3691,46.4417,54.5714
2344,4688,64.1562,63.7427,46.8267,53.8258
2345,4690,64.8594,64.9292,47.3362,52.8258
2346,4692,65.2031,64.5776,47.5853,52.3327
2347,4694,65.9062,65.8960,48.0948,51.3176
2348,4696,66.2656,66.2695,48.3553,50.7965
2349,4698,67.3125,67.4561,49.1139,49.2751
2350,4700,68.7188,68.6646,50.1996,47.2421
2351,4702,70.1250,70.1807,51.2955,45.2497
2352,4704,71.3594,71.3452,52.2575,43.5586
2353,4706,72.0625,71.7627,52.8055,42.6279
2354,4708,72.4219,72.3340,53.0855,42.1629
2355,4710,73.2969,73.2129,53.7675,41.0650
2356,4712,74.0000,73.5864,54.3154,40.2213
2357,4714,74.7031,74.8169,54.8634,39.4159
2358,4716,75.4062,75.3882,55.4114,38.6524
2359,4718,75.4062,75.0366,55.4114,38.6524
2360,4720,75.9375,75.4102,55.8254,38.1051
2361,4722,76.2812,75.9814,56.0933,37.7656
2362,4724,76.2812,76.2451,56.0933,37.7656
2363,4726,76.9844,76.6406,56.6413,37.1082
2364,4728,77.6875,77.6953,57.1892,36.5033
2365,4730,78.7500,78.5742,58.0173,35.6955
2366,4732,79.6250,79.5630,58.8233,35.1330
2367,4734,80.6719,80.5078,59.7876,34.5891
2368,4736,81.3750,81.0352,60.4353,34.3068
2369,4738,81.9062,81.4746,60.9247,34.1392
2370,4740,82.9688,82.7710,61.9034,33.9272
2371,4742,83.1406,82.7051,62.0617,33.9090
2372,4744,83.6719,83.3423,62.5511,33.8798
2373,4746,84.5469,84.2871,63.3571,33.9275
2374,4748,85.0781,84.8804,63.8464,34.0148
2375,4750,85.5938,85.2539,64.3214,34.1434
2376,4752,85.9531,85.9131,64.6524,34.2582
2377,4754,86.1250,85.8032,64.8108,34.3205
2378,4756,86.4844,86.3525,65.1418,34.4665
2379,4758,86.6562,86.6382,65.3001,34.5442
2380,4760,87.3594,87.0337,65.9478,34.9121
2381,4762,88.4062,87.8687,66.9121,35.6135
2382,4764,88.7656,88.6816,67.2432,35.8969
2383,4766,89.4688,89.4727,67.8909,36.5151
2384,4768,90.0000,89.9121,68.3802,37.0378
2385,4770,90.3438,90.1978,68.7689,37.4020
2386,4772,90.3438,89.9121,68.7689,37.4020
2387,4774,90.5156,90.5493,68.9632,37.5919
2388,4776,90.8750,90.6372,69.3695,38.0046
2389,4778,91.5781,91.1426,70.1645,38.8761
2390,4780,92.2812,92.3511,70.9595,39.8318
2391,4782,92.9844,92.9224,71.7545,40.8713
2392,4784,94.0312,93.8672,72.9381,42.5730
2393,4786,94.7344,94.5044,73.7331,43.8179
2394,4788,94.7344,94.3726,73.7331,43.8179
2395,4790,95.0938,94.6362,74.1394,44.4854
2396,4792,94.9219,94.6802,73.9451,44.1632
2397,4794,95.2656,94.9219,74.3337,44.8119
2398,4796,95.7969,95.8887,74.9344,45.8519
2399,4798,96.5000,96.3281,75.7294,47.2973
2400,4800,97.2031,97.0312,76.5244,48.8200
2401,4802,97.9062,97.7344,77.3193,50.4183
2402,4804,98.2500,97.9102,77.7080,51.2267
2403,4806,98.4375,98.0420,77.9200,51.6747
2404,4808,98.4375,97.9761,77.9200,51.6747
2405,4810,98.4375,98.1519,77.9200,51.6747
2406,4812,98.4375,98.2397,77.9200,51.6747
2407,4814,98.7812,98.5254,78.3087,52.5099
2408,4816,99.6562,99.5361,79.2980,54.7119
2409,4818,100.0156,99.6240,79.7043,55.6470
2410,4820,100.7188,100.6128,80.4993,57.5272
2411,4822,101.5938,101.3379,81.5616,59.9567
2412,4824,101.9531,101.7114,82.0442,60.9823
2413,4826,101.9531,101.6895,82.0442,60.9823
2414,4828,101.9531,101.6895,82.0442,60.9823
2415,4830,101.9531,101.7773,82.0442,60.9823
2416,4832,102.2969,102.1289,82.5059,61.9781
2417,4834,102.8281,102.3047,83.2194,63.5443
2418,4836,103.1719,102.9639,83.6810,64.5750
2419,4838,104.0625,103.9966,84.8772,67.3048
2420,4840,104.5781,104.2603,85.5697,68.9232
2421,4842,104.7656,104.6777,85.8215,69.5179
2422,4844,105.1094,104.6558,86.2831,70.6174
2423,4846,105.1094,104.8315,86.2831,70.6174
2424,4848,105.1094,104.7437,86.2831,70.6174
2425,4850,105.1094,104.6777,86.2831,70.6174
2426,4852,105.2812,105.2051,86.5140,71.1714
2427,4854,105.6406,105.5127,86.9966,72.3381
2428,4856,105.8125,105.4248,87.2275,72.9000
2429,4858,106.3438,106.2598,87.9409,74.6531
2430,4860,106.6875,106.3916,88.4026,75.7995
2431,4862,107.0469,106.6333,88.8853,77.0078
2432,4864,107.2188,107.0288,89.1161,77.5890
2433,4866,107.3906,107.0508,89.3469,78.1725
2434,4868,107.3906,107.1826,89.3469,78.1725
2435,4870,107.7500,107.4683,89.8296,79.3988
2436,4872,107.9219,107.9297,90.0604,79.9882
2437,4874,108.0938,108.1494,90.2912,80.5798
2438,4876,108.7969,108.4790,91.2355,83.0179
2439,4878,109.3281,109.0723,91.9490,84.8781
2440,4880,109.6875,109.7095,92.4317,86.1444
2441,4882,109.8594,109.6436,92.6625,86.7522
2442,4884,110.0312,109.9951,92.8933,87.3611
2443,4886,110.0312,109.8633,92.8933,87.3611
2444,4888,110.3906,110.1489,93.3760,88.6383
2445,4890,110.9062,110.6543,94.0685,90.4792
2446,4892,110.7344,110.5005,93.8376,89.8645
2447,4894,111.0938,110.8740,94.3203,91.1506
2448,4896,111.2656,111.1816,94.5511,91.7671
2449,4898,111.4375,111.1816,94.7820,92.3843
2450,4900,111.6094,111.5552,95.0128,93.0024
2451,4902,111.6094,111.5332,95.0128,93.0024
2452,4904,111.7969,111.5771,95.2646,93.6772
2453,4906,111.9688,111.3574,95.4954,94.2967
2454,4908,112.1406,112.0605,95.7263,94.9165
2455,4910,112.3125,111.9727,95.9571,95.5371
2456,4912,112.5000,112.1045,96.2089,96.2144
2457,4914,112.6719,112.4341,96.4643,96.8358
2458,4916,113.0156,112.6758,96.9752,98.0794
2459,4918,113.2031,112.7417,97.2538,98.7581
2460,4920,113.3750,113.3130,97.5093,99.3805
2461,4922,113.7188,113.6206,98.0201,100.6254
2462,4924,113.7188,113.7085,98.0201,100.6254
2463,4926,113.7188,113.5986,98.0201,100.6254
2464,4928,113.9062,113.6646,98.2988,101.3044
2465,4930,114.0781,113.7085,98.5542,101.9268
2466,4932,114.2500,113.9062,98.8096,102.5490
2467,4934,114.2500,114.2139,98.8096,102.5490
2468,4936,114.4219,114.3018,99.0650,103.1710
2469,4938,114.6094,114.6533,99.3437,103.8492
2470,4940,114.9531,114.7852,99.8545,105.0917
2471,4942,114.9531,114.8730,99.8545,105.0917
2472,4944,115.1250,115.0488,100.1100,105.7124
2473,4946,115.3125,114.9390,100.3886,106.3888
2474,4948,115.6562,115.5103,100.8995,107.6273
2475,4950,115.6562,115.5762,100.8995,107.6273
2476,4952,116.1875,115.6641,101.6890,109.5360
2477,4954,116.1875,116.1694,101.6890,109.5360
2478,4956,116.3594,116.1475,101.9444,110.1517
2479,4958,116.5312,116.4771,102.1998,110.7667
2480,4960,116.8906,116.4331,102.7339,112.0493
2481,4962,117.0625,116.6528,102.9893,112.6610
2482,4964,117.0625,116.6528,102.9893,112.6610
2483,4966,117.0625,116.9604,102.9893,112.6610
2484,4968,117.5938,117.0044,103.7788,114.5448
2485,4970,117.5938,117.2681,103.7788,114.5448
2486,4972,117.5938,117.1362,103.7788,114.5448
2487,4974,117.7656,117.5757,104.0342,115.1515
2488,4976,117.9375,117.6196,104.2897,115.7570
2489,4978,118.2969,117.8833,104.8237,117.0184
2490,4980,118.2969,117.9492,104.8237,117.0184
2491,4982,118.4688,118.0811,105.0792,117.6193
2492,4984,118.6406,118.3228,105.3346,118.2187
2493,4986,118.4688,118.3447,105.0792,117.6193
2494,4988,118.8281,118.8281,105.6132,118.8707
2495,4990,118.8281,118.6963,105.6132,118.8707
2496,4992,119.1719,119.0259,106.1241,120.0606
2497,4994,119.1719,118.9819,106.1241,120.0606
2498,4996,119.3438,119.2676,106.3795,120.6530
2499,4998,119.1719,119.1357,106.1241,120.0606
2500,5000,119.3438,119.0039,106.3795,120.6530
2501,5002,119.3438,119.0479,106.3795,120.6530
2502,5004,119.5312,119.4434,106.6582,121.2971
2503,5006,119.7031,119.1138,106.9136,121.8855
2504,5008,119.5312,119.3774,106.6582,121.2971
2505,5010,119.7031,119.4873,106.9136,121.8855
2506,5012,119.8750,119.7290,107.1690,122.4719
2507,5014,119.8750,119.4653,107.1690,122.4719
2508,5016,119.8750,119.3335,107.1690,122.4719
2509,5018,119.8750,119.4434,107.1690,122.4719
2510,5020,120.0469,119.8389,107.4244,123.0564
2511,5022,119.8750,119.8389,107.1690,122.4719
2512,5024,120.0469,119.6411,107.4244,123.0564
2513,5026,120.2344,119.9048,107.7031,123.6916
2514,5028,120.2344,120.1245,107.7031,123.6916
2515,5030,120.2344,119.9707,107.7031,123.6916
2516,5032,120.4062,120.1685,107.9585,124.2717
2517,5034,120.4062,119.9707,107.9585,124.2717
2518,5036,120.5781,120.3223,108.2139,124.8495
2519,5038,120.2344,119.9927,107.7031,123.6916
2520,5040,120.5781,120.4980,108.2139,124.8495
2521,5042,120.5781,120.1685,108.2139,124.8495
2522,5044,120.5781,120.1685,108.2139,124.8495
2523,5046,120.5781,120.4761,108.2139,124.8495
2524,5048,120.7500,120.1245,108.4694,125.4252
2525,5050,120.9375,120.5859,108.7480,126.0507
2526,5052,120.7500,120.5420,108.4694,125.4252
2527,5054,120.7500,120.6519,108.4694,125.4252
2528,5056,120.9375,120.9375,108.7480,126.0507
2529,5058,120.9375,120.6299,108.7480,126.0507
2530,5060,120.9375,120.5420,108.7480,126.0507
2531,5062,120.9375,120.6519,108.7480,126.0507
2532,5064,120.9375,120.8496,108.7480,126.0507
2533,5066,121.1094,120.7397,109.0034,126.6216
2534,5068,121.1094,120.9155,109.0034,126.6216
2535,5070,121.1094,120.8716,109.0034,126.6216
2536,5072,121.1094,120.9595,109.0034,126.6216
2537,5074,121.1094,120.9375,109.0034,126.6216
2538,5076,121.2812,120.9814,109.2589,127.1900
2539,5078,121.2812,121.2231,109.2589,127.1900
2540,5080,121.1094,120.9814,109.0034,126.6216
2541,5082,121.4531,121.0474,109.5143,127.7560
2542,5084,121.2812,121.2451,109.2589,127.1900
2543,5086,121.4531,121.1133,109.5143,127.7560
2544,5088,121.2812,121.1792,109.2589,127.1900
2545,5090,121.6406,121.4429,109.7929,128.3708
2546,5092,121.4531,121.2891,109.5143,127.7560
2547,5094,121.4531,121.3770,109.5143,127.7560
2548,5096,121.6406,121.4648,109.7929,128.3708
2549,5098,121.4531,121.1133,109.5143,127.7560
2550,5100,121.4531,121.3550,109.5143,127.7560
2551,5102,121.6406,121.5088,109.7929,128.3708
2552,5104,121.6406,121.2671,109.7929,128.3708
2553,5106,121.6406,121.4868,109.7929,128.3708
2554,5108,121.6406,121.3770,109.7929,128.3708
2555,5110,121.6406,121.5088,109.7929,128.3708
2556,5112,121.6406,121.0913,109.7929,128.3708
2557,5114,121.6406,121.2231,109.7929,128.3708
2558,5116,121.8125,121.5308,110.0484,128.9316
2559,5118,121.6406,121.2451,109.7929,128.3708
2560,5120,121.6406,121.3989,109.7929,128.3708
2561,5122,121.6406,121.1572,109.7929,128.3708
2562,5124,121.4531,121.0693,109.5143,127.7560
2563,5126,121.2812,120.9814,109.2589,127.1900
2564,5128,121.2812,120.9595,109.2589,127.1900
2565,5130,121.1094,120.8936,109.0034,126.6216
2566,5132,121.1094,120.5859,109.0034,126.6216
2567,5134,121.1094,120.5640,109.0034,126.6216
2568,5136,121.1094,120.6079,109.0034,126.6216
2569,5138,120.9375,120.5420,108.7480,126.0507
2570,5140,121.1094,120.7178,109.0034,126.6216
2571,5142,121.1094,120.7397,109.0034,126.6216
2572,5144,120.9375,120.5640,108.7480,126.0507
2573,5146,121.1094,120.8057,109.0034,126.6216
2574,5148,121.1094,120.8276,109.0034,126.6216
2575,5150,120.9375,120.4761,108.7480,126.0507
2576,5152,120.9375,120.7178,108.7480,126.0507
2577,5154,121.1094,120.6079,109.0034,126.6216
2578,5156,121.1094,120.5640,109.0034,126.6216
2579,5158,121.1094,120.7837,109.0034,126.6216
2580,5160,120.9375,120.6958,108.7480,126.0507
2581,5162,121.1094,120.6958,109.0034,126.6216
2582,5164,121.1094,120.8496,109.0034,126.6216
2583,5166,121.1094,120.7617,109.0034,126.6216
2584,5168,121.1094,120.8716,109.0034,126.6216
2585,5170,121.1094,120.7397,109.0034,126.6216
2586,5172,120.9375,120.6519,108.7480,126.0507
2587,5174,120.9375,120.6958,108.7480,126.0507
2588,5176,120.9375,120.9595,108.7480,126.0507
2589,5178,121.1094,120.8936,109.0034,126.6216
2590,5180,121.1094,121.0254,109.0034,126.6216
2591,5182,120.9375,120.7617,108.7480,126.0507
2592,5184,121.1094,120.7617,109.0034,126.6216
2593,5186,121.1094,120.6519,109.0034,126.6216
2594,5188,121.1094,120.7178,109.0034,126.6216
2595,5190,121.1094,121.0474,109.0034,126.6216
2596,5192,121.1094,120.8716,109.0034,126.6216
2597,5194,120.9375,120.7178,108.7480,126.0507
2598,5196,121.1094,120.6519,109.0034,126.6216
2599,5198,120.9375,120.9375,108.7480,126.0507
2600,5200,121.2812,120.7617,109.2589,127.1900
2601,5202,121.1094,121.0693,109.0034,126.6216
2602,5204,120.9375,120.6519,108.7480,126.0507
2603,5206,121.1094,120.8496,109.0034,126.6216
2604,5208,121.1094,121.1133,109.0034,126.6216
2605,5210,121.1094,120.7837,109.0034,126.6216
2606,5212,121.1094,120.9155,109.0034,126.6216
2607,5214,120.9375,120.8057,108.7480,126.0507
2608,5216,121.1094,120.8276,109.0034,126.6216
2609,5218,121.1094,120.8276,109.0034,126.6216
2610,5220,121.1094,120.7837,109.0034,126.6216
2611,5222,121.1094,120.7178,109.0034,126.6216
2612,5224,121.1094,120.7617,109.0034,126.6216
2613,5226,120.9375,120.6738,108.7480,126.0507
2614,5228,121.1094,120.5859,109.0034,126.6216
2615,5230,121.1094,120.5640,109.0034,126.6216
2616,5232,121.1094,120.7837,109.0034,126.6216
2617,5234,121.1094,120.6958,109.0034,126.6216
2618,5236,121.1094,120.6519,109.0034,126.6216
2619,5238,121.1094,120.8057,109.0034,126.6216
2620,5240,121.1094,120.8057,109.0034,126.6216
2621,5242,120.9375,121.0034,108.7480,126.0507
2622,5244,121.1094,120.8057,109.0034,126.6216
2623,5246,121.1094,120.6519,109.0034,126.6216
2624,5248,121.1094,121.0034,109.0034,126.6216
2625,5250,120.9375,120.6519,108.7480,126.0507
2626,5252,121.1094,120.7397,109.0034,126.6216
2627,5254,121.1094,120.9375,109.0034,126.6216
2628,5256,121.1094,120.8716,109.0034,126.6216
2629,5258,121.1094,120.8716,109.0034,126.6216
2630,5260,121.1094,120.7837,109.0034,126.6216
2631,5262,121.1094,120.5420,109.0034,126.6216
2632,5264,121.1094,120.9595,109.0034,126.6216
2633,5266,121.1094,120.7178,109.0034,126.6216
2634,5268,121.1094,120.9155,109.0034,126.6216
2635,5270,121.1094,120.9814,109.0034,126.6216
2636,5272,121.1094,120.9595,109.0034,126.6216
2637,5274,121.1094,120.9375,109.0034,126.6216
2638,5276,121.1094,120.6079,109.0034,126.6216
2639,5278,120.9375,120.6958,108.7480,126.0507
2640,5280,120.9375,120.4980,108.7480,126.0507
2641,5282,120.9375,120.7617,108.7480,126.0507
2642,5284,120.9375,120.7397,108.7480,126.0507
2643,5286,120.9375,120.7617,108.7480,126.0507
2644,5288,120.9375,120.6519,108.7480,126.0507
2645,5290,121.1094,120.7837,109.0034,126.6216
2646,5292,120.9375,120.7617,108.7480,126.0507
2647,5294,120.9375,120.4541,108.7480,126.0507
2648,5296,121.2812,121.2231,109.2589,127.1900
2649,5298,121.2812,121.2012,109.2589,127.1900
2650,5300,121.1094,120.6079,109.0034,126.6216
2651,5302,121.1094,120.9375,109.0034,126.6216
2652,5304,121.1094,120.6958,109.0034,126.6216
2653,5306,120.9375,120.8276,108.7480,126.0507
2654,5308,120.9375,120.5640,108.7480,126.0507
2655,5310,121.2812,120.8057,109.2589,127.1900
2656,5312,121.1094,120.5859,109.0034,126.6216
2657,5314,121.1094,120.5859,109.0034,126.6216
2658,5316,121.1094,120.7617,109.0034,126.6216
2659,5318,121.1094,120.7178,109.0034,126.6216
2660,5320,121.1094,120.4761,109.0034,126.6216
2661,5322,121.1094,120.5420,109.0034,126.6216
2662,5324,121.1094,120.6958,109.0034,126.6216
2663,5326,121.2812,120.7397,109.2589,127.1900
2664,5328,121.1094,120.8496,109.0034,126.6216
2665,5330,121.1094,120.6958,109.0034,126.6216
2666,5332,121.1094,121.0474,109.0034,126.6216
2667,5334,120.9375,120.4102,108.7480,126.0507
2668,5336,121.1094,120.6958,109.0034,126.6216
2669,5338,121.1094,120.8936,109.0034,126.6216
2670,5340,121.1094,120.7617,109.0034,126.6216
2671,5342,121.2812,120.7397,109.2589,127.1900
2672,5344,120.9375,120.8496,108.7480,126.0507
2673,5346,121.1094,120.6299,109.0034,126.6216
2674,5348,120.9375,120.8276,108.7480,126.0507
2675,5350,121.1094,120.8057,109.0034,126.6216
2676,5352,121.1094,120.8276,109.0034,126.6216
2677,5354,120.9375,120.9595,108.7480,126.0507
2678,5356,121.1094,121.0474,109.0034,126.6216
2679,5358,121.1094,120.9595,109.0034,126.6216
2680,5360,120.9375,120.8057,108.7480,126.0507
2681,5362,121.1094,120.5859,109.0034,126.6216
2682,5364,121.1094,120.6738,109.0034,126.6216
2683,5366,121.1094,120.8057,109.0034,126.6216
2684,5368,121.1094,120.6079,109.0034,126.6216
2685,5370,120.9375,120.5420,108.7480,126.0507
2686,5372,121.1094,120.9375,109.0034,126.6216
2687,5374,120.9375,120.8496,108.7480,126.0507
2688,5376,121.1094,120.6738,109.0034,126.6216
2689,5378,121.1094,120.6958,109.0034,126.6216
2690,5380,120.7500,120.7397,108.4694,125.4252
2691,5382,121.1094,120.6958,109.0034,126.6216
2692,5384,121.2812,120.9814,109.2589,127.1900
2693,5386,120.9375,120.7397,108.7480,126.0507
2694,5388,121.1094,120.7178,109.0034,126.6216
2695,5390,121.1094,120.6958,109.0034,126.6216
2696,5392,121.1094,120.8716,109.0034,126.6216
2697,5394,121.1094,121.0254,109.0034,126.6216
2698,5396,120.9375,120.8057,108.7480,126.0507
2699,5398,121.1094,120.8057,109.0034,126.6216
2700,5400,121.2812,121.2231,109.2589,127.1900
2701,5402,120.9375,120.7178,108.7480,126.0507
2702,5404,121.1094,120.6958,109.0034,126.6216
2703,5406,120.9375,120.6519,108.7480,126.0507
2704,5408,121.1094,120.6299,109.0034,126.6216
2705,5410,121.1094,120.7397,109.0034,126.6216
2706,5412,120.9375,120.4541,108.7480,126.0507
2707,5414,120.9375,120.5200,108.7480,126.0507
2708,5416,121.1094,120.7397,109.0034,126.6216
2709,5418,121.1094,120.7397,109.0034,126.6216
2710,5420,121.1094,120.7617,109.0034,126.6216
2711,5422,121.1094,120.8716,109.0034,126.6216
2712,5424,121.1094,120.8496,109.0034,126.6216
2713,5426,121.1094,120.8276,109.0034,126.6216
2714,5428,121.1094,120.8057,109.0034,126.6216
2715,5430,121.1094,120.7178,109.0034,126.6216
2716,5432,120.9375,120.7178,108.7480,126.0507
2717,5434,121.1094,120.6958,109.0034,126.6216
2718,5436,121.1094,120.8276,109.0034,126.6216
2719,5438,120.9375,120.5859,108.7480,126.0507
2720,5440,120.9375,120.9155,108.7480,126.0507
2721,5442,121.1094,120.7617,109.0034,126.6216
2722,5444,120.9375,120.8057,108.7480,126.0507
2723,5446,121.1094,120.5640,109.0034,126.6216
2724,5448,120.9375,120.6519,108.7480,126.0507
2725,5450,120.9375,120.8057,108.7480,126.0507
2726,5452,120.9375,120.7178,108.7480,126.0507
2727,5454,121.1094,120.9595,109.0034,126.6216
2728,5456,120.9375,120.6738,108.7480,126.0507
2729,5458,120.9375,120.8496,108.7480,126.0507
2730,5460,121.1094,120.8276,109.0034,126.6216
2731,5462,121.1094,120.8057,109.0034,126.6216
2732,5464,120.9375,120.8276,108.7480,126.0507
2733,5466,120.9375,120.5420,108.7480,126.0507
2734,5468,121.1094,121.0034,109.0034,126.6216
2735,5470,121.1094,120.9155,109.0034,126.6216
2736,5472,120.9375,120.6738,108.7480,126.0507
2737,5474,120.9375,120.3882,108.7480,126.0507
2738,5476,121.1094,120.7397,109.0034,126.6216
2739,5478,120.9375,120.5859,108.7480,126.0507
2740,5480,121.1094,120.7178,109.0034,126.6216
2741,5482,121.1094,120.9155,109.0034,126.6216
2742,5484,121.1094,120.8057,109.0034,126.6216
2743,5486,121.1094,120.5420,109.0034,126.6216
2744,5488,120.9375,120.8496,108.7480,126.0507
2745,5490,121.1094,120.4980,109.0034,126.6216
2746,5492,121.1094,120.7617,109.0034,126.6216
2747,5494,120.9375,120.4761,108.7480,126.0507
2748,5496,120.9375,120.9595,108.7480,126.0507
2749,5498,121.1094,120.7837,109.0034,126.6216
2750,5500,121.1094,120.8716,109.0034,126.6216
2751,5502,121.1094,120.7837,109.0034,126.6216
2752,5504,120.9375,120.7397,108.7480,126.0507
2753,5506,120.9375,120.7178,108.7480,126.0507
2754,5508,121.1094,120.8496,109.0034,126.6216
2755,5510,121.1094,120.8496,109.0034,126.6216
2756,5512,121.1094,120.6299,109.0034,126.6216
2757,5514,121.1094,120.8057,109.0034,126.6216
2758,5516,120.9375,120.7178,108.7480,126.0507
2759,5518,120.9375,120.9595,108.7480,126.0507
2760,5520,121.1094,120.8716,109.0034,126.6216
2761,5522,120.9375,120.7397,108.7480,126.0507
2762,5524,121.1094,120.8276,109.0034,126.6216
2763,5526,120.9375,120.5640,108.7480,126.0507
2764,5528,121.1094,120.9595,109.0034,126.6216
2765,5530,120.9375,120.7178,108.7480,126.0507
2766,5532,120.9375,120.3662,108.7480,126.0507
2767,5534,121.1094,121.1572,109.0034,126.6216
2768,5536,120.9375,120.6299,108.7480,126.0507
2769,5538,121.2812,120.9375,109.2589,127.1900
2770,5540,121.1094,120.8057,109.0034,126.6216
2771,5542,120.9375,120.7397,108.7480,126.0507
2772,5544,121.1094,120.5200,109.0034,126.6216
2773,5546,121.1094,120.9375,109.0034,126.6216
2774,5548,120.9375,120.8716,108.7480,126.0507
2775,5550,121.1094,120.7617,109.0034,126.6216
2776,5552,120.9375,120.9375,108.7480,126.0507
2777,5554,121.1094,120.9375,109.0034,126.6216
2778,5556,121.1094,120.7397,109.0034,126.6216
2779,5558,120.9375,120.6299,108.7480,126.0507
2780,5560,120.7500,120.8276,108.4694,125.4252
2781,5562,120.9375,120.8716,108.7480,126.0507
2782,5564,120.9375,120.6738,108.7480,126.0507
2783,5566,120.9375,120.7617,108.7480,126.0507
2784,5568,121.1094,120.7837,109.0034,126.6216
2785,5570,120.9375,120.7178,108.7480,126.0507
2786,5572,121.1094,120.9375,109.0034,126.6216
2787,5574,120.9375,120.8276,108.7480,126.0507
2788,5576,121.1094,120.8057,109.0034,126.6216
2789,5578,121.1094,120.6738,109.0034,126.6216
2790,5580,121.1094,120.9375,109.0034,126.6216
2791,5582,121.1094,120.6079,109.0034,126.6216
2792,5584,121.1094,120.7397,109.0034,126.6216
2793,5586,121.1094,121.0254,109.0034,126.6216
2794,5588,121.2812,120.8496,109.2589,127.1900
2795,5590,121.1094,120.7397,109.0034,126.6216
2796,5592,121.1094,120.6738,109.0034,126.6216
2797,5594,120.9375,120.3442,108.7480,126.0507
2798,5596,121.1094,120.6958,109.0034,126.6216
2799,5598,120.9375,121.0254,108.7480,126.0507
2800,5600,120.9375,120.7617,108.7480,126.0507
2801,5602,120.9375,120.8057,108.7480,126.0507
2802,5604,120.9375,120.8936,108.7480,126.0507
2803,5606,120.9375,120.6958,108.7480,126.0507
2804,5608,120.9375,120.9814,108.7480,126.0507
2805,5610,120.9375,120.7837,108.7480,126.0507
2806,5612,121.1094,120.6519,109.0034,126.6216
2807,5614,121.1094,120.6738,109.0034,126.6216
2808,5616,121.1094,120.8057,109.0034,126.6216
2809,5618,121.1094,120.5640,109.0034,126.6216
2810,5620,121.1094,120.9814,109.0034,126.6216
2811,5622,120.9375,120.7397,108.7480,126.0507
2812,5624,121.1094,120.8057,109.0034,126.6216
2813,5626,120.9375,120.9155,108.7480,126.0507
2814,5628,121.1094,120.7178,109.0034,126.6216
2815,5630,121.1094,120.8057,109.0034,126.6216
2816,5632,121.1094,120.8276,109.0034,126.6216
2817,5634,120.9375,120.8716,108.7480,126.0507
2818,5636,121.1094,120.6958,109.0034,126.6216
2819,5638,121.1094,120.7397,109.0034,126.6216
2820,5640,121.1094,120.7617,109.0034,126.6216
2821,5642,121.1094,120.7397,109.0034,126.6216
2822,5644,121.1094,120.8716,109.0034,126.6216
2823,5646,120.9375,120.7397,108.7480,126.0507
2824,5648,120.9375,120.6519,108.7480,126.0507
2825,5650,121.1094,120.7178,109.0034,126.6216
2826,5652,121.1094,120.6299,109.0034,126.6216
2827,5654,120.9375,120.6519,108.7480,126.0507
2828,5656,121.1094,120.7837,109.0034,126.6216
2829,5658,120.9375,120.8716,108.7480,126.0507
2830,5660,121.1094,121.2231,109.0034,126.6216
2831,5662,121.1094,121.0913,109.0034,126.6216
2832,5664,121.1094,120.7617,109.0034,126.6216
2833,5666,121.1094,120.5200,109.0034,126.6216
2834,5668,121.1094,120.8716,109.0034,126.6216
2835,5670,120.9375,120.5859,108.7480,126.0507
2836,5672,120.9375,120.6958,108.7480,126.0507
2837,5674,121.1094,120.7178,109.0034,126.6216
2838,5676,121.1094,120.8496,109.0034,126.6216
2839,5678,120.9375,120.4980,108.7480,126.0507
2840,5680,120.9375,120.8496,108.7480,126.0507
2841,5682,121.1094,120.9595,109.0034,126.6216
2842,5684,121.1094,120.5200,109.0034,126.6216
2843,5686,121.1094,120.7837,109.0034,126.6216
2844,5688,120.9375,120.6079,108.7480,126.0507
2845,5690,121.1094,120.6519,109.0034,126.6216
2846,5692,121.1094,120.6738,109.0034,126.6216
2847,5694,121.1094,120.7837,109.0034,126.6216
2848,5696,120.9375,120.8057,108.7480,126.0507
2849,5698,121.1094,120.9814,109.0034,126.6216
2850,5700,121.1094,120.8496,109.0034,126.6216
2851,5702,120.9375,120.4761,108.7480,126.0507
2852,5704,121.1094,120.9375,109.0034,126.6216
2853,5706,121.1094,120.6079,109.0034,126.6216
2854,5708,121.1094,120.8057,109.0034,126.6216
2855,5710,121.1094,120.7837,109.0034,126.6216
2856,5712,121.1094,121.0034,109.0034,126.6216
2857,5714,121.1094,120.8276,109.0034,126.6216
2858,5716,121.1094,120.7617,109.0034,126.6216
2859,5718,121.1094,120.5200,109.0034,126.6216
2860,5720,120.9375,120.7837,108.7480,126.0507
2861,5722,121.1094,120.8716,109.0034,126.6216
2862,5724,121.1094,120.6079,109.0034,126.6216
2863,5726,121.1094,120.7178,109.0034,126.6216
2864,5728,121.1094,120.6958,109.0034,126.6216
2865,5730,121.1094,120.9155,109.0034,126.6216
2866,5732,121.1094,120.6299,109.0034,126.6216
2867,5734,121.1094,120.6738,109.0034,126.6216
2868,5736,121.1094,121.1133,109.0034,126.6216
2869,5738,120.9375,120.7178,108.7480,126.0507
2870,5740,121.1094,120.8496,109.0034,126.6216
2871,5742,120.9375,120.9595,108.7480,126.0507
2872,5744,121.1094,120.8057,109.0034,126.6216
2873,5746,121.1094,120.8057,109.0034,126.6216
2874,5748,121.1094,120.7397,109.0034,126.6216
2875,5750,121.1094,120.8716,109.0034,126.6216
2876,5752,121.1094,120.6738,109.0034,126.6216
2877,5754,121.1094,120.7397,109.0034,126.6216
2878,5756,120.9375,120.8057,108.7480,126.0507
2879,5758,121.1094,120.8057,109.0034,126.6216
2880,5760,121.1094,120.9155,109.0034,126.6216
2881,5762,120.9375,120.8057,108.7480,126.0507
2882,5764,120.9375,120.6299,108.7480,126.0507
2883,5766,121.1094,120.9155,109.0034,126.6216
2884,5768,121.1094,120.8716,109.0034,126.6216
2885,5770,120.9375,120.8276,108.7480,126.0507
2886,5772,121.1094,120.8496,109.0034,126.6216
2887,5774,121.1094,120.7178,109.0034,126.6216
2888,5776,121.1094,120.8276,109.0034,126.6216
2889,5778,121.1094,120.9814,109.0034,126.6216
2890,5780,121.2812,120.8716,109.2589,127.1900
2891,5782,120.9375,120.4980,108.7480,126.0507
2892,5784,121.2812,120.8496,109.2589,127.1900
2893,5786,121.1094,120.9595,109.0034,126.6216
2894,5788,120.9375,120.7617,108.7480,126.0507
2895,5790,121.1094,120.8276,109.0034,126.6216
2896,5792,120.9375,120.9814,108.7480,126.0507
2897,5794,120.9375,120.6958,108.7480,126.0507
2898,5796,120.9375,120.8496,108.7480,126.0507
2899,5798,120.9375,120.8057,108.7480,126.0507
2900,5800,121.1094,120.9155,109.0034,126.6216
2901,5802,120.9375,120.6079,108.7480,126.0507
2902,5804,121.1094,120.5859,109.0034,126.6216
2903,5806,120.9375,120.7397,108.7480,126.0507
2904,5808,121.1094,121.0254,109.0034,126.6216
2905,5810,120.9375,120.5859,108.7480,126.0507
2906,5812,121.1094,120.8057,109.0034,126.6216
2907,5814,121.1094,120.8496,109.0034,126.6216
2908,5816,121.1094,120.8716,109.0034,126.6216
2909,5818,120.9375,120.7617,108.7480,126.0507
2910,5820,120.9375,120.6299,108.7480,126.0507
2911,5822,121.1094,120.6079,109.0034,126.6216
2912,5824,120.9375,120.8936,108.7480,126.0507
2913,5826,121.1094,120.7178,109.0034,126.6216
2914,5828,121.1094,120.7178,109.0034,126.6216
2915,5830,121.1094,120.6958,109.0034,126.6216
2916,5832,120.9375,120.6079,108.7480,126.0507
2917,5834,120.9375,121.0474,108.7480,126.0507
2918,5836,121.1094,120.8276,109.0034,126.6216
2919,5838,121.1094,121.0254,109.0034,126.6216
2920,5840,121.1094,120.7837,109.0034,126.6216
2921,5842,121.2812,121.2012,109.2589,127.1900
2922,5844,121.1094,120.9814,109.0034,126.6216
2923,5846,121.1094,120.9595,109.0034,126.6216
2924,5848,120.9375,120.7617,108.7480,126.0507
2925,5850,121.1094,120.8276,109.0034,126.6216
2926,5852,121.1094,120.6519,109.0034,126.6216
2927,5854,120.9375,120.7837,108.7480,126.0507
2928,5856,121.1094,121.0254,109.0034,126.6216
2929,5858,121.1094,120.6079,109.0034,126.6216
2930,5860,120.9375,120.7837,108.7480,126.0507
2931,5862,121.2812,121.2451,109.2589,127.1900
2932,5864,120.9375,120.5640,108.7480,126.0507
2933,5866,120.9375,120.7837,108.7480,126.0507
2934,5868,121.1094,120.6299,109.0034,126.6216
2935,5870,121.1094,120.8276,109.0034,126.6216
2936,5872,121.1094,120.6079,109.0034,126.6216
2937,5874,121.1094,120.7178,109.0034,126.6216
2938,5876,121.1094,120.8057,109.0034,126.6216
2939,5878,121.1094,120.8057,109.0034,126.6216
2940,5880,121.1094,120.4980,109.0034,126.6216
2941,5882,121.1094,121.0913,109.0034,126.6216
2942,5884,121.1094,120.8276,109.0034,126.6216
2943,5886,121.1094,120.7397,109.0034,126.6216
2944,5888,121.1094,120.7837,109.0034,126.6216
2945,5890,121.1094,121.0474,109.0034,126.6216
2946,5892,120.9375,120.6299,108.7480,126.0507
2947,5894,121.2812,120.8276,109.2589,127.1900
2948,5896,121.1094,120.6519,109.0034,126.6216
2949,5898,120.9375,121.0034,108.7480,126.0507
2950,5900,121.1094,120.7178,109.0034,126.6216
2951,5902,121.1094,120.5200,109.0034,126.6216
2952,5904,121.1094,120.6299,109.0034,126.6216
2953,5906,120.9375,120.6079,108.7480,126.0507
2954,5908,121.1094,120.7397,109.0034,126.6216
2955,5910,121.1094,120.8496,109.0034,126.6216
2956,5912,120.9375,120.7397,108.7480,126.0507
2957,5914,121.1094,120.6519,109.0034,126.6216
2958,5916,121.1094,120.8057,109.0034,126.6216
2959,5918,120.7500,120.4321,108.4694,125.4252
2960,5920,121.1094,121.0254,109.0034,126.6216
2961,5922,121.1094,120.7178,109.0034,126.6216
2962,5924,121.1094,120.8496,109.0034,126.6216
2963,5926,120.9375,120.7397,108.7480,126.0507
2964,5928,121.1094,120.7617,109.0034,126.6216
2965,5930,120.9375,120.9814,108.7480,126.0507
2966,5932,121.1094,120.8936,109.0034,126.6216
2967,5934,120.9375,120.8276,108.7480,126.0507
2968,5936,120.9375,120.9375,108.7480,126.0507
2969,5938,121.1094,120.6958,109.0034,126.6216
2970,5940,120.9375,120.4980,108.7480,126.0507
2971,5942,121.1094,120.8057,109.0034,126.6216
2972,5944,121.1094,120.8276,109.0034,126.6216
2973,5946,121.1094,120.9375,109.0034,126.6216
2974,5948,120.9375,120.8496,108.7480,126.0507
2975,5950,121.1094,120.6519,109.0034,126.6216
2976,5952,120.9375,120.8276,108.7480,126.0507
2977,5954,121.1094,120.9155,109.0034,126.6216
2978,5956,121.1094,120.6738,109.0034,126.6216
2979,5958,120.9375,120.7617,108.7480,126.0507
2980,5960,121.1094,120.9155,109.0034,126.6216
2981,5962,121.2812,120.8057,109.2589,127.1900
2982,5964,120.9375,120.7837,108.7480,126.0507
2983,5966,120.9375,120.6958,108.7480,126.0507
2984,5968,120.9375,120.6519,108.7480,126.0507
2985,5970,121.1094,120.7617,109.0034,126.6216
2986,5972,121.1094,120.9814,109.0034,126.6216
2987,5974,121.1094,120.9375,109.0034,126.6216
2988,5976,121.1094,120.8276,109.0034,126.6216
2989,5978,121.1094,120.7397,109.0034,126.6216
2990,5980,121.1094,120.5859,109.0034,126.6216
2991,5982,121.1094,120.8276,109.0034,126.6216
2992,5984,121.1094,120.5640,109.0034,126.6216
2993,5986,120.9375,120.7397,108.7480,126.0507
2994,5988,120.9375,120.8496,108.7480,126.0507
2995,5990,120.9375,120.8936,108.7480,126.0507
2996,5992,121.1094,120.8057,109.0034,126.6216
2997,5994,121.1094,120.9595,109.0034,126.6216
2998,5996,121.1094,120.9155,109.0034,126.6216
2999,5998,121.1094,120.7617,109.0034,126.6216
3000,6000,121.1094,120.8716,109.0034,126.6216
3001,6002,121.1094,120.6958,109.0034,126.6216
3002,6004,121.2812,121.1133,109.2589,127.1900
3003,6006,121.1094,120.7178,109.0034,126.6216
3004,6008,121.1094,120.7617,109.0034,126.6216
3005,6010,121.1094,120.9155,109.0034,126.6216
3006,6012,121.1094,120.8276,109.0034,126.6216
3007,6014,121.1094,120.8276,109.0034,126.6216
3008,6016,121.1094,120.7837,109.0034,126.6216
3009,6018,120.9375,120.7178,108.7480,126.0507
3010,6020,121.1094,120.7837,109.0034,126.6216
3011,6022,120.9375,120.6958,108.7480,126.0507
3012,6024,121.1094,120.5859,109.0034,126.6216
3013,6026,121.1094,120.9814,109.0034,126.6216
3014,6028,121.1094,120.8936,109.0034,126.6216
3015,6030,121.1094,120.6519,109.0034,126.6216
3016,6032,120.9375,120.5859,108.7480,126.0507
3017,6034,121.1094,120.7617,109.0034,126.6216
3018,6036,121.1094,120.6958,109.0034,126.6216
3019,6038,121.1094,121.0034,109.0034,126.6216
3020,6040,121.1094,120.8276,109.0034,126.6216
3021,6042,120.9375,120.7837,108.7480,126.0507
3022,6044,120.9375,120.9595,108.7480,126.0507
3023,6046,120.9375,120.9155,108.7480,126.0507
3024,6048,120.9375,120.6519,108.7480,126.0507
3025,6050,121.1094,120.8716,109.0034,126.6216
3026,6052,120.9375,120.7837,108.7480,126.0507
3027,6054,120.9375,120.4541,108.7480,126.0507
3028,6056,120.9375,120.7837,108.7480,126.0507
3029,6058,121.1094,120.5200,109.0034,126.6216
3030,6060,121.1094,120.5420,109.0034,126.6216
3031,6062,120.9375,120.4321,108.7480,126.0507
3032,6064,120.9375,120.7837,108.7480,126.0507
3033,6066,121.1094,120.7397,109.0034,126.6216
3034,6068,121.1094,120.7397,109.0034,126.6216
3035,6070,121.1094,120.8057,109.0034,126.6216
3036,6072,120.9375,120.7837,108.7480,126.0507
3037,6074,121.1094,121.0034,109.0034,126.6216
3038,6076,121.1094,120.8716,109.0034,126.6216
3039,6078,121.1094,120.8936,109.0034,126.6216
3040,6080,121.1094,120.9375,109.0034,126.6216
3041,6082,121.1094,120.7617,109.0034,126.6216
3042,6084,121.1094,120.7178,109.0034,126.6216
3043,6086,121.1094,120.7397,109.0034,126.6216
3044,6088,121.1094,120.5200,109.0034,126.6216
3045,6090,121.1094,120.7397,109.0034,126.6216
3046,6092,121.2812,120.8936,109.2589,127.1900
3047,6094,121.1094,120.8936,109.0034,126.6216
3048,6096,121.1094,121.0474,109.0034,126.6216
3049,6098,121.1094,120.7397,109.0034,126.6216
3050,6100,121.1094,120.9155,109.0034,126.6216
3051,6102,121.1094,120.8276,109.0034,126.6216
3052,6104,121.1094,120.7397,109.0034,126.6216
3053,6106,121.1094,120.9375,109.0034,126.6216
3054,6108,121.1094,120.6738,109.0034,126.6216
3055,6110,120.9375,120.8276,108.7480,126.0507
3056,6112,121.1094,120.8057,109.0034,126.6216
3057,6114,121.1094,120.6958,109.0034,126.6216
3058,6116,121.1094,120.8496,109.0034,126.6216
3059,6118,121.1094,120.6958,109.0034,126.6216
3060,6120,121.1094,120.5640,109.0034,126.6216
3061,6122,121.1094,120.7837,109.0034,126.6216
3062,6124,121.1094,120.9375,109.0034,126.6216
3063,6126,120.9375,120.9595,108.7480,126.0507
3064,6128,121.1094,120.6958,109.0034,126.6216
3065,6130,120.9375,120.9155,108.7480,126.0507
3066,6132,121.1094,120.6519,109.0034,126.6216
3067,6134,121.1094,120.5640,109.0034,126.6216
3068,6136,121.1094,121.0474,109.0034,126.6216
3069,6138,121.2812,120.7178,109.2589,127.1900
3070,6140,121.1094,120.6079,109.0034,126.6216
3071,6142,121.1094,120.7178,109.0034,126.6216
3072,6144,121.1094,120.7178,109.0034,126.6216
3073,6146,121.1094,120.8496,109.0034,126.6216
3074,6148,120.9375,120.9375,108.7480,126.0507
3075,6150,121.1094,121.0474,109.0034,126.6216
3076,6152,121.1094,120.6738,109.0034,126.6216
3077,6154,121.1094,120.8496,109.0034,126.6216
3078,6156,121.1094,120.6519,109.0034,126.6216
3079,6158,121.1094,120.8057,109.0034,126.6216
3080,6160,121.2812,120.7397,109.2589,127.1900
3081,6162,121.1094,120.7837,109.0034,126.6216
3082,6164,121.1094,120.8276,109.0034,126.6216
3083,6166,120.9375,120.5859,108.7480,126.0507
3084,6168,121.1094,120.6299,109.0034,126.6216
3085,6170,120.9375,120.6079,108.7480,126.0507
3086,6172,120.9375,120.7617,108.7480,126.0507
3087,6174,120.9375,120.7617,108.7480,126.0507
3088,6176,121.1094,121.0474,109.0034,126.6216
3089,6178,121.1094,120.8057,109.0034,126.6216
3090,6180,121.1094,121.0693,109.0034,126.6216
3091,6182,121.1094,120.5859,109.0034,126.6216
3092,6184,120.9375,120.4321,108.7480,126.0507
3093,6186,121.1094,120.8276,109.0034,126.6216
3094,6188,120.9375,120.9375,108.7480,126.0507
3095,6190,120.9375,120.8936,108.7480,126.0507
3096,6192,121.2812,120.6519,109.2589,127.1900
3097,6194,121.1094,120.7397,109.0034,126.6216
3098,6196,120.9375,120.6738,108.7480,126.0507
3099,6198,120.9375,120.9375,108.7480,126.0507
3100,6200,120.9375,120.9155,108.7480,126.0507
3101,6202,120.9375,120.8716,108.7480,126.0507
3102,6204,120.9375,120.9375,108.7480,126.0507
3103,6206,120.7500,120.5859,108.4694,125.4252
3104,6208,121.1094,120.7837,109.0034,126.6216
3105,6210,120.9375,120.9155,108.7480,126.0507
3106,6212,120.9375,120.6519,108.7480,126.0507
3107,6214,120.9375,120.8496,108.7480,126.0507
3108,6216,120.9375,120.7837,108.7480,126.0507
3109,6218,121.1094,120.9595,109.0034,126.6216
3110,6220,120.9375,120.6079,108.7480,126.0507
3111,6222,120.9375,120.7178,108.7480,126.0507
3112,6224,121.2812,121.2012,109.2589,127.1900
3113,6226,120.9375,120.9595,108.7480,126.0507
3114,6228,121.1094,120.9595,109.0034,126.6216
3115,6230,120.9375,120.9155,108.7480,126.0507
3116,6232,120.9375,120.7178,108.7480,126.0507
3117,6234,120.9375,120.6519,108.7480,126.0507
3118,6236,120.9375,120.8496,108.7480,126.0507
3119,6238,121.1094,121.0034,109.0034,126.6216
3120,6240,121.1094,120.7178,109.0034,126.6216
3121,6242,121.1094,120.8057,109.0034,126.6216
3122,6244,121.1094,121.0913,109.0034,126.6216
3123,6246,121.1094,120.8496,109.0034,126.6216
3124,6248,121.1094,120.8057,109.0034,126.6216
3125,6250,121.1094,120.7617,109.0034,126.6216
3126,6252,121.1094,121.0913,109.0034,126.6216
3127,6254,120.9375,120.9375,108.7480,126.0507
3128,6256,121.1094,121.0474,109.0034,126.6216
3129,6258,121.1094,120.9375,109.0034,126.6216
3130,6260,120.9375,120.7837,108.7480,126.0507
3131,6262,120.9375,120.6738,108.7480,126.0507
3132,6264,120.9375,120.9155,108.7480,126.0507
3133,6266,120.9375,120.8936,108.7480,126.0507
3134,6268,121.1094,120.8936,109.0034,126.6216
3135,6270,121.1094,120.7617,109.0034,126.6216
3136,6272,121.1094,120.6519,109.0034,126.6216
3137,6274,121.1094,120.8716,109.0034,126.6216
3138,6276,121.1094,120.7397,109.0034,126.6216
3139,6278,121.1094,120.8496,109.0034,126.6216
3140,6280,120.9375,120.3882,108.7480,126.0507
3141,6282,121.1094,120.6299,109.0034,126.6216
3142,6284,121.1094,120.9814,109.0034,126.6216
3143,6286,121.1094,120.6519,109.0034,126.6216
3144,6288,121.1094,121.1353,109.0034,126.6216
3145,6290,120.9375,120.8496,108.7480,126.0507
3146,6292,120.9375,120.7837,108.7480,126.0507
3147,6294,120.9375,120.5640,108.7480,126.0507
3148,6296,120.9375,120.6958,108.7480,126.0507
3149,6298,120.9375,120.4541,108.7480,126.0507
3150,6300,120.9375,120.4102,108.7480,126.0507
3151,6302,121.1094,120.7397,109.0034,126.6216
3152,6304,121.1094,120.8057,109.0034,126.6216
3153,6306,121.1094,120.7617,109.0034,126.6216
3154,6308,120.9375,120.9155,108.7480,126.0507
3155,6310,121.1094,120.8057,109.0034,126.6216
3156,6312,120.9375,120.6738,108.7480,126.0507
3157,6314,121.1094,120.7617,109.0034,126.6216
3158,6316,121.1094,120.9375,109.0034,126.6216
3159,6318,121.1094,120.6738,109.0034,126.6216
3160,6320,121.1094,120.8276,109.0034,126.6216
3161,6322,121.1094,120.7397,109.0034,126.6216
3162,6324,120.9375,120.8276,108.7480,126.0507
3163,6326,120.9375,120.7178,108.7480,126.0507
3164,6328,120.9375,120.6738,108.7480,126.0507
3165,6330,121.1094,120.6079,109.0034,126.6216
3166,6332,121.1094,120.6738,109.0034,126.6216
3167,6334,120.9375,120.7178,108.7480,126.0507
3168,6336,121.1094,120.8936,109.0034,126.6216
3169,6338,121.1094,120.8716,109.0034,126.6216
3170,6340,120.9375,121.0254,108.7480,126.0507
3171,6342,120.9375,120.9375,108.7480,126.0507
3172,6344,121.1094,120.9155,109.0034,126.6216
3173,6346,121.1094,120.8276,109.0034,126.6216
3174,6348,120.9375,121.0034,108.7480,126.0507
3175,6350,120.9375,120.6519,108.7480,126.0507
3176,6352,120.9375,120.4321,108.7480,126.0507
3177,6354,120.9375,120.8936,108.7480,126.0507
3178,6356,120.9375,120.6079,108.7480,126.0507
3179,6358,120.9375,120.8936,108.7480,126.0507
3180,6360,121.1094,120.8276,109.0034,126.6216
3181,6362,120.9375,120.5200,108.7480,126.0507
3182,6364,121.1094,120.7397,109.0034,126.6216
3183,6366,121.1094,120.7617,109.0034,126.6216
3184,6368,121.1094,120.6958,109.0034,126.6216
3185,6370,120.9375,120.7837,108.7480,126.0507
3186,6372,120.9375,120.4541,108.7480,126.0507
3187,6374,121.1094,120.6519,109.0034,126.6216
3188,6376,121.1094,120.7617,109.0034,126.6216
3189,6378,120.9375,120.4980,108.7480,126.0507
3190,6380,120.9375,120.6738,108.7480,126.0507
3191,6382,120.9375,120.7617,108.7480,126.0507
3192,6384,121.1094,120.9375,109.0034,126.6216
3193,6386,120.9375,120.4541,108.7480,126.0507
3194,6388,121.1094,120.7397,109.0034,126.6216
3195,6390,121.1094,120.7178,109.0034,126.6216
3196,6392,121.1094,120.7617,109.0034,126.6216
3197,6394,120.9375,120.8057,108.7480,126.0507
3198,6396,120.7500,120.6738,108.4694,125.4252
3199,6398,120.9375,120.8276,108.7480,126.0507
3200,6400,121.1094,120.9375,109.0034,126.6216
3201,6402,121.1094,120.7397,109.0034,126.6216
3202,6404,121.1094,120.6738,109.0034,126.6216
3203,6406,121.1094,120.6079,109.0034,126.6216
3204,6408,120.9375,120.8496,108.7480,126.0507
3205,6410,120.9375,120.7837,108.7480,126.0507
3206,6412,121.2812,120.9595,109.2589,127.1900
3207,6414,121.2812,120.8057,109.2589,127.1900
3208,6416,121.1094,121.0034,109.0034,126.6216
3209,6418,121.1094,120.9595,109.0034,126.6216
3210,6420,121.1094,121.1133,109.0034,126.6216
3211,6422,121.1094,120.6079,109.0034,126.6216
3212,6424,120.9375,120.7397,108.7480,126.0507
3213,6426,120.9375,120.5420,108.7480,126.0507
3214,6428,120.9375,120.8057,108.7480,126.0507
3215,6430,121.1094,120.6958,109.0034,126.6216
3216,6432,121.1094,120.7397,109.0034,126.6216
3217,6434,120.9375,120.8496,108.7480,126.0507
3218,6436,121.1094,120.9814,109.0034,126.6216
3219,6438,121.2812,120.8716,109.2589,127.1900
3220,6440,121.1094,120.8496,109.0034,126.6216
3221,6442,120.9375,120.5640,108.7480,126.0507
3222,6444,121.1094,121.0034,109.0034,126.6216
3223,6446,120.7500,120.6299,108.4694,125.4252
3224,6448,121.1094,120.6299,109.0034,126.6216
3225,6450,120.9375,120.5640,108.7480,126.0507
3226,6452,120.9375,120.7617,108.7480,126.0507
3227,6454,121.1094,120.9155,109.0034,126.6216
3228,6456,121.1094,121.0034,109.0034,126.6216
3229,6458,121.1094,120.8057,109.0034,126.6216
3230,6460,120.9375,120.6738,108.7480,126.0507
3231,6462,120.9375,120.8276,108.7480,126.0507
3232,6464,120.9375,120.7397,108.7480,126.0507
3233,6466,121.1094,120.9814,109.0034,126.6216
3234,6468,120.9375,120.6958,108.7480,126.0507
3235,6470,120.9375,120.6738,108.7480,126.0507
3236,6472,121.1094,120.6079,109.0034,126.6216
3237,6474,121.1094,120.7178,109.0034,126.6216
3238,6476,121.1094,120.6079,109.0034,126.6216
3239,6478,121.1094,120.7397,109.0034,126.6216
3240,6480,121.1094,120.8276,109.0034,126.6216
3241,6482,120.7500,120.4321,108.4694,125.4252
3242,6484,121.1094,120.7397,109.0034,126.6216
3243,6486,121.2812,120.7178,109.2589,127.1900
3244,6488,120.7500,120.3003,108.4694,125.4252
3245,6490,120.9375,120.7178,108.7480,126.0507
3246,6492,121.1094,120.8057,109.0034,126.6216
3247,6494,120.9375,120.8496,108.7480,126.0507
3248,6496,121.1094,120.5420,109.0034,126.6216
3249,6498,121.1094,120.8936,109.0034,126.6216
3250,6500,120.9375,120.8057,108.7480,126.0507
3251,6502,121.1094,120.8276,109.0034,126.6216
3252,6504,120.9375,120.7397,108.7480,126.0507
3253,6506,120.9375,120.7397,108.7480,126.0507
3254,6508,120.9375,120.8057,108.7480,126.0507
3255,6510,120.9375,120.7178,108.7480,126.0507
3256,6512,121.1094,120.7178,109.0034,126.6216
3257,6514,121.1094,120.8276,109.0034,126.6216
3258,6516,121.1094,120.5420,109.0034,126.6216
3259,6518,120.9375,120.2783,108.7480,126.0507
3260,6520,121.1094,120.9595,109.0034,126.6216
3261,6522,121.1094,120.7617,109.0034,126.6216
3262,6524,120.9375,120.6519,108.7480,126.0507
3263,6526,121.1094,120.8936,109.0034,126.6216
3264,6528,120.9375,120.6079,108.7480,126.0507
3265,6530,121.1094,120.6958,109.0034,126.6216
3266,6532,121.1094,120.8057,109.0034,126.6216
3267,6534,120.9375,120.8716,108.7480,126.0507
3268,6536,121.1094,120.8057,109.0034,126.6216
3269,6538,121.1094,120.7397,109.0034,126.6216
3270,6540,121.1094,120.9375,109.0034,126.6216
3271,6542,121.1094,120.7178,109.0034,126.6216
3272,6544,121.1094,120.5859,109.0034,126.6216
3273,6546,121.1094,120.8936,109.0034,126.6216
3274,6548,121.1094,121.0254,109.0034,126.6216
3275,6550,120.9375,120.4321,108.7480,126.0507
3276,6552,120.9375,120.6958,108.7480,126.0507
3277,6554,120.7500,120.6079,108.4694,125.4252
3278,6556,121.1094,120.8276,109.0034,126.6216
3279,6558,120.9375,120.8716,108.7480,126.0507
3280,6560,120.9375,120.8936,108.7480,126.0507
3281,6562,121.1094,120.8496,109.0034,126.6216
3282,6564,120.9375,120.4761,108.7480,126.0507
3283,6566,121.1094,120.5200,109.0034,126.6216
3284,6568,121.1094,120.7617,109.0034,126.6216
3285,6570,121.1094,120.8057,109.0034,126.6216
3286,6572,120.9375,120.8936,108.7480,126.0507
3287,6574,120.9375,120.8496,108.7480,126.0507
3288,6576,121.1094,120.9375,109.0034,126.6216
3289,6578,121.1094,121.0913,109.0034,126.6216
3290,6580,121.1094,121.0254,109.0034,126.6216
3291,6582,121.1094,120.7837,109.0034,126.6216
3292,6584,121.1094,120.6958,109.0034,126.6216
3293,6586,121.1094,120.8496,109.0034,126.6216
3294,6588,120.9375,120.6079,108.7480,126.0507
3295,6590,121.1094,120.6079,109.0034,126.6216
3296,6592,121.1094,120.8496,109.0034,126.6216
3297,6594,121.1094,120.7837,109.0034,126.6216
3298,6596,121.1094,120.7617,109.0034,126.6216
3299,6598,121.1094,121.0913,109.0034,126.6216
3300,6600,121.1094,121.0474,109.0034,126.6216
3301,6602,120.9375,120.7397,108.7480,126.0507
3302,6604,120.9375,121.0034,108.7480,126.0507
3303,6606,120.9375,120.9375,108.7480,126.0507
3304,6608,121.1094,120.6519,109.0034,126.6216
3305,6610,120.9375,120.7178,108.7480,126.0507
3306,6612,121.1094,120.7397,109.0034,126.6216
3307,6614,121.1094,120.8496,109.0034,126.6216
3308,6616,121.1094,120.6079,109.0034,126.6216
3309,6618,120.9375,120.7397,108.7480,126.0507
3310,6620,121.1094,120.7397,109.0034,126.6216
3311,6622,121.1094,120.8057,109.0034,126.6216
3312,6624,121.1094,120.7837,109.0034,126.6216
3313,6626,121.1094,120.9375,109.0034,126.6216
3314,6628,121.1094,120.8496,109.0034,126.6216
3315,6630,121.1094,120.7397,109.0034,126.6216
3316,6632,121.1094,120.8276,109.0034,126.6216
3317,6634,121.1094,120.7397,109.0034,126.6216
3318,6636,121.1094,120.9375,109.0034,126.6216
3319,6638,121.1094,120.7397,109.0034,126.6216
3320,6640,120.9375,120.7397,108.7480,126.0507
3321,6642,121.1094,120.9595,109.0034,126.6216
3322,6644,121.1094,120.8057,109.0034,126.6216
3323,6646,121.1094,120.8276,109.0034,126.6216
3324,6648,120.9375,120.8936,108.7480,126.0507
3325,6650,121.1094,120.5640,109.0034,126.6216
3326,6652,120.9375,120.4541,108.7480,126.0507
3327,6654,120.9375,120.8496,108.7480,126.0507
3328,6656,120.9375,120.5420,108.7480,126.0507
3329,6658,120.9375,120.7837,108.7480,126.0507
3330,6660,121.1094,120.8716,109.0034,126.6216
3331,6662,121.1094,120.6958,109.0034,126.6216
3332,6664,121.1094,120.6299,109.0034,126.6216
3333,6666,121.1094,120.9595,109.0034,126.6216
3334,6668,121.1094,120.7617,109.0034,126.6216
3335,6670,121.1094,120.7178,109.0034,126.6216
3336,6672,121.1094,120.7397,109.0034,126.6216
3337,6674,121.1094,120.7617,109.0034,126.6216
3338,6676,121.1094,120.9595,109.0034,126.6216
3339,6678,121.1094,120.6958,109.0034,126.6216
3340,6680,121.1094,120.8057,109.0034,126.6216
3341,6682,121.1094,120.7617,109.0034,126.6216
3342,6684,120.9375,120.6738,108.7480,126.0507
3343,6686,121.1094,120.6958,109.0034,126.6216
3344,6688,120.9375,120.4102,108.7480,126.0507
3345,6690,121.1094,120.6519,109.0034,126.6216
3346,6692,121.1094,120.7837,109.0034,126.6216
3347,6694,120.9375,120.8496,108.7480,126.0507
3348,6696,121.1094,120.7837,109.0034,126.6216
3349,6698,121.1094,121.0254,109.0034,126.6216
3350,6700,121.1094,120.8936,109.0034,126.6216
3351,6702,121.1094,120.5859,109.0034,126.6216
3352,6704,120.9375,120.5859,108.7480,126.0507
3353,6706,121.1094,120.6299,109.0034,126.6216
3354,6708,121.1094,120.8057,109.0034,126.6216
3355,6710,121.1094,120.9155,109.0034,126.6216
3356,6712,121.2812,120.8716,109.2589,127.1900
3357,6714,120.9375,120.8276,108.7480,126.0507
3358,6716,121.1094,120.7178,109.0034,126.6216
3359,6718,121.1094,120.8936,109.0034,126.6216
3360,6720,121.1094,120.9155,109.0034,126.6216
3361,6722,120.9375,120.9375,108.7480,126.0507
3362,6724,121.1094,120.6079,109.0034,126.6216
3363,6726,120.9375,120.6738,108.7480,126.0507
3364,6728,121.2812,120.8716,109.2589,127.1900
3365,6730,121.1094,121.1353,109.0034,126.6216
3366,6732,121.1094,120.6738,109.0034,126.6216
3367,6734,121.1094,121.0254,109.0034,126.6216
3368,6736,121.1094,120.5859,109.0034,126.6216
3369,6738,121.1094,120.6738,109.0034,126.6216
3370,6740,120.9375,120.8057,108.7480,126.0507
3371,6742,121.1094,120.8936,109.0034,126.6216
3372,6744,121.1094,120.7837,109.0034,126.6216
3373,6746,120.9375,120.8276,108.7480,126.0507
3374,6748,121.1094,120.6958,109.0034,126.6216
3375,6750,121.1094,120.8276,109.0034,126.6216
3376,6752,120.9375,120.5420,108.7480,126.0507
3377,6754,121.1094,120.9814,109.0034,126.6216
3378,6756,120.9375,120.6519,108.7480,126.0507
3379,6758,121.1094,120.6299,109.0034,126.6216
3380,6760,121.1094,120.9155,109.0034,126.6216
3381,6762,121.1094,120.6519,109.0034,126.6216
3382,6764,120.9375,120.7617,108.7480,126.0507
3383,6766,120.9375,120.5420,108.7480,126.0507
3384,6768,121.1094,120.8716,109.0034,126.6216
3385,6770,121.1094,120.9155,109.0034,126.6216
3386,6772,121.1094,120.5420,109.0034,126.6216
3387,6774,121.1094,120.6958,109.0034,126.6216
3388,6776,121.1094,120.5200,109.0034,126.6216
3389,6778,121.1094,120.6958,109.0034,126.6216
3390,6780,121.1094,120.6079,109.0034,126.6216
3391,6782,120.9375,120.6519,108.7480,126.0507
3392,6784,121.1094,120.8276,109.0034,126.6216
3393,6786,121.2812,120.7837,109.2589,127.1900
3394,6788,121.1094,120.6299,109.0034,126.6216
3395,6790,120.9375,120.7837,108.7480,126.0507
3396,6792,121.1094,120.6519,109.0034,126.6216
3397,6794,121.1094,120.9375,109.0034,126.6216
3398,6796,120.9375,120.8057,108.7480,126.0507
3399,6798,120.9375,120.7397,108.7480,126.0507
3400,6800,121.1094,120.8276,109.0034,126.6216
3401,6802,120.7500,120.6299,108.4694,125.4252
3402,6804,121.1094,120.7397,109.0034,126.6216
3403,6806,120.9375,120.9375,108.7480,126.0507
3404,6808,121.1094,121.0254,109.0034,126.6216
3405,6810,120.9375,120.8057,108.7480,126.0507
3406,6812,120.9375,120.8276,108.7480,126.0507
3407,6814,121.1094,120.8276,109.0034,126.6216
3408,6816,121.1094,120.6519,109.0034,126.6216
3409,6818,121.1094,120.7617,109.0034,126.6216
3410,6820,121.1094,120.6519,109.0034,126.6216
3411,6822,121.1094,120.7617,109.0034,126.6216
3412,6824,120.9375,120.4761,108.7480,126.0507
3413,6826,120.9375,120.6079,108.7480,126.0507
3414,6828,120.9375,120.5200,108.7480,126.0507
3415,6830,121.1094,120.8936,109.0034,126.6216
3416,6832,121.1094,120.6958,109.0034,126.6216
3417,6834,121.1094,120.9375,109.0034,126.6216
3418,6836,120.9375,120.8276,108.7480,126.0507
3419,6838,120.9375,120.6958,108.7480,126.0507
3420,6840,121.1094,120.6299,109.0034,126.6216
3421,6842,121.1094,120.9155,109.0034,126.6216
3422,6844,121.1094,120.5200,109.0034,126.6216
3423,6846,121.1094,120.7617,109.0034,126.6216
3424,6848,121.1094,120.7617,109.0034,126.6216
3425,6850,121.2812,120.8276,109.2589,127.1900
3426,6852,120.9375,120.8496,108.7480,126.0507
3427,6854,120.9375,120.8496,108.7480,126.0507
3428,6856,121.1094,120.6519,109.0034,126.6216
3429,6858,120.9375,120.9595,108.7480,126.0507
3430,6860,120.9375,120.8496,108.7480,126.0507
3431,6862,120.9375,120.7617,108.7480,126.0507
3432,6864,120.9375,120.7837,108.7480,126.0507
3433,6866,120.9375,120.7178,108.7480,126.0507
3434,6868,121.1094,120.7178,109.0034,126.6216
3435,6870,121.1094,120.8276,109.0034,126.6216
3436,6872,121.1094,120.8716,109.0034,126.6216
3437,6874,120.9375,120.7837,108.7480,126.0507
3438,6876,120.9375,120.4102,108.7480,126.0507
3439,6878,121.1094,120.5859,109.0034,126.6216
3440,6880,120.9375,120.5200,108.7480,126.0507
3441,6882,121.1094,120.7397,109.0034,126.6216
3442,6884,120.9375,120.8057,108.7480,126.0507
3443,6886,121.1094,121.0913,109.0034,126.6216
3444,6888,120.9375,120.7617,108.7480,126.0507
3445,6890,120.9375,120.5420,108.7480,126.0507
3446,6892,121.1094,120.7617,109.0034,126.6216
3447,6894,121.2812,120.7397,109.2589,127.1900
3448,6896,121.1094,120.6738,109.0034,126.6216
3449,6898,121.1094,120.8276,109.0034,126.6216
3450,6900,120.9375,120.8496,108.7480,126.0507
3451,6902,121.1094,120.5640,109.0034,126.6216
3452,6904,120.9375,120.5420,108.7480,126.0507
3453,6906,120.9375,120.7837,108.7480,126.0507
3454,6908,120.9375,120.5640,108.7480,126.0507
3455,6910,121.1094,120.9155,109.0034,126.6216
3456,6912,120.9375,120.8496,108.7480,126.0507
3457,6914,120.9375,120.9375,108.7480,126.0507
3458,6916,120.9375,120.6519,108.7480,126.0507
3459,6918,121.1094,121.0693,109.0034,126.6216
3460,6920,120.9375,120.8057,108.7480,126.0507
3461,6922,120.9375,120.6079,108.7480,126.0507
3462,6924,120.9375,120.5200,108.7480,126.0507
3463,6926,120.9375,120.7178,108.7480,126.0507
3464,6928,120.9375,120.6738,108.7480,126.0507
3465,6930,121.1094,120.9595,109.0034,126.6216
3466,6932,121.1094,120.6958,109.0034,126.6216
3467,6934,120.9375,120.8276,108.7480,126.0507
3468,6936,121.1094,120.8716,109.0034,126.6216
3469,6938,120.9375,120.9814,108.7480,126.0507
3470,6940,121.1094,120.8276,109.0034,126.6216
3471,6942,120.9375,120.6738,108.7480,126.0507
3472,6944,120.9375,120.8496,108.7480,126.0507
3473,6946,120.9375,120.7617,108.7480,126.0507
3474,6948,121.1094,120.9595,109.0034,126.6216
3475,6950,120.9375,120.7397,108.7480,126.0507
3476,6952,121.1094,121.0254,109.0034,126.6216
3477,6954,121.1094,120.8936,109.0034,126.6216
3478,6956,120.9375,120.7837,108.7480,126.0507
3479,6958,120.9375,120.4321,108.7480,126.0507
3480,6960,120.9375,120.6738,108.7480,126.0507
3481,6962,120.9375,120.8276,108.7480,126.0507
3482,6964,121.1094,120.9595,109.0034,126.6216
3483,6966,121.1094,120.9595,109.0034,126.6216
3484,6968,121.1094,120.7397,109.0034,126.6216
3485,6970,121.1094,120.9155,109.0034,126.6216
3486,6972,120.9375,120.7837,108.7480,126.0507
3487,6974,121.1094,120.8716,109.0034,126.6216
3488,6976,121.1094,120.9155,109.0034,126.6216
3489,6978,120.9375,120.3223,108.7480,126.0507
3490,6980,121.1094,120.8936,109.0034,126.6216
3491,6982,121.1094,120.9375,109.0034,126.6216
3492,6984,121.1094,120.7837,109.0034,126.6216
3493,6986,121.2812,120.9814,109.2589,127.1900
3494,6988,121.1094,120.9375,109.0034,126.6216
3495,6990,121.1094,120.8276,109.0034,126.6216
3496,6992,120.9375,120.6958,108.7480,126.0507
3497,6994,120.9375,120.6079,108.7480,126.0507
3498,6996,120.9375,120.6299,108.7480,126.0507
3499,6998,121.1094,120.8936,109.0034,126.6216
3500,7000,121.1094,120.6738,109.0034,126.6216
3501,7002,120.9375,120.8276,108.7480,126.0507
3502,7004,121.1094,120.9155,109.0034,126.6216
3503,7006,121.1094,120.9375,109.0034,126.6216
3504,7008,121.1094,120.6519,109.0034,126.6216
3505,7010,120.9375,120.5859,108.7480,126.0507
3506,7012,121.1094,120.8716,109.0034,126.6216
3507,7014,121.1094,120.9155,109.0034,126.6216
3508,7016,121.1094,120.8936,109.0034,126.6216
3509,7018,121.1094,120.8057,109.0034,126.6216
3510,7020,121.1094,120.7178,109.0034,126.6216
3511,7022,121.1094,120.6738,109.0034,126.6216
3512,7024,120.9375,120.6079,108.7480,126.0507
3513,7026,120.9375,120.6738,108.7480,126.0507
3514,7028,121.2812,121.3330,109.2589,127.1900
3515,7030,121.1094,120.7397,109.0034,126.6216
3516,7032,120.9375,120.6738,108.7480,126.0507
3517,7034,120.9375,120.8496,108.7480,126.0507
3518,7036,121.1094,121.0254,109.0034,126.6216
3519,7038,121.1094,120.5640,109.0034,126.6216
3520,7040,121.1094,120.6958,109.0034,126.6216
3521,7042,121.1094,121.0034,109.0034,126.6216
3522,7044,121.1094,121.0254,109.0034,126.6216
3523,7046,120.9375,120.8057,108.7480,126.0507
3524,7048,120.9375,121.0034,108.7480,126.0507
3525,7050,121.1094,120.7837,109.0034,126.6216
3526,7052,121.1094,120.7397,109.0034,126.6216
3527,7054,120.9375,120.8057,108.7480,126.0507
3528,7056,120.9375,120.8057,108.7480,126.0507
3529,7058,120.9375,120.8496,108.7480,126.0507
3530,7060,121.1094,120.8496,109.0034,126.6216
3531,7062,121.1094,121.0693,109.0034,126.6216
3532,7064,120.9375,120.8057,108.7480,126.0507
3533,7066,120.9375,120.9375,108.7480,126.0507
3534,7068,120.9375,120.7397,108.7480,126.0507
3535,7070,120.9375,120.6079,108.7480,126.0507
3536,7072,120.9375,120.8716,108.7480,126.0507
3537,7074,121.1094,120.9595,109.0034,126.6216
3538,7076,121.1094,120.8276,109.0034,126.6216
3539,7078,121.1094,121.0913,109.0034,126.6216
3540,7080,120.9375,120.6519,108.7480,126.0507
3541,7082,121.1094,120.6519,109.0034,126.6216
3542,7084,120.9375,121.0034,108.7480,126.0507
3543,7086,121.1094,120.7837,109.0034,126.6216
3544,7088,121.1094,120.6738,109.0034,126.6216
3545,7090,121.1094,120.6958,109.0034,126.6216
3546,7092,121.1094,120.7617,109.0034,126.6216
3547,7094,120.9375,120.7617,108.7480,126.0507
3548,7096,120.9375,120.7397,108.7480,126.0507
3549,7098,120.9375,120.4761,108.7480,126.0507
3550,7100,121.1094,120.7837,109.0034,126.6216
3551,7102,121.1094,120.8057,109.0034,126.6216
3552,7104,121.1094,120.6738,109.0034,126.6216
3553,7106,121.1094,120.7397,109.0034,126.6216
3554,7108,121.1094,121.0693,109.0034,126.6216
3555,7110,121.1094,120.7397,109.0034,126.6216
3556,7112,121.1094,120.9375,109.0034,126.6216
3557,7114,120.9375,120.6299,108.7480,126.0507
3558,7116,121.1094,120.9814,109.0034,126.6216
3559,7118,121.2812,120.8496,109.2589,127.1900
3560,7120,121.1094,120.8496,109.0034,126.6216
3561,7122,121.1094,120.6299,109.0034,126.6216
3562,7124,121.1094,120.7617,109.0034,126.6216
3563,7126,121.1094,120.7178,109.0034,126.6216
3564,7128,121.1094,120.6958,109.0034,126.6216
3565,7130,121.1094,120.9155,109.0034,126.6216
3566,7132,121.1094,120.6519,109.0034,126.6216
3567,7134,121.1094,120.6738,109.0034,126.6216
3568,7136,121.1094,120.5859,109.0034,126.6216
3569,7138,121.1094,120.5640,109.0034,126.6216
3570,7140,121.1094,120.9595,109.0034,126.6216
3571,7142,121.1094,120.6738,109.0034,126.6216
3572,7144,120.9375,120.9595,108.7480,126.0507
3573,7146,121.1094,120.6519,109.0034,126.6216
3574,7148,120.9375,120.8496,108.7480,126.0507
3575,7150,120.9375,120.9814,108.7480,126.0507
3576,7152,121.1094,120.6958,109.0034,126.6216
3577,7154,121.1094,120.9595,109.0034,126.6216
3578,7156,121.1094,120.7397,109.0034,126.6216
3579,7158,121.1094,120.7617,109.0034,126.6216
3580,7160,120.9375,120.7837,108.7480,126.0507
3581,7162,121.1094,120.6299,109.0034,126.6216
3582,7164,121.2812,121.2012,109.2589,127.1900
3583,7166,121.1094,120.8936,109.0034,126.6216
3584,7168,121.1094,120.6958,109.0034,126.6216
3585,7170,121.1094,120.9595,109.0034,126.6216
3586,7172,121.1094,120.7617,109.0034,126.6216
3587,7174,121.1094,120.8716,109.0034,126.6216
3588,7176,121.1094,120.7837,109.0034,126.6216
3589,7178,121.1094,120.6299,109.0034,126.6216
3590,7180,121.1094,120.7837,109.0034,126.6216
3591,7182,121.1094,120.7837,109.0034,126.6216
3592,7184,121.1094,120.8936,109.0034,126.6216
3593,7186,121.1094,120.7617,109.0034,126.6216
3594,7188,121.1094,120.6079,109.0034,126.6216
3595,7190,120.9375,120.7178,108.7480,126.0507
3596,7192,121.1094,120.7617,109.0034,126.6216
3597,7194,121.1094,120.7397,109.0034,126.6216
3598,7196,121.1094,120.8936,109.0034,126.6216
3599,7198,121.1094,120.6958,109.0034,126.6216
3600,7200,121.1094,120.9155,109.0034,126.6216
3601,7202,121.1094,120.4980,109.0034,126.6216
3602,7204,121.1094,120.7837,109.0034,126.6216
3603,7206,121.1094,120.5859,109.0034,126.6216
3604,7208,120.9375,120.5200,108.7480,126.0507
3605,7210,121.1094,120.8496,109.0034,126.6216
3606,7212,121.1094,120.7178,109.0034,126.6216
3607,7214,121.1094,120.7617,109.0034,126.6216
3608,7216,121.1094,120.5200,109.0034,126.6216
3609,7218,121.1094,120.7397,109.0034,126.6216
3610,7220,121.1094,120.5200,109.0034,126.6216
3611,7222,120.9375,120.8057,108.7480,126.0507
3612,7224,120.9375,120.6299,108.7480,126.0507
3613,7226,121.1094,121.0034,109.0034,126.6216
3614,7228,120.9375,120.8057,108.7480,126.0507
3615,7230,121.1094,121.0913,109.0034,126.6216
3616,7232,120.7500,120.6299,108.4694,125.4252
3617,7234,120.9375,120.4761,108.7480,126.0507
3618,7236,120.9375,120.9814,108.7480,126.0507
3619,7238,120.9375,120.7837,108.7480,126.0507
3620,7240,121.1094,120.6079,109.0034,126.6216
3621,7242,121.1094,121.0913,109.0034,126.6216
3622,7244,121.1094,120.8276,109.0034,126.6216
3623,7246,120.9375,120.9595,108.7480,126.0507
3624,7248,121.1094,121.0693,109.0034,126.6216
3625,7250,120.9375,120.7837,108.7480,126.0507
3626,7252,120.9375,120.6738,108.7480,126.0507
3627,7254,121.1094,120.8057,109.0034,126.6216
3628,7256,121.1094,120.7397,109.0034,126.6216
3629,7258,121.1094,120.7397,109.0034,126.6216
3630,7260,121.1094,120.9595,109.0034,126.6216
3631,7262,121.1094,120.8936,109.0034,126.6216
3632,7264,121.2812,120.9375,109.2589,127.1900
3633,7266,121.1094,120.6299,109.0034,126.6216
3634,7268,120.9375,120.8057,108.7480,126.0507
3635,7270,120.9375,120.9375,108.7480,126.0507
3636,7272,120.9375,120.6079,108.7480,126.0507
3637,7274,120.9375,120.8057,108.7480,126.0507
3638,7276,121.1094,120.8716,109.0034,126.6216
3639,7278,121.1094,120.7178,109.0034,126.6216
3640,7280,121.1094,120.4761,109.0034,126.6216
3641,7282,121.1094,120.9375,109.0034,126.6216
3642,7284,121.1094,120.7617,109.0034,126.6216
3643,7286,120.9375,120.6738,108.7480,126.0507
3644,7288,121.1094,120.8496,109.0034,126.6216
3645,7290,121.1094,120.6738,109.0034,126.6216
3646,7292,121.1094,121.0034,109.0034,126.6216
3647,7294,121.2812,121.0254,109.2589,127.1900
3648,7296,120.9375,120.8936,108.7480,126.0507
3649,7298,120.9375,120.7617,108.7480,126.0507
3650,7300,120.9375,120.8276,108.7480,126.0507
3651,7302,121.1094,120.6738,109.0034,126.6216
3652,7304,121.1094,120.7617,109.0034,126.6216
3653,7306,120.9375,120.7178,108.7480,126.0507
3654,7308,120.7500,120.6079,108.4694,125.4252
3655,7310,121.1094,120.7617,109.0034,126.6216
3656,7312,121.1094,121.0693,109.0034,126.6216
3657,7314,121.1094,120.7178,109.0034,126.6216
3658,7316,121.1094,120.9375,109.0034,126.6216
3659,7318,120.9375,120.7178,108.7480,126.0507
3660,7320,120.9375,120.7178,108.7480,126.0507
3661,7322,120.9375,120.5859,108.7480,126.0507
3662,7324,120.9375,120.6738,108.7480,126.0507
3663,7326,120.9375,120.7397,108.7480,126.0507
3664,7328,121.2812,120.9595,109.2589,127.1900
3665,7330,121.1094,120.6079,109.0034,126.6216
3666,7332,120.9375,120.9155,108.7480,126.0507
3667,7334,120.9375,120.8496,108.7480,126.0507
3668,7336,121.1094,120.8276,109.0034,126.6216
3669,7338,121.1094,120.6519,109.0034,126.6216
3670,7340,121.1094,120.8716,109.0034,126.6216
3671,7342,121.1094,121.1133,109.0034,126.6216
3672,7344,120.9375,120.7837,108.7480,126.0507
3673,7346,121.1094,121.0913,109.0034,126.6216
3674,7348,121.1094,121.0693,109.0034,126.6216
3675,7350,120.9375,120.8936,108.7480,126.0507
3676,7352,121.1094,120.7397,109.0034,126.6216
3677,7354,121.1094,120.6738,109.0034,126.6216
3678,7356,121.2812,120.6299,109.2589,127.1900
3679,7358,120.9375,120.7837,108.7480,126.0507
3680,7360,121.1094,120.6519,109.0034,126.6216
3681,7362,120.9375,120.9375,108.7480,126.0507
3682,7364,120.9375,120.9814,108.7480,126.0507
3683,7366,120.9375,120.7617,108.7480,126.0507
3684,7368,120.9375,120.7178,108.7480,126.0507
3685,7370,121.1094,120.9155,109.0034,126.6216
3686,7372,121.1094,120.6519,109.0034,126.6216
3687,7374,120.9375,120.6519,108.7480,126.0507
3688,7376,121.1094,120.7617,109.0034,126.6216
3689,7378,121.2812,121.0913,109.2589,127.1900
3690,7380,121.1094,120.8936,109.0034,126.6216
3691,7382,121.1094,120.6299,109.0034,126.6216
3692,7384,121.1094,120.9595,109.0034,126.6216
3693,7386,121.1094,120.6079,109.0034,126.6216
3694,7388,121.1094,120.6958,109.0034,126.6216
3695,7390,121.1094,120.8057,109.0034,126.6216
3696,7392,121.1094,120.9155,109.0034,126.6216
3697,7394,120.9375,120.8936,108.7480,126.0507
3698,7396,121.1094,120.5859,109.0034,126.6216
3699,7398,121.1094,121.2012,109.0034,126.6216
3700,7400,120.9375,120.7837,108.7480,126.0507
3701,7402,121.1094,120.6958,109.0034,126.6216
3702,7404,121.1094,120.9375,109.0034,126.6216
3703,7406,120.9375,120.6299,108.7480,126.0507
3704,7408,120.9375,120.6738,108.7480,126.0507
3705,7410,121.1094,120.9595,109.0034,126.6216
3706,7412,121.1094,120.8057,109.0034,126.6216
3707,7414,121.1094,120.8276,109.0034,126.6216
3708,7416,120.9375,120.6079,108.7480,126.0507
3709,7418,121.1094,120.8936,109.0034,126.6216
3710,7420,120.9375,120.5200,108.7480,126.0507
3711,7422,120.9375,120.8276,108.7480,126.0507
3712,7424,121.1094,120.7837,109.0034,126.6216
3713,7426,121.1094,120.8057,109.0034,126.6216
3714,7428,121.1094,120.7837,109.0034,126.6216
3715,7430,121.1094,120.6299,109.0034,126.6216
3716,7432,121.1094,120.8276,109.0034,126.6216
3717,7434,120.9375,120.6958,108.7480,126.0507
3718,7436,120.9375,120.5420,108.7480,126.0507
3719,7438,120.9375,120.9155,108.7480,126.0507
3720,7440,121.1094,120.5420,109.0034,126.6216
3721,7442,121.1094,120.8276,109.0034,126.6216
3722,7444,121.1094,121.0913,109.0034,126.6216
3723,7446,120.9375,120.5859,108.7480,126.0507
3724,7448,121.1094,120.6958,109.0034,126.6216
3725,7450,120.9375,120.9814,108.7480,126.0507
3726,7452,121.1094,120.8057,109.0034,126.6216
3727,7454,121.1094,120.9595,109.0034,126.6216
3728,7456,120.9375,120.4980,108.7480,126.0507
3729,7458,121.1094,120.7178,109.0034,126.6216
3730,7460,121.1094,120.8057,109.0034,126.6216
3731,7462,120.9375,120.5859,108.7480,126.0507
3732,7464,120.7500,120.7617,108.4694,125.4252
3733,7466,121.1094,120.8057,109.0034,126.6216
3734,7468,121.1094,120.8057,109.0034,126.6216
3735,7470,121.1094,120.6299,109.0034,126.6216
3736,7472,121.1094,120.5200,109.0034,126.6216
3737,7474,121.1094,120.7617,109.0034,126.6216
3738,7476,120.9375,120.5859,108.7480,126.0507
3739,7478,120.9375,120.6079,108.7480,126.0507
3740,7480,121.1094,120.9155,109.0034,126.6216
3741,7482,121.1094,120.9814,109.0034,126.6216
3742,7484,120.9375,120.6519,108.7480,126.0507
3743,7486,121.1094,120.8936,109.0034,126.6216
3744,7488,121.1094,120.8057,109.0034,126.6216
3745,7490,120.9375,120.8716,108.7480,126.0507
3746,7492,121.1094,120.7397,109.0034,126.6216
3747,7494,121.1094,120.5859,109.0034,126.6216
3748,7496,121.1094,120.8496,109.0034,126.6216
3749,7498,121.1094,120.4541,109.0034,126.6216
3750,7500,121.1094,120.5200,109.0034,126.6216
3751,7502,121.1094,120.5859,109.0034,126.6216
3752,7504,121.1094,120.9595,109.0034,126.6216
3753,7506,121.1094,120.7837,109.0034,126.6216
3754,7508,120.9375,120.7837,108.7480,126.0507
3755,7510,120.9375,120.5640,108.7480,126.0507
3756,7512,121.1094,120.5859,109.0034,126.6216
3757,7514,121.1094,120.8936,109.0034,126.6216
3758,7516,121.1094,120.6958,109.0034,126.6216
3759,7518,120.9375,121.0254,108.7480,126.0507
3760,7520,121.1094,120.8057,109.0034,126.6216
3761,7522,120.9375,120.6299,108.7480,126.0507
3762,7524,121.1094,120.8276,109.0034,126.6216
3763,7526,121.1094,120.8276,109.0034,126.6216
3764,7528,121.1094,120.8936,109.0034,126.6216
3765,7530,121.1094,120.8936,109.0034,126.6216
3766,7532,120.9375,120.9595,108.7480,126.0507
3767,7534,121.1094,120.8057,109.0034,126.6216
3768,7536,121.1094,121.0254,109.0034,126.6216
3769,7538,121.1094,120.6079,109.0034,126.6216
3770,7540,121.1094,120.7617,109.0034,126.6216
3771,7542,121.1094,120.5640,109.0034,126.6216
3772,7544,121.1094,120.6958,109.0034,126.6216
3773,7546,121.1094,120.7617,109.0034,126.6216
3774,7548,121.1094,120.6738,109.0034,126.6216
3775,7550,121.1094,120.7617,109.0034,126.6216
3776,7552,120.9375,120.5859,108.7480,126.0507
3777,7554,121.1094,120.8276,109.0034,126.6216
3778,7556,121.1094,121.0254,109.0034,126.6216
3779,7558,121.1094,120.5640,109.0034,126.6216
3780,7560,121.1094,120.9814,109.0034,126.6216
3781,7562,121.2812,120.9375,109.2589,127.1900
3782,7564,121.1094,120.9155,109.0034,126.6216
3783,7566,121.1094,120.9595,109.0034,126.6216
3784,7568,121.1094,120.9814,109.0034,126.6216
3785,7570,120.9375,120.7178,108.7480,126.0507
3786,7572,120.9375,120.9595,108.7480,126.0507
3787,7574,120.9375,120.7837,108.7480,126.0507
3788,7576,121.1094,120.8276,109.0034,126.6216
3789,7578,121.1094,120.7837,109.0034,126.6216
3790,7580,121.1094,120.7397,109.0034,126.6216
3791,7582,120.9375,120.6958,108.7480,126.0507
3792,7584,121.2812,121.0474,109.2589,127.1900
3793,7586,121.1094,120.7397,109.0034,126.6216
3794,7588,120.9375,120.7617,108.7480,126.0507
3795,7590,120.9375,120.6958,108.7480,126.0507
3796,7592,121.1094,120.9375,109.0034,126.6216
3797,7594,120.9375,120.8057,108.7480,126.0507
3798,7596,121.1094,120.5200,109.0034,126.6216
3799,7598,121.1094,120.9375,109.0034,126.6216
3800,7600,120.9375,120.4761,108.7480,126.0507
3801,7602,120.9375,120.9595,108.7480,126.0507
3802,7604,121.1094,120.8276,109.0034,126.6216
3803,7606,121.1094,120.6958,109.0034,126.6216
3804,7608,121.1094,121.0254,109.0034,126.6216
3805,7610,121.1094,120.7837,109.0034,126.6216
3806,7612,121.1094,120.8496,109.0034,126.6216
3807,7614,121.2812,120.6958,109.2589,127.1900
3808,7616,120.9375,120.4980,108.7480,126.0507
3809,7618,120.9375,120.6738,108.7480,126.0507
3810,7620,121.1094,120.6958,109.0034,126.6216
3811,7622,121.1094,121.0034,109.0034,126.6216
3812,7624,121.1094,120.5859,109.0034,126.6216
3813,7626,121.1094,121.0693,109.0034,126.6216
3814,7628,121.1094,120.8496,109.0034,126.6216
3815,7630,120.9375,120.7617,108.7480,126.0507
3816,7632,121.1094,120.7397,109.0034,126.6216
3817,7634,120.9375,120.4541,108.7480,126.0507
3818,7636,120.9375,120.6738,108.7480,126.0507
3819,7638,120.7500,120.6519,108.4694,125.4252
3820,7640,121.1094,120.9375,109.0034,126.6216
3821,7642,120.9375,120.6299,108.7480,126.0507
3822,7644,120.9375,120.6958,108.7480,126.0507
3823,7646,121.1094,120.8496,109.0034,126.6216
3824,7648,121.1094,121.0474,109.0034,126.6216
3825,7650,121.1094,120.9155,109.0034,126.6216
3826,7652,121.1094,120.7837,109.0034,126.6216
3827,7654,121.1094,120.9155,109.0034,126.6216
3828,7656,121.1094,120.9155,109.0034,126.6216
3829,7658,121.1094,120.9814,109.0034,126.6216
3830,7660,121.1094,121.0254,109.0034,126.6216
3831,7662,120.9375,120.9595,108.7480,126.0507
3832,7664,121.1094,120.7837,109.0034,126.6216
3833,7666,121.1094,120.8936,109.0034,126.6216
3834,7668,120.9375,120.6738,108.7480,126.0507
3835,7670,120.9375,120.8496,108.7480,126.0507
3836,7672,121.1094,120.9375,109.0034,126.6216
3837,7674,121.1094,120.6519,109.0034,126.6216
3838,7676,120.9375,120.7837,108.7480,126.0507
3839,7678,121.1094,120.6738,109.0034,126.6216
3840,7680,120.9375,120.7178,108.7480,126.0507
3841,7682,121.1094,120.7617,109.0034,126.6216
3842,7684,120.9375,120.7617,108.7480,126.0507
3843,7686,121.1094,120.6958,109.0034,126.6216
3844,7688,121.1094,120.7617,109.0034,126.6216
3845,7690,121.1094,120.6958,109.0034,126.6216
3846,7692,121.1094,120.6958,109.0034,126.6216
3847,7694,121.1094,120.7617,109.0034,126.6216
3848,7696,121.1094,120.7397,109.0034,126.6216
3849,7698,121.1094,120.5420,109.0034,126.6216
3850,7700,121.1094,120.8276,109.0034,126.6216
3851,7702,121.1094,120.9814,109.0034,126.6216
3852,7704,121.1094,120.6958,109.0034,126.6216
3853,7706,121.1094,120.7397,109.0034,126.6216
3854,7708,121.1094,120.8057,109.0034,126.6216
3855,7710,121.1094,120.7397,109.0034,126.6216
3856,7712,121.1094,120.9814,109.0034,126.6216
3857,7714,120.9375,120.3442,108.7480,126.0507
3858,7716,120.9375,120.7178,108.7480,126.0507
3859,7718,121.2812,120.7617,109.2589,127.1900
3860,7720,120.9375,120.6738,108.7480,126.0507
3861,7722,120.9375,120.8716,108.7480,126.0507
3862,7724,120.9375,120.5200,108.7480,126.0507
3863,7726,121.1094,121.0254,109.0034,126.6216
3864,7728,120.9375,120.5420,108.7480,126.0507
3865,7730,120.9375,120.6079,108.7480,126.0507
3866,7732,120.9375,120.8276,108.7480,126.0507
3867,7734,121.1094,120.8936,109.0034,126.6216
3868,7736,121.1094,120.8057,109.0034,126.6216
3869,7738,121.1094,120.6299,109.0034,126.6216
3870,7740,121.1094,120.7617,109.0034,126.6216
3871,7742,120.9375,120.7837,108.7480,126.0507
3872,7744,120.9375,120.7178,108.7480,126.0507
3873,7746,121.2812,120.8936,109.2589,127.1900
3874,7748,120.9375,120.5859,108.7480,126.0507
3875,7750,121.1094,120.6519,109.0034,126.6216
3876,7752,121.1094,120.8936,109.0034,126.6216
3877,7754,120.9375,120.7837,108.7480,126.0507
3878,7756,121.1094,121.0254,109.0034,126.6216
3879,7758,121.1094,120.7837,109.0034,126.6216
3880,7760,121.1094,120.7837,109.0034,126.6216
3881,7762,121.1094,120.9155,109.0034,126.6216
3882,7764,121.1094,120.8057,109.0034,126.6216
3883,7766,120.9375,120.7617,108.7480,126.0507
3884,7768,121.1094,120.6079,109.0034,126.6216
3885,7770,120.9375,120.7617,108.7480,126.0507
3886,7772,121.1094,120.9375,109.0034,126.6216
3887,7774,120.9375,120.8057,108.7480,126.0507
3888,7776,121.1094,120.7837,109.0034,126.6216
3889,7778,121.1094,120.9155,109.0034,126.6216
3890,7780,121.1094,120.8496,109.0034,126.6216
3891,7782,121.1094,120.8057,109.0034,126.6216
3892,7784,120.9375,120.9814,108.7480,126.0507
3893,7786,121.2812,120.7397,109.2589,127.1900
3894,7788,121.1094,120.6519,109.0034,126.6216
3895,7790,121.1094,120.7178,109.0034,126.6216
3896,7792,120.9375,120.7617,108.7480,126.0507
3897,7794,121.1094,121.0034,109.0034,126.6216
3898,7796,120.9375,120.8057,108.7480,126.0507
3899,7798,121.1094,120.7837,109.0034,126.6216
3900,7800,121.1094,120.5859,109.0034,126.6216
3901,7802,120.9375,120.8496,108.7480,126.0507
3902,7804,121.1094,120.7837,109.0034,126.6216
3903,7806,120.9375,120.7178,108.7480,126.0507
3904,7808,121.1094,120.9375,109.0034,126.6216
3905,7810,120.9375,120.6958,108.7480,126.0507
3906,7812,120.9375,120.7837,108.7480,126.0507
3907,7814,120.9375,120.8276,108.7480,126.0507
3908,7816,120.9375,120.7178,108.7480,126.0507
3909,7818,121.1094,120.6738,109.0034,126.6216
3910,7820,121.1094,120.8276,109.0034,126.6216
3911,7822,121.1094,120.4761,109.0034,126.6216
3912,7824,121.1094,120.6958,109.0034,126.6216
3913,7826,120.7500,120.6958,108.4694,125.4252
3914,7828,121.1094,120.7178,109.0034,126.6216
3915,7830,121.1094,120.5640,109.0034,126.6216
3916,7832,121.1094,120.7837,109.0034,126.6216
3917,7834,121.1094,120.7837,109.0034,126.6216
3918,7836,121.1094,120.6299,109.0034,126.6216
3919,7838,120.9375,120.9375,108.7480,126.0507
3920,7840,120.9375,120.8276,108.7480,126.0507
3921,7842,120.9375,120.6958,108.7480,126.0507
3922,7844,120.9375,120.5420,108.7480,126.0507
3923,7846,121.4531,120.7837,109.5143,127.7560
3924,7848,120.9375,120.8276,108.7480,126.0507
3925,7850,120.9375,120.6738,108.7480,126.0507
3926,7852,121.1094,120.8716,109.0034,126.6216
3927,7854,121.1094,120.6738,109.0034,126.6216
3928,7856,121.1094,120.9155,109.0034,126.6216
3929,7858,121.1094,120.7397,109.0034,126.6216
3930,7860,120.9375,120.6958,108.7480,126.0507
3931,7862,121.2812,120.6738,109.2589,127.1900
3932,7864,120.9375,120.9375,108.7480,126.0507
3933,7866,120.9375,120.9595,108.7480,126.0507
3934,7868,121.1094,120.7837,109.0034,126.6216
3935,7870,121.1094,120.8496,109.0034,126.6216
3936,7872,120.9375,120.8276,108.7480,126.0507
3937,7874,120.9375,120.8936,108.7480,126.0507
3938,7876,121.1094,120.8716,109.0034,126.6216
3939,7878,120.9375,120.8496,108.7480,126.0507
3940,7880,121.1094,120.8936,109.0034,126.6216
3941,7882,120.9375,120.8057,108.7480,126.0507
3942,7884,121.1094,120.8496,109.0034,126.6216
3943,7886,120.9375,120.5859,108.7480,126.0507
3944,7888,121.1094,121.1572,109.0034,126.6216
3945,7890,121.1094,120.6519,109.0034,126.6216
3946,7892,121.1094,120.7397,109.0034,126.6216
3947,7894,121.1094,120.6958,109.0034,126.6216
3948,7896,121.1094,120.8057,109.0034,126.6216
3949,7898,121.1094,120.7837,109.0034,126.6216
3950,7900,121.1094,120.8716,109.0034,126.6216
3951,7902,121.1094,120.8057,109.0034,126.6216
3952,7904,121.1094,120.8057,109.0034,126.6216
3953,7906,121.1094,120.8496,109.0034,126.6216
3954,7908,120.9375,120.8716,108.7480,126.0507
3955,7910,121.1094,120.6738,109.0034,126.6216
3956,7912,121.1094,120.6738,109.0034,126.6216
3957,7914,120.9375,120.8057,108.7480,126.0507
3958,7916,120.7500,120.6519,108.4694,125.4252
3959,7918,121.1094,120.7617,109.0034,126.6216
3960,7920,121.1094,121.0693,109.0034,126.6216
3961,7922,121.1094,120.7837,109.0034,126.6216
3962,7924,120.9375,120.9155,108.7480,126.0507
3963,7926,121.1094,120.7397,109.0034,126.6216
3964,7928,121.1094,120.5640,109.0034,126.6216
3965,7930,121.1094,120.7178,109.0034,126.6216
3966,7932,120.9375,120.8936,108.7480,126.0507
3967,7934,121.2812,121.2671,109.2589,127.1900
3968,7936,121.1094,120.7178,109.0034,126.6216
3969,7938,121.1094,120.8716,109.0034,126.6216
3970,7940,120.7500,120.8276,108.4694,125.4252
3971,7942,121.1094,120.8716,109.0034,126.6216
3972,7944,121.1094,120.9814,109.0034,126.6216
3973,7946,121.1094,120.5859,109.0034,126.6216
3974,7948,121.1094,120.6079,109.0034,126.6216
3975,7950,120.9375,120.9155,108.7480,126.0507
3976,7952,120.9375,120.6079,108.7480,126.0507
3977,7954,120.9375,120.7617,108.7480,126.0507
3978,7956,121.1094,120.7837,109.0034,126.6216
3979,7958,121.1094,120.7397,109.0034,126.6216
3980,7960,121.1094,120.5420,109.0034,126.6216
3981,7962,121.1094,121.1133,109.0034,126.6216
3982,7964,120.9375,120.8936,108.7480,126.0507
3983,7966,120.9375,120.6738,108.7480,126.0507
3984,7968,121.1094,121.0913,109.0034,126.6216
3985,7970,121.1094,120.7837,109.0034,126.6216
3986,7972,121.1094,120.8496,109.0034,126.6216
3987,7974,121.1094,120.8716,109.0034,126.6216
3988,7976,121.1094,120.6958,109.0034,126.6216
3989,7978,121.1094,120.6519,109.0034,126.6216
3990,7980,121.1094,120.7178,109.0034,126.6216
3991,7982,121.1094,121.0254,109.0034,126.6216
3992,7984,121.1094,121.0254,109.0034,126.6216
3993,7986,121.1094,120.8276,109.0034,126.6216
3994,7988,120.9375,120.7178,108.7480,126.0507
3995,7990,120.9375,120.6958,108.7480,126.0507
3996,7992,120.9375,120.8276,108.7480,126.0507
3997,7994,121.1094,121.0254,109.0034,126.6216
3998,7996,120.9375,120.8057,108.7480,126.0507
3999,7998,121.1094,121.0034,109.0034,126.6216
4000,8000,121.1094,120.8716,109.0034,126.6216
4001,8002,121.1094,120.7837,109.0034,126.6216
4002,8004,121.1094,120.6738,109.0034,126.6216
4003,8006,120.9375,120.6519,108.7480,126.0507
4004,8008,120.9375,120.6519,108.7480,126.0507
4005,8010,121.1094,120.8057,109.0034,126.6216
4006,8012,121.1094,120.6958,109.0034,126.6216
4007,8014,121.1094,120.6519,109.0034,126.6216
4008,8016,121.1094,120.9595,109.0034,126.6216
4009,8018,121.1094,121.1133,109.0034,126.6216
4010,8020,120.9375,120.5420,108.7480,126.0507
4011,8022,121.1094,120.6958,109.0034,126.6216
4012,8024,121.1094,120.5859,109.0034,126.6216
4013,8026,121.1094,120.7178,109.0034,126.6216
4014,8028,121.1094,121.0254,109.0034,126.6216
4015,8030,121.1094,120.7617,109.0034,126.6216
4016,8032,121.1094,120.8496,109.0034,126.6216
4017,8034,120.9375,120.7617,108.7480,126.0507
4018,8036,120.9375,120.7178,108.7480,126.0507
4019,8038,121.1094,120.9814,109.0034,126.6216
4020,8040,120.9375,120.7617,108.7480,126.0507
4021,8042,120.9375,120.6958,108.7480,126.0507
4022,8044,121.1094,120.8496,109.0034,126.6216
4023,8046,121.1094,120.9155,109.0034,126.6216
4024,8048,120.9375,120.9375,108.7480,126.0507
4025,8050,120.9375,120.5859,108.7480,126.0507
4026,8052,120.9375,120.5640,108.7480,126.0507
4027,8054,121.1094,120.8716,109.0034,126.6216
4028,8056,121.2812,120.9814,109.2589,127.1900
4029,8058,120.7500,120.4102,108.4694,125.4252
4030,8060,120.9375,120.9814,108.7480,126.0507
4031,8062,120.9375,120.7617,108.7480,126.0507
4032,8064,121.1094,120.5420,109.0034,126.6216
4033,8066,121.1094,120.9814,109.0034,126.6216
4034,8068,121.1094,120.8936,109.0034,126.6216
4035,8070,121.1094,120.6738,109.0034,126.6216
4036,8072,120.9375,120.5859,108.7480,126.0507
4037,8074,120.9375,120.8496,108.7480,126.0507
4038,8076,120.9375,120.4761,108.7480,126.0507
4039,8078,121.1094,120.6958,109.0034,126.6216
4040,8080,121.1094,120.5420,109.0034,126.6216
4041,8082,121.1094,120.9814,109.0034,126.6216
4042,8084,121.1094,120.8057,109.0034,126.6216
4043,8086,121.1094,121.1133,109.0034,126.6216
4044,8088,121.2812,121.0693,109.2589,127.1900
4045,8090,120.9375,120.7178,108.7480,126.0507
4046,8092,120.9375,120.9375,108.7480,126.0507
4047,8094,120.9375,120.5859,108.7480,126.0507
4048,8096,121.1094,120.8936,109.0034,126.6216
4049,8098,121.1094,120.8276,109.0034,126.6216
4050,8100,121.1094,120.7178,109.0034,126.6216
4051,8102,121.1094,120.8936,109.0034,126.6216
4052,8104,120.9375,120.6958,108.7480,126.0507
4053,8106,121.1094,120.6738,109.0034,126.6216
4054,8108,121.1094,121.0474,109.0034,126.6216
4055,8110,120.9375,120.4980,108.7480,126.0507
4056,8112,120.9375,120.8057,108.7480,126.0507
4057,8114,120.7500,120.5420,108.4694,125.4252
4058,8116,121.1094,120.7178,109.0034,126.6216
4059,8118,121.1094,121.1572,109.0034,126.6216
4060,8120,120.9375,120.9375,108.7480,126.0507
4061,8122,120.9375,120.4761,108.7480,126.0507
4062,8124,120.9375,120.5859,108.7480,126.0507
4063,8126,120.9375,120.8057,108.7480,126.0507
4064,8128,120.9375,120.3442,108.7480,126.0507
4065,8130,121.1094,120.8716,109.0034,126.6216
4066,8132,121.1094,120.6519,109.0034,126.6216
4067,8134,121.1094,120.6738,109.0034,126.6216
4068,8136,121.1094,120.6738,109.0034,126.6216
4069,8138,121.1094,120.7397,109.0034,126.6216
4070,8140,121.2812,120.8936,109.2589,127.1900
4071,8142,120.9375,120.9155,108.7480,126.0507
4072,8144,121.1094,121.0474,109.0034,126.6216
4073,8146,120.9375,120.5859,108.7480,126.0507
4074,8148,120.9375,121.0254,108.7480,126.0507
4075,8150,120.9375,120.4980,108.7480,126.0507
4076,8152,120.9375,120.8496,108.7480,126.0507
4077,8154,121.1094,120.5859,109.0034,126.6216
4078,8156,120.9375,120.8276,108.7480,126.0507
4079,8158,120.9375,120.9155,108.7480,126.0507
4080,8160,120.7500,120.7397,108.4694,125.4252
4081,8162,121.2812,120.8716,109.2589,127.1900
4082,8164,121.1094,120.9595,109.0034,126.6216
4083,8166,120.9375,120.6958,108.7480,126.0507
4084,8168,121.1094,120.8057,109.0034,126.6216
4085,8170,121.2812,120.7837,109.2589,127.1900
4086,8172,121.1094,120.8057,109.0034,126.6216
4087,8174,121.2812,120.7617,109.2589,127.1900
4088,8176,121.1094,120.6738,109.0034,126.6216
4089,8178,120.9375,120.6738,108.7480,126.0507
4090,8180,120.9375,120.6299,108.7480,126.0507
4091,8182,120.9375,120.8057,108.7480,126.0507
4092,8184,120.9375,120.8496,108.7480,126.0507
4093,8186,120.9375,120.9155,108.7480,126.0507
4094,8188,120.9375,120.4102,108.7480,126.0507
4095,8190,121.1094,120.6738,109.0034,126.6216
