idx,ts [ms],Angle from ABI [°],Angle from SPI [°]
0,0,243.2812,242.7759
1,2,242.9219,242.3145
2,4,242.2188,241.9629
3,6,241.8750,241.3037
4,8,242.2188,242.1826
5,10,242.7500,242.3145
6,12,243.0938,243.0176
7,14,243.4531,243.1934
8,16,243.4531,243.4570
9,18,243.6250,243.1934
10,20,243.2812,242.7979
11,22,242.7500,242.3804
12,24,242.2188,241.6992
13,26,242.3906,242.3584
14,28,242.3906,242.3145
15,30,243.0938,242.5562
16,32,243.2812,243.0396
17,34,243.2812,242.9956
18,36,243.4531,243.1934
19,38,243.4531,242.9297
20,40,243.0938,242.5342
21,42,242.9219,242.6440
22,44,242.9219,242.4023
23,46,243.0938,243.0176
24,48,243.2812,243.3472
25,50,243.6250,243.2153
26,52,243.7969,243.7427
27,54,243.7969,243.5010
28,56,243.7969,243.4790
29,58,243.4531,243.5229
30,60,243.7969,243.2593
31,62,243.7969,243.7427
32,64,243.7969,243.3252
33,66,243.9844,243.5669
34,68,244.1562,244.0283
35,70,244.3281,244.4019
36,72,244.3281,244.0063
37,74,244.3281,244.0283
38,76,244.3281,244.0723
39,78,244.3281,244.1162
40,80,244.3281,243.9185
41,82,244.5000,244.4458
42,84,244.6875,244.4019
43,86,244.6875,244.6436
44,88,245.0312,244.6875
45,90,245.2031,244.7314
46,92,245.3906,244.8853
47,94,245.5625,245.2148
48,96,245.3906,245.2368
49,98,245.3906,245.2588
50,100,245.5625,245.5005
51,102,246.0938,245.6543
52,104,246.0938,245.8960
53,106,246.0938,245.8521
54,108,246.4375,246.4014
55,110,246.9688,246.6870
56,112,246.7969,246.7969
57,114,246.9688,247.0605
58,116,246.7969,246.5112
59,118,247.6719,247.5220
60,120,247.6719,247.4341
61,122,248.2031,247.9395
62,124,248.3750,248.1372
63,126,248.7188,248.4888
64,128,248.9062,248.6865
65,130,249.0781,248.7524
66,132,249.4219,249.0161
67,134,249.6094,249.1040
68,136,249.7812,249.6973
69,138,250.1250,250.0488
70,140,250.3125,250.1147
71,142,250.8281,250.4443
72,144,251.0156,250.6860
73,146,251.1875,250.7300
74,148,251.5312,251.4331
75,150,251.7188,251.6968
76,152,251.8906,251.7188
77,154,252.4219,252.4438
78,156,252.5938,252.3779
79,158,253.2969,253.3008
80,160,253.8281,253.7842
81,162,254.3438,253.9600
82,164,254.5312,254.2236
83,166,254.7031,254.0918
84,168,254.8750,254.5312
85,170,255.0469,254.5532
86,172,254.8750,254.7070
87,174,255.0469,254.5752
88,176,255.2344,255.2344
89,178,255.4062,255.3223
90,180,255.7500,255.5420
91,182,255.9375,255.6299
92,184,255.9375,255.4541
93,186,256.2812,256.1572
94,188,256.4531,256.0913
95,190,256.6406,256.5308
96,192,256.8125,256.6846
97,194,257.1562,257.0801
98,196,257.5156,257.1899
99,198,257.6875,257.5854
100,200,258.3906,258.0029
101,202,258.7500,258.5742
102,204,259.0938,258.9697
103,206,259.4531,258.9478
104,208,259.6250,259.1675
105,210,259.7969,259.6069
106,212,259.7969,259.8047
107,214,260.3281,259.9585
108,216,260.6719,260.5298
109,218,261.7344,261.5186
110,220,261.9062,261.8042
111,222,262.9688,262.7051
112,224,263.3125,263.1665
113,226,263.8438,263.4521
114,228,264.1875,264.2212
115,230,264.3750,264.1553
116,232,264.3750,264.1772
117,234,264.5469,263.9795
118,236,264.8906,264.9243
119,238,264.7188,264.6167
120,240,265.0781,265.0781
121,242,265.7812,265.3418
122,244,266.1250,265.8032
123,246,266.4844,266.3086
124,248,267.0000,266.6382
125,250,267.0000,266.9238
126,252,267.0000,266.8799
127,254,267.5312,267.2095
128,256,267.7031,267.4072
129,258,267.8906,267.8467
130,260,268.5938,268.2202
131,262,268.9375,268.7915
132,264,269.6406,269.2749
133,266,270.0000,269.8901
134,268,270.3438,269.9121
135,270,270.3438,269.8242
136,272,270.3438,270.1538
137,274,270.5156,270.0439
138,276,271.2188,270.9888
139,278,271.5781,271.5601
140,280,272.2812,271.9775
141,282,272.9844,273.0762
142,284,273.5156,273.4937
143,286,274.3906,274.3286
144,288,274.3906,274.2188
145,290,274.7344,274.2627
146,292,274.7344,274.0869
147,294,274.7344,274.4604
148,296,275.0938,274.6802
149,298,275.4375,275.2515
150,300,275.9688,276.0425
151,302,276.8438,276.7896
152,304,277.5469,277.2510
153,306,278.2500,278.3276
154,308,278.6094,278.4595
155,310,278.6094,278.4155
156,312,278.4375,278.3716
157,314,278.4375,278.4375
158,316,278.4375,278.1958
159,318,278.9531,278.9429
160,320,279.4844,279.4482
161,322,280.5469,280.3271
162,324,281.4219,281.3159
163,326,282.1250,281.6675
164,328,282.6562,282.5903
165,330,282.6562,282.2827
166,332,282.6562,282.3926
167,334,282.6562,282.3486
168,336,283.1719,282.8979
169,338,283.5312,283.3813
170,340,284.0625,284.0625
171,342,285.1094,284.8315
172,344,285.8125,285.4907
173,346,285.9844,285.8203
174,348,286.1719,285.9961
175,350,286.3438,285.8643
176,352,286.3438,286.0620
177,354,286.3438,286.2378
178,356,286.5156,286.4575
179,358,287.0469,286.8530
180,360,287.5781,287.6440
181,362,288.4531,288.5229
182,364,289.5000,289.4019
183,366,290.3906,290.2588
184,368,290.7344,290.6543
185,370,291.0938,290.7422
186,372,291.2656,291.3574
187,374,291.4375,291.3135
188,376,291.6094,291.6650
189,378,291.9688,291.6870
190,380,292.5000,292.1924
191,382,292.8438,292.3901
192,384,293.2031,292.8955
193,386,293.3750,293.3350
194,388,293.7188,293.7085
195,390,294.0781,293.7524
196,392,294.2500,294.0381
197,394,294.7812,294.8071
198,396,295.3125,295.1367
199,398,296.0156,295.9497
200,400,296.1875,296.1035
201,402,296.8906,296.9604
202,404,297.4219,297.2461
203,406,297.9375,297.9492
204,408,298.2969,298.3228
205,410,298.8281,298.7183
206,412,299.1719,298.8721
207,414,299.5312,299.3555
208,416,299.8750,299.7949
209,418,300.2344,300.1025
210,420,300.7500,300.4980
211,422,301.2812,301.0693
212,424,301.8125,301.5967
213,426,302.1562,302.0581
214,428,302.8594,302.7173
215,430,302.8594,302.3877
216,432,302.6875,302.6514
217,434,302.8594,302.8711
218,436,303.2188,303.2227
219,438,304.0938,303.6401
220,440,304.7969,304.6289
221,442,305.6719,305.5298
222,444,306.3750,306.2329
223,446,307.0781,306.9800
224,448,307.4375,307.2656
225,450,307.7812,307.6392
226,452,307.9688,307.5513
227,454,308.1406,308.1885
228,456,308.3125,308.2764
229,458,308.4844,308.2104
230,460,308.8438,308.6279
231,462,309.1875,308.9575
232,464,309.7188,309.5068
233,466,310.5938,310.1880
234,468,311.1250,311.1768
235,470,311.6562,311.7041
236,472,312.0000,311.9897
237,474,312.3594,312.4292
238,476,312.7031,312.5610
239,478,313.0625,312.7808
240,480,313.4062,313.3960
241,482,313.9375,313.9233
242,484,314.4688,314.4067
243,486,314.8125,314.7803
244,488,315.3438,315.3955
245,490,315.7031,315.7031
246,492,316.2188,316.0767
247,494,316.7500,316.6040
248,496,317.4531,317.2412
249,498,317.9844,317.7686
250,500,318.5156,318.3398
251,502,319.2188,318.9551
252,504,319.5625,319.6143
253,506,320.0938,320.0537
254,508,320.6250,320.4492
255,510,320.9688,320.9106
256,512,321.3281,321.3501
257,514,322.0312,321.7456
258,516,322.3750,322.1411
259,518,323.0781,323.0640
260,520,323.4375,323.4375
261,522,324.3125,324.4043
262,524,324.8438,324.6460
263,526,325.1875,325.0635
264,528,325.7188,325.6128
265,530,325.8906,325.9204
266,532,326.7656,326.7993
267,534,327.1250,327.0190
268,536,328.1719,328.0298
269,538,328.8750,328.6890
270,540,329.4062,329.2163
271,542,329.7656,329.7656
272,544,330.1094,329.9854
273,546,330.4688,330.2490
274,548,330.4688,330.3149
275,550,330.6406,330.4468
276,552,330.9844,330.8203
277,554,331.8750,331.8091
278,556,332.9219,332.8638
279,558,334.1562,334.2480
280,560,335.2031,335.1929
281,562,335.9062,335.9619
282,564,336.7969,336.3574
283,566,336.6094,336.6650
284,568,336.7969,336.3574
285,570,336.9688,336.9067
286,572,337.3125,337.1484
287,574,337.8438,337.6978
288,576,338.7188,338.8184
289,578,339.6094,339.5874
290,580,340.6562,340.6860
291,582,341.8906,341.6968
292,584,342.7656,342.6416
293,586,343.2969,343.0811
294,588,343.6406,343.5425
295,590,343.8281,343.6743
296,592,343.8281,343.7842
297,594,344.3438,344.3335
298,596,345.0469,344.9927
299,598,346.2812,346.1353
300,600,347.3438,346.9263
301,602,348.3906,348.2446
302,604,349.2656,349.0796
303,606,349.9688,349.9146
304,608,350.3281,350.1123
305,610,350.1562,349.9805
306,612,350.3281,350.1562
307,614,350.8594,350.7495
308,616,351.5625,351.5845
309,618,352.6094,352.6831
310,620,354.0156,353.8257
311,622,355.0781,355.0342
312,624,356.2969,356.1768
313,626,357.0000,356.5942
314,628,357.3594,357.3193
315,630,357.5312,357.1655
316,632,357.5312,357.0337
317,634,357.7031,357.5830
318,636,358.4062,358.1763
319,638,0.0000,359.9780
320,640,1.2188,1.2964
321,642,2.9844,2.7686
322,644,4.3906,4.2847
323,646,5.6250,5.6470
324,648,6.3281,6.0425
325,650,6.3281,5.7568
326,652,6.1406,5.8887
327,654,6.3281,5.8667
328,656,6.6719,6.3062
329,658,7.5469,7.6465
330,660,9.1406,9.0527
331,662,10.7188,10.8105
332,664,12.8281,12.7661
333,666,14.9375,14.8096
334,668,16.5156,16.4136
335,670,17.2188,17.1606
336,672,17.0469,16.7212
337,674,16.6875,16.3257
338,676,16.6875,16.4795
339,678,17.3906,17.3145
340,680,19.3281,19.2920
341,682,20.5625,20.2808
342,684,22.5000,22.5000
343,686,23.7188,23.4009
344,688,25.4844,25.2466
345,690,26.0156,25.4224
346,692,26.0156,25.8838
347,694,26.0156,25.4443
348,696,26.3594,26.3452
349,698,27.0625,26.9165
350,700,28.8281,28.8940
351,702,31.1094,31.0693
352,704,32.8594,32.4097
353,706,34.7969,34.6729
354,708,36.0312,35.8374
355,710,37.0781,36.7822
356,712,37.4375,37.0020
357,714,37.4375,37.0020
358,716,37.0781,36.8481
359,718,37.2656,37.1777
360,720,39.0156,39.1333
361,722,40.7812,40.3198
362,724,42.5312,42.3633
363,726,45.0000,44.8901
364,728,46.2188,46.1865
365,730,47.6250,47.5049
366,732,48.5156,48.3179
367,734,48.5156,48.3618
368,736,48.8594,48.6255
369,738,48.8594,48.7573
370,740,49.7344,49.7461
371,742,51.6719,51.7676
372,744,53.0781,52.8442
373,746,54.8438,55.0195
374,748,57.1250,57.0850
375,750,58.3594,58.4692
376,752,59.2344,59.2163
377,754,59.5781,59.2383
378,756,59.5781,59.2603
379,758,59.4062,59.3042
380,760,59.9375,59.9634
381,762,61.6875,61.6772
382,764,62.5781,62.6880
383,766,64.3281,64.4238
384,768,66.2656,66.3135
385,770,68.0156,68.1372
386,772,68.9062,68.6426
387,774,69.4219,69.1040
388,776,69.7812,69.5654
389,778,69.7812,69.5215
390,780,70.3125,70.3345
391,782,71.1875,71.1255
392,784,72.7656,72.7515
393,786,74.1719,73.9380
394,788,76.2812,76.2891
395,790,77.5156,77.1899
396,792,77.6875,77.6953
397,794,78.0469,77.6074
398,796,78.2188,77.8931
399,798,78.2188,77.9150
400,800,78.0469,78.1128
401,802,79.2656,79.3652
402,804,80.6719,80.5518
403,806,82.7812,82.5513
404,808,84.5469,84.1992
405,810,85.7812,85.7593
406,812,86.6562,86.6382
407,814,87.0000,86.4844
408,816,87.3594,87.3413
409,818,87.1875,87.1436
410,820,87.3594,87.2095
411,822,87.7031,87.6270
412,824,88.2344,88.0225
413,826,89.6406,89.6045
414,828,91.2188,91.2524
415,830,92.2812,92.2632
416,832,93.8594,93.7793
417,834,94.2188,94.1309
418,836,94.3906,94.2627
419,838,94.7344,94.4604
420,840,94.9219,94.4824
421,842,95.2656,94.6802
422,844,95.9688,95.9546
423,846,97.0312,96.6797
424,848,98.0781,97.6465
425,850,99.3125,99.2285
426,852,100.8906,100.4150
427,854,101.4219,101.0303
428,856,101.2500,100.8984
429,858,101.5938,101.0962
430,860,101.5938,101.1841
431,862,101.5938,101.1841
432,864,102.1250,102.1948
433,866,102.8281,102.5024
434,868,104.2344,104.2383
435,870,105.2812,105.2490
436,872,106.1719,105.9741
437,874,106.6875,106.8091
438,876,106.8750,106.6113
439,878,106.8750,106.7212
440,880,107.2188,106.9189
441,882,107.3906,107.0068
442,884,107.9219,107.9956
443,886,108.4531,108.1934
444,888,108.9844,108.9185
445,890,110.5625,110.3687
446,892,111.7969,111.2915
447,894,112.1406,111.7090
448,896,112.5000,111.9067
449,898,112.3125,112.0166
450,900,112.1406,112.0605
451,902,112.6719,112.1484
452,904,113.0156,112.9614
453,906,113.0156,112.9614
454,908,113.9062,113.7744
455,910,114.7812,114.8291
456,912,116.1875,115.9937
457,914,117.0625,116.8286
458,916,117.4219,117.2021
459,918,117.7656,117.2900
460,920,117.7656,117.7515
461,922,118.1250,118.2129
462,924,118.4688,118.3667
463,926,119.0000,118.6084
464,928,119.3438,118.9600
465,930,119.5312,119.5093
466,932,120.7500,120.7178
467,934,121.4531,121.1572
468,936,121.8125,121.6846
469,938,122.1562,122.1021
470,940,122.3438,122.0801
471,942,122.5156,122.3218
472,944,123.0469,122.9150
473,946,123.2188,123.2666
474,948,123.7500,123.6182
475,950,124.6250,124.6729
476,952,125.3281,125.2661
477,954,126.2031,125.7935
478,963,126.9062,126.5625
479,964,127.2656,127.1118
480,966,127.4375,127.1777
481,968,127.7812,127.5732
482,970,128.6719,128.7378
483,972,129.5469,129.5068
484,974,130.4219,130.2539
485,976,130.7812,130.3857
486,978,131.2969,131.2427
487,980,131.4844,131.4404
488,982,131.4844,131.2646
489,984,132.0000,131.6162
490,986,132.1875,131.8579
491,988,132.5312,132.3633
492,990,133.0625,133.0444
493,992,133.9375,133.5938
494,994,135.0000,134.9561
495,996,135.7031,135.6592
496,998,136.4062,136.4502
497,1000,136.5781,136.4062
498,1002,136.7500,136.3403
499,1004,136.9219,136.5381
500,1006,137.1094,136.9995
501,1008,137.4531,137.3730
502,1010,138.1562,137.9443
503,1012,138.8594,138.7793
504,1014,139.7344,139.5483
505,1016,140.6250,140.2295
506,1018,141.5000,141.3281
507,1020,141.3281,141.1963
508,1022,141.5000,141.3940
509,1024,141.8438,141.5479
510,1026,142.0312,141.9653
511,1028,142.3750,142.3389
512,1030,143.2500,142.8442
513,1032,144.1406,144.1187
514,1034,145.1875,144.9097
515,1036,145.7188,145.6787
516,1038,146.2500,146.1182
517,1040,146.7656,146.4038
518,1042,146.2500,146.1401
519,1044,146.5938,146.3599
520,1046,147.1250,146.7554
521,1048,147.2969,147.0850
522,1050,147.6562,147.6343
523,1052,148.8750,148.9746
524,1054,150.2812,150.2710
525,1056,151.1719,151.0840
526,1058,152.2188,152.0288
527,1060,152.9219,152.6440
528,1062,153.0938,152.9517
529,1064,153.0938,152.7539
530,1066,153.2812,153.2153
531,1068,153.4531,153.2153
532,1070,153.9844,153.9185
533,1072,154.6875,154.6436
534,1074,155.5625,155.4565
535,1076,156.9688,156.8188
536,1078,158.0156,157.9395
537,1080,159.0781,158.6646
538,1082,159.4219,159.4556
539,1084,159.7812,159.5654
540,1086,160.1250,159.7412
541,1088,160.3125,160.2246
542,1090,161.1875,160.9937
543,1092,161.7188,161.7407
544,1094,162.7656,162.6636
545,1096,163.6406,163.5645
546,1098,165.0469,164.8389
547,1100,165.7500,165.6958
548,1102,166.4531,166.4209
549,1104,166.4531,166.2451
550,1106,166.8125,166.5747
551,1108,167.1562,166.7725
552,1110,167.5156,167.1899
553,1112,168.5625,168.3984
554,1114,169.4531,169.5410
555,1116,171.2031,171.0571
556,1118,172.0781,172.1997
557,1120,173.4844,173.4741
558,1122,174.0156,173.8037
559,1124,174.3750,174.4189
560,1126,174.3750,174.1113
561,1128,174.7188,174.6606
562,1130,174.8906,174.7046
563,1132,175.9531,175.6494
564,1134,177.3594,177.4731
565,1136,179.2969,179.2310
566,1138,181.2188,181.2524
567,1140,182.4531,182.5049
568,1142,183.8594,183.8452
569,1144,184.0312,183.5376
570,1146,183.5156,183.4058
571,1148,183.5156,183.1860
572,1150,183.6875,183.5376
573,1152,184.5625,184.3066
574,1154,186.1406,186.1963
575,1156,187.9062,187.8882
576,1158,189.8438,189.5142
577,1160,191.9531,191.9312
578,1162,193.8750,193.9307
579,1164,194.9375,194.9414
580,1166,195.4688,195.0293
581,1168,195.1094,194.8755
582,1170,195.1094,194.8096
583,1172,195.2812,195.0293
584,1174,196.6875,196.6113
585,1176,198.9844,198.4131
586,1178,200.2031,200.2588
587,1180,201.6094,201.3135
588,1182,203.3750,203.4229
589,1184,204.6094,204.3677
590,1186,204.7812,204.7852
591,1188,204.4219,204.1699
592,1190,204.9531,204.8291
593,1192,205.8281,205.8179
594,1194,207.7656,207.7075
595,1196,209.3438,209.3994
596,1198,211.6406,211.6846
597,1200,213.2188,213.1787
598,1202,214.7969,214.4751
599,1204,215.8594,215.5737
600,1206,216.3750,215.9692
601,1208,216.7344,216.3647
602,1210,216.2031,216.0132
603,1212,216.7344,216.4307
604,1214,218.3125,218.1665
605,1216,220.0781,219.6167
606,1218,222.0000,222.0996
607,1220,223.7656,223.7695
608,1222,225.7031,225.6372
609,1224,227.1094,227.1094
610,1226,227.9844,227.9443
611,1228,228.5156,228.4497
612,1230,228.1562,227.9004
613,1232,228.6875,228.4937
614,1234,229.5625,229.5483
615,1236,230.6250,230.6250
616,1238,233.2500,233.0640
617,1240,234.8438,234.7998
618,1242,236.7656,236.6455
619,1244,238.5312,238.5352
620,1246,239.4062,239.5239
621,1248,239.5781,239.1064
622,1250,239.7656,239.3042
623,1252,239.7656,239.5020
624,1254,240.4688,239.9414
625,1256,241.3438,241.3696
626,1258,242.3906,242.2266
627,1260,244.5000,244.6216
628,1262,246.2656,246.2915
629,1264,247.6719,247.5220
630,1266,248.5469,248.0273
631,1268,249.2500,249.2798
632,1270,249.6094,249.5874
633,1272,249.9531,249.5435
634,1274,250.3125,250.2246
635,1276,251.0156,250.9937
636,1278,252.4219,252.2461
637,1280,254.1719,254.2456
638,1282,255.7500,255.6958
639,1284,256.8125,256.7725
640,1286,257.5156,257.3438
641,1288,258.2188,258.1128
642,1290,258.0469,258.0688
643,1292,258.0469,257.7612
644,1294,258.2188,257.9590
645,1296,259.2656,259.0356
646,1298,260.5000,260.4419
647,1300,261.9062,261.9580
648,1302,263.6719,263.7817
649,1304,265.0781,264.7705
650,1306,266.2969,266.2866
651,1308,266.6562,266.4844
652,1310,266.6562,266.2866
653,1312,266.6562,266.0889
654,1314,266.6562,266.3745
655,1316,267.0000,266.7920
656,1318,267.8906,267.8467
657,1320,268.9375,268.5278
658,1322,270.3438,270.1318
659,1324,271.7500,271.6919
660,1326,272.8125,272.5488
661,1328,273.5156,273.4277
662,1330,274.0312,273.7573
663,1332,274.3906,274.0430
664,1334,274.5625,274.5044
665,1336,274.9219,274.4824
666,1338,275.2656,275.1416
667,1340,276.1406,276.0425
668,1342,277.2031,277.2070
669,1344,278.6094,278.4814
670,1346,279.6562,279.5801
671,1348,280.5469,280.3931
672,1350,281.0625,280.6567
673,1352,281.4219,281.4258
674,1354,280.8906,280.8765
675,1356,281.4219,281.2500
676,1358,281.7656,281.7773
677,1360,282.2969,282.1729
678,1362,283.7031,283.4033
679,1364,285.1094,285.1392
680,1366,285.9844,285.9741
681,1368,286.6875,286.4355
682,1370,287.2188,287.3145
683,1372,287.5781,287.2705
684,1374,287.5781,287.4023
685,1376,287.5781,287.4243
686,1378,288.0938,287.9517
687,1380,288.4531,288.4790
688,1382,289.5000,289.4458
689,1384,290.5625,290.3687
690,1386,292.1406,292.0605
691,1388,292.6719,292.6538
692,1390,293.3750,292.9834
693,1392,293.3750,293.2690
694,1394,293.3750,292.8735
695,1396,293.3750,292.9614
696,1398,293.5469,293.5547
697,1400,293.9062,293.7524
698,1402,294.4219,294.4775
699,1404,295.6562,295.5762
700,1406,296.8906,296.7847
701,1408,298.2969,298.0811
702,1410,298.8281,298.7183
703,1412,299.5312,299.3335
704,1414,299.5312,299.4214
705,1416,299.7031,299.3335
706,1418,299.8750,299.5093
707,1420,300.4062,300.0586
708,1422,300.7500,300.4541
709,1424,301.1094,301.0254
710,1426,302.1562,302.1680
711,1428,303.2188,303.1787
712,1430,303.7500,303.7061
713,1432,304.2656,304.1016
714,1434,304.4531,304.1235
715,1436,304.6250,304.2993
716,1438,304.7969,304.5190
717,1440,305.1562,305.0024
718,1442,305.8594,305.7715
719,1444,306.5625,306.4087
720,1446,307.4375,307.3535
721,1448,308.3125,308.1665
722,1450,308.8438,308.7378
723,1452,309.3750,309.2871
724,1454,309.5469,309.3091
725,1456,309.5469,309.3091
726,1458,309.8906,309.7485
727,1460,310.0781,309.9902
728,1462,310.4219,310.0342
729,1464,310.9531,310.9351
730,1466,312.0000,311.8359
731,1468,313.0625,313.0884
732,1470,313.7656,313.5278
733,1472,314.1094,313.7256
734,1474,314.8125,314.6484
735,1476,314.6406,314.4946
736,1478,314.6406,314.5166
737,1480,315.1719,315.1099
738,1482,315.5156,315.3955
739,1484,315.8750,315.5933
740,1486,316.5781,316.4941
741,1488,317.6250,317.6147
742,1490,318.5156,318.5596
743,1492,319.9219,319.8120
744,1494,320.2656,319.9219
745,1496,320.0938,319.8999
746,1498,320.4375,320.1636
747,1500,320.4375,320.1855
748,1502,320.7969,320.7568
749,1504,321.1406,320.9766
750,1506,321.6719,321.7456
751,1508,322.7344,322.7563
752,1510,323.6094,323.5474
753,1512,324.6562,324.6680
754,1514,325.1875,325.0635
755,1516,325.3594,325.2832
756,1518,325.5469,325.2832
757,1520,325.8906,325.4590
758,1522,326.0625,325.9424
759,1524,326.5938,326.6895
760,1526,327.2969,327.2607
761,1528,328.1719,328.2495
762,1530,329.2344,329.0625
763,1532,329.7656,329.6558
764,1534,330.4688,330.2271
765,1536,330.6406,330.4688
766,1538,330.6406,330.3589
767,1540,330.9844,330.6006
768,1542,331.1719,330.5566
769,1544,331.5156,331.1279
770,1546,332.2188,332.1167
771,1548,333.4531,333.3911
772,1550,334.6875,334.7095
773,1552,335.7344,335.6543
774,1554,336.6094,336.3135
775,1556,337.1406,336.9067
776,1558,337.3125,337.1265
777,1560,337.5000,337.3901
778,1562,337.5000,337.0605
779,1564,337.8438,337.6758
780,1566,338.2031,338.1372
781,1568,339.4219,339.0381
782,1570,340.1250,339.8730
783,1572,341.3594,341.2793
784,1574,342.2344,342.1362
785,1576,343.2969,343.3667
786,1578,344.0000,343.9380
787,1580,344.1719,343.7402
788,1582,344.1719,344.1577
789,1584,344.7031,344.4214
790,1586,345.0469,344.9707
791,1588,345.7500,345.7617
792,1590,347.1562,346.7285
793,1592,347.8594,347.8052
794,1594,348.9219,348.8599
795,1596,349.7969,349.7168
796,1598,350.5000,350.4858
797,1600,350.5000,350.3979
798,1602,350.6719,350.5737
799,1604,350.8594,350.7056
800,1606,351.2031,351.1670
801,1608,352.2656,352.0020
802,1610,353.6719,353.6938
803,1612,354.7188,354.7046
804,1614,356.1250,356.1108
805,1616,356.8281,356.6602
806,1618,357.3594,356.8799
807,1620,357.8906,357.6709
808,1622,357.8906,357.5391
809,1624,358.0625,358.0884
810,1626,358.2344,358.2202
811,1628,359.1094,359.2310
812,1630,1.0469,0.6812
813,1632,2.1094,2.1094
814,1634,4.0312,3.9771
815,1636,5.2656,5.2515
816,1638,6.3281,6.2183
817,1640,6.6719,6.2402
818,1642,6.5000,6.0864
819,1644,6.3281,6.1523
820,1646,6.5000,6.2842
821,1648,7.2031,7.1411
822,1650,8.6094,8.5693
823,1652,10.3594,10.4370
824,1654,12.2969,12.2388
825,1656,14.0625,14.1284
826,1658,15.9844,15.9082
827,1660,17.0469,16.5454
828,1662,17.3906,17.4683
829,1664,17.3906,16.8970
830,1666,16.8750,16.7212
831,1668,17.2188,17.2925
832,1670,18.6250,18.2593
833,1672,20.2031,20.3247
834,1674,21.6094,21.5552
835,1676,23.3750,22.8076
836,1678,24.9531,25.0049
837,1680,25.8281,25.7959
838,1682,26.1875,26.0156
839,1684,26.5312,26.1475
840,1686,26.7188,26.3452
841,1688,27.2344,27.2241
842,1690,28.6406,28.7402
843,1692,30.9375,30.6738
844,1694,32.3438,32.2119
845,1696,34.2656,33.7280
846,1698,35.6719,35.4858
847,1700,36.3750,35.9912
848,1702,37.2656,37.1777
849,1704,37.0781,37.0898
850,1706,37.4375,37.0459
851,1708,37.2656,37.0459
852,1710,38.3125,38.3203
853,1712,40.2500,40.1880
854,1714,42.1875,41.8799
855,1716,44.4688,44.0112
856,1718,46.0469,46.1206
857,1720,47.2812,47.1753
858,1722,47.9844,48.0542
859,1724,48.5156,48.0542
860,1726,48.6875,48.5815
861,1728,49.0312,48.5815
862,1730,49.5625,49.6143
863,1732,51.3281,51.2622
864,1734,52.9062,52.8662
865,1736,55.0156,54.5801
866,1738,56.5938,56.4697
867,1740,58.3594,58.3374
868,1742,59.4062,59.1724
869,1744,59.4062,59.0405
870,1746,59.2344,59.1943
871,1748,59.2344,58.7549
872,1750,59.7656,59.7876
873,1752,60.9844,60.4907
874,1754,62.9219,62.8857
875,1756,64.3281,64.2700
876,1758,66.2656,65.6982
877,1760,67.6719,67.5220
878,1762,69.2500,69.1260
879,1764,69.4219,69.2798
880,1766,69.9531,69.6313
881,1768,69.6094,69.2798
882,1770,70.1250,70.1147
883,1772,71.0156,71.1035
884,1774,72.5938,72.5537
885,1776,74.0000,74.0918
886,1778,75.7500,75.6079
887,1780,76.9844,76.7725
888,1782,77.6875,77.3438
889,1784,78.0469,77.6733
890,1786,78.0469,77.7612
891,1788,78.2188,78.2886
892,1790,78.3906,78.3984
893,1792,79.4531,79.3872
894,1794,80.3281,80.2881
895,1796,82.0781,82.0459
896,1798,84.1875,84.1772
897,1800,85.4219,85.4297
898,1802,86.6562,86.7261
899,1804,87.0000,86.5942
900,1806,87.0000,87.0337
901,1808,87.1875,86.9678
902,1810,87.5312,87.3193
903,1812,87.5312,87.4512
904,1814,88.2344,88.1104
905,1816,89.4688,89.0771
906,1818,91.0469,91.0327
907,1820,91.9219,91.9775
908,1822,93.5156,93.2080
909,1824,94.3906,94.1748
910,1826,94.3906,93.9771
911,1828,94.7344,94.6582
912,1830,94.9219,94.6143
913,1832,95.0938,94.8560
914,1834,95.6250,95.0317
915,1836,96.5000,96.4600
916,1838,97.9062,97.7783
917,1840,99.1406,99.0747
918,1842,100.3594,100.2393
919,1844,101.0625,100.5249
920,1846,101.2500,100.6348
921,1848,101.2500,101.2500
922,1850,101.4219,101.1401
923,1852,101.4219,101.1401
924,1854,102.1250,101.7334
925,1856,102.6562,102.5024
926,1858,103.8750,103.6011
927,1860,105.1094,105.0732
928,1862,105.8125,105.4907
929,1864,106.6875,106.5234
930,1866,106.8750,106.4136
931,1868,106.6875,106.6553
932,1870,107.0469,106.7651
933,1872,107.3906,107.2485
934,1874,107.7500,107.6221
935,1876,107.9219,107.5781
936,1878,108.7969,108.8525
937,1880,110.3906,110.3467
938,1882,111.7969,111.5332
939,1884,111.9688,111.7749
940,1886,112.3125,112.3022
941,1888,112.3125,111.9067
942,1890,112.3125,112.1265
943,1892,112.6719,112.6538
944,1894,113.0156,112.6318
945,1896,113.0156,112.8076
946,1898,113.3750,113.0493
947,1900,114.6094,114.4775
948,1902,116.0156,115.9277
949,1904,117.0625,116.8506
950,1906,117.2344,117.3560
951,1908,117.7656,117.2681
952,1910,117.7656,117.5537
953,1912,118.1250,118.0591
954,1914,118.4688,118.2568
955,1916,118.8281,118.8281
956,1918,119.0000,118.9600
957,1920,119.3438,119.4214
958,1922,120.2344,120.0806
959,1924,121.4531,121.0913
960,1926,121.8125,121.4868
961,1928,122.1562,122.0581
962,1930,122.1562,121.8604
963,1932,122.5156,122.1460
964,1934,122.8594,122.7612
965,1936,123.3906,122.9810
966,1938,123.7500,123.6841
967,1940,124.6250,124.2773
968,1942,125.3281,125.1123
969,1944,126.0312,125.8813
970,1946,126.7344,126.4307
971,1948,126.7344,126.5845
972,1950,126.5625,126.3647
973,1952,126.9062,126.5186
974,1954,127.0781,126.8481
975,1956,127.6094,127.5073
976,1958,127.9688,127.6611
977,1960,128.3125,128.1006
978,1962,129.3750,129.4189
979,1964,130.2500,129.9683
980,1966,130.9531,130.6714
981,1968,131.1250,131.1328
982,1970,131.4844,131.1768
983,1972,131.4844,131.1548
984,1974,131.8281,131.4404
985,1976,132.1875,132.1216
986,1978,132.5312,132.4951
987,1980,132.8906,132.9565
988,1982,133.7656,133.7915
989,1984,134.6406,134.7144
990,1986,135.8750,135.8350
991,1988,136.4062,136.3843
992,1990,136.5781,136.2524
993,1992,136.5781,136.3843
994,1994,136.9219,136.5381
995,1996,137.1094,136.9995
996,1998,137.4531,137.5708
997,2000,137.9844,137.7686
998,2002,138.5156,138.2739
999,2004,139.5625,139.4385
1000,2006,140.2656,140.2295
1001,2008,140.9688,140.7129
1002,2010,141.5000,141.2183
1003,2012,141.6719,141.0864
1004,2014,141.6719,141.7017
1005,2016,142.2031,141.9873
1006,2018,142.7344,142.3169
1007,2020,142.9062,142.8223
1008,2022,143.7812,143.6133
1009,2024,144.8438,144.8877
1010,2026,145.7188,145.6567
1011,2028,146.0625,146.1621
1012,2030,146.5938,146.2280
1013,2032,146.5938,146.2939
1014,2034,146.5938,146.3599
1015,2036,146.7656,146.7554
1016,2038,147.1250,147.1289
1017,2040,147.6562,147.3706
1018,2042,148.5312,148.4473
1019,2044,149.7656,149.7437
1020,2046,150.8125,150.6445
1021,2048,151.6875,151.5894
1022,2050,152.3906,152.3804
1023,2052,152.7500,152.8418
1024,2054,152.7500,152.4902
1025,2056,152.7500,152.4683
1026,2058,153.0938,152.9077
1027,2060,153.2812,153.3032
1028,2062,153.9844,153.6548
1029,2064,154.8594,154.7974
1030,2066,155.7344,155.6763
1031,2068,156.9688,156.7529
1032,2070,158.0156,158.0273
1033,2072,158.3750,158.2910
1034,2074,158.7188,158.3130
1035,2076,158.7188,158.5547
1036,2078,159.0781,158.8184
1037,2080,159.4219,159.2798
1038,2082,160.3125,160.2026
1039,2084,161.0156,160.7300
1040,2086,161.8906,161.6309
1041,2088,163.1250,163.0591
1042,2090,164.0000,163.8281
1043,2092,164.7031,164.3994
1044,2094,164.8750,164.4873
1045,2096,164.8750,164.6411
1046,2098,164.8750,164.8169
1047,2100,165.0469,164.7070
1048,2102,165.4062,165.3003
1049,2104,166.2812,166.2451
1050,2106,167.6875,167.2778
1051,2108,168.5625,168.5962
1052,2110,169.9688,169.9146
1053,2112,170.6719,170.6396
1054,2114,171.0312,170.9033
1055,2116,171.3750,171.2109
1056,2118,171.7344,171.3867
1057,2120,171.9062,171.6504
1058,2122,172.2656,171.8042
1059,2124,172.6094,172.3535
1060,2126,173.3125,173.3423
1061,2128,174.0156,173.9575
1062,2130,175.2500,175.1880
1063,2132,176.1250,176.1987
1064,2134,176.8281,176.8359
1065,2136,177.5312,177.4731
1066,2138,178.4062,178.1982
1067,2140,178.9375,178.6816
1068,2142,179.4688,179.4507
1069,2144,180.0000,179.9561
1070,2146,180.8750,180.5493
1071,2148,181.7500,181.5820
1072,2150,182.4531,182.3730
1073,2152,183.1562,182.9443
1074,2154,183.3281,183.3838
1075,2156,184.0312,183.9990
1076,2158,184.2188,183.8013
1077,2160,184.9219,184.7241
1078,2162,185.2656,185.0537
1079,2164,186.1406,185.9326
1080,2166,187.5469,187.5586
1081,2168,188.4375,188.4595
1082,2170,189.3125,189.3823
1083,2172,190.1875,189.6460
1084,2174,190.7188,190.6348
1085,2176,191.4219,191.4478
1086,2178,191.5938,191.5576
1087,2180,192.2969,192.2607
1088,2182,193.3594,193.0737
1089,2184,193.8750,193.5132
1090,2186,194.7656,194.7217
1091,2188,195.8125,195.5127
1092,2190,197.0469,196.4795
1093,2192,197.5781,197.4902
1094,2194,198.7969,198.2593
1095,2196,199.1562,198.6987
1096,2198,199.6875,199.2261
1097,2200,199.5000,199.1821
1098,2202,199.6875,199.0723
1099,2204,199.8594,199.5117
1100,2206,200.2031,200.0171
1101,2208,200.7344,200.8081
1102,2210,201.7969,201.6650
1103,2212,203.0156,202.6099
1104,2214,204.4219,204.1699
1105,2216,205.3125,205.1147
1106,2218,205.6562,205.5762
1107,2220,206.3594,206.0376
1108,2222,206.7188,206.3232
1109,2224,207.0625,207.0044
1110,2226,207.7656,207.6416
1111,2228,208.6406,208.4766
1112,2230,209.5312,209.2676
1113,2232,210.5781,210.4321
1114,2234,211.9844,211.9482
1115,2236,212.6875,212.3877
1116,2238,213.5625,213.5742
1117,2240,213.7500,213.7280
1118,2242,213.9219,213.7939
1119,2244,213.7500,213.4204
1120,2246,213.5625,213.5742
1121,2248,214.0938,213.7939
1122,2250,214.6250,214.6289
1123,2252,215.8594,215.7715
1124,2254,216.9062,217.0020
1125,2256,218.3125,218.1445
1126,2258,219.1875,218.9136
1127,2260,219.7188,219.3311
1128,2262,220.2500,219.8584
1129,2264,219.7188,219.3530
1130,2266,219.7188,219.6606
1131,2268,219.7188,219.5068
1132,2270,220.2500,220.2319
1133,2272,221.2969,221.3306
1134,2274,222.8906,222.7808
1135,2276,224.8125,224.5825
1136,2278,225.5156,225.4395
1137,2280,226.5781,226.3403
1138,2282,226.9219,226.6479
1139,2284,226.4062,225.8789
1140,2286,226.0469,225.5933
1141,2288,225.7031,225.3735
1142,2290,226.4062,226.3184
1143,2292,226.9219,226.9116
1144,2294,227.9844,227.8784
1145,2296,229.3906,229.0869
1146,2298,230.0938,229.8999
1147,2300,230.9688,230.7788
1148,2302,231.5000,231.1743
1149,2304,231.6719,231.3281
1150,2306,231.5000,231.4819
1151,2308,231.3281,231.3940
1152,2310,231.3281,231.2842
1153,2312,231.5000,231.3501
1154,2314,232.5469,232.4048
1155,2316,233.4375,233.4155
1156,2318,234.3125,234.0088
1157,2320,235.3594,234.9756
1158,2322,236.2500,235.8105
1159,2324,236.4219,236.3159
1160,2326,236.9531,236.5796
1161,2328,236.5938,236.5356
1162,2330,236.5938,236.1401
1163,2332,236.5938,236.3818
1164,2334,236.9531,236.4917
1165,2336,237.8281,237.3486
1166,2338,238.8750,238.7769
1167,2340,239.2344,239.2163
1168,2342,239.9375,239.5020
1169,2344,240.1094,239.6118
1170,2346,240.1094,239.9854
1171,2348,239.9375,239.9854
1172,2350,240.1094,239.7437
1173,2352,240.2812,240.3149
1174,2354,240.6406,240.7104
1175,2356,241.5156,241.3257
1176,2358,242.3906,242.1387
1177,2360,242.9219,242.7759
1178,2362,243.4531,243.1714
1179,2364,243.6250,243.1274
1180,2366,243.7969,243.1714
1181,2368,243.7969,243.7866
1182,2370,243.9844,243.8086
1183,2372,243.7969,243.5449
1184,2374,243.7969,243.8086
1185,2376,244.5000,244.1162
1186,2378,245.0312,244.7754
1187,2380,245.0312,244.7314
1188,2382,245.3906,245.4565
1189,2384,245.7344,245.6104
1190,2386,245.7344,245.4126
1191,2388,245.5625,245.0610
1192,2390,245.7344,245.3467
1193,2392,245.5625,245.6104
1194,2394,245.9062,245.3467
1195,2396,246.6094,246.3354
1196,2398,247.3125,247.3901
1197,2400,247.8438,247.6099
1198,2402,248.5469,248.1152
1199,2404,248.7188,248.5327
1200,2406,248.9062,248.4009
1201,2408,248.9062,248.7085
1202,2410,249.2500,249.0381
1203,2412,249.0781,248.7305
1204,2414,249.0781,248.5986
1205,2416,249.4219,249.2358
1206,2418,249.9531,250.0269
1207,2420,250.3125,250.2466
1208,2422,250.8281,250.7520
1209,2424,251.0156,250.4883
1210,2426,251.1875,250.9058
1211,2428,251.1875,251.0596
1212,2430,251.0156,251.0815
1213,2432,251.0156,250.5322
1214,2434,251.1875,251.1914
1215,2436,251.5312,251.1255
1216,2438,251.8906,251.8506
1217,2440,252.5938,252.0923
1218,2442,252.7656,252.2021
1219,2444,253.4688,253.4546
1220,2446,253.6406,253.4985
1221,2448,253.4688,253.3228
1222,2450,253.8281,253.6523
1223,2452,253.6406,253.6084
1224,2454,253.6406,253.5425
1225,2456,253.6406,253.1250
1226,2458,253.8281,253.4985
1227,2460,254.0000,253.7183
1228,2462,254.5312,254.0698
1229,2464,254.5312,254.1797
1230,2466,254.8750,254.5093
1231,2468,254.8750,254.7290
1232,2470,254.7031,254.3115
1233,2472,254.7031,254.4434
1234,2474,254.7031,254.3994
1235,2476,254.7031,254.5093
1236,2478,254.7031,254.3994
1237,2480,254.8750,254.9048
1238,2482,255.0469,254.8608
1239,2484,255.4062,255.1025
1240,2486,255.2344,254.9487
1241,2488,255.2344,255.0366
1242,2490,255.2344,254.8608
1243,2492,255.2344,255.0146
1244,2494,255.4062,254.8608
1245,2496,255.4062,255.4541
1246,2498,255.5781,255.1904
1247,2500,255.2344,254.8169
1248,2502,255.2344,255.1904
1249,2504,255.2344,255.0806
1250,2506,255.5781,255.2783
1251,2508,255.4062,255.2563
1252,2510,255.2344,254.9268
1253,2512,255.2344,255.1904
1254,2514,255.5781,255.1904
1255,2516,255.7500,255.5420
1256,2518,255.5781,255.1904
1257,2520,255.4062,255.1904
1258,2522,255.7500,255.2783
1259,2524,255.5781,255.1904
1260,2526,255.5781,255.1904
1261,2528,255.5781,255.3223
1262,2530,255.7500,255.1904
1263,2532,255.7500,255.3442
1264,2534,255.7500,255.2783
1265,2536,255.5781,255.3223
1266,2538,255.7500,255.4980
1267,2540,255.7500,255.3442
1268,2542,255.5781,255.1245
1269,2544,255.7500,255.4321
1270,2546,255.5781,255.3662
1271,2548,255.7500,255.1025
1272,2550,255.7500,255.3882
1273,2552,255.4062,255.2344
1274,2554,255.7500,255.2563
1275,2556,255.7500,255.5420
1276,2558,255.5781,255.4102
1277,2560,255.7500,255.2563
1278,2562,256.1094,255.7617
1279,2564,255.0469,254.9487
1280,2566,255.5781,255.5859
1281,2568,255.5781,255.4761
1282,2570,255.5781,254.9707
1283,2572,255.5781,255.1465
1284,2574,255.5781,255.3223
1285,2576,255.5781,255.0586
1286,2578,255.7500,255.3662
1287,2580,255.5781,255.5420
1288,2582,255.7500,255.6958
1289,2584,255.5781,255.2124
1290,2586,255.7500,255.2563
1291,2588,255.5781,255.0806
1292,2590,255.5781,255.2783
1293,2592,255.5781,255.3882
1294,2594,255.4062,255.2124
1295,2596,255.4062,255.4980
1296,2598,255.9375,255.6079
1297,2600,255.5781,255.5859
1298,2602,255.5781,255.6079
1299,2604,255.7500,255.3003
1300,2606,255.5781,255.3882
1301,2608,255.5781,255.3882
1302,2610,255.5781,255.3882
1303,2612,255.2344,255.0586
1304,2614,255.7500,255.3003
1305,2616,255.4062,255.4980
1306,2618,255.4062,255.4321
1307,2620,255.2344,255.2563
1308,2622,255.2344,254.7290
1309,2624,255.4062,255.3003
1310,2626,255.2344,255.0146
1311,2628,255.4062,255.0806
1312,2630,255.4062,255.0146
1313,2632,255.2344,254.9268
1314,2634,255.4062,255.2124
1315,2636,255.0469,254.9487
1316,2638,255.2344,255.1465
1317,2640,255.0469,255.0366
1318,2642,255.2344,254.8169
1319,2644,255.0469,254.6851
1320,2646,254.7031,254.5972
1321,2648,254.8750,254.6631
1322,2650,254.7031,254.4653
1323,2652,254.8750,254.8169
1324,2654,254.8750,254.5093
1325,2656,254.5312,254.1357
1326,2658,254.5312,254.0918
1327,2660,254.3438,253.8501
1328,2662,254.3438,254.1577
1329,2664,254.1719,253.9380
1330,2666,254.0000,253.9160
1331,2668,253.6406,253.6523
1332,2670,254.0000,254.0039
1333,2672,253.6406,253.1470
1334,2674,252.9375,252.6196
1335,2676,253.2969,253.1030
1336,2678,252.7656,252.1582
1337,2680,252.7656,252.4219
1338,2682,252.2344,252.1143
1339,2684,252.0625,251.5649
1340,2686,251.8906,251.3013
1341,2688,251.5312,251.5430
1342,2690,251.0156,250.8618
1343,2692,251.0156,250.6860
1344,2694,250.8281,250.6641
1345,2696,251.0156,250.7080
1346,2698,250.6562,250.4224
1347,2700,250.4844,249.9609
1348,2702,250.3125,249.7632
1349,2704,250.1250,249.6094
1350,2706,249.2500,249.1479
1351,2708,248.9062,248.7305
1352,2710,248.7188,248.4668
1353,2712,248.7188,248.5327
1354,2714,248.2031,248.1592
1355,2716,248.2031,247.6099
1356,2718,247.8438,247.8296
1357,2720,247.8438,247.5439
1358,2722,247.6719,247.2363
1359,2724,246.9688,246.4233
1360,2726,246.6094,246.3574
1361,2728,245.7344,245.4785
1362,2730,246.0938,245.6982
1363,2732,245.5625,245.6104
1364,2734,245.2031,244.9292
1365,2736,245.2031,245.2148
1366,2738,245.2031,244.7314
1367,2740,245.2031,244.9292
1368,2742,245.0312,244.9292
1369,2744,244.6875,244.7754
1370,2746,244.3281,244.1162
1371,2748,243.7969,243.3032
1372,2750,243.4531,243.1055
1373,2752,243.2812,242.8198
1374,2754,243.2812,242.8418
1375,2756,243.0938,242.7100
1376,2758,242.9219,242.6221
1377,2760,242.5781,242.4023
1378,2762,242.3906,241.9629
1379,2764,241.5156,241.5674
1380,2766,241.1719,240.9082
1381,2768,240.4688,240.0293
1382,2770,239.9375,239.8096
1383,2772,239.5781,239.3701
1384,2774,239.2344,238.8867
1385,2776,239.2344,238.8647
1386,2778,239.2344,239.1284
1387,2780,239.0625,238.5132
1388,2782,238.3594,237.8760
1389,2784,238.0000,237.5024
1390,2786,237.2969,237.1069
1391,2788,236.5938,236.4258
1392,2790,236.2500,235.8105
1393,2792,235.8906,235.3931
1394,2794,235.7188,235.5908
1395,2796,235.5469,235.3271
1396,2798,235.3594,235.1294
1397,2800,235.0156,234.4482
1398,2802,234.3125,233.7451
1399,2804,233.4375,232.9980
1400,2806,232.3750,231.9873
1401,2808,231.6719,231.2183
1402,2810,230.7969,230.7349
1403,2812,230.6250,230.3613
1404,2814,230.4375,230.1416
1405,2816,230.4375,230.0098
1406,2818,230.4375,230.4492
1407,2820,230.0938,229.9219
1408,2822,229.7344,229.1528
1409,2824,229.0312,228.9331
1410,2826,227.6250,227.2632
1411,2828,226.9219,226.4062
1412,2830,225.7031,225.2856
1413,2832,225.0000,224.7144
1414,2834,225.0000,224.6484
1415,2836,225.1719,225.2856
1416,2838,225.3438,225.2417
1417,2840,225.3438,224.8901
1418,2842,225.0000,224.7144
1419,2844,224.2969,223.8574
1420,2846,223.0625,222.6050
1421,2848,221.6562,221.3745
1422,2850,219.8906,219.4189
1423,2852,219.1875,218.8696
1424,2854,218.4844,217.9688
1425,2856,217.7812,217.3975
1426,2858,218.1406,217.5732
1427,2860,218.3125,217.9688
1428,2862,218.1406,217.7930
1429,2864,217.7812,217.5732
1430,2866,216.9062,216.3647
1431,2868,216.2031,215.7056
1432,2870,214.2656,213.6621
1433,2872,213.5625,213.1348
1434,2874,212.3438,211.8384
1435,2876,211.9844,211.7725
1436,2878,212.5156,212.2559
1437,2880,212.6875,212.6953
1438,2882,212.6875,212.4536
1439,2884,212.3438,211.9702
1440,2886,211.4531,211.0254
1441,2888,210.7500,210.4980
1442,2890,209.1719,208.6304
1443,2892,207.4219,206.9824
1444,2894,206.1875,205.7959
1445,2896,204.9531,204.6973
1446,2898,204.6094,204.0161
1447,2900,204.6094,204.5874
1448,2902,204.4219,204.0381
1449,2904,204.0781,203.6646
1450,2906,203.2031,202.8296
1451,2908,202.5000,201.8188
1452,2910,201.6094,201.0278
1453,2912,200.3906,200.4346
1454,2914,199.6875,199.1382
1455,2916,198.7969,198.4570
1456,2918,198.4531,198.3911
1457,2920,198.2812,198.0615
1458,2922,198.7969,198.6987
1459,2924,198.6250,198.3911
1460,2926,197.7500,197.1826
1461,2928,197.3906,197.0288
1462,2930,196.3438,195.8643
1463,2932,194.5781,194.3262
1464,2934,193.1719,192.9419
1465,2936,192.1250,191.5137
1466,2938,191.0625,190.4590
1467,2940,190.7188,190.4370
1468,2942,190.5469,190.2393
1469,2944,190.3594,189.8438
1470,2946,190.1875,190.0635
1471,2948,189.6562,189.1187
1472,2950,188.4375,187.9102
1473,2952,187.0312,186.4600
1474,2954,185.6250,185.2515
1475,2956,184.7344,184.2188
1476,2958,183.8594,183.2959
1477,2960,183.5156,183.1641
1478,2962,183.1562,182.8345
1479,2964,182.9844,182.3511
1480,2966,182.6250,182.2632
1481,2968,182.4531,182.2192
1482,2970,181.7500,181.4502
1483,2972,180.8750,180.3955
1484,2980,177.3594,176.7920
1485,2982,176.6562,176.2646
1486,2984,175.9531,175.3638
1487,2986,175.4219,174.8145
1488,2988,174.8906,174.3530
1489,2990,173.8438,173.3203
1490,2992,173.4844,173.0566
1491,2994,172.9688,172.3755
1492,2996,172.0781,171.6724
1493,2998,171.3750,171.2109
1494,3000,171.0312,170.7275
1495,3002,170.6719,170.6616
1496,3004,170.5000,170.0684
1497,3006,170.1562,169.7388
1498,3008,169.4531,168.8599
1499,3010,168.2188,167.7393
1500,3012,167.5156,166.9702
1501,3014,166.1094,165.9375
1502,3016,165.4062,164.7729
1503,3018,164.7031,164.0698
1504,3020,164.1719,164.0918
1505,3022,164.0000,163.4985
1506,3024,164.0000,163.6523
1507,3026,163.6406,163.6523
1508,3028,162.9375,162.4438
1509,3030,162.4219,161.9604
1510,3032,161.8906,161.7188
1511,3034,161.3594,160.7300
1512,3036,160.6562,160.3345
1513,3038,159.9531,159.3677
1514,3040,159.0781,158.7085
1515,3042,158.3750,158.0933
1516,3044,157.6719,157.1704
1517,3046,156.7969,156.2476
1518,3048,156.4375,155.9619
1519,3050,155.9062,155.5884
1520,3052,155.3906,154.9292
1521,3054,154.8594,154.6436
1522,3056,154.3281,153.8745
1523,3058,153.9844,153.5229
1524,3060,153.2812,152.7319
1525,3062,152.9219,152.4463
1526,3064,152.3906,151.8970
1527,3066,151.6875,151.6333
1528,3068,151.3438,150.7983
1529,3070,150.6406,150.2710
1530,3072,150.1094,149.7656
1531,3074,149.5781,149.0845
1532,3076,148.8750,148.8647
1533,3078,148.3594,147.9199
1534,3080,147.4688,147.2607
1535,3082,146.5938,146.4697
1536,3084,146.0625,145.7227
1537,3086,145.7188,145.5029
1538,3088,145.5469,144.9976
1539,3090,145.1875,145.0195
1540,3092,145.0156,144.4263
1541,3094,144.8438,144.2944
1542,3096,144.4844,144.0308
1543,3098,144.1406,143.7231
1544,3100,143.6094,143.5034
1545,3102,142.5469,142.4268
1546,3104,141.3281,140.6909
1547,3106,140.6250,140.0537
1548,3108,140.0938,139.6582
1549,3110,139.5625,139.1968
1550,3112,139.0312,138.8232
1551,3114,139.2188,138.7573
1552,3116,138.8594,138.3398
1553,3118,138.8594,138.3618
1554,3120,138.5156,138.1641
1555,3122,137.8125,137.7686
1556,3124,137.2812,136.8896
1557,3126,136.0469,136.1206
1558,3128,135.1719,135.1318
1559,3130,134.4688,134.3188
1560,3132,133.9375,133.6597
1561,3134,133.7656,133.1982
1562,3136,133.4062,133.4839
1563,3138,133.4062,133.0664
1564,3140,133.0625,132.8027
1565,3142,132.8906,132.3193
1566,3144,132.1875,131.9897
1567,3146,131.4844,131.1548
1568,3148,130.7812,130.6274
1569,3150,130.0781,129.7925
1570,3152,129.1875,128.6938
1571,3154,129.1875,128.8257
1572,3156,129.0156,128.4741
1573,3158,128.8438,128.6499
1574,3160,128.4844,128.3423
1575,3162,128.1406,127.7930
1576,3164,127.2656,126.7383
1577,3166,126.7344,126.2988
1578,3168,126.2031,125.7056
1579,3170,125.8594,125.3979
1580,3172,125.6719,125.3979
1581,3174,125.1562,124.8706
1582,3176,124.9688,124.8706
1583,3178,124.9688,124.7388
1584,3180,124.9688,124.5630
1585,3182,124.4531,123.9697
1586,3184,123.5625,123.2666
1587,3186,122.3438,121.8604
1588,3188,121.4531,121.0693
1589,3190,120.9375,120.6519
1590,3192,120.4062,119.8608
1591,3194,120.0469,119.6411
1592,3196,119.5312,119.4214
1593,3198,119.7031,119.4434
1594,3200,119.8750,119.5752
1595,3202,119.7031,119.2017
1596,3204,119.0000,118.6304
1597,3206,118.2969,118.1470
1598,3208,117.5938,117.3999
1599,3210,116.7188,116.1914
1600,3212,115.4844,114.9609
1601,3214,115.1250,114.6753
1602,3216,114.2500,113.8403
1603,3218,113.9062,113.9502
1604,3220,114.0781,113.9722
1605,3222,114.2500,114.1479
1606,3224,113.7188,113.2251
1607,3226,113.2031,112.9175
1608,3228,112.8438,112.3682
1609,3230,111.7969,111.2695
1610,3232,111.0938,110.6763
1611,3234,110.5625,110.0610
1612,3236,110.0312,109.5117
1613,3238,109.5000,109.2041
1614,3240,109.5000,109.2480
1615,3242,109.5000,109.1821
1616,3244,108.9844,108.4351
1617,3246,108.2812,107.6660
1618,3248,107.2188,106.6772
1619,3250,106.3438,105.7983
1620,3252,105.4688,104.8975
1621,3254,104.7656,104.5459
1622,3256,104.5781,104.3921
1623,3258,104.2344,103.6011
1624,3260,104.0625,103.9307
1625,3262,104.4062,104.0405
1626,3264,103.8750,103.3594
1627,3266,103.3594,102.7881
1628,3268,102.2969,101.9312
1629,3270,100.7188,100.2173
1630,3272,99.1406,98.7012
1631,3274,98.4375,97.9761
1632,3276,97.5469,97.2290
1633,3278,97.0312,96.8335
1634,3280,97.3750,97.2949
1635,3282,97.5469,97.1851
1636,3284,97.5469,97.2510
1637,3286,97.2031,96.5918
1638,3288,96.1406,95.4712
1639,3290,95.0938,94.7461
1640,3292,93.1562,92.6367
1641,3294,91.7500,91.4502
1642,3296,90.3438,89.9341
1643,3298,89.1094,88.8354
1644,3300,89.2969,89.1650
1645,3302,89.2969,89.1431
1646,3304,89.6406,89.5386
1647,3306,89.4688,88.9673
1648,3308,88.7656,88.5278
1649,3310,87.7031,87.0557
1650,3312,85.9531,85.4297
1651,3314,85.2500,85.1001
1652,3316,83.3125,83.0347
1653,3318,82.7812,82.1777
1654,3320,82.2656,82.1997
1655,3322,82.0781,81.6504
1656,3324,81.7344,81.6943
1657,3326,81.0312,80.7056
1658,3328,80.5000,80.2002
1659,3330,78.9219,78.8599
1660,3332,77.1562,76.5967
1661,3334,75.9375,76.0034
1662,3336,74.8750,74.3994
1663,3338,74.0000,73.3887
1664,3340,74.1719,73.8281
1665,3342,74.3438,74.0479
1666,3344,74.1719,73.5864
1667,3346,74.0000,73.7622
1668,3348,72.7656,72.4658
1669,3350,71.7188,71.0815
1670,3352,69.2500,68.5986
1671,3354,66.4375,65.9180
1672,3356,64.6875,64.5337
1673,3358,63.2812,62.9077
1674,3360,63.2812,62.8638
1675,3362,63.0938,62.7759
1676,3364,63.0938,63.0615
1677,3366,63.2812,63.1494
1678,3368,63.0938,62.6440
1679,3370,62.0469,61.5454
1680,3372,60.1094,60.0732
1681,3374,57.8281,57.1729
1682,3376,54.8438,54.2505
1683,3378,53.2500,52.7124
1684,3380,53.0781,52.6904
1685,3382,53.0781,52.4927
1686,3384,52.7344,52.4487
1687,3386,52.0312,51.4160
1688,3388,51.8438,51.5259
1689,3390,50.6250,50.6250
1690,3392,49.7344,49.0869
1691,3394,47.6250,47.0654
1692,3396,45.0000,44.4287
1693,3398,43.4062,43.0884
1694,3400,42.1875,41.9238
1695,3402,42.0000,41.8140
1696,3404,41.6562,41.1328
1697,3406,41.1250,40.7593
1698,3408,40.2500,40.1221
1699,3410,39.1875,38.9355
1700,3412,37.7812,37.7051
1701,3414,35.8594,35.3101
1702,3416,34.6250,34.0137
1703,3418,33.3906,33.3984
1704,3420,32.1562,31.6846
1705,3422,32.1562,31.9263
1706,3424,32.1562,32.1021
1707,3426,31.8125,31.3770
1708,3428,31.1094,30.5420
1709,3430,29.8750,29.2676
1710,3432,27.7656,27.2681
1711,3434,26.0156,25.6641
1712,3436,23.3750,22.9175
1713,3438,21.6094,21.0718
1714,3440,20.9062,20.4126
1715,3442,20.5625,20.3027
1716,3444,20.7344,20.3467
1717,3446,20.3906,19.9731
1718,3448,20.2031,19.7314
1719,3450,19.8594,19.4019
1720,3452,18.7969,18.7427
1721,3454,17.2188,16.9189
1722,3456,15.2812,14.8096
1723,3458,12.8281,12.7002
1724,3460,11.5938,11.4038
1725,3462,10.8906,10.3052
1726,3464,10.3594,9.7998
1727,3466,9.8438,9.4482
1728,3468,9.3125,8.6353
1729,3470,8.6094,8.6133
1730,3472,8.0781,7.8662
1731,3474,7.5469,7.0312
1732,3476,5.7969,5.6470
1733,3478,4.7344,4.3286
1734,3480,3.5156,2.9004
1735,3482,2.6250,2.1313
1736,3484,2.2812,2.2632
1737,3486,1.9219,1.6699
1738,3488,1.7500,1.1865
1739,3490,1.0469,0.5933
1740,3492,0.0000,359.9780
1741,3494,358.7656,358.2202
1742,3496,357.3594,356.7920
1743,3498,356.1250,355.7812
1744,3500,355.0781,354.7705
1745,3502,354.3750,354.3970
1746,3504,354.3750,353.9575
1747,3506,354.3750,353.8477
1748,3508,354.1875,353.8477
1749,3510,354.0156,353.5181
1750,3512,352.9688,352.5293
1751,3514,352.0781,352.0020
1752,3516,350.8594,350.3760
1753,3518,349.0938,348.5962
1754,3520,347.8594,347.5635
1755,3522,347.3438,346.7944
1756,3524,346.9844,346.6406
1757,3526,346.9844,346.4209
1758,3528,346.9844,346.5308
1759,3530,346.8125,346.7065
1760,3532,346.4531,346.0034
1761,3534,345.9375,345.4761
1762,3536,345.0469,344.8169
1763,3538,343.4688,343.1250
1764,3540,342.2344,341.7188
1765,3542,341.0156,340.5103
1766,3544,340.1250,339.5215
1767,3546,339.7812,339.1919
1768,3548,338.9062,338.7305
1769,3550,339.2500,339.1260
1770,3552,339.2500,338.9941
1771,3554,338.7188,338.1152
1772,3556,338.2031,337.5879
1773,3558,337.6719,337.1484
1774,3560,336.6094,336.1597
1775,3562,335.3906,334.9292
1776,3564,334.6875,334.1382
1777,3566,333.9844,333.5449
1778,3568,333.6250,333.3032
1779,3570,333.2812,333.0396
1780,3572,333.0938,332.7759
1781,3574,332.5781,332.0947
1782,3576,331.8750,331.2598
1783,3578,330.9844,330.6665
1784,3580,330.1094,329.6558
1785,3582,329.5781,329.0625
1786,3584,329.2344,328.7549
1787,3586,328.7031,328.1177
1788,3588,328.5312,328.3594
1789,3590,328.5312,328.2275
1790,3592,328.1719,327.8979
1791,3594,328.0000,327.7002
1792,3596,327.4688,326.9971
1793,3598,326.5938,326.0303
1794,3600,325.0156,324.4482
1795,3602,323.9531,323.4814
1796,3604,323.0781,322.6245
1797,3606,322.7344,322.2949
1798,3608,322.5469,322.0532
1799,3610,322.3750,322.0532
1800,3612,322.5469,322.2949
1801,3614,322.5469,322.0093
1802,3616,322.2031,321.7236
1803,3618,321.3281,320.9326
1804,3620,320.4375,320.1416
1805,3622,319.3906,318.9551
1806,3624,318.3281,317.9004
1807,3626,317.8125,317.3511
1808,3628,317.1094,316.6919
1809,3630,316.7500,316.4502
1810,3632,316.5781,316.4941
1811,3634,316.7500,316.4722
1812,3636,316.4062,316.0767
1813,3638,315.8750,315.4614
1814,3640,315.3438,314.8242
1815,3642,314.2969,313.7256
1816,3644,313.5938,313.0225
1817,3646,312.8906,312.8247
1818,3648,312.5312,312.0117
1819,3650,311.8281,311.5283
1820,3652,311.6562,311.1328
1821,3654,311.6562,311.2207
1822,3656,311.1250,311.0010
1823,3658,310.7812,310.1880
1824,3660,309.8906,309.5068
1825,3662,309.1875,308.6060
1826,3664,308.6719,308.3862
1827,3666,308.3125,307.8809
1828,3668,307.9688,307.4854
1829,3670,307.6094,307.1118
1830,3672,307.2656,306.7603
1831,3674,307.2656,307.0459
1832,3676,306.9062,306.4966
1833,3678,306.5625,306.0132
1834,3680,305.6719,305.2441
1835,3682,304.4531,303.9917
1836,3684,303.3906,302.8491
1837,3686,302.5156,302.1680
1838,3688,301.9844,301.5747
1839,3690,301.6406,301.4648
1840,3692,301.6406,301.1133
1841,3694,301.6406,301.3989
1842,3696,301.8125,301.2231
1843,3698,301.2812,301.0034
1844,3700,300.7500,300.2124
1845,3702,299.8750,299.6631
1846,3704,299.0000,298.5425
1847,3706,297.9375,297.5977
1848,3708,296.7188,296.1914
1849,3710,296.3594,295.8838
1850,3712,295.6562,295.1147
1851,3714,295.3125,294.8071
1852,3716,295.3125,294.8730
1853,3718,295.1250,294.8950
1854,3720,294.7812,294.3457
1855,3722,294.2500,293.7305
1856,3724,293.2031,292.9175
1857,3726,292.3125,291.7090
1858,3728,291.7969,291.4453
1859,3730,291.0938,290.6323
1860,3732,290.7344,290.4565
1861,3734,290.5625,290.4346
1862,3736,290.3906,289.9731
1863,3738,290.2031,289.8193
1864,3740,289.1562,288.6548
1865,3742,288.0938,287.9517
1866,3744,287.5781,287.0068
1867,3746,286.3438,285.9082
1868,3748,285.4688,284.9414
1869,3750,285.1094,285.0293
1870,3752,284.4062,284.2822
1871,3754,284.4062,284.1724
1872,3756,284.4062,284.1284
1873,3758,284.4062,284.3701
1874,3760,283.8750,283.3594
1875,3762,283.0000,282.4146
1876,3764,281.5938,281.0522
1877,3766,280.1875,279.6460
1878,3768,278.4375,278.1079
1879,3770,277.7344,277.5146
1880,3772,277.3750,276.9873
1881,3774,277.3750,276.9434
1882,3776,277.5469,277.1631
1883,3778,277.7344,277.4268
1884,3780,277.3750,276.9653
1885,3782,276.6719,276.1304
1886,3784,275.6250,275.2295
1887,3786,274.2188,273.7793
1888,3788,272.6250,272.0874
1889,3790,270.8750,270.7031
1890,3792,270.1719,269.6484
1891,3794,269.4688,269.1211
1892,3796,269.4688,269.0552
1893,3798,269.2969,268.9233
1894,3800,269.4688,269.3188
1895,3802,269.1094,268.8354
1896,3804,268.2344,267.7588
1897,3806,267.1875,266.5723
1898,3808,265.9531,265.4956
1899,3810,264.3750,264.3530
1900,3812,263.3125,262.9028
1901,3814,262.6094,262.1997
1902,3816,262.6094,262.2217
1903,3818,262.4375,262.3096
1904,3820,261.9062,261.5186
1905,3822,261.2031,260.8594
1906,3824,259.9688,259.2993
1907,3826,258.3906,257.8711
1908,3828,256.8125,256.2891
1909,3830,255.4062,254.9048
1910,3832,254.5312,254.3994
1911,3834,254.3438,254.3555
1912,3836,254.5312,253.9819
1913,3838,254.5312,254.2896
1914,3840,254.1719,253.6084
1915,3842,253.8281,253.3447
1916,3844,252.7656,252.2241
1917,3846,251.0156,250.8179
1918,3848,248.2031,248.0054
1919,3850,245.7344,245.3247
1920,3852,244.3281,244.1821
1921,3854,243.6250,243.6768
1922,3856,244.1562,243.6987
1923,3858,243.7969,243.6548
1924,3860,243.7969,243.6328
1925,3862,243.7969,243.7207
1926,3864,242.9219,242.7759
1927,3866,242.0469,241.4795
1928,3868,239.7656,239.2603
1929,3870,236.9531,236.6455
1930,3872,234.4844,234.1187
1931,3874,233.6094,233.1738
1932,3876,233.6094,233.3496
1933,3878,233.2500,232.8003
1934,3880,232.7344,232.2949
1935,3882,232.3750,231.8994
1936,3884,231.6719,231.2402
1937,3886,230.6250,230.0317
1938,3888,228.6875,228.2080
1939,3890,226.9219,226.7578
1940,3892,224.4688,224.1870
1941,3894,222.8906,222.5171
1942,3896,222.3594,222.1216
1943,3898,222.3594,222.0117
1944,3900,221.6562,221.1328
1945,3902,221.1250,220.5396
1946,3904,219.7188,219.4189
1947,3906,218.3125,217.8809
1948,3908,216.5625,216.0791
1949,3910,215.1562,214.7827
1950,3912,213.7500,213.1787
1951,3914,212.3438,211.9043
1952,3916,211.6406,211.6626
1953,3918,211.2812,211.3110
1954,3920,211.4531,211.0034
1955,3922,211.1094,210.4980
1956,3924,209.7031,209.2676
1957,3926,208.4688,207.9932
1958,3928,206.0156,205.4443
1959,3930,203.7188,203.1592
1960,3932,201.2656,200.6543
1961,3934,199.8594,199.5337
1962,3936,199.1562,198.8745
1963,3938,199.5000,199.5117
1964,3940,199.5000,198.9404
1965,3942,199.1562,199.1821
1966,3944,198.7969,198.2373
1967,3946,198.0938,197.7979
1968,3948,196.5156,195.9961
1969,3950,194.9375,194.4580
1970,3952,192.2969,191.8652
1971,3954,190.1875,189.6240
1972,3956,189.1406,188.7231
1973,3958,188.6094,188.1299
1974,3960,188.0781,187.5806
1975,3962,187.3750,186.9653
1976,3964,187.0312,186.6357
1977,3966,185.9688,185.9326
1978,3968,185.4375,184.9658
1979,3970,184.2188,183.8892
1980,3972,183.1562,182.7466
1981,3974,181.2188,181.1206
1982,3976,180.3438,180.0220
1983,3978,179.4688,178.9893
1984,3980,179.2969,179.1211
1985,3982,179.1094,178.5938
1986,3984,178.4062,178.3521
1987,3986,177.5312,177.0557
1988,3988,176.4844,175.9790
1989,3990,175.0781,174.7705
1990,3992,173.8438,173.2544
1991,3994,172.4375,171.8481
1992,3996,171.5625,171.0352
1993,3998,171.2031,170.8374
1994,4000,170.8594,170.4199
1995,4002,170.6719,170.7056
1996,4004,170.6719,170.5518
1997,4006,170.3281,170.0024
1998,4008,169.4531,169.0576
1999,4010,167.8594,167.3218
2000,4012,166.2812,165.6738
2001,4014,164.5312,164.4434
2002,4016,163.8281,163.8940
2003,4018,163.6406,163.4106
2004,4020,162.7656,162.3120
2005,4022,163.2969,162.7515
2006,4024,163.1250,162.8394
2007,4026,162.7656,162.4438
2008,4028,162.4219,161.9165
2009,4030,161.7188,161.1914
2010,4032,160.4844,160.0928
2011,4034,159.0781,158.5547
2012,4036,157.3125,157.0386
2013,4038,156.4375,156.2695
2014,4040,155.9062,155.5225
2015,4042,155.3906,155.0610
2016,4044,155.2031,155.1050
2017,4046,154.6875,154.3140
2018,4048,154.8594,154.8193
2019,4050,154.5000,153.9185
2020,4052,153.9844,153.8965
2021,4054,152.9219,152.4023
2022,4056,152.0469,151.4355
2023,4058,151.3438,150.7104
2024,4060,150.4688,150.1172
2025,4062,149.7656,149.5459
2026,4064,149.4062,148.8208
2027,4066,149.0625,148.7329
2028,4068,148.8750,148.4912
2029,4070,148.3594,147.8320
2030,4072,147.6562,147.1948
2031,4074,146.9531,146.3379
2032,4076,146.0625,145.4370
2033,4078,145.1875,144.9756
2034,4080,144.8438,144.7339
2035,4082,144.8438,144.2285
2036,4084,144.4844,144.1626
2037,4086,144.1406,144.0747
2038,4088,144.4844,144.1846
2039,4090,144.1406,143.6792
2040,4092,143.0781,142.5806
2041,4094,142.2031,141.6357
2042,4096,140.7969,140.4932
2043,4098,140.2656,139.7241
2044,4100,139.3906,138.8892
2045,4102,139.0312,138.5596
2046,4104,138.5156,138.5156
2047,4106,138.5156,138.0322
2048,4108,138.8594,138.6255
2049,4110,138.6875,138.1641
2050,4112,138.1562,137.8125
2051,4114,137.6250,137.0874
2052,4116,136.5781,136.3184
2053,4118,135.7031,135.2197
2054,4120,134.4688,133.9233
2055,4122,134.1094,133.8574
2056,4124,133.4062,133.0664
2057,4126,133.0625,132.7148
2058,4128,133.4062,133.2422
2059,4130,133.2344,132.6929
2060,4132,133.0625,132.5830
2061,4134,132.3594,132.1875
2062,4136,131.8281,131.4185
2063,4138,131.1250,130.6055
2064,4140,130.2500,129.8584
2065,4142,130.0781,129.6826
2066,4144,129.0156,128.7598
2067,4146,128.4844,128.0127
2068,4148,128.6719,128.2544
2069,4150,128.4844,128.3423
2070,4152,128.3125,127.8149
2071,4154,127.6094,127.0239
2072,4156,127.0781,126.5845
2073,4158,126.2031,125.7056
2074,4160,126.0312,125.6177
2075,4162,125.5000,125.3320
2076,4164,125.3281,125.2002
2077,4166,124.7969,124.4971
2078,4168,124.6250,124.2554
2079,4170,124.7969,124.5190
2080,4172,124.6250,124.1016
2081,4174,123.7500,123.3325
2082,4176,122.8594,122.3218
2083,4178,121.8125,121.3330
2084,4180,120.9375,120.5640
2085,4182,120.2344,119.9487
2086,4184,119.8750,119.7290
2087,4186,119.3438,119.3335
2088,4188,119.3438,119.2456
2089,4190,119.7031,119.3994
2090,4192,119.7031,119.1357
2091,4194,119.3438,118.8501
2092,4196,118.6406,118.3008
2093,4198,117.9375,117.5757
2094,4200,117.0625,116.8066
2095,4202,115.8281,115.3564
2096,4204,115.1250,114.7412
2097,4206,114.2500,114.1699
2098,4208,113.5469,113.4448
2099,4210,113.9062,113.7744
2100,4212,114.0781,113.9941
2101,4214,113.9062,113.6646
2102,4216,113.5469,113.3350
2103,4218,112.6719,112.2363
2104,4220,111.9688,111.7529
2105,4222,111.2656,110.6323
2106,4224,110.3906,109.9731
2107,4226,109.8594,109.2700
2108,4228,109.5000,109.5117
2109,4230,109.1562,109.0723
2110,4232,109.5000,109.0942
2111,4234,109.3281,108.6548
2112,4236,108.4531,107.9956
2113,4238,107.3906,107.0947
2114,4240,106.8750,106.2158
2115,4242,105.8125,105.4028
2116,4244,105.1094,104.6338
2117,4246,104.4062,104.1504
2118,4248,104.0625,103.7109
2119,4250,103.8750,103.6011
2120,4252,103.8750,103.6230
2121,4254,104.0625,103.7549
2122,4256,103.1719,102.8760
2123,4258,102.2969,101.8433
2124,4260,101.2500,100.7666
2125,4262,99.6562,99.2285
2126,4264,98.6094,98.2178
2127,4266,97.9062,97.2510
2128,4268,97.2031,97.0972
2129,4270,97.3750,96.9873
2130,4272,97.5469,97.0093
2131,4274,97.5469,97.4927
2132,4276,97.2031,96.9214
2133,4278,96.6719,96.1304
2134,4280,95.2656,94.6362
2135,4282,93.8594,93.4937
2136,4284,92.1094,91.5601
2137,4286,90.3438,90.0659
2138,4288,89.6406,89.3848
2139,4290,89.1094,88.9453
2140,4292,89.2969,88.9453
2141,4294,89.4688,89.3848
2142,4296,89.6406,89.3628
2143,4298,88.7656,88.1543
2144,4300,88.0625,87.4951
2145,4302,86.8281,86.1987
2146,4304,85.4219,84.9243
2147,4306,84.0156,83.5620
2148,4308,82.9688,82.4194
2149,4310,81.9062,82.0679
2150,4312,81.9062,81.4087
2151,4314,81.5625,81.4746
2152,4316,81.7344,81.4087
2153,4318,81.0312,80.5298
2154,4320,78.9219,78.3105
2155,4322,77.8594,77.3657
2156,4324,76.4531,76.2671
2157,4326,74.8750,74.2676
2158,4328,74.3438,73.8721
2159,4330,73.8281,73.6304
2160,4332,74.0000,73.6963
2161,4334,74.0000,73.4546
2162,4336,74.0000,73.5425
2163,4338,73.4688,73.0371
2164,4340,71.8906,71.2793
2165,4342,69.6094,69.1040
2166,4344,67.1406,66.6431
2167,4346,65.0312,64.5557
2168,4348,63.6250,63.3032
2169,4350,63.2812,63.1934
2170,4352,63.2812,62.6440
2171,4354,63.2812,62.8857
2172,4356,63.2812,62.9956
2173,4358,63.0938,62.7100
2174,4360,62.2188,61.6992
2175,4362,60.4688,60.2271
2176,4364,58.5312,57.9858
2177,4366,55.3594,54.7998
2178,4368,53.6094,53.0859
2179,4370,52.9062,52.9102
2180,4372,52.9062,52.6025
2181,4374,52.7344,52.1851
2182,4376,51.8438,51.5259
2183,4378,51.8438,51.4380
2184,4380,50.7969,50.4712
2185,4382,49.7344,49.2847
2186,4384,48.1562,47.5269
2187,4386,45.8750,45.3955
2188,4388,43.9375,43.4839
2189,4390,42.3594,41.9897
2190,4392,42.1875,41.9019
2191,4394,42.1875,41.5942
2192,4396,41.1250,41.0449
2193,4398,40.5938,39.9902
2194,4400,39.3750,39.1333
2195,4402,38.4844,37.9688
2196,4404,36.7344,36.3428
2197,4406,35.1562,34.7388
2198,4408,33.7500,33.2227
2199,4410,32.5156,32.2778
2200,4412,31.9844,31.8164
2201,4414,31.9844,31.8164
2202,4416,31.8125,31.6187
2203,4418,31.1094,30.6519
2204,4420,30.0469,29.5093
2205,4422,28.4688,28.1030
2206,4424,26.5312,26.0376
2207,4426,23.7188,23.2471
2208,4428,22.3125,22.1045
2209,4430,21.2656,20.6543
2210,4432,20.7344,20.2808
2211,4434,20.5625,20.4346
2212,4436,20.3906,19.9512
2213,4438,20.2031,20.0830
2214,4440,19.8594,19.7754
2215,4442,19.3281,19.0283
2216,4444,17.9219,17.3364
2217,4446,15.4688,14.9854
2218,4448,13.5312,13.0518
2219,4450,11.7656,11.2500
2220,4452,11.0625,10.5249
2221,4454,10.3594,10.1074
2222,4456,10.0156,9.6460
2223,4458,9.6562,9.6460
2224,4460,9.1406,8.5913
2225,4462,8.6094,8.3057
2226,4464,7.5469,7.1411
2227,4466,6.1406,5.6909
2228,4468,4.9219,4.4165
2229,4470,3.6875,3.3398
2230,4472,2.6250,1.9995
2231,4474,2.1094,1.8677
2232,4476,1.9219,1.6260
2233,4478,1.5781,1.6479
2234,4480,0.8750,0.2417
2235,4482,0.1719,0.0659
2236,4484,359.1094,359.0771
2237,4486,357.7031,357.3633
2238,4488,356.4844,355.9131
2239,4490,355.2500,354.7046
2240,4492,354.7188,354.3091
2241,4494,354.3750,354.1553
2242,4496,353.8438,353.4082
2243,4498,354.1875,354.0015
2244,4500,354.0156,353.6279
2245,4502,353.3125,352.8369
2246,4504,352.2656,351.7822
2247,4506,351.2031,350.7275
2248,4508,349.4531,348.9697
2249,4510,348.0469,347.7173
2250,4512,347.5156,346.9702
2251,4514,347.1562,346.8384
2252,4516,346.8125,346.5527
2253,4518,346.9844,346.5967
2254,4520,346.8125,346.5967
2255,4522,346.6406,346.3550
2256,4524,346.1094,345.4321
2257,4526,345.4062,345.3442
2258,4528,344.0000,343.5205
2259,4530,342.4219,341.8945
2260,4532,341.1875,340.6421
2261,4534,340.4844,339.9829
2262,4536,339.7812,339.1919
2263,4538,339.4219,339.3237
2264,4540,339.4219,338.9722
2265,4542,338.9062,338.8184
2266,4544,338.9062,338.5986
2267,4546,338.3750,338.0933
2268,4548,337.6719,337.4121
2269,4550,336.6094,336.4673
2270,4552,335.5625,335.2368
2271,4554,334.8594,334.2920
2272,4556,334.1562,333.7427
2273,4558,333.6250,333.5229
2274,4560,333.2812,332.7759
2275,4562,333.0938,332.7319
2276,4564,332.7500,332.4683
2277,4566,332.2188,331.7212
2278,4568,331.1719,330.6226
2279,4570,330.2812,330.1611
2280,4572,329.7656,329.2163
2281,4574,329.0625,328.9526
2282,4576,328.8750,328.4033
2283,4578,328.3594,328.3154
2284,4580,328.3594,328.1616
2285,4582,328.5312,328.2935
2286,4584,328.1719,328.2495
2287,4586,327.6562,327.1289
2288,4588,326.5938,326.0303
2289,4590,325.3594,324.7559
2290,4592,324.3125,323.8770
2291,4594,323.4375,322.9321
2292,4596,322.9062,322.4487
2293,4598,322.5469,322.1851
2294,4600,322.2031,322.1191
2295,4602,322.3750,322.2729
2296,4604,322.3750,321.8994
2297,4606,322.2031,321.8555
2298,4608,321.6719,321.2842
2299,4610,320.6250,319.9878
2300,4612,319.5625,319.0869
2301,4614,318.5156,318.0981
2302,4616,317.6250,317.3730
2303,4618,317.4531,316.9775
2304,4620,316.9219,316.4722
2305,4622,316.9219,316.5381
2306,4624,316.9219,316.4941
2307,4626,316.5781,316.5161
2308,4628,316.0469,315.8569
2309,4630,315.5156,315.1318
2310,4632,314.8125,314.3628
2311,4634,314.1094,313.8135
2312,4636,313.5938,313.0664
2313,4638,312.8906,312.7808
2314,4640,312.1875,311.7920
2315,4642,312.1875,312.0557
2316,4644,312.3594,312.2754
2317,4646,312.3594,312.0337
2318,4648,311.8281,311.3306
2319,4650,311.1250,310.6714
2320,4652,310.2500,310.0781
2321,4654,309.3750,309.1992
2322,4656,309.0156,308.6279
2323,4658,308.4844,308.4302
2324,4660,308.1406,307.8149
2325,4662,308.1406,307.7930
2326,4664,308.1406,308.1006
2327,4666,308.1406,307.7930
2328,4668,307.7812,307.6392
2329,4670,307.4375,306.9141
2330,4672,306.9062,306.5186
2331,4674,306.0312,305.7935
2332,4676,304.9688,304.8047
2333,4678,304.2656,303.7500
2334,4680,303.5625,303.0249
2335,4682,303.2188,302.8052
2336,4684,302.8594,302.4756
2337,4686,302.8594,302.5635
2338,4688,302.6875,302.0361
2339,4690,302.5156,302.0801
2340,4692,301.9844,301.8384
2341,4694,301.8125,301.5527
2342,4696,301.2812,300.6519
2343,4698,300.7500,300.2124
2344,4700,300.2344,299.8608
2345,4702,299.8750,299.5093
2346,4704,299.5312,299.2017
2347,4706,298.8281,298.4985
2348,4708,298.6406,298.0591
2349,4710,298.1250,297.8833
2350,4712,297.4219,297.3120
2351,4714,297.4219,296.9824
2352,4716,296.8906,296.3232
2353,4718,296.3594,296.0156
2354,4720,295.6562,295.2686
2355,4722,295.1250,294.7852
2356,4724,294.6094,294.1919
2357,4726,294.2500,293.9502
2358,4728,294.0781,293.8403
2359,4730,293.7188,293.2031
2360,4732,293.5469,292.9614
2361,4734,293.0156,292.4561
2362,4736,292.6719,292.2144
2363,4738,292.1406,291.7090
2364,4740,291.9688,291.6650
2365,4742,291.7969,291.6211
2366,4744,291.6094,291.3135
2367,4746,291.4375,290.8960
2368,4748,290.9062,290.6323
2369,4750,290.2031,290.0830
2370,4752,289.8594,289.4897
2371,4754,288.9844,288.3911
2372,4756,288.0938,287.8857
2373,4758,287.7500,287.2705
2374,4760,287.3906,286.9409
2375,4762,286.8750,286.4795
2376,4764,286.6875,286.3037
2377,4766,286.5156,285.9961
2378,4768,286.3438,286.2158
2379,4770,285.8125,285.7104
2380,4772,285.4688,284.8975
2381,4774,284.9375,284.6777
2382,4776,284.7656,284.2603
2383,4778,284.4062,284.1284
2384,4780,284.2344,284.0625
2385,4782,283.7031,283.5791
2386,4784,283.3594,283.2935
2387,4786,283.0000,282.8760
2388,4788,282.4688,282.3267
2389,4790,281.7656,281.4917
2390,4792,281.0625,280.5688
2391,4794,280.3594,280.1074
2392,4796,280.0156,279.5361
2393,4798,279.8438,279.5142
2394,4800,279.6562,279.2505
2395,4802,279.4844,279.1406
2396,4804,279.3125,278.8550
2397,4806,278.9531,278.8989
2398,4808,278.2500,277.7344
2399,4810,277.5469,277.3608
2400,4812,277.2031,277.0752
2401,4814,277.0312,276.7676
2402,4816,276.6719,276.3940
2403,4818,276.6719,276.5918
2404,4820,276.5000,276.1743
2405,4822,276.5000,276.0205
2406,4824,275.9688,275.7788
2407,4826,275.4375,274.9878
2408,4828,274.7344,274.2627
2409,4830,273.5156,273.4937
2410,4832,272.6250,272.6807
2411,4834,272.2812,272.2412
2412,4836,272.2812,271.9116
2413,4838,272.2812,271.9995
2414,4840,272.6250,272.0654
2415,4842,272.4531,272.0654
2416,4844,272.1094,271.4722
2417,4846,271.2188,271.2085
2418,4848,270.3438,269.8462
2419,4850,269.4688,269.1211
2420,4852,269.1094,268.5718
2421,4854,268.4062,268.1763
2422,4856,268.7656,268.1763
2423,4858,268.7656,268.5718
2424,4860,268.9375,268.3960
2425,4862,268.7656,268.4839
2426,4864,268.4062,268.1543
2427,4866,267.8906,267.4292
2428,4868,266.8281,266.6602
2429,4870,266.4844,266.0449
2430,4872,265.5938,265.6714
2431,4874,265.5938,265.6055
2432,4876,265.4219,265.1001
2433,4878,265.2500,265.0562
2434,4880,265.5938,265.1880
2435,4882,265.5938,265.1440
2436,4884,265.0781,264.5728
2437,4886,264.8906,264.5288
2438,4888,264.1875,263.8916
2439,4890,263.4844,263.2544
2440,4892,263.1406,262.8149
2441,4894,262.7812,262.6392
2442,4896,262.6094,262.1118
2443,4898,262.6094,262.0898
2444,4900,262.2656,262.0020
2445,4902,262.0781,261.8262
2446,4904,261.5625,261.2329
2447,4906,260.6719,260.4639
2448,4908,259.7969,259.3213
2449,4910,259.0938,258.6182
2450,4912,258.5625,258.1567
2451,4914,258.3906,257.9810
2452,4916,258.3906,258.4204
2453,4918,258.5625,258.1567
2454,4920,258.5625,258.1567
2455,4922,258.0469,257.5854
2456,4924,258.2188,257.7173
2457,4926,257.5156,257.1021
2458,4928,256.6406,256.4648
2459,4930,256.1094,255.6079
2460,4932,255.7500,255.3442
2461,4934,255.7500,255.7837
2462,4936,255.9375,256.0034
2463,4938,256.1094,255.8276
2464,4940,256.1094,256.0474
2465,4942,255.5781,255.3662
2466,4944,255.4062,255.1245
2467,4946,255.0469,254.8169
2468,4948,254.5312,253.9380
2469,4950,254.5312,254.1138
2470,4952,254.3438,253.9380
2471,4954,254.3438,254.2017
2472,4956,254.3438,253.9160
2473,4958,254.3438,254.0479
2474,4960,254.3438,253.8501
2475,4962,253.8281,253.3887
2476,4964,253.1250,252.8613
2477,4966,252.4219,251.9824
2478,4968,252.0625,251.5430
2479,4970,251.3594,250.9937
2480,4972,251.0156,250.6201
2481,4974,250.8281,250.5542
2482,4976,250.8281,250.3784
2483,4978,250.8281,250.2466
2484,4980,251.0156,250.8838
2485,4982,250.6562,250.5762
2486,4984,250.6562,250.0708
2487,4986,250.1250,249.5215
2488,4988,249.6094,249.5435
2489,4990,248.9062,248.7524
2490,4998,248.2031,248.0493
2491,5000,248.2031,247.8296
2492,5002,248.2031,247.8296
2493,5004,248.0156,247.8516
2494,5006,247.6719,247.3462
2495,5008,247.3125,246.6870
2496,5010,246.6094,246.1816
2497,5012,246.2656,246.0059
2498,5014,245.9062,245.4126
2499,5016,245.9062,245.4126
2500,5018,245.7344,245.6323
2501,5020,245.9062,245.7202
2502,5022,245.9062,245.3906
2503,5024,245.9062,245.7202
2504,5026,245.7344,245.6763
2505,5028,245.5625,245.1270
2506,5030,245.2031,244.7534
2507,5032,245.0312,244.8633
2508,5034,244.6875,244.5117
2509,5036,244.6875,244.2261
2510,5038,245.0312,244.5337
2511,5040,245.0312,244.9292
2512,5042,244.8594,244.6436
2513,5044,244.8594,244.5557
2514,5046,244.3281,244.4238
2515,5048,244.3281,244.0283
2516,5050,244.3281,244.0723
2517,5052,244.1562,244.1602
2518,5054,244.1562,243.6768
2519,5056,244.1562,243.9404
2520,5058,244.5000,244.0503
2521,5060,243.9844,243.8745
2522,5062,243.7969,243.5889
2523,5064,244.1562,243.7646
2524,5066,243.7969,243.2153
2525,5068,243.7969,243.6108
2526,5070,243.7969,243.7207
2527,5072,243.7969,243.5669
2528,5074,243.6250,243.5669
2529,5076,243.6250,243.2593
2530,5078,243.4531,243.3032
2531,5080,243.4531,243.3252
2532,5082,243.4531,243.1494
2533,5084,243.0938,242.9077
2534,5086,243.2812,243.1274
2535,5088,243.0938,243.0176
2536,5090,242.9219,242.8418
2537,5092,243.0938,242.8198
2538,5094,243.0938,242.5781
2539,5096,243.0938,243.1274
2540,5098,243.0938,242.8857
2541,5100,243.2812,242.8638
2542,5102,243.2812,242.6440
2543,5104,243.2812,243.1055
2544,5106,242.9219,242.3804
2545,5108,242.9219,242.4902
2546,5110,243.0938,242.8198
2547,5112,243.0938,242.4683
2548,5114,243.0938,242.5781
2549,5116,243.0938,242.9297
2550,5118,242.7500,242.6001
2551,5120,242.9219,242.4023
2552,5122,243.0938,242.7539
2553,5124,243.2812,242.8857
2554,5126,243.2812,243.1934
2555,5128,243.7969,243.5010
2556,5130,243.4531,243.2373
2557,5132,243.6250,243.6108
2558,5134,243.7969,243.5669
2559,5136,243.7969,243.6108
2560,5138,243.9844,243.7207
2561,5140,243.9844,243.7646
2562,5142,243.9844,243.5010
2563,5144,243.9844,243.7646
2564,5146,243.7969,243.3691
2565,5148,243.7969,243.7207
2566,5150,244.1562,243.5229
2567,5152,243.7969,243.5669
2568,5154,243.6250,243.3032
2569,5156,243.7969,243.7207
2570,5158,243.7969,243.2593
2571,5160,243.9844,243.9185
2572,5162,243.7969,243.5669
2573,5164,243.7969,243.5449
2574,5166,243.9844,243.5229
2575,5168,244.1562,244.1382
2576,5170,243.4531,242.9736
2577,5172,243.9844,243.6548
2578,5174,243.9844,243.6768
2579,5176,243.7969,243.3911
2580,5178,243.7969,243.4570
2581,5180,243.6250,243.1714
2582,5182,244.1562,244.1821
2583,5184,243.7969,243.8525
2584,5186,243.9844,243.7207
2585,5188,243.7969,243.3911
2586,5190,243.7969,243.4790
2587,5192,243.7969,243.7207
2588,5194,243.6250,243.5669
2589,5196,243.7969,243.6987
2590,5198,243.7969,243.2593
2591,5200,243.7969,243.4351
2592,5202,243.9844,243.5449
2593,5204,243.7969,243.5229
2594,5206,243.7969,243.6548
2595,5208,243.6250,243.6328
2596,5210,243.7969,243.7207
2597,5212,243.7969,243.5449
2598,5214,243.9844,243.5889
2599,5216,243.9844,243.4131
2600,5218,243.9844,243.7866
2601,5220,243.6250,243.5669
2602,5222,243.6250,243.5010
2603,5224,243.7969,243.4790
2604,5226,243.7969,243.5669
2605,5228,243.7969,243.5449
2606,5230,243.7969,243.5229
2607,5232,243.9844,243.7646
2608,5234,243.9844,243.5449
2609,5236,243.6250,243.5229
2610,5238,243.7969,243.8525
2611,5240,243.7969,243.5449
2612,5242,243.7969,243.7866
2613,5244,243.7969,243.6987
2614,5246,243.7969,243.7427
2615,5248,243.7969,243.3472
2616,5250,243.7969,243.8306
2617,5252,243.6250,243.0835
2618,5254,243.7969,243.4131
2619,5256,243.7969,243.3691
2620,5258,243.7969,243.7207
2621,5260,243.6250,243.6548
2622,5262,243.7969,243.4790
2623,5264,243.9844,243.5449
2624,5266,243.7969,243.6108
2625,5268,243.7969,243.5889
2626,5270,243.7969,243.7427
2627,5272,243.6250,243.4790
2628,5274,243.6250,243.1494
2629,5276,243.6250,243.5669
2630,5278,243.7969,243.6987
2631,5280,243.7969,243.6108
2632,5282,243.7969,243.5229
2633,5284,243.7969,243.8745
2634,5286,243.7969,243.7207
2635,5288,243.9844,243.5010
2636,5290,243.7969,243.7207
2637,5292,243.6250,243.5229
2638,5294,243.7969,243.3032
2639,5296,243.6250,243.5889
2640,5298,243.6250,243.6768
2641,5300,243.7969,243.7646
2642,5302,243.7969,243.4351
2643,5304,243.9844,243.6548
2644,5306,243.7969,243.6108
2645,5308,243.6250,243.3032
2646,5310,243.7969,243.4790
2647,5312,243.7969,243.8306
2648,5314,243.7969,243.5889
2649,5316,243.7969,243.7427
2650,5318,243.9844,243.5010
2651,5320,243.6250,243.3472
2652,5322,243.9844,243.6108
2653,5324,243.7969,243.3472
2654,5326,244.1562,244.2480
2655,5328,243.7969,243.7646
2656,5330,243.7969,243.3911
2657,5332,243.7969,243.1934
2658,5334,243.7969,243.6548
2659,5336,243.7969,243.5669
2660,5338,243.6250,243.3691
2661,5340,243.7969,243.3911
2662,5342,243.6250,243.2812
2663,5344,243.9844,243.7646
2664,5346,243.7969,243.5010
2665,5348,243.9844,243.5229
2666,5350,243.7969,243.4351
2667,5352,243.7969,243.7207
2668,5354,243.7969,243.4790
2669,5356,243.9844,243.3472
2670,5358,243.7969,243.5010
2671,5360,243.7969,243.6548
2672,5362,243.6250,243.4570
2673,5364,243.6250,243.3911
2674,5366,244.1562,243.7207
2675,5368,243.6250,243.3911
2676,5370,243.9844,243.9185
2677,5372,243.6250,243.6987
2678,5374,243.7969,243.6987
2679,5376,243.7969,243.6108
2680,5378,243.9844,243.6328
2681,5380,243.6250,243.5229
2682,5382,243.9844,243.7427
2683,5384,243.7969,243.4570
2684,5386,243.6250,243.0835
2685,5388,243.7969,243.4790
2686,5390,243.7969,243.2373
2687,5392,243.6250,243.4790
2688,5394,243.7969,243.4790
2689,5396,243.7969,243.5010
2690,5398,243.9844,243.9844
2691,5400,243.7969,243.2812
2692,5402,243.7969,243.6108
2693,5404,243.7969,243.7427
2694,5406,243.7969,243.2812
2695,5408,243.7969,243.7207
2696,5410,243.9844,243.7646
2697,5412,243.7969,243.3911
2698,5414,243.7969,243.7866
2699,5416,243.9844,243.6328
2700,5418,243.7969,243.8086
2701,5420,243.9844,243.9404
2702,5422,243.7969,243.6328
2703,5424,243.7969,243.6548
2704,5426,243.9844,243.5229
2705,5428,243.7969,243.2593
2706,5430,243.7969,243.6108
2707,5432,243.7969,243.6108
2708,5434,243.6250,243.1055
2709,5436,243.6250,243.4570
2710,5438,243.7969,243.6328
2711,5440,243.9844,243.3911
2712,5442,243.7969,243.6108
2713,5444,243.7969,243.3252
2714,5446,243.6250,243.7207
2715,5448,243.9844,243.6328
2716,5450,243.9844,243.8306
2717,5452,243.9844,243.9185
2718,5454,243.7969,243.5010
2719,5456,243.7969,243.6108
2720,5458,243.7969,243.4131
2721,5460,243.9844,243.7427
2722,5462,243.6250,243.3032
2723,5464,243.7969,243.4351
2724,5466,243.9844,243.6108
2725,5468,243.7969,243.4790
2726,5470,243.7969,243.3911
2727,5472,243.9844,243.5449
2728,5474,243.7969,243.3032
2729,5476,243.7969,243.3032
2730,5478,243.9844,243.5449
2731,5480,243.7969,243.3911
2732,5482,243.7969,243.3472
2733,5484,243.7969,243.6987
2734,5486,243.9844,243.7866
2735,5488,243.7969,243.5449
2736,5490,243.7969,243.6328
2737,5492,243.9844,243.5449
2738,5494,243.6250,243.0615
2739,5496,243.7969,243.8086
2740,5498,243.6250,243.3032
2741,5500,243.6250,243.6768
2742,5502,243.7969,243.2593
2743,5504,243.4531,243.3911
2744,5506,243.7969,243.7646
2745,5508,243.9844,243.4570
2746,5510,243.7969,243.3472
2747,5512,243.7969,243.7207
2748,5514,243.7969,243.2373
2749,5516,243.7969,243.3472
2750,5518,243.6250,243.6108
2751,5520,243.6250,243.5229
2752,5522,243.6250,243.4790
2753,5524,243.9844,243.6548
2754,5526,243.6250,243.3691
2755,5528,243.9844,243.4790
2756,5530,243.9844,243.7207
2757,5532,243.9844,243.5449
2758,5534,243.7969,243.4790
2759,5536,243.7969,243.5669
2760,5538,243.7969,243.5229
2761,5540,243.6250,243.3032
2762,5542,243.9844,243.4570
2763,5544,243.7969,243.4131
2764,5546,243.7969,243.5889
2765,5548,243.7969,243.6548
2766,5550,243.6250,243.6548
2767,5552,243.7969,243.6768
2768,5554,243.9844,243.7427
2769,5556,243.7969,243.6108
2770,5558,243.7969,243.6328
2771,5560,243.9844,243.4131
2772,5562,243.6250,243.5889
2773,5564,243.9844,243.5669
2774,5566,243.6250,243.3472
2775,5568,243.9844,243.4131
2776,5570,243.7969,243.6768
2777,5572,243.7969,243.5889
2778,5574,243.7969,243.6328
2779,5576,243.9844,243.4570
2780,5578,243.7969,243.8745
2781,5580,243.9844,243.8965
2782,5582,243.7969,243.1494
2783,5584,243.7969,243.6328
2784,5586,243.7969,243.6328
2785,5588,243.7969,243.2812
2786,5590,243.9844,243.6328
2787,5592,243.7969,243.6328
2788,5594,243.7969,243.5229
2789,5596,243.7969,243.3252
2790,5598,243.9844,243.9624
2791,5600,243.7969,243.3911
2792,5602,243.6250,243.1714
2793,5604,243.7969,243.3911
2794,5606,243.7969,243.5229
2795,5608,243.7969,243.4131
2796,5610,243.7969,243.2373
2797,5612,243.9844,243.6328
2798,5614,243.7969,243.5669
2799,5616,243.7969,243.4570
2800,5618,243.7969,243.4790
2801,5620,243.7969,243.4790
2802,5622,243.7969,243.3911
2803,5624,243.7969,243.8306
2804,5626,243.9844,243.6548
2805,5628,243.9844,243.6987
2806,5630,243.7969,243.4790
2807,5632,243.7969,243.5669
2808,5634,243.7969,243.4351
2809,5636,243.6250,243.5449
2810,5638,243.6250,243.5889
2811,5640,243.7969,243.6328
2812,5642,243.7969,243.6328
2813,5644,243.7969,243.7207
2814,5646,244.1562,244.1162
2815,5648,243.9844,243.5010
2816,5650,243.9844,243.6328
2817,5652,243.7969,243.8086
2818,5654,243.9844,244.0063
2819,5656,243.6250,243.2593
2820,5658,243.7969,243.8086
2821,5660,243.7969,243.5010
2822,5662,243.9844,243.8306
2823,5664,243.7969,243.4790
2824,5666,243.9844,243.9404
2825,5668,243.9844,244.0283
2826,5670,243.7969,243.6108
2827,5672,243.6250,243.3691
2828,5674,244.1562,243.9404
2829,5676,243.9844,243.7866
2830,5678,243.7969,243.3911
2831,5680,243.7969,243.1934
2832,5682,243.6250,243.3472
2833,5684,243.7969,243.4790
2834,5686,243.7969,243.7207
2835,5688,243.6250,243.4131
2836,5690,243.7969,243.4131
2837,5692,243.7969,243.3472
2838,5694,243.7969,243.5669
2839,5696,243.7969,243.4570
2840,5698,243.7969,243.4351
2841,5700,243.7969,243.2593
2842,5702,243.6250,243.6328
2843,5704,243.6250,243.6987
2844,5706,243.9844,243.6987
2845,5708,243.7969,243.8525
2846,5710,243.7969,243.3472
2847,5712,243.7969,243.6768
2848,5714,243.9844,243.7207
2849,5716,243.7969,243.5229
2850,5718,243.7969,243.7207
2851,5720,243.9844,243.8306
2852,5722,243.7969,243.4790
2853,5724,243.7969,243.2812
2854,5726,243.6250,243.6768
2855,5728,243.7969,243.8525
2856,5730,243.7969,243.5449
2857,5732,243.9844,243.5449
2858,5734,243.9844,243.8086
2859,5736,243.7969,243.6108
2860,5738,243.9844,243.4351
2861,5740,243.7969,243.3911
2862,5742,243.7969,243.7427
2863,5744,243.7969,243.6328
2864,5746,243.7969,243.5669
2865,5748,243.7969,243.6108
2866,5750,243.9844,243.6328
2867,5752,244.1562,243.7646
2868,5754,243.6250,243.3911
2869,5756,243.7969,243.1714
2870,5758,243.7969,243.6328
2871,5760,243.7969,243.4351
2872,5762,243.6250,243.5010
2873,5764,243.7969,243.3911
2874,5766,243.6250,243.3472
2875,5768,243.7969,243.4790
2876,5770,243.7969,243.5010
2877,5772,243.7969,243.6768
2878,5774,243.9844,243.5669
2879,5776,243.7969,243.5889
2880,5778,243.9844,244.0283
2881,5780,243.7969,243.4131
2882,5782,243.7969,243.4131
2883,5784,243.7969,243.6548
2884,5786,243.7969,243.7646
2885,5788,243.9844,243.7646
2886,5790,244.1562,243.6987
2887,5792,243.9844,243.3691
2888,5794,243.7969,243.6548
2889,5796,243.9844,243.5889
2890,5798,243.7969,243.7866
2891,5800,243.6250,243.4570
2892,5802,243.7969,243.6768
2893,5804,243.7969,243.7427
2894,5806,243.6250,243.3032
2895,5808,243.6250,243.4570
2896,5810,243.7969,243.6328
2897,5812,243.7969,243.7427
2898,5814,243.7969,243.4351
2899,5816,243.9844,243.8525
2900,5818,243.7969,243.7207
2901,5820,243.7969,243.5229
2902,5822,243.9844,243.5229
2903,5824,243.7969,243.5889
2904,5826,243.7969,243.5669
2905,5828,243.7969,243.3472
2906,5830,243.9844,243.6768
2907,5832,243.7969,243.7866
2908,5834,243.7969,243.3252
2909,5836,243.7969,243.3472
2910,5838,243.7969,243.6768
2911,5840,243.7969,243.5889
2912,5842,243.7969,243.4790
2913,5844,243.9844,243.8745
2914,5846,243.7969,243.5889
2915,5848,243.7969,243.5010
2916,5850,243.9844,243.5010
2917,5852,243.9844,243.5889
2918,5854,243.7969,243.8086
2919,5856,244.1562,243.6108
2920,5858,243.7969,243.8086
2921,5860,243.9844,243.3691
2922,5862,243.7969,243.6328
2923,5864,243.7969,243.5010
2924,5866,243.6250,243.6768
2925,5868,243.9844,243.5669
2926,5870,243.6250,243.5229
2927,5872,243.7969,243.5010
2928,5874,243.7969,243.4351
2929,5876,243.6250,243.4351
2930,5878,243.9844,243.7646
2931,5880,243.7969,243.4790
2932,5882,243.7969,243.8525
2933,5884,243.9844,243.4131
2934,5886,243.7969,243.4570
2935,5888,243.7969,243.3911
2936,5890,243.7969,243.6328
2937,5892,243.9844,243.3252
2938,5894,243.7969,243.6328
2939,5896,243.6250,243.1494
2940,5898,243.9844,243.8306
2941,5900,243.9844,243.6768
2942,5902,243.7969,243.3472
2943,5904,243.7969,243.5449
2944,5906,243.7969,243.5669
2945,5908,243.7969,243.7866
2946,5910,243.7969,243.4131
2947,5912,243.6250,243.5449
2948,5914,243.7969,243.6108
2949,5916,243.6250,243.1274
2950,5918,243.7969,243.6548
2951,5920,243.9844,243.7646
2952,5922,243.7969,243.5229
2953,5924,243.9844,243.7866
2954,5926,243.7969,243.6548
2955,5928,243.7969,243.6987
2956,5930,243.7969,243.7207
2957,5932,243.7969,243.2812
2958,5934,243.7969,243.6108
2959,5936,243.9844,243.7866
2960,5938,243.7969,243.8086
2961,5940,243.7969,243.3032
2962,5942,243.7969,243.5669
2963,5944,243.7969,243.5889
2964,5946,243.7969,243.7207
2965,5948,244.1562,243.6768
2966,5950,243.7969,243.3911
2967,5952,243.7969,243.6548
2968,5954,243.7969,243.6768
2969,5956,243.7969,243.5449
2970,5958,243.9844,243.8525
2971,5960,243.7969,243.6987
2972,5962,243.9844,244.0283
2973,5964,243.7969,243.6987
2974,5966,243.7969,243.8745
2975,5968,243.7969,243.4570
2976,5970,243.7969,243.4570
2977,5972,243.7969,243.6548
2978,5974,243.7969,243.5669
2979,5976,243.7969,243.2593
2980,5978,243.7969,243.5889
2981,5980,243.7969,243.5010
2982,5982,243.9844,243.6328
2983,5984,243.9844,243.7646
2984,5986,244.1562,243.8306
2985,5988,243.7969,243.8086
2986,5990,243.6250,243.3691
2987,5992,243.9844,243.3252
2988,5994,243.9844,243.7866
2989,5996,243.6250,243.6768
2990,5998,243.7969,243.4351
2991,6000,243.7969,243.5449
2992,6002,243.7969,243.3472
2993,6004,243.9844,243.5010
2994,6006,243.7969,243.5669
2995,6008,243.7969,243.2373
2996,6010,243.4531,243.1494
2997,6012,243.7969,243.7866
2998,6014,243.9844,243.4131
2999,6016,243.9844,243.3472
3000,6018,243.7969,243.6987
3001,6020,243.7969,243.3472
3002,6022,243.6250,243.5229
3003,6024,243.9844,244.0283
3004,6026,243.7969,243.8306
3005,6028,243.7969,243.8525
3006,6030,243.7969,243.3032
3007,6032,243.7969,243.7646
3008,6034,243.7969,243.6987
3009,6036,243.7969,243.4351
3010,6038,243.7969,243.6328
3011,6040,243.7969,243.4131
3012,6042,243.7969,243.6768
3013,6044,243.7969,243.3472
3014,6046,243.7969,243.3252
3015,6048,243.7969,243.5669
3016,6050,243.7969,243.5889
3017,6052,243.7969,243.3911
3018,6054,243.6250,243.2373
3019,6056,243.6250,243.6987
3020,6058,243.7969,243.4570
3021,6060,243.7969,243.7427
3022,6062,243.9844,243.6768
3023,6064,243.9844,243.3691
3024,6066,243.7969,243.7427
3025,6068,243.9844,243.3691
3026,6070,243.7969,243.3691
3027,6072,243.9844,243.7646
3028,6074,243.6250,243.2812
3029,6076,243.6250,243.2153
3030,6078,243.7969,243.6108
3031,6080,243.7969,243.3911
3032,6082,243.7969,243.7427
3033,6084,243.6250,243.5229
3034,6086,243.7969,243.5889
3035,6088,244.1562,243.5229
3036,6090,243.7969,243.3472
3037,6092,243.6250,243.6987
3038,6094,243.7969,243.4351
3039,6096,243.9844,243.4351
3040,6098,244.1562,243.8306
3041,6100,244.1562,243.9844
3042,6102,243.7969,243.4570
3043,6104,243.7969,243.7207
3044,6106,243.7969,243.5669
3045,6108,243.9844,243.3911
3046,6110,243.9844,243.7427
3047,6112,243.7969,243.5010
3048,6114,243.6250,243.5669
3049,6116,243.7969,243.5010
3050,6118,243.7969,243.7646
3051,6120,243.7969,243.3911
3052,6122,243.6250,243.4790
3053,6124,243.9844,243.3472
3054,6126,243.4531,243.0176
3055,6128,243.7969,243.5229
3056,6130,243.7969,243.9185
3057,6132,243.7969,243.6108
3058,6134,243.6250,243.4351
3059,6136,243.6250,243.1274
3060,6138,243.9844,243.5669
3061,6140,243.6250,243.5889
3062,6142,243.7969,243.5229
3063,6144,243.6250,243.0396
3064,6146,243.7969,243.7207
3065,6148,243.7969,243.8086
3066,6150,243.7969,243.5229
3067,6152,243.9844,243.4570
3068,6154,243.7969,243.2812
3069,6156,243.6250,243.3032
3070,6158,243.7969,243.7427
3071,6160,243.7969,243.6548
3072,6162,243.7969,243.4131
3073,6164,243.9844,243.5229
3074,6166,243.6250,243.4131
3075,6168,244.1562,243.7207
3076,6170,243.7969,243.2373
3077,6172,243.7969,243.3691
3078,6174,243.7969,243.7427
3079,6176,243.7969,243.6768
3080,6178,243.6250,243.2812
3081,6180,243.7969,243.5010
3082,6182,243.7969,243.5010
3083,6184,243.9844,243.9185
3084,6186,243.7969,243.2812
3085,6188,243.6250,243.2153
3086,6190,243.9844,243.3472
3087,6192,243.7969,243.5449
3088,6194,243.7969,243.6768
3089,6196,243.7969,243.7427
3090,6198,243.7969,243.4570
3091,6200,243.6250,243.2373
3092,6202,243.4531,243.5449
3093,6204,243.7969,243.5010
3094,6206,243.7969,243.4351
3095,6208,243.6250,243.3472
3096,6210,243.7969,243.3472
3097,6212,243.9844,243.5669
3098,6214,243.7969,243.3032
3099,6216,243.9844,243.6548
3100,6218,243.7969,243.3032
3101,6220,243.6250,243.2373
3102,6222,243.6250,243.6328
3103,6224,243.7969,243.6548
3104,6226,243.9844,243.8745
3105,6228,243.9844,243.8086
3106,6230,243.7969,243.5669
3107,6232,243.7969,243.4351
3108,6234,243.7969,243.5449
3109,6236,243.7969,243.2812
3110,6238,243.9844,243.7427
3111,6240,243.9844,243.8086
3112,6242,243.9844,243.6768
3113,6244,243.9844,243.4570
3114,6246,243.7969,243.8306
3115,6248,243.7969,243.4131
3116,6250,243.7969,243.7646
3117,6252,243.4531,242.9956
3118,6254,243.7969,243.7646
3119,6256,243.7969,243.6108
3120,6258,243.7969,243.4351
3121,6260,243.7969,243.8745
3122,6262,243.7969,243.6108
3123,6264,243.7969,243.4790
3124,6266,243.7969,243.6328
3125,6268,243.7969,243.6328
3126,6270,243.7969,243.3032
3127,6272,243.7969,243.6768
3128,6274,243.7969,243.5449
3129,6276,243.7969,243.2373
3130,6278,244.1562,243.8086
3131,6280,243.6250,243.5010
3132,6282,243.6250,243.6328
3133,6284,243.7969,243.4570
3134,6286,243.9844,243.3472
3135,6288,243.7969,243.3252
3136,6290,244.1562,243.7866
3137,6292,243.7969,243.3032
3138,6294,243.7969,243.6328
3139,6296,243.6250,243.4351
3140,6298,243.9844,243.6108
3141,6300,243.7969,243.5669
3142,6302,243.9844,243.7207
3143,6304,243.7969,243.5669
3144,6306,243.7969,243.6548
3145,6308,243.7969,243.6108
3146,6310,243.7969,243.6328
3147,6312,243.7969,243.4351
3148,6314,243.7969,243.1274
3149,6316,243.7969,243.4131
3150,6318,243.7969,243.5669
3151,6320,244.1562,243.5669
3152,6322,243.7969,243.8086
3153,6324,243.7969,243.8306
3154,6326,243.9844,243.5669
3155,6328,243.7969,243.2593
3156,6330,243.9844,243.4790
3157,6332,243.7969,243.4570
3158,6334,243.6250,243.6328
3159,6336,243.9844,243.7427
3160,6338,243.7969,243.4131
3161,6340,243.7969,243.4570
3162,6342,243.7969,243.1934
3163,6344,243.7969,243.6548
3164,6346,243.7969,243.5010
3165,6348,243.7969,243.5229
3166,6350,243.9844,243.5229
3167,6352,243.7969,243.2373
3168,6354,243.9844,243.8086
3169,6356,243.7969,243.7646
3170,6358,243.7969,243.6108
3171,6360,243.6250,243.4131
3172,6362,243.9844,243.6108
3173,6364,243.7969,243.5010
3174,6366,243.7969,243.4790
3175,6368,243.7969,243.4790
3176,6370,243.7969,243.4131
3177,6372,243.7969,243.6548
3178,6374,243.7969,243.3252
3179,6376,243.7969,243.5010
3180,6378,243.7969,243.3691
3181,6380,243.7969,243.6987
3182,6382,243.7969,243.3911
3183,6384,243.9844,243.4131
3184,6386,243.7969,243.5889
3185,6388,243.7969,243.6768
3186,6390,243.4531,242.9517
3187,6392,243.7969,243.6328
3188,6394,243.9844,243.8306
3189,6396,243.7969,243.3691
3190,6398,243.7969,243.1714
3191,6400,244.1562,243.7646
3192,6402,243.7969,243.6768
3193,6404,243.9844,243.7207
3194,6406,243.9844,243.8306
3195,6408,243.9844,243.6987
3196,6410,243.9844,243.6548
3197,6412,243.7969,243.2373
3198,6414,243.7969,243.6768
3199,6416,243.7969,243.3691
3200,6418,243.9844,243.8745
3201,6420,243.9844,243.6987
3202,6422,243.7969,243.2153
3203,6424,243.7969,243.7866
3204,6426,243.6250,243.4790
3205,6428,243.7969,243.7427
3206,6430,243.7969,243.5229
3207,6432,244.1562,244.2261
3208,6434,243.7969,243.5229
3209,6436,243.7969,243.7866
3210,6438,243.7969,243.4131
3211,6440,243.9844,243.9624
3212,6442,243.7969,243.4570
3213,6444,243.6250,243.6328
3214,6446,243.7969,243.7646
3215,6448,243.6250,243.3472
3216,6450,243.7969,243.5010
3217,6452,243.7969,243.5669
3218,6454,243.9844,243.5669
3219,6456,243.7969,243.6548
3220,6458,243.6250,243.4351
3221,6460,243.6250,243.3032
3222,6462,243.7969,243.5229
3223,6464,243.9844,243.5669
3224,6466,243.7969,243.7207
3225,6468,243.7969,243.4790
3226,6470,243.7969,243.5449
3227,6472,243.7969,243.6328
3228,6474,243.7969,243.6987
3229,6476,243.7969,243.6328
3230,6478,243.7969,243.3911
3231,6480,243.7969,243.6548
3232,6482,243.9844,243.4131
3233,6484,243.9844,243.6108
3234,6486,243.7969,243.5889
3235,6488,243.7969,243.6548
3236,6490,243.7969,243.4790
3237,6492,243.6250,243.5010
3238,6494,243.6250,242.9297
3239,6496,243.7969,243.2153
3240,6498,243.4531,243.3472
3241,6500,243.6250,243.5229
3242,6502,243.7969,243.5889
3243,6504,243.7969,243.3691
3244,6506,243.7969,243.4790
3245,6508,243.9844,243.5889
3246,6510,243.9844,243.5010
3247,6512,243.9844,243.3691
3248,6514,243.7969,243.5669
3249,6516,243.7969,243.2812
3250,6518,243.7969,243.4131
3251,6520,243.9844,243.6328
3252,6522,243.7969,243.2812
3253,6524,243.9844,243.6987
3254,6526,243.7969,243.6987
3255,6528,243.7969,243.5229
3256,6530,243.7969,243.3911
3257,6532,243.7969,243.6768
3258,6534,243.9844,243.9404
3259,6536,243.6250,243.3911
3260,6538,243.7969,243.6328
3261,6540,243.7969,243.6328
3262,6542,243.7969,243.6328
3263,6544,243.9844,243.6768
3264,6546,243.6250,243.5229
3265,6548,243.4531,243.4790
3266,6550,243.7969,243.7646
3267,6552,243.7969,243.6768
3268,6554,243.7969,243.6548
3269,6556,243.7969,243.7427
3270,6558,243.6250,243.5010
3271,6560,243.9844,243.6987
3272,6562,243.7969,243.5889
3273,6564,243.7969,243.6768
3274,6566,243.7969,243.3252
3275,6568,243.7969,243.7646
3276,6570,243.7969,243.3911
3277,6572,243.9844,243.6768
3278,6574,243.7969,243.3911
3279,6576,243.9844,243.4570
3280,6578,243.9844,243.5229
3281,6580,243.6250,243.5669
3282,6582,243.7969,243.3032
3283,6584,243.7969,243.4351
3284,6586,243.7969,243.6108
3285,6588,243.6250,243.3472
3286,6590,243.6250,243.4351
3287,6592,244.1562,243.7427
3288,6594,243.6250,243.3911
3289,6596,243.7969,243.4351
3290,6598,243.9844,243.7427
3291,6600,243.7969,243.7207
3292,6602,244.1562,243.5669
3293,6604,243.7969,243.5229
3294,6606,243.7969,243.5449
3295,6608,243.9844,243.4570
3296,6610,243.7969,243.6987
3297,6612,244.1562,244.0283
3298,6614,243.9844,243.8745
3299,6616,243.9844,243.3472
3300,6618,243.7969,243.7646
3301,6620,243.9844,243.4570
3302,6622,243.7969,243.3472
3303,6624,243.7969,243.6108
3304,6626,243.9844,243.8965
3305,6628,243.6250,243.5010
3306,6630,243.7969,243.7427
3307,6632,243.7969,243.5889
3308,6634,243.7969,243.5449
3309,6636,243.6250,243.1494
3310,6638,243.7969,243.4351
3311,6640,243.6250,243.5229
3312,6642,243.9844,243.4570
3313,6644,243.7969,243.8745
3314,6646,243.7969,243.6328
3315,6648,243.7969,243.2593
3316,6650,243.7969,243.2593
3317,6652,243.7969,243.5669
3318,6654,243.9844,243.6108
3319,6656,243.9844,243.6328
3320,6658,243.7969,243.5229
3321,6660,243.9844,243.8306
3322,6662,243.7969,243.7646
3323,6664,243.7969,243.6548
3324,6666,243.9844,243.4790
3325,6668,243.7969,243.7646
3326,6670,243.7969,243.7207
3327,6672,243.9844,243.4790
3328,6674,243.7969,243.2812
3329,6676,243.6250,243.5010
3330,6678,243.7969,243.7427
3331,6680,243.7969,243.3252
3332,6682,243.6250,243.6987
3333,6684,243.7969,243.5889
3334,6686,243.7969,243.6328
3335,6688,243.9844,243.6548
3336,6690,243.4531,243.3472
3337,6692,243.7969,243.3691
3338,6694,243.4531,243.3691
3339,6696,243.9844,243.4790
3340,6698,243.7969,243.2812
3341,6700,243.9844,243.6548
3342,6702,243.7969,243.5889
3343,6704,243.6250,243.5449
3344,6706,243.7969,243.7207
3345,6708,243.7969,243.7427
3346,6710,243.6250,243.3691
3347,6712,243.7969,243.6548
3348,6714,243.7969,243.4131
3349,6716,243.7969,243.5669
3350,6718,243.7969,243.2373
3351,6720,243.7969,243.8086
3352,6722,243.7969,243.1714
3353,6724,243.9844,243.4570
3354,6726,243.7969,243.4790
3355,6728,243.6250,243.4570
3356,6730,243.7969,243.5229
3357,6732,243.7969,243.2373
3358,6734,243.7969,243.6328
3359,6736,243.7969,243.7427
3360,6738,243.7969,243.2812
3361,6740,243.7969,243.4131
3362,6742,243.7969,243.6108
3363,6744,243.7969,243.4790
3364,6746,243.7969,243.3472
3365,6748,243.7969,243.3032
3366,6750,243.6250,243.3472
3367,6752,243.6250,243.4131
3368,6754,243.7969,243.2812
3369,6756,243.7969,243.4131
3370,6758,243.7969,243.2373
3371,6760,243.7969,243.7207
3372,6762,243.7969,243.6328
3373,6764,243.6250,243.2153
3374,6766,243.6250,243.1934
3375,6768,243.9844,243.8745
3376,6770,243.6250,243.5010
3377,6772,243.6250,243.4790
3378,6774,243.9844,243.8525
3379,6776,243.6250,243.6768
3380,6778,243.6250,243.2812
3381,6780,243.7969,243.4790
3382,6782,243.7969,243.4570
3383,6784,243.6250,243.5669
3384,6786,243.7969,243.3252
3385,6788,243.7969,243.6548
3386,6790,243.7969,243.4351
3387,6792,243.7969,243.4351
3388,6794,243.9844,243.7427
3389,6796,243.7969,243.6548
3390,6798,243.7969,243.3911
3391,6800,243.7969,243.5449
3392,6802,243.9844,243.8306
3393,6804,243.7969,243.3472
3394,6806,243.7969,243.7866
3395,6808,243.9844,243.5669
3396,6810,243.9844,243.6548
3397,6812,243.7969,243.5889
3398,6814,243.7969,243.6548
3399,6816,243.7969,243.5669
3400,6818,243.7969,243.4790
3401,6820,244.1562,243.5889
3402,6822,243.7969,243.4570
3403,6824,243.6250,243.3691
3404,6826,243.7969,243.3911
3405,6828,243.6250,243.5010
3406,6830,243.6250,243.2593
3407,6832,243.9844,243.4570
3408,6834,243.7969,243.6548
3409,6836,243.6250,243.6768
3410,6838,243.7969,243.6328
3411,6840,243.7969,243.7207
3412,6842,243.6250,243.4351
3413,6844,243.7969,243.3472
3414,6846,244.5000,244.3140
3415,6848,243.7969,243.7427
3416,6850,243.7969,243.6768
3417,6852,243.7969,243.5229
3418,6854,243.9844,243.6768
3419,6856,243.6250,243.4570
3420,6858,243.7969,243.3472
3421,6860,243.6250,243.6987
3422,6862,243.9844,243.6108
3423,6864,244.1562,243.8086
3424,6866,243.7969,243.8086
3425,6868,243.7969,243.5229
3426,6870,243.6250,243.5229
3427,6872,244.3281,244.0723
3428,6874,243.6250,243.4790
3429,6876,243.7969,243.2593
3430,6878,243.6250,243.2812
3431,6880,243.7969,243.7866
3432,6882,243.6250,243.1055
3433,6884,243.9844,243.9185
3434,6886,243.7969,243.7646
3435,6888,243.9844,243.5010
3436,6890,243.7969,243.5449
3437,6892,243.7969,243.6328
3438,6894,243.7969,243.2812
3439,6896,243.9844,243.6548
3440,6898,243.7969,243.3472
3441,6900,243.7969,243.7646
3442,6902,243.6250,243.0176
3443,6904,243.7969,243.5669
3444,6906,243.7969,243.4131
3445,6908,243.7969,243.6987
3446,6910,243.9844,243.8965
3447,6912,243.9844,243.5010
3448,6914,243.9844,243.5010
3449,6916,243.9844,243.3691
3450,6918,243.7969,243.6768
3451,6920,243.7969,243.4570
3452,6922,243.6250,243.7427
3453,6924,243.6250,243.5669
3454,6926,243.7969,243.3032
3455,6928,243.7969,243.8525
3456,6930,243.6250,243.5889
3457,6932,243.9844,243.8306
3458,6934,244.1562,243.7646
3459,6936,243.7969,243.5229
3460,6938,243.6250,243.5449
3461,6940,243.4531,243.4351
3462,6942,243.7969,243.6548
3463,6944,243.6250,243.2812
3464,6946,243.7969,243.5669
3465,6948,243.9844,243.8745
3466,6950,243.7969,243.4790
3467,6952,243.7969,243.5669
3468,6954,243.9844,243.9404
3469,6956,243.6250,243.5449
3470,6958,243.6250,243.2593
3471,6960,243.9844,243.8965
3472,6962,243.9844,243.8965
3473,6964,243.7969,243.4351
3474,6966,243.7969,243.3032
3475,6968,243.7969,243.5449
3476,6970,243.7969,243.6768
3477,6972,243.7969,243.6328
3478,6974,243.7969,243.4570
3479,6976,243.7969,243.4790
3480,6978,243.7969,243.4790
3481,6980,243.7969,243.2373
3482,6982,243.6250,243.4790
3483,6984,243.7969,243.5229
3484,6986,243.6250,243.3032
3485,6988,243.6250,243.5010
3486,6990,243.7969,243.3032
3487,6992,243.9844,243.6108
3488,6994,243.6250,243.3691
3489,6996,243.6250,243.5010
3490,6998,243.7969,243.6108
3491,7000,243.7969,243.5449
3492,7002,243.9844,243.8965
3493,7004,243.7969,243.3911
3494,7006,243.7969,243.3252
3495,7016,243.7969,243.4351
3496,7016,243.7969,243.3911
3497,7018,243.9844,243.7207
3498,7020,244.1562,243.6328
3499,7022,243.6250,243.2812
3500,7024,243.7969,243.7207
3501,7026,243.9844,243.6108
3502,7028,243.7969,243.2593
3503,7030,243.7969,243.4131
3504,7032,244.1562,243.7207
3505,7034,243.7969,243.5449
3506,7036,243.6250,243.3691
3507,7038,243.7969,243.6108
3508,7040,243.6250,243.5889
3509,7042,243.7969,243.4351
3510,7044,243.9844,243.6108
3511,7046,243.7969,243.6328
3512,7048,243.7969,243.4351
3513,7050,243.6250,243.6768
3514,7052,243.7969,243.3472
3515,7054,243.6250,243.5889
3516,7056,244.1562,243.6548
3517,7058,243.6250,243.3032
3518,7060,243.7969,243.4351
3519,7062,243.7969,243.6108
3520,7064,243.7969,243.6987
3521,7066,243.6250,243.4351
3522,7068,243.7969,243.8306
3523,7070,243.7969,243.6987
3524,7072,243.7969,243.3691
3525,7074,243.6250,243.4351
3526,7076,243.7969,243.5010
3527,7078,243.7969,243.6328
3528,7080,243.7969,243.5669
3529,7082,243.7969,243.6768
3530,7084,243.7969,243.2812
3531,7086,243.7969,243.7646
3532,7088,243.9844,243.4570
3533,7090,243.6250,243.1274
3534,7092,243.6250,243.3691
3535,7094,243.7969,243.8306
3536,7096,243.7969,243.5449
3537,7098,243.7969,243.2812
3538,7100,243.7969,243.6548
3539,7102,243.7969,243.3472
3540,7104,243.9844,243.5449
3541,7106,243.6250,243.4790
3542,7108,243.9844,243.4570
3543,7110,243.9844,243.4570
3544,7112,243.7969,243.2593
3545,7114,243.7969,243.6328
3546,7116,244.1562,243.6768
3547,7118,243.7969,243.3252
3548,7120,243.7969,243.3911
3549,7122,243.7969,243.5010
3550,7124,243.6250,243.3691
3551,7126,243.6250,243.4790
3552,7128,243.7969,243.3911
3553,7130,243.6250,243.5669
3554,7132,243.7969,243.2812
3555,7134,243.6250,243.4570
3556,7136,243.7969,243.7207
3557,7138,243.7969,243.7646
3558,7140,243.6250,243.3032
3559,7142,243.7969,243.1934
3560,7144,243.6250,243.5669
3561,7146,243.9844,243.8525
3562,7148,243.6250,243.5229
3563,7150,243.6250,243.5229
3564,7152,243.4531,243.1055
3565,7154,243.7969,243.4351
3566,7156,243.9844,243.5889
3567,7158,243.6250,243.4131
3568,7160,243.7969,243.1494
3569,7162,243.7969,243.7427
3570,7164,243.9844,244.0283
3571,7166,243.7969,243.5669
3572,7168,243.6250,243.4131
3573,7170,243.7969,243.5449
3574,7172,243.7969,243.5889
3575,7174,243.7969,243.4790
3576,7176,243.7969,243.4570
3577,7178,243.6250,243.5889
3578,7180,243.7969,243.8086
3579,7182,243.9844,243.9404
3580,7184,243.7969,243.7207
3581,7186,243.7969,243.8525
3582,7188,243.9844,243.6548
3583,7190,243.7969,243.5449
3584,7192,243.7969,243.3691
3585,7194,243.9844,243.7207
3586,7196,243.2812,243.0615
3587,7198,243.7969,243.8086
3588,7200,243.6250,243.6548
3589,7202,243.7969,243.5449
3590,7204,243.7969,243.5229
3591,7206,243.7969,243.7866
3592,7208,243.7969,243.5669
3593,7210,243.7969,243.3252
3594,7212,243.6250,243.6108
3595,7214,243.7969,243.5010
3596,7216,243.7969,243.4131
3597,7218,243.7969,243.3032
3598,7220,243.7969,243.5889
3599,7222,243.7969,243.6987
3600,7224,243.7969,243.4131
3601,7226,243.7969,243.3911
3602,7228,243.7969,243.3911
3603,7230,243.9844,243.5229
3604,7232,243.6250,243.4570
3605,7234,243.9844,243.4131
3606,7236,243.7969,243.5669
3607,7238,243.7969,243.6328
3608,7240,243.9844,243.6108
3609,7242,244.1562,243.6328
3610,7244,243.9844,243.6548
3611,7246,243.7969,243.5229
3612,7248,243.7969,243.4131
3613,7250,243.7969,243.7207
3614,7252,243.9844,243.5449
3615,7254,243.6250,243.3252
3616,7256,243.7969,243.5229
3617,7258,243.7969,243.2373
3618,7260,243.7969,243.3911
3619,7262,243.6250,243.2812
3620,7264,243.6250,243.6548
3621,7266,243.7969,243.4790
3622,7268,243.7969,243.7646
3623,7270,243.7969,243.5889
3624,7272,243.7969,243.8965
3625,7274,243.7969,243.2373
3626,7276,243.7969,243.8306
3627,7278,243.7969,243.8525
3628,7280,243.7969,243.4131
3629,7282,244.1562,243.6108
3630,7284,243.6250,243.5010
3631,7286,243.6250,243.6768
3632,7288,243.6250,243.7207
3633,7290,243.7969,243.5669
3634,7292,244.1562,243.5229
3635,7294,243.4531,243.2812
3636,7296,243.7969,243.5669
3637,7298,243.7969,243.4790
3638,7300,243.7969,243.5010
3639,7302,243.7969,243.3252
3640,7304,243.9844,243.6548
3641,7306,243.9844,243.6108
3642,7308,243.9844,243.7866
3643,7310,243.6250,243.4570
3644,7312,243.9844,243.5449
3645,7314,243.9844,243.6768
3646,7316,243.6250,243.4131
3647,7318,243.7969,243.7207
3648,7320,243.9844,243.6108
3649,7322,243.7969,243.5449
3650,7324,243.7969,243.7646
3651,7326,243.7969,243.6768
3652,7328,243.6250,243.1714
3653,7330,243.7969,243.4790
3654,7332,243.7969,243.2593
3655,7334,243.7969,243.4570
3656,7336,243.7969,243.8965
3657,7338,243.7969,243.6987
3658,7340,243.4531,243.1055
3659,7342,243.7969,243.4351
3660,7344,243.6250,243.2593
3661,7346,243.7969,243.2373
3662,7348,243.9844,243.4570
3663,7350,243.7969,243.3911
3664,7352,243.6250,243.6548
3665,7354,243.9844,243.3472
3666,7356,243.7969,243.5449
3667,7358,243.7969,243.4351
3668,7360,243.7969,243.4351
3669,7362,243.7969,243.7646
3670,7364,243.4531,242.9297
3671,7366,243.6250,243.1714
3672,7368,243.7969,243.2153
3673,7370,243.6250,243.7207
3674,7372,243.6250,243.3691
3675,7374,243.6250,243.6328
3676,7376,243.4531,243.5889
3677,7378,243.6250,243.4351
3678,7380,243.7969,243.5229
3679,7382,243.7969,243.7427
3680,7384,243.7969,243.4790
3681,7386,243.7969,243.4351
3682,7388,243.7969,243.3911
3683,7390,243.7969,243.4570
3684,7392,243.7969,243.5010
3685,7394,243.6250,243.4570
3686,7396,243.7969,243.7207
3687,7398,243.9844,243.9404
3688,7400,243.7969,243.6108
3689,7402,243.7969,243.5010
3690,7404,243.7969,243.7427
3691,7406,243.7969,243.6328
3692,7408,243.7969,243.4131
3693,7410,243.6250,243.3472
3694,7412,243.7969,243.4131
3695,7414,243.7969,243.6328
3696,7416,243.7969,243.4790
3697,7418,243.6250,243.3691
3698,7420,243.7969,243.3032
3699,7422,243.7969,243.3911
3700,7424,243.7969,243.7866
3701,7426,243.6250,243.3691
3702,7428,243.7969,243.2593
3703,7430,243.6250,243.3472
3704,7432,243.9844,243.4570
3705,7434,243.7969,243.5229
3706,7436,243.9844,243.4131
3707,7438,243.7969,243.6768
3708,7440,243.6250,243.5010
3709,7442,243.7969,243.6108
3710,7444,243.7969,243.6987
3711,7446,243.7969,243.5449
3712,7448,243.9844,243.5669
3713,7450,243.7969,243.8306
3714,7452,243.7969,243.5669
3715,7454,243.7969,243.6987
3716,7456,243.7969,243.4570
3717,7458,243.4531,243.4570
3718,7460,243.9844,243.6328
3719,7462,243.7969,243.7866
3720,7464,243.7969,243.3911
3721,7466,243.9844,244.0723
3722,7468,243.7969,243.6548
3723,7470,243.7969,243.5669
3724,7472,243.7969,243.6987
3725,7474,243.7969,243.5449
3726,7476,243.7969,243.5229
3727,7478,243.7969,243.3691
3728,7480,243.6250,243.1934
3729,7482,243.7969,243.5010
3730,7484,243.7969,243.6768
3731,7486,243.9844,243.5669
3732,7488,243.6250,243.5449
3733,7490,243.7969,243.3252
3734,7492,243.9844,243.8306
3735,7494,243.6250,243.5449
3736,7496,243.6250,243.5229
3737,7498,243.6250,243.0396
3738,7500,243.7969,243.7427
3739,7502,243.9844,243.7866
3740,7504,243.9844,243.5889
3741,7506,243.4531,243.3911
3742,7508,243.7969,243.7207
3743,7510,243.7969,243.4131
3744,7512,243.7969,243.3472
3745,7514,243.9844,243.6987
3746,7516,243.9844,243.3911
3747,7518,243.9844,243.8745
3748,7520,243.7969,243.5229
3749,7522,243.7969,243.1934
3750,7524,243.9844,243.7427
3751,7526,243.7969,243.3472
3752,7528,243.7969,243.8086
3753,7530,243.7969,243.6108
3754,7532,243.7969,243.5449
3755,7534,243.9844,243.6328
3756,7536,243.6250,243.5889
3757,7538,243.9844,243.5669
3758,7540,243.6250,243.3472
3759,7542,243.7969,243.4570
3760,7544,243.7969,243.7646
3761,7546,243.7969,243.8965
3762,7548,243.9844,243.5010
3763,7550,243.7969,243.8965
3764,7552,243.9844,243.4351
3765,7554,243.9844,243.5449
3766,7556,243.7969,243.3691
3767,7558,243.9844,243.6108
3768,7560,243.7969,243.7427
3769,7562,243.7969,243.6328
3770,7564,243.6250,243.5010
3771,7566,243.7969,243.3691
3772,7568,243.9844,243.3911
3773,7570,243.7969,243.6108
3774,7572,243.7969,243.4351
3775,7574,243.7969,243.7427
3776,7576,243.6250,243.6768
3777,7578,243.6250,243.5669
3778,7580,243.7969,243.7427
3779,7582,243.7969,243.4570
3780,7584,243.9844,243.6768
3781,7586,243.7969,243.5889
3782,7588,243.7969,243.6328
3783,7590,243.9844,243.6108
3784,7592,243.6250,243.1494
3785,7594,243.6250,243.0615
3786,7596,243.4531,243.0835
3787,7598,243.9844,243.5449
3788,7600,244.1562,243.7427
3789,7602,243.7969,243.3472
3790,7604,243.9844,243.7646
3791,7606,243.6250,243.2153
3792,7608,243.9844,243.8306
3793,7610,243.6250,243.3032
3794,7612,243.7969,243.7207
3795,7614,243.7969,243.3032
3796,7616,243.6250,243.2812
3797,7618,243.7969,243.4131
3798,7620,243.7969,243.7427
3799,7622,243.7969,243.6108
3800,7624,243.6250,243.2373
3801,7626,243.6250,243.5889
3802,7628,243.6250,243.5449
3803,7630,243.7969,243.6987
3804,7632,243.7969,243.5229
3805,7634,243.9844,243.7866
3806,7636,243.9844,243.5449
3807,7638,243.7969,243.5889
3808,7640,243.7969,243.3472
3809,7642,243.9844,243.6987
3810,7644,243.7969,243.5449
3811,7646,243.7969,243.2373
3812,7648,243.7969,243.5229
3813,7650,243.6250,243.4351
3814,7652,243.7969,243.5010
3815,7654,243.7969,243.4351
3816,7656,243.6250,243.3911
3817,7658,243.9844,243.6768
3818,7660,243.9844,243.7207
3819,7662,243.6250,243.6108
3820,7664,243.6250,243.5669
3821,7666,243.7969,243.7427
3822,7668,243.6250,243.5010
3823,7670,243.9844,243.3472
3824,7672,243.7969,243.6768
3825,7674,243.7969,243.4790
3826,7676,243.6250,243.3032
3827,7678,243.7969,243.6987
3828,7680,243.7969,243.5229
3829,7682,244.1562,243.5449
3830,7684,243.9844,243.6987
3831,7686,243.7969,243.5889
3832,7688,243.9844,243.5010
3833,7690,243.7969,243.5229
3834,7692,243.7969,243.3252
3835,7694,243.6250,243.4131
3836,7696,243.7969,243.5669
3837,7698,243.7969,243.8086
3838,7700,243.7969,243.8745
3839,7702,243.6250,243.1714
3840,7704,243.4531,242.8638
3841,7706,243.9844,243.5229
3842,7708,243.7969,243.5889
3843,7710,244.1562,244.0283
3844,7712,243.9844,243.6768
3845,7714,243.7969,243.5669
3846,7716,243.6250,243.5669
3847,7718,243.6250,243.3032
3848,7720,243.7969,243.6108
3849,7722,243.7969,243.5889
3850,7724,243.7969,243.2593
3851,7726,243.7969,243.2593
3852,7728,243.9844,243.8745
3853,7730,243.7969,243.4570
3854,7732,243.7969,243.5010
3855,7734,243.7969,243.5010
3856,7736,243.4531,243.3032
3857,7738,243.7969,243.3032
3858,7740,243.7969,243.6108
3859,7742,243.6250,243.6108
3860,7744,243.6250,243.2812
3861,7746,243.7969,243.5010
3862,7748,243.7969,243.6108
3863,7750,243.7969,243.2593
3864,7752,243.7969,243.2373
3865,7754,243.7969,243.1714
3866,7756,243.7969,243.3691
3867,7758,243.6250,243.6328
3868,7760,243.7969,243.3252
3869,7762,243.6250,243.3691
3870,7764,243.7969,243.5449
3871,7766,243.6250,243.6328
3872,7768,243.6250,243.2593
3873,7770,243.7969,243.4790
3874,7772,243.9844,243.5229
3875,7774,243.7969,243.5669
3876,7776,243.7969,243.3911
3877,7778,243.7969,243.5449
3878,7780,243.6250,243.2153
3879,7782,243.7969,243.4570
3880,7784,243.6250,243.3691
3881,7786,243.6250,243.3691
3882,7788,243.7969,243.3911
3883,7790,243.9844,243.9185
3884,7792,243.7969,243.5449
3885,7794,243.7969,243.3252
3886,7796,243.7969,243.6328
3887,7798,243.6250,243.1934
3888,7800,243.7969,243.6108
3889,7802,243.6250,243.5449
3890,7804,243.9844,243.5010
3891,7806,243.7969,243.3472
3892,7808,243.7969,243.4570
3893,7810,243.9844,243.7207
3894,7812,243.9844,243.6108
3895,7814,243.7969,243.3691
3896,7816,243.9844,243.6768
3897,7818,243.7969,243.6328
3898,7820,243.9844,243.4131
3899,7822,243.6250,243.5669
3900,7824,243.6250,243.6987
3901,7826,243.7969,243.3691
3902,7828,243.7969,243.3472
3903,7830,243.9844,243.6548
3904,7832,243.9844,243.5229
3905,7834,243.7969,243.3032
3906,7836,243.7969,243.9185
3907,7838,243.7969,243.3032
3908,7840,243.7969,243.8306
3909,7842,243.7969,243.5229
3910,7844,243.9844,243.7427
3911,7846,243.7969,243.4351
3912,7848,243.6250,243.4351
3913,7850,243.7969,243.4790
3914,7852,243.7969,243.5669
3915,7854,243.9844,243.5669
3916,7856,243.6250,243.4570
3917,7858,243.7969,243.6108
3918,7860,243.6250,243.1494
3919,7862,243.6250,243.3472
3920,7864,243.7969,243.5010
3921,7866,243.9844,243.6548
3922,7868,243.9844,243.4570
3923,7870,243.7969,243.7866
3924,7872,243.6250,243.6328
3925,7874,243.6250,243.6548
3926,7876,243.7969,243.6328
3927,7878,243.7969,243.5889
3928,7880,243.9844,243.4131
3929,7882,243.7969,243.5010
3930,7884,243.6250,243.4570
3931,7886,243.6250,243.6768
3932,7888,243.7969,243.3252
3933,7890,243.6250,243.6328
3934,7892,243.7969,243.8306
3935,7894,243.6250,243.5229
3936,7896,243.7969,243.2812
3937,7898,243.7969,243.6108
3938,7900,243.7969,243.5889
3939,7902,243.9844,243.6987
3940,7904,243.6250,243.4131
3941,7906,243.7969,243.3032
3942,7908,243.7969,243.3472
3943,7910,243.9844,243.7207
3944,7912,243.7969,243.4790
3945,7914,243.7969,243.6548
3946,7916,243.9844,243.3472
3947,7918,243.7969,243.6768
3948,7920,243.7969,243.4570
3949,7922,243.9844,243.9624
3950,7924,243.6250,243.2593
3951,7926,243.6250,243.1714
3952,7928,243.7969,243.4131
3953,7930,243.7969,243.2593
3954,7932,243.7969,243.5669
3955,7934,243.7969,243.5889
3956,7936,243.6250,243.4351
3957,7938,243.7969,243.5669
3958,7940,243.7969,243.5889
3959,7942,243.7969,243.6548
3960,7944,243.7969,243.5889
3961,7946,243.7969,243.5889
3962,7948,243.7969,243.4570
3963,7950,243.6250,243.6328
3964,7952,243.7969,243.7207
3965,7954,243.7969,243.6768
3966,7956,243.6250,243.3032
3967,7958,243.7969,243.2812
3968,7960,243.6250,243.4131
3969,7962,243.7969,243.6328
3970,7964,243.7969,243.5669
3971,7966,243.7969,243.7646
3972,7968,243.7969,243.6548
3973,7970,243.7969,243.3032
3974,7972,243.7969,243.3472
3975,7974,243.7969,243.7207
3976,7976,243.6250,243.3252
3977,7978,243.6250,243.1934
3978,7980,243.7969,243.7646
3979,7982,243.7969,243.6108
3980,7984,243.6250,243.1714
3981,7986,243.6250,243.3911
3982,7988,243.7969,243.5010
3983,7990,243.7969,243.2812
3984,7992,243.7969,243.2812
3985,7994,243.4531,243.3032
3986,7996,243.7969,243.3252
3987,7998,243.7969,243.1934
3988,8000,243.7969,243.6548
3989,8002,243.7969,243.4131
3990,8004,243.7969,243.8086
3991,8006,243.6250,242.9517
3992,8008,243.7969,243.5010
3993,8010,243.7969,243.7207
3994,8012,243.7969,243.3032
3995,8014,243.7969,243.3472
3996,8016,243.9844,243.9185
3997,8018,243.7969,243.4790
3998,8020,243.7969,243.7866
3999,8022,243.7969,243.6548
4000,8024,243.6250,243.3911
4001,8026,243.6250,243.4790
4002,8028,243.7969,243.5889
4003,8030,244.1562,244.1602
4004,8032,243.7969,243.4570
4005,8034,243.6250,243.2593
4006,8036,243.7969,243.6108
4007,8038,243.9844,243.5669
4008,8040,243.7969,243.6768
4009,8042,243.7969,243.8525
4010,8044,243.6250,243.2812
4011,8046,243.4531,243.0396
4012,8048,243.6250,243.3911
4013,8050,243.9844,243.8306
4014,8052,243.7969,243.8745
4015,8054,243.7969,243.6548
4016,8056,243.7969,243.6328
4017,8058,243.7969,243.3032
4018,8060,243.7969,243.5889
4019,8062,243.7969,243.1934
4020,8064,243.6250,243.3252
4021,8066,243.7969,243.4131
4022,8068,243.7969,243.5889
4023,8070,243.7969,243.7646
4024,8072,243.6250,243.4131
4025,8074,243.6250,243.4570
4026,8076,243.7969,243.5669
4027,8078,243.7969,243.5449
4028,8080,243.6250,243.7207
4029,8082,243.7969,243.5669
4030,8084,243.7969,243.6328
4031,8086,243.7969,243.4131
4032,8088,243.7969,243.5229
4033,8090,243.7969,243.6987
4034,8092,243.9844,243.6328
4035,8094,243.9844,243.5449
4036,8096,243.7969,243.6987
4037,8098,243.9844,243.6768
4038,8100,243.7969,243.2812
4039,8102,243.9844,243.9185
4040,8104,243.7969,243.5229
4041,8106,243.7969,243.6768
4042,8108,243.7969,243.6108
4043,8110,243.7969,243.5010
4044,8112,243.6250,243.2153
4045,8114,243.9844,243.5449
4046,8116,243.4531,243.3252
4047,8118,243.7969,243.5669
4048,8120,243.7969,243.7646
4049,8122,243.7969,243.1934
4050,8124,243.7969,243.3252
4051,8126,243.7969,243.7427
4052,8128,243.7969,243.1934
4053,8130,243.7969,243.6768
4054,8132,243.9844,243.5669
4055,8134,243.7969,243.8086
4056,8136,243.7969,243.6768
4057,8138,243.7969,243.3472
4058,8140,243.6250,243.6768
4059,8142,243.7969,243.7866
4060,8144,243.7969,243.4131
4061,8146,243.9844,243.5010
4062,8148,243.6250,243.5889
4063,8150,243.6250,243.5449
4064,8152,243.7969,243.6548
4065,8154,243.9844,244.0723
4066,8156,243.6250,243.4131
4067,8158,243.9844,243.7646
4068,8160,243.7969,243.5229
4069,8162,243.6250,243.1274
4070,8164,243.7969,243.8306
4071,8166,243.7969,243.5229
4072,8168,243.9844,243.3252
4073,8170,243.7969,243.6768
4074,8172,243.7969,243.7207
4075,8174,243.6250,243.3252
4076,8176,243.7969,243.4790
4077,8178,243.6250,243.5449
4078,8180,243.7969,243.5010
4079,8182,243.9844,243.5889
4080,8184,243.7969,243.3691
4081,8186,243.6250,243.1494
4082,8188,243.6250,243.1274
4083,8190,243.7969,243.3472
4084,8192,243.7969,243.7866
4085,8194,243.7969,243.3911
4086,8196,243.6250,243.1494
4087,8198,243.7969,243.3911
4088,8200,243.7969,243.2153
4089,8202,243.9844,243.6328
4090,8204,243.7969,243.2812
4091,8206,243.6250,243.3911
4092,8208,243.9844,243.4790
4093,8210,243.7969,243.4570
4094,8212,243.7969,243.5669
4095,8214,243.6250,243.7207